{"train_loss":1.184486707051595,"eval/loss":1.048725962638855,"eval/runtime":0.4444,"_wandb":{"runtime":21},"_step":1,"train/epoch":3,"train/global_step":3,"train_runtime":15.4233,"eval/steps_per_second":2.25,"train_steps_per_second":0.195,"total_flos":2.653367169024e+14,"eval/samples_per_second":4.5,"_runtime":21,"train_samples_per_second":1.362,"_timestamp":1.7628856081326394e+09}