model,benchmark,n,accuracy,accuracy_pro,accuracy_anti,pro_minus_anti_accuracy,abs_pro_anti_gap
m14_dpo_exact_winobias,winobias,1584,0.7708333333333334,0.8888888888888888,0.6527777777777778,0.23611111111111105,0.23611111111111105
