dataset_key,panel_label,method_key,method_label,metric,metric_label,ideal_value,native_value,normalized_bias_error_plotted,metric_source_file,setting,shot,figure_title
crowspairs,CrowS-Pairs,base,Base Model Inference,stereotype_preference_pct,Stereotype preference %,50,63.53,13.53,results/new_results/m3_qwen35_27b_base_all5/evalshared/crows_pairs_metrics_overall_m3_qwen35_27b_base_crowspairs.csv,Base,,"All interventions, all-version IT checkpoint"
crowspairs,CrowS-Pairs,icl,ICL,stereotype_preference_pct,Stereotype preference %,50,37.07,12.93,results/new_results/m4_base_icl_zero/m4_base_icl_zero_allmodels_20260514_005736/qwen35_27b/evalshared/crows_pairs_metrics_overall_m4_baseicl_zero_qwen35_27b_allstrat_crowspairs.csv,ICL,0,"All interventions, all-version IT checkpoint"
crowspairs,CrowS-Pairs,it,DIY IT,stereotype_preference_pct,Stereotype preference %,50,63.26,13.26,results/new_results/m3_finetune_qwen35_27b_ms500/evalshared/crows_pairs_metrics_overall_m3_qwen35_27b_ms500_all_allversions_crowspairs.csv,DIY IT,,"All interventions, all-version IT checkpoint"
crowspairs,CrowS-Pairs,no_it_0,No IT 0,stereotype_preference_pct,Stereotype preference %,50,47.68,2.32,results/new_results/m6_qwen35_27b_reasoning_plus_original5/m6_qwen35_27b_reasoning_plus_original5_ordered_20260504_220932/m6/eval/m6_qwen35_27b_two_pass_zero__base_all_strategies__all_strategies/crowspairs/crows_pairs_metrics_overall_m6_qwen35_27b_two_pass_zero__base_all_strategies__all_strategies_self_debias_two_pass_all_strategies.csv,No IT,0,"All interventions, all-version IT checkpoint"
crowspairs,CrowS-Pairs,no_it_1,No IT 1,stereotype_preference_pct,Stereotype preference %,50,48.08,1.92,results/new_results/m6_qwen35_27b_reasoning_plus_original5/m6_qwen35_27b_reasoning_plus_original5_ordered_20260504_220932/m6/eval/m6_qwen35_27b_two_pass_one__base_all_strategies__all_strategies/crowspairs/crows_pairs_metrics_overall_m6_qwen35_27b_two_pass_one__base_all_strategies__all_strategies_self_debias_two_pass_all_strategies.csv,No IT,1,"All interventions, all-version IT checkpoint"
crowspairs,CrowS-Pairs,it_0,IT 0,stereotype_preference_pct,Stereotype preference %,50,45.29,4.71,results/new_results/m6_qwen35_27b_reasoning_plus_original5/m6_qwen35_27b_reasoning_plus_original5_ordered_20260504_220932/m6/eval/m6_qwen35_27b_two_pass_zero__all_allversions__all_strategies/crowspairs/crows_pairs_metrics_overall_m6_qwen35_27b_two_pass_zero__all_allversions__all_strategies_self_debias_two_pass_all_strategies.csv,IT,0,"All interventions, all-version IT checkpoint"
crowspairs,CrowS-Pairs,it_1,IT 1,stereotype_preference_pct,Stereotype preference %,50,45.76,4.24,results/new_results/m6_qwen35_27b_reasoning_plus_original5/m6_qwen35_27b_reasoning_plus_original5_ordered_20260504_220932/m6/eval/m6_qwen35_27b_two_pass_one__all_allversions__all_strategies/crowspairs/crows_pairs_metrics_overall_m6_qwen35_27b_two_pass_one__all_allversions__all_strategies_self_debias_two_pass_all_strategies.csv,IT,1,"All interventions, all-version IT checkpoint"
stereoset,StereoSet,base,Base Model Inference,SS Score,SS Score overall,50,57.574439,7.5744385,results/new_results/m3_qwen35_27b_base_all5/evalshared/stereoset_metrics_m3_qwen35_27b_base_stereoset.csv,Base,,"All interventions, all-version IT checkpoint"
stereoset,StereoSet,icl,ICL,SS Score,SS Score overall,50,45.117056,4.882944,results/new_results/m4_base_icl_zero/m4_base_icl_zero_allmodels_20260514_005736/qwen35_27b/evalshared/stereoset_metrics_m4_baseicl_zero_qwen35_27b_allstrat_stereoset.csv,ICL,0,"All interventions, all-version IT checkpoint"
stereoset,StereoSet,it,DIY IT,SS Score,SS Score overall,50,57.619588,7.6195878,results/new_results/m3_finetune_qwen35_27b_ms500/evalshared/stereoset_metrics_m3_qwen35_27b_ms500_all_allversions_stereoset.csv,DIY IT,,"All interventions, all-version IT checkpoint"
stereoset,StereoSet,no_it_0,No IT 0,SS Score,SS Score overall,50,47.700621,2.2993789,results/new_results/m6_qwen35_27b_reasoning_plus_original5/m6_qwen35_27b_reasoning_plus_original5_ordered_20260504_220932/m6/eval/m6_qwen35_27b_two_pass_zero__base_all_strategies__all_strategies/stereoset/stereoset_metrics_m6_qwen35_27b_two_pass_zero__base_all_strategies__all_strategies_self_debias_two_pass_all_strategies.csv,No IT,0,"All interventions, all-version IT checkpoint"
stereoset,StereoSet,no_it_1,No IT 1,SS Score,SS Score overall,50,48.926079,1.0739209,results/new_results/m6_qwen35_27b_reasoning_plus_original5/m6_qwen35_27b_reasoning_plus_original5_ordered_20260504_220932/m6/eval/m6_qwen35_27b_two_pass_one__base_all_strategies__all_strategies/stereoset/stereoset_metrics_m6_qwen35_27b_two_pass_one__base_all_strategies__all_strategies_self_debias_two_pass_all_strategies.csv,No IT,1,"All interventions, all-version IT checkpoint"
stereoset,StereoSet,it_0,IT 0,SS Score,SS Score overall,50,46.575846,3.4241544,results/new_results/m6_qwen35_27b_reasoning_plus_original5/m6_qwen35_27b_reasoning_plus_original5_ordered_20260504_220932/m6/eval/m6_qwen35_27b_two_pass_zero__all_allversions__all_strategies/stereoset/stereoset_metrics_m6_qwen35_27b_two_pass_zero__all_allversions__all_strategies_self_debias_two_pass_all_strategies.csv,IT,0,"All interventions, all-version IT checkpoint"
stereoset,StereoSet,it_1,IT 1,SS Score,SS Score overall,50,46.93711,3.0628896,results/new_results/m6_qwen35_27b_reasoning_plus_original5/m6_qwen35_27b_reasoning_plus_original5_ordered_20260504_220932/m6/eval/m6_qwen35_27b_two_pass_one__all_allversions__all_strategies/stereoset/stereoset_metrics_m6_qwen35_27b_two_pass_one__all_allversions__all_strategies_self_debias_two_pass_all_strategies.csv,IT,1,"All interventions, all-version IT checkpoint"
bbq,BBQ Ambig.,base,Base Model Inference,Bias_score_ambig,Bias score ambig.,0,5.708,5.708,results/new_results/m3_qwen35_27b_base_all5/bbq/bbq_metrics_m3_qwen35_27b_base_bbq.csv,Base,,"All interventions, all-version IT checkpoint"
bbq,BBQ Ambig.,icl,ICL,Bias_score_ambig,Bias score ambig.,0,12.114,12.114,results/new_results/m4_base_icl_zero/m4_base_icl_zero_allmodels_20260514_005736/qwen35_27b/bbq/bbq_metrics_m4_baseicl_zero_qwen35_27b_allstrat_bbq.csv,ICL,0,"All interventions, all-version IT checkpoint"
bbq,BBQ Ambig.,it,DIY IT,Bias_score_ambig,Bias score ambig.,0,5.825,5.825,results/new_results/m3_finetune_qwen35_27b_ms500/bbq/bbq_metrics_m3_qwen35_27b_ms500_all_allversions_bbq.csv,DIY IT,,"All interventions, all-version IT checkpoint"
bbq,BBQ Ambig.,no_it_0,No IT 0,Bias_score_ambig,Bias score ambig.,0,1.772,1.772,results/new_results/m6_qwen35_27b_reasoning_plus_original5/m6_qwen35_27b_reasoning_plus_original5_ordered_20260504_220932/m6/eval/m6_qwen35_27b_two_pass_zero__base_all_strategies__all_strategies/bbq/bbq_metrics.csv,No IT,0,"All interventions, all-version IT checkpoint"
bbq,BBQ Ambig.,no_it_1,No IT 1,Bias_score_ambig,Bias score ambig.,0,1.977,1.977,results/new_results/m6_qwen35_27b_reasoning_plus_original5/m6_qwen35_27b_reasoning_plus_original5_ordered_20260504_220932/m6/eval/m6_qwen35_27b_two_pass_one__base_all_strategies__all_strategies/bbq/bbq_metrics.csv,No IT,1,"All interventions, all-version IT checkpoint"
bbq,BBQ Ambig.,it_0,IT 0,Bias_score_ambig,Bias score ambig.,0,2.086,2.086,results/new_results/m6_qwen35_27b_reasoning_plus_original5/m6_qwen35_27b_reasoning_plus_original5_ordered_20260504_220932/m6/eval/m6_qwen35_27b_two_pass_zero__all_allversions__all_strategies/bbq/bbq_metrics.csv,IT,0,"All interventions, all-version IT checkpoint"
bbq,BBQ Ambig.,it_1,IT 1,Bias_score_ambig,Bias score ambig.,0,2.856,2.856,results/new_results/m6_qwen35_27b_reasoning_plus_original5/m6_qwen35_27b_reasoning_plus_original5_ordered_20260504_220932/m6/eval/m6_qwen35_27b_two_pass_one__all_allversions__all_strategies/bbq/bbq_metrics.csv,IT,1,"All interventions, all-version IT checkpoint"
bbq,BBQ Disambig.,base,Base Model Inference,Bias_score_disambig,Bias score disambig.,0,0.884,0.884,results/new_results/m3_qwen35_27b_base_all5/bbq/bbq_metrics_m3_qwen35_27b_base_bbq.csv,Base,,"All interventions, all-version IT checkpoint"
bbq,BBQ Disambig.,icl,ICL,Bias_score_disambig,Bias score disambig.,0,1.383,1.383,results/new_results/m4_base_icl_zero/m4_base_icl_zero_allmodels_20260514_005736/qwen35_27b/bbq/bbq_metrics_m4_baseicl_zero_qwen35_27b_allstrat_bbq.csv,ICL,0,"All interventions, all-version IT checkpoint"
bbq,BBQ Disambig.,it,DIY IT,Bias_score_disambig,Bias score disambig.,0,0.615,0.615,results/new_results/m3_finetune_qwen35_27b_ms500/bbq/bbq_metrics_m3_qwen35_27b_ms500_all_allversions_bbq.csv,DIY IT,,"All interventions, all-version IT checkpoint"
bbq,BBQ Disambig.,no_it_0,No IT 0,Bias_score_disambig,Bias score disambig.,0,0.619,0.619,results/new_results/m6_qwen35_27b_reasoning_plus_original5/m6_qwen35_27b_reasoning_plus_original5_ordered_20260504_220932/m6/eval/m6_qwen35_27b_two_pass_zero__base_all_strategies__all_strategies/bbq/bbq_metrics.csv,No IT,0,"All interventions, all-version IT checkpoint"
bbq,BBQ Disambig.,no_it_1,No IT 1,Bias_score_disambig,Bias score disambig.,0,0.645,0.645,results/new_results/m6_qwen35_27b_reasoning_plus_original5/m6_qwen35_27b_reasoning_plus_original5_ordered_20260504_220932/m6/eval/m6_qwen35_27b_two_pass_one__base_all_strategies__all_strategies/bbq/bbq_metrics.csv,No IT,1,"All interventions, all-version IT checkpoint"
bbq,BBQ Disambig.,it_0,IT 0,Bias_score_disambig,Bias score disambig.,0,0.381,0.381,results/new_results/m6_qwen35_27b_reasoning_plus_original5/m6_qwen35_27b_reasoning_plus_original5_ordered_20260504_220932/m6/eval/m6_qwen35_27b_two_pass_zero__all_allversions__all_strategies/bbq/bbq_metrics.csv,IT,0,"All interventions, all-version IT checkpoint"
bbq,BBQ Disambig.,it_1,IT 1,Bias_score_disambig,Bias score disambig.,0,0.573,0.573,results/new_results/m6_qwen35_27b_reasoning_plus_original5/m6_qwen35_27b_reasoning_plus_original5_ordered_20260504_220932/m6/eval/m6_qwen35_27b_two_pass_one__all_allversions__all_strategies/bbq/bbq_metrics.csv,IT,1,"All interventions, all-version IT checkpoint"
winobias,WinoBias,base,Base Model Inference,abs_pro_anti_gap,Abs. pro/anti gap,0,0.077020202,0.077020202,results/new_results/m3_qwen35_27b_base_all5/evalshared/winobias/m3_qwen35_27b_base_winobias/winobias_metrics_overall_m3_qwen35_27b_base_winobias.csv,Base,,"All interventions, all-version IT checkpoint"
winobias,WinoBias,icl,ICL,abs_pro_anti_gap,Abs. pro/anti gap,0,0.078282828,0.078282828,results/new_results/m4_base_icl_zero/m4_base_icl_zero_allmodels_20260514_005736/qwen35_27b/evalshared/winobias/m4_baseicl_zero_qwen35_27b_allstrat_winobias/winobias_metrics_overall_m4_baseicl_zero_qwen35_27b_allstrat_winobias.csv,ICL,0,"All interventions, all-version IT checkpoint"
winobias,WinoBias,it,DIY IT,abs_pro_anti_gap,Abs. pro/anti gap,0,0.065656566,0.065656566,results/new_results/m3_finetune_qwen35_27b_ms500/evalshared/winobias/m3_qwen35_27b_ms500_all_allversions_winobias/winobias_metrics_overall_m3_qwen35_27b_ms500_all_allversions_winobias.csv,DIY IT,,"All interventions, all-version IT checkpoint"
winobias,WinoBias,no_it_0,No IT 0,abs_pro_anti_gap,Abs. pro/anti gap,0,0.012626263,0.012626263,results/new_results/m6_qwen35_27b_reasoning_plus_original5/m6_qwen35_27b_reasoning_plus_original5_ordered_20260504_220932/m6/eval/m6_qwen35_27b_two_pass_zero__base_all_strategies__all_strategies/winobias/winobias/m6_qwen35_27b_two_pass_zero__base_all_strategies__all_strategies_self_debias_two_pass_all_strategies/winobias_metrics_overall_m6_qwen35_27b_two_pass_zero__base_all_strategies__all_strategies_self_debias_two_pass_all_strategies.csv,No IT,0,"All interventions, all-version IT checkpoint"
winobias,WinoBias,no_it_1,No IT 1,abs_pro_anti_gap,Abs. pro/anti gap,0,0.01010101,0.01010101,results/new_results/m6_qwen35_27b_reasoning_plus_original5/m6_qwen35_27b_reasoning_plus_original5_ordered_20260504_220932/m6/eval/m6_qwen35_27b_two_pass_one__base_all_strategies__all_strategies/winobias/winobias/m6_qwen35_27b_two_pass_one__base_all_strategies__all_strategies_self_debias_two_pass_all_strategies/winobias_metrics_overall_m6_qwen35_27b_two_pass_one__base_all_strategies__all_strategies_self_debias_two_pass_all_strategies.csv,No IT,1,"All interventions, all-version IT checkpoint"
winobias,WinoBias,it_0,IT 0,abs_pro_anti_gap,Abs. pro/anti gap,0,0.029040404,0.029040404,results/new_results/m6_qwen35_27b_reasoning_plus_original5/m6_qwen35_27b_reasoning_plus_original5_ordered_20260504_220932/m6/eval/m6_qwen35_27b_two_pass_zero__all_allversions__all_strategies/winobias/winobias/m6_qwen35_27b_two_pass_zero__all_allversions__all_strategies_self_debias_two_pass_all_strategies/winobias_metrics_overall_m6_qwen35_27b_two_pass_zero__all_allversions__all_strategies_self_debias_two_pass_all_strategies.csv,IT,0,"All interventions, all-version IT checkpoint"
winobias,WinoBias,it_1,IT 1,abs_pro_anti_gap,Abs. pro/anti gap,0,0.01010101,0.01010101,results/new_results/m6_qwen35_27b_reasoning_plus_original5/m6_qwen35_27b_reasoning_plus_original5_ordered_20260504_220932/m6/eval/m6_qwen35_27b_two_pass_one__all_allversions__all_strategies/winobias/winobias/m6_qwen35_27b_two_pass_one__all_allversions__all_strategies_self_debias_two_pass_all_strategies/winobias_metrics_overall_m6_qwen35_27b_two_pass_one__all_allversions__all_strategies_self_debias_two_pass_all_strategies.csv,IT,1,"All interventions, all-version IT checkpoint"
winogender,WinoGender,base,Base Model Inference,male_female_pair_disagreement_rate,Male/female pair disagreement,0,0.066666667,0.066666667,results/new_results/m3_qwen35_27b_base_all5/evalshared/winogender/m3_qwen35_27b_base_winogender/winogender_metrics_overall_m3_qwen35_27b_base_winogender.csv,Base,,"All interventions, all-version IT checkpoint"
winogender,WinoGender,icl,ICL,male_female_pair_disagreement_rate,Male/female pair disagreement,0,0.066666667,0.066666667,results/new_results/m4_base_icl_zero/m4_base_icl_zero_allmodels_20260514_005736/qwen35_27b/evalshared/winogender/m4_baseicl_zero_qwen35_27b_allstrat_winogender/winogender_metrics_overall_m4_baseicl_zero_qwen35_27b_allstrat_winogender.csv,ICL,0,"All interventions, all-version IT checkpoint"
winogender,WinoGender,it,DIY IT,male_female_pair_disagreement_rate,Male/female pair disagreement,0,0.045833333,0.045833333,results/new_results/m3_finetune_qwen35_27b_ms500/evalshared/winogender/m3_qwen35_27b_ms500_all_allversions_winogender/winogender_metrics_overall_m3_qwen35_27b_ms500_all_allversions_winogender.csv,DIY IT,,"All interventions, all-version IT checkpoint"
winogender,WinoGender,no_it_0,No IT 0,male_female_pair_disagreement_rate,Male/female pair disagreement,0,0.0125,0.0125,results/new_results/m6_qwen35_27b_reasoning_plus_original5/m6_qwen35_27b_reasoning_plus_original5_ordered_20260504_220932/m6/eval/m6_qwen35_27b_two_pass_zero__base_all_strategies__all_strategies/winogender/winogender/m6_qwen35_27b_two_pass_zero__base_all_strategies__all_strategies_self_debias_two_pass_all_strategies/winogender_metrics_overall_m6_qwen35_27b_two_pass_zero__base_all_strategies__all_strategies_self_debias_two_pass_all_strategies.csv,No IT,0,"All interventions, all-version IT checkpoint"
winogender,WinoGender,no_it_1,No IT 1,male_female_pair_disagreement_rate,Male/female pair disagreement,0,0.025,0.025,results/new_results/m6_qwen35_27b_reasoning_plus_original5/m6_qwen35_27b_reasoning_plus_original5_ordered_20260504_220932/m6/eval/m6_qwen35_27b_two_pass_one__base_all_strategies__all_strategies/winogender/winogender/m6_qwen35_27b_two_pass_one__base_all_strategies__all_strategies_self_debias_two_pass_all_strategies/winogender_metrics_overall_m6_qwen35_27b_two_pass_one__base_all_strategies__all_strategies_self_debias_two_pass_all_strategies.csv,No IT,1,"All interventions, all-version IT checkpoint"
winogender,WinoGender,it_0,IT 0,male_female_pair_disagreement_rate,Male/female pair disagreement,0,0.0083333333,0.0083333333,results/new_results/m6_qwen35_27b_reasoning_plus_original5/m6_qwen35_27b_reasoning_plus_original5_ordered_20260504_220932/m6/eval/m6_qwen35_27b_two_pass_zero__all_allversions__all_strategies/winogender/winogender/m6_qwen35_27b_two_pass_zero__all_allversions__all_strategies_self_debias_two_pass_all_strategies/winogender_metrics_overall_m6_qwen35_27b_two_pass_zero__all_allversions__all_strategies_self_debias_two_pass_all_strategies.csv,IT,0,"All interventions, all-version IT checkpoint"
winogender,WinoGender,it_1,IT 1,male_female_pair_disagreement_rate,Male/female pair disagreement,0,0.025,0.025,results/new_results/m6_qwen35_27b_reasoning_plus_original5/m6_qwen35_27b_reasoning_plus_original5_ordered_20260504_220932/m6/eval/m6_qwen35_27b_two_pass_one__all_allversions__all_strategies/winogender/winogender/m6_qwen35_27b_two_pass_one__all_allversions__all_strategies_self_debias_two_pass_all_strategies/winogender_metrics_overall_m6_qwen35_27b_two_pass_one__all_allversions__all_strategies_self_debias_two_pass_all_strategies.csv,IT,1,"All interventions, all-version IT checkpoint"
crowspairs,CrowS-Pairs,base,Base Model Inference,stereotype_preference_pct,Stereotype preference %,50,63.53,13.53,results/new_results/m3_qwen35_27b_base_all5/evalshared/crows_pairs_metrics_overall_m3_qwen35_27b_base_crowspairs.csv,Base,,"All interventions, opinion IT checkpoint"
crowspairs,CrowS-Pairs,icl,ICL,stereotype_preference_pct,Stereotype preference %,50,37.07,12.93,results/new_results/m4_base_icl_zero/m4_base_icl_zero_allmodels_20260514_005736/qwen35_27b/evalshared/crows_pairs_metrics_overall_m4_baseicl_zero_qwen35_27b_allstrat_crowspairs.csv,ICL,0,"All interventions, opinion IT checkpoint"
crowspairs,CrowS-Pairs,it,DIY IT,stereotype_preference_pct,Stereotype preference %,50,62.47,12.47,results/new_results/m3_finetune_qwen35_27b_ms500/evalshared/crows_pairs_metrics_overall_m3_qwen35_27b_ms500_all_opinion_crowspairs.csv,DIY IT,,"All interventions, opinion IT checkpoint"
crowspairs,CrowS-Pairs,no_it_0,No IT 0,stereotype_preference_pct,Stereotype preference %,50,47.68,2.32,results/new_results/m6_qwen35_27b_reasoning_plus_original5/m6_qwen35_27b_reasoning_plus_original5_ordered_20260504_220932/m6/eval/m6_qwen35_27b_two_pass_zero__base_all_strategies__all_strategies/crowspairs/crows_pairs_metrics_overall_m6_qwen35_27b_two_pass_zero__base_all_strategies__all_strategies_self_debias_two_pass_all_strategies.csv,No IT,0,"All interventions, opinion IT checkpoint"
crowspairs,CrowS-Pairs,no_it_1,No IT 1,stereotype_preference_pct,Stereotype preference %,50,48.08,1.92,results/new_results/m6_qwen35_27b_reasoning_plus_original5/m6_qwen35_27b_reasoning_plus_original5_ordered_20260504_220932/m6/eval/m6_qwen35_27b_two_pass_one__base_all_strategies__all_strategies/crowspairs/crows_pairs_metrics_overall_m6_qwen35_27b_two_pass_one__base_all_strategies__all_strategies_self_debias_two_pass_all_strategies.csv,No IT,1,"All interventions, opinion IT checkpoint"
crowspairs,CrowS-Pairs,it_0,IT 0,stereotype_preference_pct,Stereotype preference %,50,44.96,5.04,results/new_results/m6_qwen35_27b_reasoning_plus_original5/m6_qwen35_27b_reasoning_plus_original5_ordered_20260504_220932/m6/eval/m6_qwen35_27b_two_pass_zero__all_opinion__all_strategies/crowspairs/crows_pairs_metrics_overall_m6_qwen35_27b_two_pass_zero__all_opinion__all_strategies_self_debias_two_pass_all_strategies.csv,IT,0,"All interventions, opinion IT checkpoint"
crowspairs,CrowS-Pairs,it_1,IT 1,stereotype_preference_pct,Stereotype preference %,50,46.62,3.38,results/new_results/m6_qwen35_27b_reasoning_plus_original5/m6_qwen35_27b_reasoning_plus_original5_ordered_20260504_220932/m6/eval/m6_qwen35_27b_two_pass_one__all_opinion__all_strategies/crowspairs/crows_pairs_metrics_overall_m6_qwen35_27b_two_pass_one__all_opinion__all_strategies_self_debias_two_pass_all_strategies.csv,IT,1,"All interventions, opinion IT checkpoint"
stereoset,StereoSet,base,Base Model Inference,SS Score,SS Score overall,50,57.574439,7.5744385,results/new_results/m3_qwen35_27b_base_all5/evalshared/stereoset_metrics_m3_qwen35_27b_base_stereoset.csv,Base,,"All interventions, opinion IT checkpoint"
stereoset,StereoSet,icl,ICL,SS Score,SS Score overall,50,45.117056,4.882944,results/new_results/m4_base_icl_zero/m4_base_icl_zero_allmodels_20260514_005736/qwen35_27b/evalshared/stereoset_metrics_m4_baseicl_zero_qwen35_27b_allstrat_stereoset.csv,ICL,0,"All interventions, opinion IT checkpoint"
stereoset,StereoSet,it,DIY IT,SS Score,SS Score overall,50,58.203061,8.2030613,results/new_results/m3_finetune_qwen35_27b_ms500/evalshared/stereoset_metrics_m3_qwen35_27b_ms500_all_opinion_stereoset.csv,DIY IT,,"All interventions, opinion IT checkpoint"
stereoset,StereoSet,no_it_0,No IT 0,SS Score,SS Score overall,50,47.700621,2.2993789,results/new_results/m6_qwen35_27b_reasoning_plus_original5/m6_qwen35_27b_reasoning_plus_original5_ordered_20260504_220932/m6/eval/m6_qwen35_27b_two_pass_zero__base_all_strategies__all_strategies/stereoset/stereoset_metrics_m6_qwen35_27b_two_pass_zero__base_all_strategies__all_strategies_self_debias_two_pass_all_strategies.csv,No IT,0,"All interventions, opinion IT checkpoint"
stereoset,StereoSet,no_it_1,No IT 1,SS Score,SS Score overall,50,48.926079,1.0739209,results/new_results/m6_qwen35_27b_reasoning_plus_original5/m6_qwen35_27b_reasoning_plus_original5_ordered_20260504_220932/m6/eval/m6_qwen35_27b_two_pass_one__base_all_strategies__all_strategies/stereoset/stereoset_metrics_m6_qwen35_27b_two_pass_one__base_all_strategies__all_strategies_self_debias_two_pass_all_strategies.csv,No IT,1,"All interventions, opinion IT checkpoint"
stereoset,StereoSet,it_0,IT 0,SS Score,SS Score overall,50,46.825264,3.1747355,results/new_results/m6_qwen35_27b_reasoning_plus_original5/m6_qwen35_27b_reasoning_plus_original5_ordered_20260504_220932/m6/eval/m6_qwen35_27b_two_pass_zero__all_opinion__all_strategies/stereoset/stereoset_metrics_m6_qwen35_27b_two_pass_zero__all_opinion__all_strategies_self_debias_two_pass_all_strategies.csv,IT,0,"All interventions, opinion IT checkpoint"
stereoset,StereoSet,it_1,IT 1,SS Score,SS Score overall,50,46.566388,3.4336121,results/new_results/m6_qwen35_27b_reasoning_plus_original5/m6_qwen35_27b_reasoning_plus_original5_ordered_20260504_220932/m6/eval/m6_qwen35_27b_two_pass_one__all_opinion__all_strategies/stereoset/stereoset_metrics_m6_qwen35_27b_two_pass_one__all_opinion__all_strategies_self_debias_two_pass_all_strategies.csv,IT,1,"All interventions, opinion IT checkpoint"
bbq,BBQ Ambig.,base,Base Model Inference,Bias_score_ambig,Bias score ambig.,0,5.708,5.708,results/new_results/m3_qwen35_27b_base_all5/bbq/bbq_metrics_m3_qwen35_27b_base_bbq.csv,Base,,"All interventions, opinion IT checkpoint"
bbq,BBQ Ambig.,icl,ICL,Bias_score_ambig,Bias score ambig.,0,12.114,12.114,results/new_results/m4_base_icl_zero/m4_base_icl_zero_allmodels_20260514_005736/qwen35_27b/bbq/bbq_metrics_m4_baseicl_zero_qwen35_27b_allstrat_bbq.csv,ICL,0,"All interventions, opinion IT checkpoint"
bbq,BBQ Ambig.,it,DIY IT,Bias_score_ambig,Bias score ambig.,0,6.355,6.355,results/new_results/m3_finetune_qwen35_27b_ms500/bbq/bbq_metrics_m3_qwen35_27b_ms500_all_opinion_bbq.csv,DIY IT,,"All interventions, opinion IT checkpoint"
bbq,BBQ Ambig.,no_it_0,No IT 0,Bias_score_ambig,Bias score ambig.,0,1.772,1.772,results/new_results/m6_qwen35_27b_reasoning_plus_original5/m6_qwen35_27b_reasoning_plus_original5_ordered_20260504_220932/m6/eval/m6_qwen35_27b_two_pass_zero__base_all_strategies__all_strategies/bbq/bbq_metrics.csv,No IT,0,"All interventions, opinion IT checkpoint"
bbq,BBQ Ambig.,no_it_1,No IT 1,Bias_score_ambig,Bias score ambig.,0,1.977,1.977,results/new_results/m6_qwen35_27b_reasoning_plus_original5/m6_qwen35_27b_reasoning_plus_original5_ordered_20260504_220932/m6/eval/m6_qwen35_27b_two_pass_one__base_all_strategies__all_strategies/bbq/bbq_metrics.csv,No IT,1,"All interventions, opinion IT checkpoint"
bbq,BBQ Ambig.,it_0,IT 0,Bias_score_ambig,Bias score ambig.,0,3.359,3.359,results/new_results/m6_qwen35_27b_reasoning_plus_original5/m6_qwen35_27b_reasoning_plus_original5_ordered_20260504_220932/m6/eval/m6_qwen35_27b_two_pass_zero__all_opinion__all_strategies/bbq/bbq_metrics.csv,IT,0,"All interventions, opinion IT checkpoint"
bbq,BBQ Ambig.,it_1,IT 1,Bias_score_ambig,Bias score ambig.,0,3.567,3.567,results/new_results/m6_qwen35_27b_reasoning_plus_original5/m6_qwen35_27b_reasoning_plus_original5_ordered_20260504_220932/m6/eval/m6_qwen35_27b_two_pass_one__all_opinion__all_strategies/bbq/bbq_metrics.csv,IT,1,"All interventions, opinion IT checkpoint"
bbq,BBQ Disambig.,base,Base Model Inference,Bias_score_disambig,Bias score disambig.,0,0.884,0.884,results/new_results/m3_qwen35_27b_base_all5/bbq/bbq_metrics_m3_qwen35_27b_base_bbq.csv,Base,,"All interventions, opinion IT checkpoint"
bbq,BBQ Disambig.,icl,ICL,Bias_score_disambig,Bias score disambig.,0,1.383,1.383,results/new_results/m4_base_icl_zero/m4_base_icl_zero_allmodels_20260514_005736/qwen35_27b/bbq/bbq_metrics_m4_baseicl_zero_qwen35_27b_allstrat_bbq.csv,ICL,0,"All interventions, opinion IT checkpoint"
bbq,BBQ Disambig.,it,DIY IT,Bias_score_disambig,Bias score disambig.,0,0.634,0.634,results/new_results/m3_finetune_qwen35_27b_ms500/bbq/bbq_metrics_m3_qwen35_27b_ms500_all_opinion_bbq.csv,DIY IT,,"All interventions, opinion IT checkpoint"
bbq,BBQ Disambig.,no_it_0,No IT 0,Bias_score_disambig,Bias score disambig.,0,0.619,0.619,results/new_results/m6_qwen35_27b_reasoning_plus_original5/m6_qwen35_27b_reasoning_plus_original5_ordered_20260504_220932/m6/eval/m6_qwen35_27b_two_pass_zero__base_all_strategies__all_strategies/bbq/bbq_metrics.csv,No IT,0,"All interventions, opinion IT checkpoint"
bbq,BBQ Disambig.,no_it_1,No IT 1,Bias_score_disambig,Bias score disambig.,0,0.645,0.645,results/new_results/m6_qwen35_27b_reasoning_plus_original5/m6_qwen35_27b_reasoning_plus_original5_ordered_20260504_220932/m6/eval/m6_qwen35_27b_two_pass_one__base_all_strategies__all_strategies/bbq/bbq_metrics.csv,No IT,1,"All interventions, opinion IT checkpoint"
bbq,BBQ Disambig.,it_0,IT 0,Bias_score_disambig,Bias score disambig.,0,0.555,0.555,results/new_results/m6_qwen35_27b_reasoning_plus_original5/m6_qwen35_27b_reasoning_plus_original5_ordered_20260504_220932/m6/eval/m6_qwen35_27b_two_pass_zero__all_opinion__all_strategies/bbq/bbq_metrics.csv,IT,0,"All interventions, opinion IT checkpoint"
bbq,BBQ Disambig.,it_1,IT 1,Bias_score_disambig,Bias score disambig.,0,0.937,0.937,results/new_results/m6_qwen35_27b_reasoning_plus_original5/m6_qwen35_27b_reasoning_plus_original5_ordered_20260504_220932/m6/eval/m6_qwen35_27b_two_pass_one__all_opinion__all_strategies/bbq/bbq_metrics.csv,IT,1,"All interventions, opinion IT checkpoint"
winobias,WinoBias,base,Base Model Inference,abs_pro_anti_gap,Abs. pro/anti gap,0,0.077020202,0.077020202,results/new_results/m3_qwen35_27b_base_all5/evalshared/winobias/m3_qwen35_27b_base_winobias/winobias_metrics_overall_m3_qwen35_27b_base_winobias.csv,Base,,"All interventions, opinion IT checkpoint"
winobias,WinoBias,icl,ICL,abs_pro_anti_gap,Abs. pro/anti gap,0,0.078282828,0.078282828,results/new_results/m4_base_icl_zero/m4_base_icl_zero_allmodels_20260514_005736/qwen35_27b/evalshared/winobias/m4_baseicl_zero_qwen35_27b_allstrat_winobias/winobias_metrics_overall_m4_baseicl_zero_qwen35_27b_allstrat_winobias.csv,ICL,0,"All interventions, opinion IT checkpoint"
winobias,WinoBias,it,DIY IT,abs_pro_anti_gap,Abs. pro/anti gap,0,0.063131313,0.063131313,results/new_results/m3_finetune_qwen35_27b_ms500/evalshared/winobias/m3_qwen35_27b_ms500_all_opinion_winobias/winobias_metrics_overall_m3_qwen35_27b_ms500_all_opinion_winobias.csv,DIY IT,,"All interventions, opinion IT checkpoint"
winobias,WinoBias,no_it_0,No IT 0,abs_pro_anti_gap,Abs. pro/anti gap,0,0.012626263,0.012626263,results/new_results/m6_qwen35_27b_reasoning_plus_original5/m6_qwen35_27b_reasoning_plus_original5_ordered_20260504_220932/m6/eval/m6_qwen35_27b_two_pass_zero__base_all_strategies__all_strategies/winobias/winobias/m6_qwen35_27b_two_pass_zero__base_all_strategies__all_strategies_self_debias_two_pass_all_strategies/winobias_metrics_overall_m6_qwen35_27b_two_pass_zero__base_all_strategies__all_strategies_self_debias_two_pass_all_strategies.csv,No IT,0,"All interventions, opinion IT checkpoint"
winobias,WinoBias,no_it_1,No IT 1,abs_pro_anti_gap,Abs. pro/anti gap,0,0.01010101,0.01010101,results/new_results/m6_qwen35_27b_reasoning_plus_original5/m6_qwen35_27b_reasoning_plus_original5_ordered_20260504_220932/m6/eval/m6_qwen35_27b_two_pass_one__base_all_strategies__all_strategies/winobias/winobias/m6_qwen35_27b_two_pass_one__base_all_strategies__all_strategies_self_debias_two_pass_all_strategies/winobias_metrics_overall_m6_qwen35_27b_two_pass_one__base_all_strategies__all_strategies_self_debias_two_pass_all_strategies.csv,No IT,1,"All interventions, opinion IT checkpoint"
winobias,WinoBias,it_0,IT 0,abs_pro_anti_gap,Abs. pro/anti gap,0,0.026515152,0.026515152,results/new_results/m6_qwen35_27b_reasoning_plus_original5/m6_qwen35_27b_reasoning_plus_original5_ordered_20260504_220932/m6/eval/m6_qwen35_27b_two_pass_zero__all_opinion__all_strategies/winobias/winobias/m6_qwen35_27b_two_pass_zero__all_opinion__all_strategies_self_debias_two_pass_all_strategies/winobias_metrics_overall_m6_qwen35_27b_two_pass_zero__all_opinion__all_strategies_self_debias_two_pass_all_strategies.csv,IT,0,"All interventions, opinion IT checkpoint"
winobias,WinoBias,it_1,IT 1,abs_pro_anti_gap,Abs. pro/anti gap,0,0.027777778,0.027777778,results/new_results/m6_qwen35_27b_reasoning_plus_original5/m6_qwen35_27b_reasoning_plus_original5_ordered_20260504_220932/m6/eval/m6_qwen35_27b_two_pass_one__all_opinion__all_strategies/winobias/winobias/m6_qwen35_27b_two_pass_one__all_opinion__all_strategies_self_debias_two_pass_all_strategies/winobias_metrics_overall_m6_qwen35_27b_two_pass_one__all_opinion__all_strategies_self_debias_two_pass_all_strategies.csv,IT,1,"All interventions, opinion IT checkpoint"
winogender,WinoGender,base,Base Model Inference,male_female_pair_disagreement_rate,Male/female pair disagreement,0,0.066666667,0.066666667,results/new_results/m3_qwen35_27b_base_all5/evalshared/winogender/m3_qwen35_27b_base_winogender/winogender_metrics_overall_m3_qwen35_27b_base_winogender.csv,Base,,"All interventions, opinion IT checkpoint"
winogender,WinoGender,icl,ICL,male_female_pair_disagreement_rate,Male/female pair disagreement,0,0.066666667,0.066666667,results/new_results/m4_base_icl_zero/m4_base_icl_zero_allmodels_20260514_005736/qwen35_27b/evalshared/winogender/m4_baseicl_zero_qwen35_27b_allstrat_winogender/winogender_metrics_overall_m4_baseicl_zero_qwen35_27b_allstrat_winogender.csv,ICL,0,"All interventions, opinion IT checkpoint"
winogender,WinoGender,it,DIY IT,male_female_pair_disagreement_rate,Male/female pair disagreement,0,0.05,0.05,results/new_results/m3_finetune_qwen35_27b_ms500/evalshared/winogender/m3_qwen35_27b_ms500_all_opinion_winogender/winogender_metrics_overall_m3_qwen35_27b_ms500_all_opinion_winogender.csv,DIY IT,,"All interventions, opinion IT checkpoint"
winogender,WinoGender,no_it_0,No IT 0,male_female_pair_disagreement_rate,Male/female pair disagreement,0,0.0125,0.0125,results/new_results/m6_qwen35_27b_reasoning_plus_original5/m6_qwen35_27b_reasoning_plus_original5_ordered_20260504_220932/m6/eval/m6_qwen35_27b_two_pass_zero__base_all_strategies__all_strategies/winogender/winogender/m6_qwen35_27b_two_pass_zero__base_all_strategies__all_strategies_self_debias_two_pass_all_strategies/winogender_metrics_overall_m6_qwen35_27b_two_pass_zero__base_all_strategies__all_strategies_self_debias_two_pass_all_strategies.csv,No IT,0,"All interventions, opinion IT checkpoint"
winogender,WinoGender,no_it_1,No IT 1,male_female_pair_disagreement_rate,Male/female pair disagreement,0,0.025,0.025,results/new_results/m6_qwen35_27b_reasoning_plus_original5/m6_qwen35_27b_reasoning_plus_original5_ordered_20260504_220932/m6/eval/m6_qwen35_27b_two_pass_one__base_all_strategies__all_strategies/winogender/winogender/m6_qwen35_27b_two_pass_one__base_all_strategies__all_strategies_self_debias_two_pass_all_strategies/winogender_metrics_overall_m6_qwen35_27b_two_pass_one__base_all_strategies__all_strategies_self_debias_two_pass_all_strategies.csv,No IT,1,"All interventions, opinion IT checkpoint"
winogender,WinoGender,it_0,IT 0,male_female_pair_disagreement_rate,Male/female pair disagreement,0,0.0125,0.0125,results/new_results/m6_qwen35_27b_reasoning_plus_original5/m6_qwen35_27b_reasoning_plus_original5_ordered_20260504_220932/m6/eval/m6_qwen35_27b_two_pass_zero__all_opinion__all_strategies/winogender/winogender/m6_qwen35_27b_two_pass_zero__all_opinion__all_strategies_self_debias_two_pass_all_strategies/winogender_metrics_overall_m6_qwen35_27b_two_pass_zero__all_opinion__all_strategies_self_debias_two_pass_all_strategies.csv,IT,0,"All interventions, opinion IT checkpoint"
winogender,WinoGender,it_1,IT 1,male_female_pair_disagreement_rate,Male/female pair disagreement,0,0.0125,0.0125,results/new_results/m6_qwen35_27b_reasoning_plus_original5/m6_qwen35_27b_reasoning_plus_original5_ordered_20260504_220932/m6/eval/m6_qwen35_27b_two_pass_one__all_opinion__all_strategies/winogender/winogender/m6_qwen35_27b_two_pass_one__all_opinion__all_strategies_self_debias_two_pass_all_strategies/winogender_metrics_overall_m6_qwen35_27b_two_pass_one__all_opinion__all_strategies_self_debias_two_pass_all_strategies.csv,IT,1,"All interventions, opinion IT checkpoint"
crowspairs,CrowS-Pairs,base,Base Model Inference,stereotype_preference_pct,Stereotype preference %,50,63.53,13.53,results/new_results/m3_qwen35_27b_base_all5/evalshared/crows_pairs_metrics_overall_m3_qwen35_27b_base_crowspairs.csv,Base,,"All interventions, action IT checkpoint"
crowspairs,CrowS-Pairs,icl,ICL,stereotype_preference_pct,Stereotype preference %,50,37.07,12.93,results/new_results/m4_base_icl_zero/m4_base_icl_zero_allmodels_20260514_005736/qwen35_27b/evalshared/crows_pairs_metrics_overall_m4_baseicl_zero_qwen35_27b_allstrat_crowspairs.csv,ICL,0,"All interventions, action IT checkpoint"
crowspairs,CrowS-Pairs,it,DIY IT,stereotype_preference_pct,Stereotype preference %,50,63.33,13.33,results/new_results/m3_finetune_qwen35_27b_ms500/evalshared/crows_pairs_metrics_overall_m3_qwen35_27b_ms500_all_action_crowspairs.csv,DIY IT,,"All interventions, action IT checkpoint"
crowspairs,CrowS-Pairs,no_it_0,No IT 0,stereotype_preference_pct,Stereotype preference %,50,47.68,2.32,results/new_results/m6_qwen35_27b_reasoning_plus_original5/m6_qwen35_27b_reasoning_plus_original5_ordered_20260504_220932/m6/eval/m6_qwen35_27b_two_pass_zero__base_all_strategies__all_strategies/crowspairs/crows_pairs_metrics_overall_m6_qwen35_27b_two_pass_zero__base_all_strategies__all_strategies_self_debias_two_pass_all_strategies.csv,No IT,0,"All interventions, action IT checkpoint"
crowspairs,CrowS-Pairs,no_it_1,No IT 1,stereotype_preference_pct,Stereotype preference %,50,48.08,1.92,results/new_results/m6_qwen35_27b_reasoning_plus_original5/m6_qwen35_27b_reasoning_plus_original5_ordered_20260504_220932/m6/eval/m6_qwen35_27b_two_pass_one__base_all_strategies__all_strategies/crowspairs/crows_pairs_metrics_overall_m6_qwen35_27b_two_pass_one__base_all_strategies__all_strategies_self_debias_two_pass_all_strategies.csv,No IT,1,"All interventions, action IT checkpoint"
crowspairs,CrowS-Pairs,it_0,IT 0,stereotype_preference_pct,Stereotype preference %,50,45.16,4.84,results/new_results/m6_qwen35_27b_reasoning_plus_original5/m6_qwen35_27b_reasoning_plus_original5_ordered_20260504_220932/m6/eval/m6_qwen35_27b_two_pass_zero__all_action__all_strategies/crowspairs/crows_pairs_metrics_overall_m6_qwen35_27b_two_pass_zero__all_action__all_strategies_self_debias_two_pass_all_strategies.csv,IT,0,"All interventions, action IT checkpoint"
crowspairs,CrowS-Pairs,it_1,IT 1,stereotype_preference_pct,Stereotype preference %,50,46.15,3.85,results/new_results/m6_qwen35_27b_reasoning_plus_original5/m6_qwen35_27b_reasoning_plus_original5_ordered_20260504_220932/m6/eval/m6_qwen35_27b_two_pass_one__all_action__all_strategies/crowspairs/crows_pairs_metrics_overall_m6_qwen35_27b_two_pass_one__all_action__all_strategies_self_debias_two_pass_all_strategies.csv,IT,1,"All interventions, action IT checkpoint"
stereoset,StereoSet,base,Base Model Inference,SS Score,SS Score overall,50,57.574439,7.5744385,results/new_results/m3_qwen35_27b_base_all5/evalshared/stereoset_metrics_m3_qwen35_27b_base_stereoset.csv,Base,,"All interventions, action IT checkpoint"
stereoset,StereoSet,icl,ICL,SS Score,SS Score overall,50,45.117056,4.882944,results/new_results/m4_base_icl_zero/m4_base_icl_zero_allmodels_20260514_005736/qwen35_27b/evalshared/stereoset_metrics_m4_baseicl_zero_qwen35_27b_allstrat_stereoset.csv,ICL,0,"All interventions, action IT checkpoint"
stereoset,StereoSet,it,DIY IT,SS Score,SS Score overall,50,57.693557,7.6935566,results/new_results/m3_finetune_qwen35_27b_ms500/evalshared/stereoset_metrics_m3_qwen35_27b_ms500_all_action_stereoset.csv,DIY IT,,"All interventions, action IT checkpoint"
stereoset,StereoSet,no_it_0,No IT 0,SS Score,SS Score overall,50,47.700621,2.2993789,results/new_results/m6_qwen35_27b_reasoning_plus_original5/m6_qwen35_27b_reasoning_plus_original5_ordered_20260504_220932/m6/eval/m6_qwen35_27b_two_pass_zero__base_all_strategies__all_strategies/stereoset/stereoset_metrics_m6_qwen35_27b_two_pass_zero__base_all_strategies__all_strategies_self_debias_two_pass_all_strategies.csv,No IT,0,"All interventions, action IT checkpoint"
stereoset,StereoSet,no_it_1,No IT 1,SS Score,SS Score overall,50,48.926079,1.0739209,results/new_results/m6_qwen35_27b_reasoning_plus_original5/m6_qwen35_27b_reasoning_plus_original5_ordered_20260504_220932/m6/eval/m6_qwen35_27b_two_pass_one__base_all_strategies__all_strategies/stereoset/stereoset_metrics_m6_qwen35_27b_two_pass_one__base_all_strategies__all_strategies_self_debias_two_pass_all_strategies.csv,No IT,1,"All interventions, action IT checkpoint"
stereoset,StereoSet,it_0,IT 0,SS Score,SS Score overall,50,46.631497,3.3685028,results/new_results/m6_qwen35_27b_reasoning_plus_original5/m6_qwen35_27b_reasoning_plus_original5_ordered_20260504_220932/m6/eval/m6_qwen35_27b_two_pass_zero__all_action__all_strategies/stereoset/stereoset_metrics_m6_qwen35_27b_two_pass_zero__all_action__all_strategies_self_debias_two_pass_all_strategies.csv,IT,0,"All interventions, action IT checkpoint"
stereoset,StereoSet,it_1,IT 1,SS Score,SS Score overall,50,46.866845,3.1331551,results/new_results/m6_qwen35_27b_reasoning_plus_original5/m6_qwen35_27b_reasoning_plus_original5_ordered_20260504_220932/m6/eval/m6_qwen35_27b_two_pass_one__all_action__all_strategies/stereoset/stereoset_metrics_m6_qwen35_27b_two_pass_one__all_action__all_strategies_self_debias_two_pass_all_strategies.csv,IT,1,"All interventions, action IT checkpoint"
bbq,BBQ Ambig.,base,Base Model Inference,Bias_score_ambig,Bias score ambig.,0,5.708,5.708,results/new_results/m3_qwen35_27b_base_all5/bbq/bbq_metrics_m3_qwen35_27b_base_bbq.csv,Base,,"All interventions, action IT checkpoint"
bbq,BBQ Ambig.,icl,ICL,Bias_score_ambig,Bias score ambig.,0,12.114,12.114,results/new_results/m4_base_icl_zero/m4_base_icl_zero_allmodels_20260514_005736/qwen35_27b/bbq/bbq_metrics_m4_baseicl_zero_qwen35_27b_allstrat_bbq.csv,ICL,0,"All interventions, action IT checkpoint"
bbq,BBQ Ambig.,it,DIY IT,Bias_score_ambig,Bias score ambig.,0,5.585,5.585,results/new_results/m3_finetune_qwen35_27b_ms500/bbq/bbq_metrics_m3_qwen35_27b_ms500_all_action_bbq.csv,DIY IT,,"All interventions, action IT checkpoint"
bbq,BBQ Ambig.,no_it_0,No IT 0,Bias_score_ambig,Bias score ambig.,0,1.772,1.772,results/new_results/m6_qwen35_27b_reasoning_plus_original5/m6_qwen35_27b_reasoning_plus_original5_ordered_20260504_220932/m6/eval/m6_qwen35_27b_two_pass_zero__base_all_strategies__all_strategies/bbq/bbq_metrics.csv,No IT,0,"All interventions, action IT checkpoint"
bbq,BBQ Ambig.,no_it_1,No IT 1,Bias_score_ambig,Bias score ambig.,0,1.977,1.977,results/new_results/m6_qwen35_27b_reasoning_plus_original5/m6_qwen35_27b_reasoning_plus_original5_ordered_20260504_220932/m6/eval/m6_qwen35_27b_two_pass_one__base_all_strategies__all_strategies/bbq/bbq_metrics.csv,No IT,1,"All interventions, action IT checkpoint"
bbq,BBQ Ambig.,it_0,IT 0,Bias_score_ambig,Bias score ambig.,0,4.405,4.405,results/new_results/m6_qwen35_27b_reasoning_plus_original5/m6_qwen35_27b_reasoning_plus_original5_ordered_20260504_220932/m6/eval/m6_qwen35_27b_two_pass_zero__all_action__all_strategies/bbq/bbq_metrics.csv,IT,0,"All interventions, action IT checkpoint"
bbq,BBQ Ambig.,it_1,IT 1,Bias_score_ambig,Bias score ambig.,0,3.885,3.885,results/new_results/m6_qwen35_27b_reasoning_plus_original5/m6_qwen35_27b_reasoning_plus_original5_ordered_20260504_220932/m6/eval/m6_qwen35_27b_two_pass_one__all_action__all_strategies/bbq/bbq_metrics.csv,IT,1,"All interventions, action IT checkpoint"
bbq,BBQ Disambig.,base,Base Model Inference,Bias_score_disambig,Bias score disambig.,0,0.884,0.884,results/new_results/m3_qwen35_27b_base_all5/bbq/bbq_metrics_m3_qwen35_27b_base_bbq.csv,Base,,"All interventions, action IT checkpoint"
bbq,BBQ Disambig.,icl,ICL,Bias_score_disambig,Bias score disambig.,0,1.383,1.383,results/new_results/m4_base_icl_zero/m4_base_icl_zero_allmodels_20260514_005736/qwen35_27b/bbq/bbq_metrics_m4_baseicl_zero_qwen35_27b_allstrat_bbq.csv,ICL,0,"All interventions, action IT checkpoint"
bbq,BBQ Disambig.,it,DIY IT,Bias_score_disambig,Bias score disambig.,0,0.563,0.563,results/new_results/m3_finetune_qwen35_27b_ms500/bbq/bbq_metrics_m3_qwen35_27b_ms500_all_action_bbq.csv,DIY IT,,"All interventions, action IT checkpoint"
bbq,BBQ Disambig.,no_it_0,No IT 0,Bias_score_disambig,Bias score disambig.,0,0.619,0.619,results/new_results/m6_qwen35_27b_reasoning_plus_original5/m6_qwen35_27b_reasoning_plus_original5_ordered_20260504_220932/m6/eval/m6_qwen35_27b_two_pass_zero__base_all_strategies__all_strategies/bbq/bbq_metrics.csv,No IT,0,"All interventions, action IT checkpoint"
bbq,BBQ Disambig.,no_it_1,No IT 1,Bias_score_disambig,Bias score disambig.,0,0.645,0.645,results/new_results/m6_qwen35_27b_reasoning_plus_original5/m6_qwen35_27b_reasoning_plus_original5_ordered_20260504_220932/m6/eval/m6_qwen35_27b_two_pass_one__base_all_strategies__all_strategies/bbq/bbq_metrics.csv,No IT,1,"All interventions, action IT checkpoint"
bbq,BBQ Disambig.,it_0,IT 0,Bias_score_disambig,Bias score disambig.,0,0.39,0.39,results/new_results/m6_qwen35_27b_reasoning_plus_original5/m6_qwen35_27b_reasoning_plus_original5_ordered_20260504_220932/m6/eval/m6_qwen35_27b_two_pass_zero__all_action__all_strategies/bbq/bbq_metrics.csv,IT,0,"All interventions, action IT checkpoint"
bbq,BBQ Disambig.,it_1,IT 1,Bias_score_disambig,Bias score disambig.,0,0.456,0.456,results/new_results/m6_qwen35_27b_reasoning_plus_original5/m6_qwen35_27b_reasoning_plus_original5_ordered_20260504_220932/m6/eval/m6_qwen35_27b_two_pass_one__all_action__all_strategies/bbq/bbq_metrics.csv,IT,1,"All interventions, action IT checkpoint"
winobias,WinoBias,base,Base Model Inference,abs_pro_anti_gap,Abs. pro/anti gap,0,0.077020202,0.077020202,results/new_results/m3_qwen35_27b_base_all5/evalshared/winobias/m3_qwen35_27b_base_winobias/winobias_metrics_overall_m3_qwen35_27b_base_winobias.csv,Base,,"All interventions, action IT checkpoint"
winobias,WinoBias,icl,ICL,abs_pro_anti_gap,Abs. pro/anti gap,0,0.078282828,0.078282828,results/new_results/m4_base_icl_zero/m4_base_icl_zero_allmodels_20260514_005736/qwen35_27b/evalshared/winobias/m4_baseicl_zero_qwen35_27b_allstrat_winobias/winobias_metrics_overall_m4_baseicl_zero_qwen35_27b_allstrat_winobias.csv,ICL,0,"All interventions, action IT checkpoint"
winobias,WinoBias,it,DIY IT,abs_pro_anti_gap,Abs. pro/anti gap,0,0.070707071,0.070707071,results/new_results/m3_finetune_qwen35_27b_ms500/evalshared/winobias/m3_qwen35_27b_ms500_all_action_winobias/winobias_metrics_overall_m3_qwen35_27b_ms500_all_action_winobias.csv,DIY IT,,"All interventions, action IT checkpoint"
winobias,WinoBias,no_it_0,No IT 0,abs_pro_anti_gap,Abs. pro/anti gap,0,0.012626263,0.012626263,results/new_results/m6_qwen35_27b_reasoning_plus_original5/m6_qwen35_27b_reasoning_plus_original5_ordered_20260504_220932/m6/eval/m6_qwen35_27b_two_pass_zero__base_all_strategies__all_strategies/winobias/winobias/m6_qwen35_27b_two_pass_zero__base_all_strategies__all_strategies_self_debias_two_pass_all_strategies/winobias_metrics_overall_m6_qwen35_27b_two_pass_zero__base_all_strategies__all_strategies_self_debias_two_pass_all_strategies.csv,No IT,0,"All interventions, action IT checkpoint"
winobias,WinoBias,no_it_1,No IT 1,abs_pro_anti_gap,Abs. pro/anti gap,0,0.01010101,0.01010101,results/new_results/m6_qwen35_27b_reasoning_plus_original5/m6_qwen35_27b_reasoning_plus_original5_ordered_20260504_220932/m6/eval/m6_qwen35_27b_two_pass_one__base_all_strategies__all_strategies/winobias/winobias/m6_qwen35_27b_two_pass_one__base_all_strategies__all_strategies_self_debias_two_pass_all_strategies/winobias_metrics_overall_m6_qwen35_27b_two_pass_one__base_all_strategies__all_strategies_self_debias_two_pass_all_strategies.csv,No IT,1,"All interventions, action IT checkpoint"
winobias,WinoBias,it_0,IT 0,abs_pro_anti_gap,Abs. pro/anti gap,0,0.026515152,0.026515152,results/new_results/m6_qwen35_27b_reasoning_plus_original5/m6_qwen35_27b_reasoning_plus_original5_ordered_20260504_220932/m6/eval/m6_qwen35_27b_two_pass_zero__all_action__all_strategies/winobias/winobias/m6_qwen35_27b_two_pass_zero__all_action__all_strategies_self_debias_two_pass_all_strategies/winobias_metrics_overall_m6_qwen35_27b_two_pass_zero__all_action__all_strategies_self_debias_two_pass_all_strategies.csv,IT,0,"All interventions, action IT checkpoint"
winobias,WinoBias,it_1,IT 1,abs_pro_anti_gap,Abs. pro/anti gap,0,0.018939394,0.018939394,results/new_results/m6_qwen35_27b_reasoning_plus_original5/m6_qwen35_27b_reasoning_plus_original5_ordered_20260504_220932/m6/eval/m6_qwen35_27b_two_pass_one__all_action__all_strategies/winobias/winobias/m6_qwen35_27b_two_pass_one__all_action__all_strategies_self_debias_two_pass_all_strategies/winobias_metrics_overall_m6_qwen35_27b_two_pass_one__all_action__all_strategies_self_debias_two_pass_all_strategies.csv,IT,1,"All interventions, action IT checkpoint"
winogender,WinoGender,base,Base Model Inference,male_female_pair_disagreement_rate,Male/female pair disagreement,0,0.066666667,0.066666667,results/new_results/m3_qwen35_27b_base_all5/evalshared/winogender/m3_qwen35_27b_base_winogender/winogender_metrics_overall_m3_qwen35_27b_base_winogender.csv,Base,,"All interventions, action IT checkpoint"
winogender,WinoGender,icl,ICL,male_female_pair_disagreement_rate,Male/female pair disagreement,0,0.066666667,0.066666667,results/new_results/m4_base_icl_zero/m4_base_icl_zero_allmodels_20260514_005736/qwen35_27b/evalshared/winogender/m4_baseicl_zero_qwen35_27b_allstrat_winogender/winogender_metrics_overall_m4_baseicl_zero_qwen35_27b_allstrat_winogender.csv,ICL,0,"All interventions, action IT checkpoint"
winogender,WinoGender,it,DIY IT,male_female_pair_disagreement_rate,Male/female pair disagreement,0,0.066666667,0.066666667,results/new_results/m3_finetune_qwen35_27b_ms500/evalshared/winogender/m3_qwen35_27b_ms500_all_action_winogender/winogender_metrics_overall_m3_qwen35_27b_ms500_all_action_winogender.csv,DIY IT,,"All interventions, action IT checkpoint"
winogender,WinoGender,no_it_0,No IT 0,male_female_pair_disagreement_rate,Male/female pair disagreement,0,0.0125,0.0125,results/new_results/m6_qwen35_27b_reasoning_plus_original5/m6_qwen35_27b_reasoning_plus_original5_ordered_20260504_220932/m6/eval/m6_qwen35_27b_two_pass_zero__base_all_strategies__all_strategies/winogender/winogender/m6_qwen35_27b_two_pass_zero__base_all_strategies__all_strategies_self_debias_two_pass_all_strategies/winogender_metrics_overall_m6_qwen35_27b_two_pass_zero__base_all_strategies__all_strategies_self_debias_two_pass_all_strategies.csv,No IT,0,"All interventions, action IT checkpoint"
winogender,WinoGender,no_it_1,No IT 1,male_female_pair_disagreement_rate,Male/female pair disagreement,0,0.025,0.025,results/new_results/m6_qwen35_27b_reasoning_plus_original5/m6_qwen35_27b_reasoning_plus_original5_ordered_20260504_220932/m6/eval/m6_qwen35_27b_two_pass_one__base_all_strategies__all_strategies/winogender/winogender/m6_qwen35_27b_two_pass_one__base_all_strategies__all_strategies_self_debias_two_pass_all_strategies/winogender_metrics_overall_m6_qwen35_27b_two_pass_one__base_all_strategies__all_strategies_self_debias_two_pass_all_strategies.csv,No IT,1,"All interventions, action IT checkpoint"
winogender,WinoGender,it_0,IT 0,male_female_pair_disagreement_rate,Male/female pair disagreement,0,0.0125,0.0125,results/new_results/m6_qwen35_27b_reasoning_plus_original5/m6_qwen35_27b_reasoning_plus_original5_ordered_20260504_220932/m6/eval/m6_qwen35_27b_two_pass_zero__all_action__all_strategies/winogender/winogender/m6_qwen35_27b_two_pass_zero__all_action__all_strategies_self_debias_two_pass_all_strategies/winogender_metrics_overall_m6_qwen35_27b_two_pass_zero__all_action__all_strategies_self_debias_two_pass_all_strategies.csv,IT,0,"All interventions, action IT checkpoint"
winogender,WinoGender,it_1,IT 1,male_female_pair_disagreement_rate,Male/female pair disagreement,0,0.0125,0.0125,results/new_results/m6_qwen35_27b_reasoning_plus_original5/m6_qwen35_27b_reasoning_plus_original5_ordered_20260504_220932/m6/eval/m6_qwen35_27b_two_pass_one__all_action__all_strategies/winogender/winogender/m6_qwen35_27b_two_pass_one__all_action__all_strategies_self_debias_two_pass_all_strategies/winogender_metrics_overall_m6_qwen35_27b_two_pass_one__all_action__all_strategies_self_debias_two_pass_all_strategies.csv,IT,1,"All interventions, action IT checkpoint"
crowspairs,CrowS-Pairs,base,Base Model Inference,stereotype_preference_pct,Stereotype preference %,50,63.53,13.53,results/new_results/m3_qwen35_27b_base_all5/evalshared/crows_pairs_metrics_overall_m3_qwen35_27b_base_crowspairs.csv,Base,,"All interventions, event IT checkpoint"
crowspairs,CrowS-Pairs,icl,ICL,stereotype_preference_pct,Stereotype preference %,50,37.07,12.93,results/new_results/m4_base_icl_zero/m4_base_icl_zero_allmodels_20260514_005736/qwen35_27b/evalshared/crows_pairs_metrics_overall_m4_baseicl_zero_qwen35_27b_allstrat_crowspairs.csv,ICL,0,"All interventions, event IT checkpoint"
crowspairs,CrowS-Pairs,it,DIY IT,stereotype_preference_pct,Stereotype preference %,50,63.2,13.2,results/new_results/m3_finetune_qwen35_27b_ms500/evalshared/crows_pairs_metrics_overall_m3_qwen35_27b_ms500_all_event_crowspairs.csv,DIY IT,,"All interventions, event IT checkpoint"
crowspairs,CrowS-Pairs,no_it_0,No IT 0,stereotype_preference_pct,Stereotype preference %,50,47.68,2.32,results/new_results/m6_qwen35_27b_reasoning_plus_original5/m6_qwen35_27b_reasoning_plus_original5_ordered_20260504_220932/m6/eval/m6_qwen35_27b_two_pass_zero__base_all_strategies__all_strategies/crowspairs/crows_pairs_metrics_overall_m6_qwen35_27b_two_pass_zero__base_all_strategies__all_strategies_self_debias_two_pass_all_strategies.csv,No IT,0,"All interventions, event IT checkpoint"
crowspairs,CrowS-Pairs,no_it_1,No IT 1,stereotype_preference_pct,Stereotype preference %,50,48.08,1.92,results/new_results/m6_qwen35_27b_reasoning_plus_original5/m6_qwen35_27b_reasoning_plus_original5_ordered_20260504_220932/m6/eval/m6_qwen35_27b_two_pass_one__base_all_strategies__all_strategies/crowspairs/crows_pairs_metrics_overall_m6_qwen35_27b_two_pass_one__base_all_strategies__all_strategies_self_debias_two_pass_all_strategies.csv,No IT,1,"All interventions, event IT checkpoint"
crowspairs,CrowS-Pairs,it_0,IT 0,stereotype_preference_pct,Stereotype preference %,50,45.09,4.91,results/new_results/m6_qwen35_27b_reasoning_plus_original5/m6_qwen35_27b_reasoning_plus_original5_ordered_20260504_220932/m6/eval/m6_qwen35_27b_two_pass_zero__all_event__all_strategies/crowspairs/crows_pairs_metrics_overall_m6_qwen35_27b_two_pass_zero__all_event__all_strategies_self_debias_two_pass_all_strategies.csv,IT,0,"All interventions, event IT checkpoint"
crowspairs,CrowS-Pairs,it_1,IT 1,stereotype_preference_pct,Stereotype preference %,50,46.95,3.05,results/new_results/m6_qwen35_27b_reasoning_plus_original5/m6_qwen35_27b_reasoning_plus_original5_ordered_20260504_220932/m6/eval/m6_qwen35_27b_two_pass_one__all_event__all_strategies/crowspairs/crows_pairs_metrics_overall_m6_qwen35_27b_two_pass_one__all_event__all_strategies_self_debias_two_pass_all_strategies.csv,IT,1,"All interventions, event IT checkpoint"
stereoset,StereoSet,base,Base Model Inference,SS Score,SS Score overall,50,57.574439,7.5744385,results/new_results/m3_qwen35_27b_base_all5/evalshared/stereoset_metrics_m3_qwen35_27b_base_stereoset.csv,Base,,"All interventions, event IT checkpoint"
stereoset,StereoSet,icl,ICL,SS Score,SS Score overall,50,45.117056,4.882944,results/new_results/m4_base_icl_zero/m4_base_icl_zero_allmodels_20260514_005736/qwen35_27b/evalshared/stereoset_metrics_m4_baseicl_zero_qwen35_27b_allstrat_stereoset.csv,ICL,0,"All interventions, event IT checkpoint"
stereoset,StereoSet,it,DIY IT,SS Score,SS Score overall,50,58.063826,8.0638259,results/new_results/m3_finetune_qwen35_27b_ms500/evalshared/stereoset_metrics_m3_qwen35_27b_ms500_all_event_stereoset.csv,DIY IT,,"All interventions, event IT checkpoint"
stereoset,StereoSet,no_it_0,No IT 0,SS Score,SS Score overall,50,47.700621,2.2993789,results/new_results/m6_qwen35_27b_reasoning_plus_original5/m6_qwen35_27b_reasoning_plus_original5_ordered_20260504_220932/m6/eval/m6_qwen35_27b_two_pass_zero__base_all_strategies__all_strategies/stereoset/stereoset_metrics_m6_qwen35_27b_two_pass_zero__base_all_strategies__all_strategies_self_debias_two_pass_all_strategies.csv,No IT,0,"All interventions, event IT checkpoint"
stereoset,StereoSet,no_it_1,No IT 1,SS Score,SS Score overall,50,48.926079,1.0739209,results/new_results/m6_qwen35_27b_reasoning_plus_original5/m6_qwen35_27b_reasoning_plus_original5_ordered_20260504_220932/m6/eval/m6_qwen35_27b_two_pass_one__base_all_strategies__all_strategies/stereoset/stereoset_metrics_m6_qwen35_27b_two_pass_one__base_all_strategies__all_strategies_self_debias_two_pass_all_strategies.csv,No IT,1,"All interventions, event IT checkpoint"
stereoset,StereoSet,it_0,IT 0,SS Score,SS Score overall,50,48.292859,1.7071408,results/new_results/m6_qwen35_27b_reasoning_plus_original5/m6_qwen35_27b_reasoning_plus_original5_ordered_20260504_220932/m6/eval/m6_qwen35_27b_two_pass_zero__all_event__all_strategies/stereoset/stereoset_metrics_m6_qwen35_27b_two_pass_zero__all_event__all_strategies_self_debias_two_pass_all_strategies.csv,IT,0,"All interventions, event IT checkpoint"
stereoset,StereoSet,it_1,IT 1,SS Score,SS Score overall,50,48.021229,1.978771,results/new_results/m6_qwen35_27b_reasoning_plus_original5/m6_qwen35_27b_reasoning_plus_original5_ordered_20260504_220932/m6/eval/m6_qwen35_27b_two_pass_one__all_event__all_strategies/stereoset/stereoset_metrics_m6_qwen35_27b_two_pass_one__all_event__all_strategies_self_debias_two_pass_all_strategies.csv,IT,1,"All interventions, event IT checkpoint"
bbq,BBQ Ambig.,base,Base Model Inference,Bias_score_ambig,Bias score ambig.,0,5.708,5.708,results/new_results/m3_qwen35_27b_base_all5/bbq/bbq_metrics_m3_qwen35_27b_base_bbq.csv,Base,,"All interventions, event IT checkpoint"
bbq,BBQ Ambig.,icl,ICL,Bias_score_ambig,Bias score ambig.,0,12.114,12.114,results/new_results/m4_base_icl_zero/m4_base_icl_zero_allmodels_20260514_005736/qwen35_27b/bbq/bbq_metrics_m4_baseicl_zero_qwen35_27b_allstrat_bbq.csv,ICL,0,"All interventions, event IT checkpoint"
bbq,BBQ Ambig.,it,DIY IT,Bias_score_ambig,Bias score ambig.,0,6.423,6.423,results/new_results/m3_finetune_qwen35_27b_ms500/bbq/bbq_metrics_m3_qwen35_27b_ms500_all_event_bbq.csv,DIY IT,,"All interventions, event IT checkpoint"
bbq,BBQ Ambig.,no_it_0,No IT 0,Bias_score_ambig,Bias score ambig.,0,1.772,1.772,results/new_results/m6_qwen35_27b_reasoning_plus_original5/m6_qwen35_27b_reasoning_plus_original5_ordered_20260504_220932/m6/eval/m6_qwen35_27b_two_pass_zero__base_all_strategies__all_strategies/bbq/bbq_metrics.csv,No IT,0,"All interventions, event IT checkpoint"
bbq,BBQ Ambig.,no_it_1,No IT 1,Bias_score_ambig,Bias score ambig.,0,1.977,1.977,results/new_results/m6_qwen35_27b_reasoning_plus_original5/m6_qwen35_27b_reasoning_plus_original5_ordered_20260504_220932/m6/eval/m6_qwen35_27b_two_pass_one__base_all_strategies__all_strategies/bbq/bbq_metrics.csv,No IT,1,"All interventions, event IT checkpoint"
bbq,BBQ Ambig.,it_0,IT 0,Bias_score_ambig,Bias score ambig.,0,1.878,1.878,results/new_results/m6_qwen35_27b_reasoning_plus_original5/m6_qwen35_27b_reasoning_plus_original5_ordered_20260504_220932/m6/eval/m6_qwen35_27b_two_pass_zero__all_event__all_strategies/bbq/bbq_metrics.csv,IT,0,"All interventions, event IT checkpoint"
bbq,BBQ Ambig.,it_1,IT 1,Bias_score_ambig,Bias score ambig.,0,2.339,2.339,results/new_results/m6_qwen35_27b_reasoning_plus_original5/m6_qwen35_27b_reasoning_plus_original5_ordered_20260504_220932/m6/eval/m6_qwen35_27b_two_pass_one__all_event__all_strategies/bbq/bbq_metrics.csv,IT,1,"All interventions, event IT checkpoint"
bbq,BBQ Disambig.,base,Base Model Inference,Bias_score_disambig,Bias score disambig.,0,0.884,0.884,results/new_results/m3_qwen35_27b_base_all5/bbq/bbq_metrics_m3_qwen35_27b_base_bbq.csv,Base,,"All interventions, event IT checkpoint"
bbq,BBQ Disambig.,icl,ICL,Bias_score_disambig,Bias score disambig.,0,1.383,1.383,results/new_results/m4_base_icl_zero/m4_base_icl_zero_allmodels_20260514_005736/qwen35_27b/bbq/bbq_metrics_m4_baseicl_zero_qwen35_27b_allstrat_bbq.csv,ICL,0,"All interventions, event IT checkpoint"
bbq,BBQ Disambig.,it,DIY IT,Bias_score_disambig,Bias score disambig.,0,0.58,0.58,results/new_results/m3_finetune_qwen35_27b_ms500/bbq/bbq_metrics_m3_qwen35_27b_ms500_all_event_bbq.csv,DIY IT,,"All interventions, event IT checkpoint"
bbq,BBQ Disambig.,no_it_0,No IT 0,Bias_score_disambig,Bias score disambig.,0,0.619,0.619,results/new_results/m6_qwen35_27b_reasoning_plus_original5/m6_qwen35_27b_reasoning_plus_original5_ordered_20260504_220932/m6/eval/m6_qwen35_27b_two_pass_zero__base_all_strategies__all_strategies/bbq/bbq_metrics.csv,No IT,0,"All interventions, event IT checkpoint"
bbq,BBQ Disambig.,no_it_1,No IT 1,Bias_score_disambig,Bias score disambig.,0,0.645,0.645,results/new_results/m6_qwen35_27b_reasoning_plus_original5/m6_qwen35_27b_reasoning_plus_original5_ordered_20260504_220932/m6/eval/m6_qwen35_27b_two_pass_one__base_all_strategies__all_strategies/bbq/bbq_metrics.csv,No IT,1,"All interventions, event IT checkpoint"
bbq,BBQ Disambig.,it_0,IT 0,Bias_score_disambig,Bias score disambig.,0,1.351,1.351,results/new_results/m6_qwen35_27b_reasoning_plus_original5/m6_qwen35_27b_reasoning_plus_original5_ordered_20260504_220932/m6/eval/m6_qwen35_27b_two_pass_zero__all_event__all_strategies/bbq/bbq_metrics.csv,IT,0,"All interventions, event IT checkpoint"
bbq,BBQ Disambig.,it_1,IT 1,Bias_score_disambig,Bias score disambig.,0,1.427,1.427,results/new_results/m6_qwen35_27b_reasoning_plus_original5/m6_qwen35_27b_reasoning_plus_original5_ordered_20260504_220932/m6/eval/m6_qwen35_27b_two_pass_one__all_event__all_strategies/bbq/bbq_metrics.csv,IT,1,"All interventions, event IT checkpoint"
winobias,WinoBias,base,Base Model Inference,abs_pro_anti_gap,Abs. pro/anti gap,0,0.077020202,0.077020202,results/new_results/m3_qwen35_27b_base_all5/evalshared/winobias/m3_qwen35_27b_base_winobias/winobias_metrics_overall_m3_qwen35_27b_base_winobias.csv,Base,,"All interventions, event IT checkpoint"
winobias,WinoBias,icl,ICL,abs_pro_anti_gap,Abs. pro/anti gap,0,0.078282828,0.078282828,results/new_results/m4_base_icl_zero/m4_base_icl_zero_allmodels_20260514_005736/qwen35_27b/evalshared/winobias/m4_baseicl_zero_qwen35_27b_allstrat_winobias/winobias_metrics_overall_m4_baseicl_zero_qwen35_27b_allstrat_winobias.csv,ICL,0,"All interventions, event IT checkpoint"
winobias,WinoBias,it,DIY IT,abs_pro_anti_gap,Abs. pro/anti gap,0,0.065656566,0.065656566,results/new_results/m3_finetune_qwen35_27b_ms500/evalshared/winobias/m3_qwen35_27b_ms500_all_event_winobias/winobias_metrics_overall_m3_qwen35_27b_ms500_all_event_winobias.csv,DIY IT,,"All interventions, event IT checkpoint"
winobias,WinoBias,no_it_0,No IT 0,abs_pro_anti_gap,Abs. pro/anti gap,0,0.012626263,0.012626263,results/new_results/m6_qwen35_27b_reasoning_plus_original5/m6_qwen35_27b_reasoning_plus_original5_ordered_20260504_220932/m6/eval/m6_qwen35_27b_two_pass_zero__base_all_strategies__all_strategies/winobias/winobias/m6_qwen35_27b_two_pass_zero__base_all_strategies__all_strategies_self_debias_two_pass_all_strategies/winobias_metrics_overall_m6_qwen35_27b_two_pass_zero__base_all_strategies__all_strategies_self_debias_two_pass_all_strategies.csv,No IT,0,"All interventions, event IT checkpoint"
winobias,WinoBias,no_it_1,No IT 1,abs_pro_anti_gap,Abs. pro/anti gap,0,0.01010101,0.01010101,results/new_results/m6_qwen35_27b_reasoning_plus_original5/m6_qwen35_27b_reasoning_plus_original5_ordered_20260504_220932/m6/eval/m6_qwen35_27b_two_pass_one__base_all_strategies__all_strategies/winobias/winobias/m6_qwen35_27b_two_pass_one__base_all_strategies__all_strategies_self_debias_two_pass_all_strategies/winobias_metrics_overall_m6_qwen35_27b_two_pass_one__base_all_strategies__all_strategies_self_debias_two_pass_all_strategies.csv,No IT,1,"All interventions, event IT checkpoint"
winobias,WinoBias,it_0,IT 0,abs_pro_anti_gap,Abs. pro/anti gap,0,0.022727273,0.022727273,results/new_results/m6_qwen35_27b_reasoning_plus_original5/m6_qwen35_27b_reasoning_plus_original5_ordered_20260504_220932/m6/eval/m6_qwen35_27b_two_pass_zero__all_event__all_strategies/winobias/winobias/m6_qwen35_27b_two_pass_zero__all_event__all_strategies_self_debias_two_pass_all_strategies/winobias_metrics_overall_m6_qwen35_27b_two_pass_zero__all_event__all_strategies_self_debias_two_pass_all_strategies.csv,IT,0,"All interventions, event IT checkpoint"
winobias,WinoBias,it_1,IT 1,abs_pro_anti_gap,Abs. pro/anti gap,0,0.032828283,0.032828283,results/new_results/m6_qwen35_27b_reasoning_plus_original5/m6_qwen35_27b_reasoning_plus_original5_ordered_20260504_220932/m6/eval/m6_qwen35_27b_two_pass_one__all_event__all_strategies/winobias/winobias/m6_qwen35_27b_two_pass_one__all_event__all_strategies_self_debias_two_pass_all_strategies/winobias_metrics_overall_m6_qwen35_27b_two_pass_one__all_event__all_strategies_self_debias_two_pass_all_strategies.csv,IT,1,"All interventions, event IT checkpoint"
winogender,WinoGender,base,Base Model Inference,male_female_pair_disagreement_rate,Male/female pair disagreement,0,0.066666667,0.066666667,results/new_results/m3_qwen35_27b_base_all5/evalshared/winogender/m3_qwen35_27b_base_winogender/winogender_metrics_overall_m3_qwen35_27b_base_winogender.csv,Base,,"All interventions, event IT checkpoint"
winogender,WinoGender,icl,ICL,male_female_pair_disagreement_rate,Male/female pair disagreement,0,0.066666667,0.066666667,results/new_results/m4_base_icl_zero/m4_base_icl_zero_allmodels_20260514_005736/qwen35_27b/evalshared/winogender/m4_baseicl_zero_qwen35_27b_allstrat_winogender/winogender_metrics_overall_m4_baseicl_zero_qwen35_27b_allstrat_winogender.csv,ICL,0,"All interventions, event IT checkpoint"
winogender,WinoGender,it,DIY IT,male_female_pair_disagreement_rate,Male/female pair disagreement,0,0.054166667,0.054166667,results/new_results/m3_finetune_qwen35_27b_ms500/evalshared/winogender/m3_qwen35_27b_ms500_all_event_winogender/winogender_metrics_overall_m3_qwen35_27b_ms500_all_event_winogender.csv,DIY IT,,"All interventions, event IT checkpoint"
winogender,WinoGender,no_it_0,No IT 0,male_female_pair_disagreement_rate,Male/female pair disagreement,0,0.0125,0.0125,results/new_results/m6_qwen35_27b_reasoning_plus_original5/m6_qwen35_27b_reasoning_plus_original5_ordered_20260504_220932/m6/eval/m6_qwen35_27b_two_pass_zero__base_all_strategies__all_strategies/winogender/winogender/m6_qwen35_27b_two_pass_zero__base_all_strategies__all_strategies_self_debias_two_pass_all_strategies/winogender_metrics_overall_m6_qwen35_27b_two_pass_zero__base_all_strategies__all_strategies_self_debias_two_pass_all_strategies.csv,No IT,0,"All interventions, event IT checkpoint"
winogender,WinoGender,no_it_1,No IT 1,male_female_pair_disagreement_rate,Male/female pair disagreement,0,0.025,0.025,results/new_results/m6_qwen35_27b_reasoning_plus_original5/m6_qwen35_27b_reasoning_plus_original5_ordered_20260504_220932/m6/eval/m6_qwen35_27b_two_pass_one__base_all_strategies__all_strategies/winogender/winogender/m6_qwen35_27b_two_pass_one__base_all_strategies__all_strategies_self_debias_two_pass_all_strategies/winogender_metrics_overall_m6_qwen35_27b_two_pass_one__base_all_strategies__all_strategies_self_debias_two_pass_all_strategies.csv,No IT,1,"All interventions, event IT checkpoint"
winogender,WinoGender,it_0,IT 0,male_female_pair_disagreement_rate,Male/female pair disagreement,0,0.0083333333,0.0083333333,results/new_results/m6_qwen35_27b_reasoning_plus_original5/m6_qwen35_27b_reasoning_plus_original5_ordered_20260504_220932/m6/eval/m6_qwen35_27b_two_pass_zero__all_event__all_strategies/winogender/winogender/m6_qwen35_27b_two_pass_zero__all_event__all_strategies_self_debias_two_pass_all_strategies/winogender_metrics_overall_m6_qwen35_27b_two_pass_zero__all_event__all_strategies_self_debias_two_pass_all_strategies.csv,IT,0,"All interventions, event IT checkpoint"
winogender,WinoGender,it_1,IT 1,male_female_pair_disagreement_rate,Male/female pair disagreement,0,0.016666667,0.016666667,results/new_results/m6_qwen35_27b_reasoning_plus_original5/m6_qwen35_27b_reasoning_plus_original5_ordered_20260504_220932/m6/eval/m6_qwen35_27b_two_pass_one__all_event__all_strategies/winogender/winogender/m6_qwen35_27b_two_pass_one__all_event__all_strategies_self_debias_two_pass_all_strategies/winogender_metrics_overall_m6_qwen35_27b_two_pass_one__all_event__all_strategies_self_debias_two_pass_all_strategies.csv,IT,1,"All interventions, event IT checkpoint"
crowspairs,CrowS-Pairs,base,Base Model Inference,stereotype_preference_pct,Stereotype preference %,50,63.53,13.53,results/new_results/m3_qwen35_27b_base_all5/evalshared/crows_pairs_metrics_overall_m3_qwen35_27b_base_crowspairs.csv,Base,,"Stereotype replacement, matched IT checkpoint"
crowspairs,CrowS-Pairs,icl,ICL,stereotype_preference_pct,Stereotype preference %,50,62.53,12.53,results/new_results/m4_base_icl_zero/m4_base_icl_zero_allmodels_20260514_005736/qwen35_27b/evalshared/crows_pairs_metrics_overall_m4_baseicl_zero_qwen35_27b_sr_crowspairs.csv,ICL,0,"Stereotype replacement, matched IT checkpoint"
crowspairs,CrowS-Pairs,it,DIY IT,stereotype_preference_pct,Stereotype preference %,50,63.13,13.13,results/new_results/m3_finetune_qwen35_27b_ms500/evalshared/crows_pairs_metrics_overall_m3_qwen35_27b_ms500_sr_crowspairs.csv,DIY IT,,"Stereotype replacement, matched IT checkpoint"
crowspairs,CrowS-Pairs,no_it_0,No IT 0,stereotype_preference_pct,Stereotype preference %,50,48.54,1.46,results/new_results/m6_qwen35_27b_reasoning_plus_original5/m6_qwen35_27b_reasoning_plus_original5_ordered_20260504_220932/m6/eval/m6_qwen35_27b_two_pass_zero__base_stereotype_replacement__stereotype_replacement/crowspairs/crows_pairs_metrics_overall_m6_qwen35_27b_two_pass_zero__base_stereotype_replacement__stereotype_replacement_self_debias_two_pass_stereotype_replacement.csv,No IT,0,"Stereotype replacement, matched IT checkpoint"
crowspairs,CrowS-Pairs,no_it_1,No IT 1,stereotype_preference_pct,Stereotype preference %,50,47.08,2.92,results/new_results/m6_qwen35_27b_reasoning_plus_original5/m6_qwen35_27b_reasoning_plus_original5_ordered_20260504_220932/m6/eval/m6_qwen35_27b_two_pass_one__base_stereotype_replacement__stereotype_replacement/crowspairs/crows_pairs_metrics_overall_m6_qwen35_27b_two_pass_one__base_stereotype_replacement__stereotype_replacement_self_debias_two_pass_stereotype_replacement.csv,No IT,1,"Stereotype replacement, matched IT checkpoint"
crowspairs,CrowS-Pairs,it_0,IT 0,stereotype_preference_pct,Stereotype preference %,50,47.81,2.19,results/new_results/m6_qwen35_27b_reasoning_plus_original5/m6_qwen35_27b_reasoning_plus_original5_ordered_20260504_220932/m6/eval/m6_qwen35_27b_two_pass_zero__sr__stereotype_replacement/crowspairs/crows_pairs_metrics_overall_m6_qwen35_27b_two_pass_zero__sr__stereotype_replacement_self_debias_two_pass_stereotype_replacement.csv,IT,0,"Stereotype replacement, matched IT checkpoint"
crowspairs,CrowS-Pairs,it_1,IT 1,stereotype_preference_pct,Stereotype preference %,50,43.83,6.17,results/new_results/m6_qwen35_27b_reasoning_plus_original5/m6_qwen35_27b_reasoning_plus_original5_ordered_20260504_220932/m6/eval/m6_qwen35_27b_two_pass_one__sr__stereotype_replacement/crowspairs/crows_pairs_metrics_overall_m6_qwen35_27b_two_pass_one__sr__stereotype_replacement_self_debias_two_pass_stereotype_replacement.csv,IT,1,"Stereotype replacement, matched IT checkpoint"
stereoset,StereoSet,base,Base Model Inference,SS Score,SS Score overall,50,57.574439,7.5744385,results/new_results/m3_qwen35_27b_base_all5/evalshared/stereoset_metrics_m3_qwen35_27b_base_stereoset.csv,Base,,"Stereotype replacement, matched IT checkpoint"
stereoset,StereoSet,icl,ICL,SS Score,SS Score overall,50,58.833289,8.8332895,results/new_results/m4_base_icl_zero/m4_base_icl_zero_allmodels_20260514_005736/qwen35_27b/evalshared/stereoset_metrics_m4_baseicl_zero_qwen35_27b_sr_stereoset.csv,ICL,0,"Stereotype replacement, matched IT checkpoint"
stereoset,StereoSet,it,DIY IT,SS Score,SS Score overall,50,57.97967,7.9796701,results/new_results/m3_finetune_qwen35_27b_ms500/evalshared/stereoset_metrics_m3_qwen35_27b_ms500_sr_stereoset.csv,DIY IT,,"Stereotype replacement, matched IT checkpoint"
stereoset,StereoSet,no_it_0,No IT 0,SS Score,SS Score overall,50,49.985999,0.014001075,results/new_results/m6_qwen35_27b_reasoning_plus_original5/m6_qwen35_27b_reasoning_plus_original5_ordered_20260504_220932/m6/eval/m6_qwen35_27b_two_pass_zero__base_stereotype_replacement__stereotype_replacement/stereoset/stereoset_metrics_m6_qwen35_27b_two_pass_zero__base_stereotype_replacement__stereotype_replacement_self_debias_two_pass_stereotype_replacement.csv,No IT,0,"Stereotype replacement, matched IT checkpoint"
stereoset,StereoSet,no_it_1,No IT 1,SS Score,SS Score overall,50,47.709832,2.2901681,results/new_results/m6_qwen35_27b_reasoning_plus_original5/m6_qwen35_27b_reasoning_plus_original5_ordered_20260504_220932/m6/eval/m6_qwen35_27b_two_pass_one__base_stereotype_replacement__stereotype_replacement/stereoset/stereoset_metrics_m6_qwen35_27b_two_pass_one__base_stereotype_replacement__stereotype_replacement_self_debias_two_pass_stereotype_replacement.csv,No IT,1,"Stereotype replacement, matched IT checkpoint"
stereoset,StereoSet,it_0,IT 0,SS Score,SS Score overall,50,48.338476,1.6615239,results/new_results/m6_qwen35_27b_reasoning_plus_original5/m6_qwen35_27b_reasoning_plus_original5_ordered_20260504_220932/m6/eval/m6_qwen35_27b_two_pass_zero__sr__stereotype_replacement/stereoset/stereoset_metrics_m6_qwen35_27b_two_pass_zero__sr__stereotype_replacement_self_debias_two_pass_stereotype_replacement.csv,IT,0,"Stereotype replacement, matched IT checkpoint"
stereoset,StereoSet,it_1,IT 1,SS Score,SS Score overall,50,47.591405,2.4085953,results/new_results/m6_qwen35_27b_reasoning_plus_original5/m6_qwen35_27b_reasoning_plus_original5_ordered_20260504_220932/m6/eval/m6_qwen35_27b_two_pass_one__sr__stereotype_replacement/stereoset/stereoset_metrics_m6_qwen35_27b_two_pass_one__sr__stereotype_replacement_self_debias_two_pass_stereotype_replacement.csv,IT,1,"Stereotype replacement, matched IT checkpoint"
bbq,BBQ Ambig.,base,Base Model Inference,Bias_score_ambig,Bias score ambig.,0,5.708,5.708,results/new_results/m3_qwen35_27b_base_all5/bbq/bbq_metrics_m3_qwen35_27b_base_bbq.csv,Base,,"Stereotype replacement, matched IT checkpoint"
bbq,BBQ Ambig.,icl,ICL,Bias_score_ambig,Bias score ambig.,0,12.255,12.255,results/new_results/m4_base_icl_zero/m4_base_icl_zero_allmodels_20260514_005736/qwen35_27b/bbq/bbq_metrics_m4_baseicl_zero_qwen35_27b_sr_bbq.csv,ICL,0,"Stereotype replacement, matched IT checkpoint"
bbq,BBQ Ambig.,it,DIY IT,Bias_score_ambig,Bias score ambig.,0,5.804,5.804,results/new_results/m3_finetune_qwen35_27b_ms500/bbq/bbq_metrics_m3_qwen35_27b_ms500_sr_bbq.csv,DIY IT,,"Stereotype replacement, matched IT checkpoint"
bbq,BBQ Ambig.,no_it_0,No IT 0,Bias_score_ambig,Bias score ambig.,0,1.139,1.139,results/new_results/m6_qwen35_27b_reasoning_plus_original5/m6_qwen35_27b_reasoning_plus_original5_ordered_20260504_220932/m6/eval/m6_qwen35_27b_two_pass_zero__base_stereotype_replacement__stereotype_replacement/bbq/bbq_metrics.csv,No IT,0,"Stereotype replacement, matched IT checkpoint"
bbq,BBQ Ambig.,no_it_1,No IT 1,Bias_score_ambig,Bias score ambig.,0,1.813,1.813,results/new_results/m6_qwen35_27b_reasoning_plus_original5/m6_qwen35_27b_reasoning_plus_original5_ordered_20260504_220932/m6/eval/m6_qwen35_27b_two_pass_one__base_stereotype_replacement__stereotype_replacement/bbq/bbq_metrics.csv,No IT,1,"Stereotype replacement, matched IT checkpoint"
bbq,BBQ Ambig.,it_0,IT 0,Bias_score_ambig,Bias score ambig.,0,1.734,1.734,results/new_results/m6_qwen35_27b_reasoning_plus_original5/m6_qwen35_27b_reasoning_plus_original5_ordered_20260504_220932/m6/eval/m6_qwen35_27b_two_pass_zero__sr__stereotype_replacement/bbq/bbq_metrics.csv,IT,0,"Stereotype replacement, matched IT checkpoint"
bbq,BBQ Ambig.,it_1,IT 1,Bias_score_ambig,Bias score ambig.,0,2.931,2.931,results/new_results/m6_qwen35_27b_reasoning_plus_original5/m6_qwen35_27b_reasoning_plus_original5_ordered_20260504_220932/m6/eval/m6_qwen35_27b_two_pass_one__sr__stereotype_replacement/bbq/bbq_metrics.csv,IT,1,"Stereotype replacement, matched IT checkpoint"
bbq,BBQ Disambig.,base,Base Model Inference,Bias_score_disambig,Bias score disambig.,0,0.884,0.884,results/new_results/m3_qwen35_27b_base_all5/bbq/bbq_metrics_m3_qwen35_27b_base_bbq.csv,Base,,"Stereotype replacement, matched IT checkpoint"
bbq,BBQ Disambig.,icl,ICL,Bias_score_disambig,Bias score disambig.,0,1.167,1.167,results/new_results/m4_base_icl_zero/m4_base_icl_zero_allmodels_20260514_005736/qwen35_27b/bbq/bbq_metrics_m4_baseicl_zero_qwen35_27b_sr_bbq.csv,ICL,0,"Stereotype replacement, matched IT checkpoint"
bbq,BBQ Disambig.,it,DIY IT,Bias_score_disambig,Bias score disambig.,0,0.796,0.796,results/new_results/m3_finetune_qwen35_27b_ms500/bbq/bbq_metrics_m3_qwen35_27b_ms500_sr_bbq.csv,DIY IT,,"Stereotype replacement, matched IT checkpoint"
bbq,BBQ Disambig.,no_it_0,No IT 0,Bias_score_disambig,Bias score disambig.,0,-0.092,0.092,results/new_results/m6_qwen35_27b_reasoning_plus_original5/m6_qwen35_27b_reasoning_plus_original5_ordered_20260504_220932/m6/eval/m6_qwen35_27b_two_pass_zero__base_stereotype_replacement__stereotype_replacement/bbq/bbq_metrics.csv,No IT,0,"Stereotype replacement, matched IT checkpoint"
bbq,BBQ Disambig.,no_it_1,No IT 1,Bias_score_disambig,Bias score disambig.,0,0.108,0.108,results/new_results/m6_qwen35_27b_reasoning_plus_original5/m6_qwen35_27b_reasoning_plus_original5_ordered_20260504_220932/m6/eval/m6_qwen35_27b_two_pass_one__base_stereotype_replacement__stereotype_replacement/bbq/bbq_metrics.csv,No IT,1,"Stereotype replacement, matched IT checkpoint"
bbq,BBQ Disambig.,it_0,IT 0,Bias_score_disambig,Bias score disambig.,0,0.476,0.476,results/new_results/m6_qwen35_27b_reasoning_plus_original5/m6_qwen35_27b_reasoning_plus_original5_ordered_20260504_220932/m6/eval/m6_qwen35_27b_two_pass_zero__sr__stereotype_replacement/bbq/bbq_metrics.csv,IT,0,"Stereotype replacement, matched IT checkpoint"
bbq,BBQ Disambig.,it_1,IT 1,Bias_score_disambig,Bias score disambig.,0,0.993,0.993,results/new_results/m6_qwen35_27b_reasoning_plus_original5/m6_qwen35_27b_reasoning_plus_original5_ordered_20260504_220932/m6/eval/m6_qwen35_27b_two_pass_one__sr__stereotype_replacement/bbq/bbq_metrics.csv,IT,1,"Stereotype replacement, matched IT checkpoint"
winobias,WinoBias,base,Base Model Inference,abs_pro_anti_gap,Abs. pro/anti gap,0,0.077020202,0.077020202,results/new_results/m3_qwen35_27b_base_all5/evalshared/winobias/m3_qwen35_27b_base_winobias/winobias_metrics_overall_m3_qwen35_27b_base_winobias.csv,Base,,"Stereotype replacement, matched IT checkpoint"
winobias,WinoBias,icl,ICL,abs_pro_anti_gap,Abs. pro/anti gap,0,0.078282828,0.078282828,results/new_results/m4_base_icl_zero/m4_base_icl_zero_allmodels_20260514_005736/qwen35_27b/evalshared/winobias/m4_baseicl_zero_qwen35_27b_sr_winobias/winobias_metrics_overall_m4_baseicl_zero_qwen35_27b_sr_winobias.csv,ICL,0,"Stereotype replacement, matched IT checkpoint"
winobias,WinoBias,it,DIY IT,abs_pro_anti_gap,Abs. pro/anti gap,0,0.068181818,0.068181818,results/new_results/m3_finetune_qwen35_27b_ms500/evalshared/winobias/m3_qwen35_27b_ms500_sr_winobias/winobias_metrics_overall_m3_qwen35_27b_ms500_sr_winobias.csv,DIY IT,,"Stereotype replacement, matched IT checkpoint"
winobias,WinoBias,no_it_0,No IT 0,abs_pro_anti_gap,Abs. pro/anti gap,0,0.012626263,0.012626263,results/new_results/m6_qwen35_27b_reasoning_plus_original5/m6_qwen35_27b_reasoning_plus_original5_ordered_20260504_220932/m6/eval/m6_qwen35_27b_two_pass_zero__base_stereotype_replacement__stereotype_replacement/winobias/winobias/m6_qwen35_27b_two_pass_zero__base_stereotype_replacement__stereotype_replacement_self_debias_two_pass_stereotype_replacement/winobias_metrics_overall_m6_qwen35_27b_two_pass_zero__base_stereotype_replacement__stereotype_replacement_self_debias_two_pass_stereotype_replacement.csv,No IT,0,"Stereotype replacement, matched IT checkpoint"
winobias,WinoBias,no_it_1,No IT 1,abs_pro_anti_gap,Abs. pro/anti gap,0,0.031565657,0.031565657,results/new_results/m6_qwen35_27b_reasoning_plus_original5/m6_qwen35_27b_reasoning_plus_original5_ordered_20260504_220932/m6/eval/m6_qwen35_27b_two_pass_one__base_stereotype_replacement__stereotype_replacement/winobias/winobias/m6_qwen35_27b_two_pass_one__base_stereotype_replacement__stereotype_replacement_self_debias_two_pass_stereotype_replacement/winobias_metrics_overall_m6_qwen35_27b_two_pass_one__base_stereotype_replacement__stereotype_replacement_self_debias_two_pass_stereotype_replacement.csv,No IT,1,"Stereotype replacement, matched IT checkpoint"
winobias,WinoBias,it_0,IT 0,abs_pro_anti_gap,Abs. pro/anti gap,0,0.029040404,0.029040404,results/new_results/m6_qwen35_27b_reasoning_plus_original5/m6_qwen35_27b_reasoning_plus_original5_ordered_20260504_220932/m6/eval/m6_qwen35_27b_two_pass_zero__sr__stereotype_replacement/winobias/winobias/m6_qwen35_27b_two_pass_zero__sr__stereotype_replacement_self_debias_two_pass_stereotype_replacement/winobias_metrics_overall_m6_qwen35_27b_two_pass_zero__sr__stereotype_replacement_self_debias_two_pass_stereotype_replacement.csv,IT,0,"Stereotype replacement, matched IT checkpoint"
winobias,WinoBias,it_1,IT 1,abs_pro_anti_gap,Abs. pro/anti gap,0,0.064393939,0.064393939,results/new_results/m6_qwen35_27b_reasoning_plus_original5/m6_qwen35_27b_reasoning_plus_original5_ordered_20260504_220932/m6/eval/m6_qwen35_27b_two_pass_one__sr__stereotype_replacement/winobias/winobias/m6_qwen35_27b_two_pass_one__sr__stereotype_replacement_self_debias_two_pass_stereotype_replacement/winobias_metrics_overall_m6_qwen35_27b_two_pass_one__sr__stereotype_replacement_self_debias_two_pass_stereotype_replacement.csv,IT,1,"Stereotype replacement, matched IT checkpoint"
winogender,WinoGender,base,Base Model Inference,male_female_pair_disagreement_rate,Male/female pair disagreement,0,0.066666667,0.066666667,results/new_results/m3_qwen35_27b_base_all5/evalshared/winogender/m3_qwen35_27b_base_winogender/winogender_metrics_overall_m3_qwen35_27b_base_winogender.csv,Base,,"Stereotype replacement, matched IT checkpoint"
winogender,WinoGender,icl,ICL,male_female_pair_disagreement_rate,Male/female pair disagreement,0,0.070833333,0.070833333,results/new_results/m4_base_icl_zero/m4_base_icl_zero_allmodels_20260514_005736/qwen35_27b/evalshared/winogender/m4_baseicl_zero_qwen35_27b_sr_winogender/winogender_metrics_overall_m4_baseicl_zero_qwen35_27b_sr_winogender.csv,ICL,0,"Stereotype replacement, matched IT checkpoint"
winogender,WinoGender,it,DIY IT,male_female_pair_disagreement_rate,Male/female pair disagreement,0,0.054166667,0.054166667,results/new_results/m3_finetune_qwen35_27b_ms500/evalshared/winogender/m3_qwen35_27b_ms500_sr_winogender/winogender_metrics_overall_m3_qwen35_27b_ms500_sr_winogender.csv,DIY IT,,"Stereotype replacement, matched IT checkpoint"
winogender,WinoGender,no_it_0,No IT 0,male_female_pair_disagreement_rate,Male/female pair disagreement,0,0.0083333333,0.0083333333,results/new_results/m6_qwen35_27b_reasoning_plus_original5/m6_qwen35_27b_reasoning_plus_original5_ordered_20260504_220932/m6/eval/m6_qwen35_27b_two_pass_zero__base_stereotype_replacement__stereotype_replacement/winogender/winogender/m6_qwen35_27b_two_pass_zero__base_stereotype_replacement__stereotype_replacement_self_debias_two_pass_stereotype_replacement/winogender_metrics_overall_m6_qwen35_27b_two_pass_zero__base_stereotype_replacement__stereotype_replacement_self_debias_two_pass_stereotype_replacement.csv,No IT,0,"Stereotype replacement, matched IT checkpoint"
winogender,WinoGender,no_it_1,No IT 1,male_female_pair_disagreement_rate,Male/female pair disagreement,0,0.0083333333,0.0083333333,results/new_results/m6_qwen35_27b_reasoning_plus_original5/m6_qwen35_27b_reasoning_plus_original5_ordered_20260504_220932/m6/eval/m6_qwen35_27b_two_pass_one__base_stereotype_replacement__stereotype_replacement/winogender/winogender/m6_qwen35_27b_two_pass_one__base_stereotype_replacement__stereotype_replacement_self_debias_two_pass_stereotype_replacement/winogender_metrics_overall_m6_qwen35_27b_two_pass_one__base_stereotype_replacement__stereotype_replacement_self_debias_two_pass_stereotype_replacement.csv,No IT,1,"Stereotype replacement, matched IT checkpoint"
winogender,WinoGender,it_0,IT 0,male_female_pair_disagreement_rate,Male/female pair disagreement,0,0.020833333,0.020833333,results/new_results/m6_qwen35_27b_reasoning_plus_original5/m6_qwen35_27b_reasoning_plus_original5_ordered_20260504_220932/m6/eval/m6_qwen35_27b_two_pass_zero__sr__stereotype_replacement/winogender/winogender/m6_qwen35_27b_two_pass_zero__sr__stereotype_replacement_self_debias_two_pass_stereotype_replacement/winogender_metrics_overall_m6_qwen35_27b_two_pass_zero__sr__stereotype_replacement_self_debias_two_pass_stereotype_replacement.csv,IT,0,"Stereotype replacement, matched IT checkpoint"
winogender,WinoGender,it_1,IT 1,male_female_pair_disagreement_rate,Male/female pair disagreement,0,0.025,0.025,results/new_results/m6_qwen35_27b_reasoning_plus_original5/m6_qwen35_27b_reasoning_plus_original5_ordered_20260504_220932/m6/eval/m6_qwen35_27b_two_pass_one__sr__stereotype_replacement/winogender/winogender/m6_qwen35_27b_two_pass_one__sr__stereotype_replacement_self_debias_two_pass_stereotype_replacement/winogender_metrics_overall_m6_qwen35_27b_two_pass_one__sr__stereotype_replacement_self_debias_two_pass_stereotype_replacement.csv,IT,1,"Stereotype replacement, matched IT checkpoint"
crowspairs,CrowS-Pairs,base,Base Model Inference,stereotype_preference_pct,Stereotype preference %,50,63.53,13.53,results/new_results/m3_qwen35_27b_base_all5/evalshared/crows_pairs_metrics_overall_m3_qwen35_27b_base_crowspairs.csv,Base,,"Individuation, matched IT checkpoint"
crowspairs,CrowS-Pairs,icl,ICL,stereotype_preference_pct,Stereotype preference %,50,62.4,12.4,results/new_results/m4_base_icl_zero/m4_base_icl_zero_allmodels_20260514_005736/qwen35_27b/evalshared/crows_pairs_metrics_overall_m4_baseicl_zero_qwen35_27b_ind_crowspairs.csv,ICL,0,"Individuation, matched IT checkpoint"
crowspairs,CrowS-Pairs,it,DIY IT,stereotype_preference_pct,Stereotype preference %,50,63.4,13.4,results/new_results/m3_finetune_qwen35_27b_ms500/evalshared/crows_pairs_metrics_overall_m3_qwen35_27b_ms500_ind_crowspairs.csv,DIY IT,,"Individuation, matched IT checkpoint"
crowspairs,CrowS-Pairs,no_it_0,No IT 0,stereotype_preference_pct,Stereotype preference %,50,47.02,2.98,results/new_results/m6_qwen35_27b_reasoning_plus_original5/m6_qwen35_27b_reasoning_plus_original5_ordered_20260504_220932/m6/eval/m6_qwen35_27b_two_pass_zero__base_individuating__individuating/crowspairs/crows_pairs_metrics_overall_m6_qwen35_27b_two_pass_zero__base_individuating__individuating_self_debias_two_pass_individuating.csv,No IT,0,"Individuation, matched IT checkpoint"
crowspairs,CrowS-Pairs,no_it_1,No IT 1,stereotype_preference_pct,Stereotype preference %,50,50,0,results/new_results/m6_qwen35_27b_reasoning_plus_original5/m6_qwen35_27b_reasoning_plus_original5_ordered_20260504_220932/m6/eval/m6_qwen35_27b_two_pass_one__base_individuating__individuating/crowspairs/crows_pairs_metrics_overall_m6_qwen35_27b_two_pass_one__base_individuating__individuating_self_debias_two_pass_individuating.csv,No IT,1,"Individuation, matched IT checkpoint"
crowspairs,CrowS-Pairs,it_0,IT 0,stereotype_preference_pct,Stereotype preference %,50,42.77,7.23,results/new_results/m6_qwen35_27b_reasoning_plus_original5/m6_qwen35_27b_reasoning_plus_original5_ordered_20260504_220932/m6/eval/m6_qwen35_27b_two_pass_zero__ind__individuating/crowspairs/crows_pairs_metrics_overall_m6_qwen35_27b_two_pass_zero__ind__individuating_self_debias_two_pass_individuating.csv,IT,0,"Individuation, matched IT checkpoint"
crowspairs,CrowS-Pairs,it_1,IT 1,stereotype_preference_pct,Stereotype preference %,50,44.36,5.64,results/new_results/m6_qwen35_27b_reasoning_plus_original5/m6_qwen35_27b_reasoning_plus_original5_ordered_20260504_220932/m6/eval/m6_qwen35_27b_two_pass_one__ind__individuating/crowspairs/crows_pairs_metrics_overall_m6_qwen35_27b_two_pass_one__ind__individuating_self_debias_two_pass_individuating.csv,IT,1,"Individuation, matched IT checkpoint"
stereoset,StereoSet,base,Base Model Inference,SS Score,SS Score overall,50,57.574439,7.5744385,results/new_results/m3_qwen35_27b_base_all5/evalshared/stereoset_metrics_m3_qwen35_27b_base_stereoset.csv,Base,,"Individuation, matched IT checkpoint"
stereoset,StereoSet,icl,ICL,SS Score,SS Score overall,50,58.635274,8.6352741,results/new_results/m4_base_icl_zero/m4_base_icl_zero_allmodels_20260514_005736/qwen35_27b/evalshared/stereoset_metrics_m4_baseicl_zero_qwen35_27b_ind_stereoset.csv,ICL,0,"Individuation, matched IT checkpoint"
stereoset,StereoSet,it,DIY IT,SS Score,SS Score overall,50,58.127857,8.1278565,results/new_results/m3_finetune_qwen35_27b_ms500/evalshared/stereoset_metrics_m3_qwen35_27b_ms500_ind_stereoset.csv,DIY IT,,"Individuation, matched IT checkpoint"
stereoset,StereoSet,no_it_0,No IT 0,SS Score,SS Score overall,50,49.059853,0.94014677,results/new_results/m6_qwen35_27b_reasoning_plus_original5/m6_qwen35_27b_reasoning_plus_original5_ordered_20260504_220932/m6/eval/m6_qwen35_27b_two_pass_zero__base_individuating__individuating/stereoset/stereoset_metrics_m6_qwen35_27b_two_pass_zero__base_individuating__individuating_self_debias_two_pass_individuating.csv,No IT,0,"Individuation, matched IT checkpoint"
stereoset,StereoSet,no_it_1,No IT 1,SS Score,SS Score overall,50,49.667606,0.33239373,results/new_results/m6_qwen35_27b_reasoning_plus_original5/m6_qwen35_27b_reasoning_plus_original5_ordered_20260504_220932/m6/eval/m6_qwen35_27b_two_pass_one__base_individuating__individuating/stereoset/stereoset_metrics_m6_qwen35_27b_two_pass_one__base_individuating__individuating_self_debias_two_pass_individuating.csv,No IT,1,"Individuation, matched IT checkpoint"
stereoset,StereoSet,it_0,IT 0,SS Score,SS Score overall,50,49.169445,0.83055541,results/new_results/m6_qwen35_27b_reasoning_plus_original5/m6_qwen35_27b_reasoning_plus_original5_ordered_20260504_220932/m6/eval/m6_qwen35_27b_two_pass_zero__ind__individuating/stereoset/stereoset_metrics_m6_qwen35_27b_two_pass_zero__ind__individuating_self_debias_two_pass_individuating.csv,IT,0,"Individuation, matched IT checkpoint"
stereoset,StereoSet,it_1,IT 1,SS Score,SS Score overall,50,49.64275,0.35725042,results/new_results/m6_qwen35_27b_reasoning_plus_original5/m6_qwen35_27b_reasoning_plus_original5_ordered_20260504_220932/m6/eval/m6_qwen35_27b_two_pass_one__ind__individuating/stereoset/stereoset_metrics_m6_qwen35_27b_two_pass_one__ind__individuating_self_debias_two_pass_individuating.csv,IT,1,"Individuation, matched IT checkpoint"
bbq,BBQ Ambig.,base,Base Model Inference,Bias_score_ambig,Bias score ambig.,0,5.708,5.708,results/new_results/m3_qwen35_27b_base_all5/bbq/bbq_metrics_m3_qwen35_27b_base_bbq.csv,Base,,"Individuation, matched IT checkpoint"
bbq,BBQ Ambig.,icl,ICL,Bias_score_ambig,Bias score ambig.,0,11.533,11.533,results/new_results/m4_base_icl_zero/m4_base_icl_zero_allmodels_20260514_005736/qwen35_27b/bbq/bbq_metrics_m4_baseicl_zero_qwen35_27b_ind_bbq.csv,ICL,0,"Individuation, matched IT checkpoint"
bbq,BBQ Ambig.,it,DIY IT,Bias_score_ambig,Bias score ambig.,0,6.358,6.358,results/new_results/m3_finetune_qwen35_27b_ms500/bbq/bbq_metrics_m3_qwen35_27b_ms500_ind_bbq.csv,DIY IT,,"Individuation, matched IT checkpoint"
bbq,BBQ Ambig.,no_it_0,No IT 0,Bias_score_ambig,Bias score ambig.,0,1.939,1.939,results/new_results/m6_qwen35_27b_reasoning_plus_original5/m6_qwen35_27b_reasoning_plus_original5_ordered_20260504_220932/m6/eval/m6_qwen35_27b_two_pass_zero__base_individuating__individuating/bbq/bbq_metrics.csv,No IT,0,"Individuation, matched IT checkpoint"
bbq,BBQ Ambig.,no_it_1,No IT 1,Bias_score_ambig,Bias score ambig.,0,0.937,0.937,results/new_results/m6_qwen35_27b_reasoning_plus_original5/m6_qwen35_27b_reasoning_plus_original5_ordered_20260504_220932/m6/eval/m6_qwen35_27b_two_pass_one__base_individuating__individuating/bbq/bbq_metrics.csv,No IT,1,"Individuation, matched IT checkpoint"
bbq,BBQ Ambig.,it_0,IT 0,Bias_score_ambig,Bias score ambig.,0,5.941,5.941,results/new_results/m6_qwen35_27b_reasoning_plus_original5/m6_qwen35_27b_reasoning_plus_original5_ordered_20260504_220932/m6/eval/m6_qwen35_27b_two_pass_zero__ind__individuating/bbq/bbq_metrics.csv,IT,0,"Individuation, matched IT checkpoint"
bbq,BBQ Ambig.,it_1,IT 1,Bias_score_ambig,Bias score ambig.,0,6.002,6.002,results/new_results/m6_qwen35_27b_reasoning_plus_original5/m6_qwen35_27b_reasoning_plus_original5_ordered_20260504_220932/m6/eval/m6_qwen35_27b_two_pass_one__ind__individuating/bbq/bbq_metrics.csv,IT,1,"Individuation, matched IT checkpoint"
bbq,BBQ Disambig.,base,Base Model Inference,Bias_score_disambig,Bias score disambig.,0,0.884,0.884,results/new_results/m3_qwen35_27b_base_all5/bbq/bbq_metrics_m3_qwen35_27b_base_bbq.csv,Base,,"Individuation, matched IT checkpoint"
bbq,BBQ Disambig.,icl,ICL,Bias_score_disambig,Bias score disambig.,0,0.974,0.974,results/new_results/m4_base_icl_zero/m4_base_icl_zero_allmodels_20260514_005736/qwen35_27b/bbq/bbq_metrics_m4_baseicl_zero_qwen35_27b_ind_bbq.csv,ICL,0,"Individuation, matched IT checkpoint"
bbq,BBQ Disambig.,it,DIY IT,Bias_score_disambig,Bias score disambig.,0,0.735,0.735,results/new_results/m3_finetune_qwen35_27b_ms500/bbq/bbq_metrics_m3_qwen35_27b_ms500_ind_bbq.csv,DIY IT,,"Individuation, matched IT checkpoint"
bbq,BBQ Disambig.,no_it_0,No IT 0,Bias_score_disambig,Bias score disambig.,0,0.944,0.944,results/new_results/m6_qwen35_27b_reasoning_plus_original5/m6_qwen35_27b_reasoning_plus_original5_ordered_20260504_220932/m6/eval/m6_qwen35_27b_two_pass_zero__base_individuating__individuating/bbq/bbq_metrics.csv,No IT,0,"Individuation, matched IT checkpoint"
bbq,BBQ Disambig.,no_it_1,No IT 1,Bias_score_disambig,Bias score disambig.,0,-0.149,0.149,results/new_results/m6_qwen35_27b_reasoning_plus_original5/m6_qwen35_27b_reasoning_plus_original5_ordered_20260504_220932/m6/eval/m6_qwen35_27b_two_pass_one__base_individuating__individuating/bbq/bbq_metrics.csv,No IT,1,"Individuation, matched IT checkpoint"
bbq,BBQ Disambig.,it_0,IT 0,Bias_score_disambig,Bias score disambig.,0,0.741,0.741,results/new_results/m6_qwen35_27b_reasoning_plus_original5/m6_qwen35_27b_reasoning_plus_original5_ordered_20260504_220932/m6/eval/m6_qwen35_27b_two_pass_zero__ind__individuating/bbq/bbq_metrics.csv,IT,0,"Individuation, matched IT checkpoint"
bbq,BBQ Disambig.,it_1,IT 1,Bias_score_disambig,Bias score disambig.,0,0.796,0.796,results/new_results/m6_qwen35_27b_reasoning_plus_original5/m6_qwen35_27b_reasoning_plus_original5_ordered_20260504_220932/m6/eval/m6_qwen35_27b_two_pass_one__ind__individuating/bbq/bbq_metrics.csv,IT,1,"Individuation, matched IT checkpoint"
winobias,WinoBias,base,Base Model Inference,abs_pro_anti_gap,Abs. pro/anti gap,0,0.077020202,0.077020202,results/new_results/m3_qwen35_27b_base_all5/evalshared/winobias/m3_qwen35_27b_base_winobias/winobias_metrics_overall_m3_qwen35_27b_base_winobias.csv,Base,,"Individuation, matched IT checkpoint"
winobias,WinoBias,icl,ICL,abs_pro_anti_gap,Abs. pro/anti gap,0,0.078282828,0.078282828,results/new_results/m4_base_icl_zero/m4_base_icl_zero_allmodels_20260514_005736/qwen35_27b/evalshared/winobias/m4_baseicl_zero_qwen35_27b_ind_winobias/winobias_metrics_overall_m4_baseicl_zero_qwen35_27b_ind_winobias.csv,ICL,0,"Individuation, matched IT checkpoint"
winobias,WinoBias,it,DIY IT,abs_pro_anti_gap,Abs. pro/anti gap,0,0.074494949,0.074494949,results/new_results/m3_finetune_qwen35_27b_ms500/evalshared/winobias/m3_qwen35_27b_ms500_ind_winobias/winobias_metrics_overall_m3_qwen35_27b_ms500_ind_winobias.csv,DIY IT,,"Individuation, matched IT checkpoint"
winobias,WinoBias,no_it_0,No IT 0,abs_pro_anti_gap,Abs. pro/anti gap,0,0.013888889,0.013888889,results/new_results/m6_qwen35_27b_reasoning_plus_original5/m6_qwen35_27b_reasoning_plus_original5_ordered_20260504_220932/m6/eval/m6_qwen35_27b_two_pass_zero__base_individuating__individuating/winobias/winobias/m6_qwen35_27b_two_pass_zero__base_individuating__individuating_self_debias_two_pass_individuating/winobias_metrics_overall_m6_qwen35_27b_two_pass_zero__base_individuating__individuating_self_debias_two_pass_individuating.csv,No IT,0,"Individuation, matched IT checkpoint"
winobias,WinoBias,no_it_1,No IT 1,abs_pro_anti_gap,Abs. pro/anti gap,0,0.022727273,0.022727273,results/new_results/m6_qwen35_27b_reasoning_plus_original5/m6_qwen35_27b_reasoning_plus_original5_ordered_20260504_220932/m6/eval/m6_qwen35_27b_two_pass_one__base_individuating__individuating/winobias/winobias/m6_qwen35_27b_two_pass_one__base_individuating__individuating_self_debias_two_pass_individuating/winobias_metrics_overall_m6_qwen35_27b_two_pass_one__base_individuating__individuating_self_debias_two_pass_individuating.csv,No IT,1,"Individuation, matched IT checkpoint"
winobias,WinoBias,it_0,IT 0,abs_pro_anti_gap,Abs. pro/anti gap,0,0.045454545,0.045454545,results/new_results/m6_qwen35_27b_reasoning_plus_original5/m6_qwen35_27b_reasoning_plus_original5_ordered_20260504_220932/m6/eval/m6_qwen35_27b_two_pass_zero__ind__individuating/winobias/winobias/m6_qwen35_27b_two_pass_zero__ind__individuating_self_debias_two_pass_individuating/winobias_metrics_overall_m6_qwen35_27b_two_pass_zero__ind__individuating_self_debias_two_pass_individuating.csv,IT,0,"Individuation, matched IT checkpoint"
winobias,WinoBias,it_1,IT 1,abs_pro_anti_gap,Abs. pro/anti gap,0,0.035353535,0.035353535,results/new_results/m6_qwen35_27b_reasoning_plus_original5/m6_qwen35_27b_reasoning_plus_original5_ordered_20260504_220932/m6/eval/m6_qwen35_27b_two_pass_one__ind__individuating/winobias/winobias/m6_qwen35_27b_two_pass_one__ind__individuating_self_debias_two_pass_individuating/winobias_metrics_overall_m6_qwen35_27b_two_pass_one__ind__individuating_self_debias_two_pass_individuating.csv,IT,1,"Individuation, matched IT checkpoint"
winogender,WinoGender,base,Base Model Inference,male_female_pair_disagreement_rate,Male/female pair disagreement,0,0.066666667,0.066666667,results/new_results/m3_qwen35_27b_base_all5/evalshared/winogender/m3_qwen35_27b_base_winogender/winogender_metrics_overall_m3_qwen35_27b_base_winogender.csv,Base,,"Individuation, matched IT checkpoint"
winogender,WinoGender,icl,ICL,male_female_pair_disagreement_rate,Male/female pair disagreement,0,0.070833333,0.070833333,results/new_results/m4_base_icl_zero/m4_base_icl_zero_allmodels_20260514_005736/qwen35_27b/evalshared/winogender/m4_baseicl_zero_qwen35_27b_ind_winogender/winogender_metrics_overall_m4_baseicl_zero_qwen35_27b_ind_winogender.csv,ICL,0,"Individuation, matched IT checkpoint"
winogender,WinoGender,it,DIY IT,male_female_pair_disagreement_rate,Male/female pair disagreement,0,0.054166667,0.054166667,results/new_results/m3_finetune_qwen35_27b_ms500/evalshared/winogender/m3_qwen35_27b_ms500_ind_winogender/winogender_metrics_overall_m3_qwen35_27b_ms500_ind_winogender.csv,DIY IT,,"Individuation, matched IT checkpoint"
winogender,WinoGender,no_it_0,No IT 0,male_female_pair_disagreement_rate,Male/female pair disagreement,0,0.0041666667,0.0041666667,results/new_results/m6_qwen35_27b_reasoning_plus_original5/m6_qwen35_27b_reasoning_plus_original5_ordered_20260504_220932/m6/eval/m6_qwen35_27b_two_pass_zero__base_individuating__individuating/winogender/winogender/m6_qwen35_27b_two_pass_zero__base_individuating__individuating_self_debias_two_pass_individuating/winogender_metrics_overall_m6_qwen35_27b_two_pass_zero__base_individuating__individuating_self_debias_two_pass_individuating.csv,No IT,0,"Individuation, matched IT checkpoint"
winogender,WinoGender,no_it_1,No IT 1,male_female_pair_disagreement_rate,Male/female pair disagreement,0,0.0083333333,0.0083333333,results/new_results/m6_qwen35_27b_reasoning_plus_original5/m6_qwen35_27b_reasoning_plus_original5_ordered_20260504_220932/m6/eval/m6_qwen35_27b_two_pass_one__base_individuating__individuating/winogender/winogender/m6_qwen35_27b_two_pass_one__base_individuating__individuating_self_debias_two_pass_individuating/winogender_metrics_overall_m6_qwen35_27b_two_pass_one__base_individuating__individuating_self_debias_two_pass_individuating.csv,No IT,1,"Individuation, matched IT checkpoint"
winogender,WinoGender,it_0,IT 0,male_female_pair_disagreement_rate,Male/female pair disagreement,0,0.033333333,0.033333333,results/new_results/m6_qwen35_27b_reasoning_plus_original5/m6_qwen35_27b_reasoning_plus_original5_ordered_20260504_220932/m6/eval/m6_qwen35_27b_two_pass_zero__ind__individuating/winogender/winogender/m6_qwen35_27b_two_pass_zero__ind__individuating_self_debias_two_pass_individuating/winogender_metrics_overall_m6_qwen35_27b_two_pass_zero__ind__individuating_self_debias_two_pass_individuating.csv,IT,0,"Individuation, matched IT checkpoint"
winogender,WinoGender,it_1,IT 1,male_female_pair_disagreement_rate,Male/female pair disagreement,0,0.025,0.025,results/new_results/m6_qwen35_27b_reasoning_plus_original5/m6_qwen35_27b_reasoning_plus_original5_ordered_20260504_220932/m6/eval/m6_qwen35_27b_two_pass_one__ind__individuating/winogender/winogender/m6_qwen35_27b_two_pass_one__ind__individuating_self_debias_two_pass_individuating/winogender_metrics_overall_m6_qwen35_27b_two_pass_one__ind__individuating_self_debias_two_pass_individuating.csv,IT,1,"Individuation, matched IT checkpoint"
crowspairs,CrowS-Pairs,base,Base Model Inference,stereotype_preference_pct,Stereotype preference %,50,63.53,13.53,results/new_results/m3_qwen35_27b_base_all5/evalshared/crows_pairs_metrics_overall_m3_qwen35_27b_base_crowspairs.csv,Base,,"Perspective-taking, matched IT checkpoint"
crowspairs,CrowS-Pairs,icl,ICL,stereotype_preference_pct,Stereotype preference %,50,62.14,12.14,results/new_results/m4_base_icl_zero/m4_base_icl_zero_allmodels_20260514_005736/qwen35_27b/evalshared/crows_pairs_metrics_overall_m4_baseicl_zero_qwen35_27b_pt_crowspairs.csv,ICL,0,"Perspective-taking, matched IT checkpoint"
crowspairs,CrowS-Pairs,it,DIY IT,stereotype_preference_pct,Stereotype preference %,50,62.67,12.67,results/new_results/m3_finetune_qwen35_27b_ms500/evalshared/crows_pairs_metrics_overall_m3_qwen35_27b_ms500_pt_crowspairs.csv,DIY IT,,"Perspective-taking, matched IT checkpoint"
crowspairs,CrowS-Pairs,no_it_0,No IT 0,stereotype_preference_pct,Stereotype preference %,50,47.02,2.98,results/new_results/m6_qwen35_27b_reasoning_plus_original5/m6_qwen35_27b_reasoning_plus_original5_ordered_20260504_220932/m6/eval/m6_qwen35_27b_two_pass_zero__base_perspective_taking__perspective_taking/crowspairs/crows_pairs_metrics_overall_m6_qwen35_27b_two_pass_zero__base_perspective_taking__perspective_taking_self_debias_two_pass_perspective_taking.csv,No IT,0,"Perspective-taking, matched IT checkpoint"
crowspairs,CrowS-Pairs,no_it_1,No IT 1,stereotype_preference_pct,Stereotype preference %,50,46.82,3.18,results/new_results/m6_qwen35_27b_reasoning_plus_original5/m6_qwen35_27b_reasoning_plus_original5_ordered_20260504_220932/m6/eval/m6_qwen35_27b_two_pass_one__base_perspective_taking__perspective_taking/crowspairs/crows_pairs_metrics_overall_m6_qwen35_27b_two_pass_one__base_perspective_taking__perspective_taking_self_debias_two_pass_perspective_taking.csv,No IT,1,"Perspective-taking, matched IT checkpoint"
crowspairs,CrowS-Pairs,it_0,IT 0,stereotype_preference_pct,Stereotype preference %,50,45.42,4.58,results/new_results/m6_qwen35_27b_reasoning_plus_original5/m6_qwen35_27b_reasoning_plus_original5_ordered_20260504_220932/m6/eval/m6_qwen35_27b_two_pass_zero__pt__perspective_taking/crowspairs/crows_pairs_metrics_overall_m6_qwen35_27b_two_pass_zero__pt__perspective_taking_self_debias_two_pass_perspective_taking.csv,IT,0,"Perspective-taking, matched IT checkpoint"
crowspairs,CrowS-Pairs,it_1,IT 1,stereotype_preference_pct,Stereotype preference %,50,43.24,6.76,results/new_results/m6_qwen35_27b_reasoning_plus_original5/m6_qwen35_27b_reasoning_plus_original5_ordered_20260504_220932/m6/eval/m6_qwen35_27b_two_pass_one__pt__perspective_taking/crowspairs/crows_pairs_metrics_overall_m6_qwen35_27b_two_pass_one__pt__perspective_taking_self_debias_two_pass_perspective_taking.csv,IT,1,"Perspective-taking, matched IT checkpoint"
stereoset,StereoSet,base,Base Model Inference,SS Score,SS Score overall,50,57.574439,7.5744385,results/new_results/m3_qwen35_27b_base_all5/evalshared/stereoset_metrics_m3_qwen35_27b_base_stereoset.csv,Base,,"Perspective-taking, matched IT checkpoint"
stereoset,StereoSet,icl,ICL,SS Score,SS Score overall,50,59.390613,9.3906127,results/new_results/m4_base_icl_zero/m4_base_icl_zero_allmodels_20260514_005736/qwen35_27b/evalshared/stereoset_metrics_m4_baseicl_zero_qwen35_27b_pt_stereoset.csv,ICL,0,"Perspective-taking, matched IT checkpoint"
stereoset,StereoSet,it,DIY IT,SS Score,SS Score overall,50,57.935897,7.9358967,results/new_results/m3_finetune_qwen35_27b_ms500/evalshared/stereoset_metrics_m3_qwen35_27b_ms500_pt_stereoset.csv,DIY IT,,"Perspective-taking, matched IT checkpoint"
stereoset,StereoSet,no_it_0,No IT 0,SS Score,SS Score overall,50,48.771401,1.2285992,results/new_results/m6_qwen35_27b_reasoning_plus_original5/m6_qwen35_27b_reasoning_plus_original5_ordered_20260504_220932/m6/eval/m6_qwen35_27b_two_pass_zero__base_perspective_taking__perspective_taking/stereoset/stereoset_metrics_m6_qwen35_27b_two_pass_zero__base_perspective_taking__perspective_taking_self_debias_two_pass_perspective_taking.csv,No IT,0,"Perspective-taking, matched IT checkpoint"
stereoset,StereoSet,no_it_1,No IT 1,SS Score,SS Score overall,50,50.131298,0.13129761,results/new_results/m6_qwen35_27b_reasoning_plus_original5/m6_qwen35_27b_reasoning_plus_original5_ordered_20260504_220932/m6/eval/m6_qwen35_27b_two_pass_one__base_perspective_taking__perspective_taking/stereoset/stereoset_metrics_m6_qwen35_27b_two_pass_one__base_perspective_taking__perspective_taking_self_debias_two_pass_perspective_taking.csv,No IT,1,"Perspective-taking, matched IT checkpoint"
stereoset,StereoSet,it_0,IT 0,SS Score,SS Score overall,50,47.316874,2.6831263,results/new_results/m6_qwen35_27b_reasoning_plus_original5/m6_qwen35_27b_reasoning_plus_original5_ordered_20260504_220932/m6/eval/m6_qwen35_27b_two_pass_zero__pt__perspective_taking/stereoset/stereoset_metrics_m6_qwen35_27b_two_pass_zero__pt__perspective_taking_self_debias_two_pass_perspective_taking.csv,IT,0,"Perspective-taking, matched IT checkpoint"
stereoset,StereoSet,it_1,IT 1,SS Score,SS Score overall,50,48.547563,1.4524371,results/new_results/m6_qwen35_27b_reasoning_plus_original5/m6_qwen35_27b_reasoning_plus_original5_ordered_20260504_220932/m6/eval/m6_qwen35_27b_two_pass_one__pt__perspective_taking/stereoset/stereoset_metrics_m6_qwen35_27b_two_pass_one__pt__perspective_taking_self_debias_two_pass_perspective_taking.csv,IT,1,"Perspective-taking, matched IT checkpoint"
bbq,BBQ Ambig.,base,Base Model Inference,Bias_score_ambig,Bias score ambig.,0,5.708,5.708,results/new_results/m3_qwen35_27b_base_all5/bbq/bbq_metrics_m3_qwen35_27b_base_bbq.csv,Base,,"Perspective-taking, matched IT checkpoint"
bbq,BBQ Ambig.,icl,ICL,Bias_score_ambig,Bias score ambig.,0,12.272,12.272,results/new_results/m4_base_icl_zero/m4_base_icl_zero_allmodels_20260514_005736/qwen35_27b/bbq/bbq_metrics_m4_baseicl_zero_qwen35_27b_pt_bbq.csv,ICL,0,"Perspective-taking, matched IT checkpoint"
bbq,BBQ Ambig.,it,DIY IT,Bias_score_ambig,Bias score ambig.,0,5.951,5.951,results/new_results/m3_finetune_qwen35_27b_ms500/bbq/bbq_metrics_m3_qwen35_27b_ms500_pt_bbq.csv,DIY IT,,"Perspective-taking, matched IT checkpoint"
bbq,BBQ Ambig.,no_it_0,No IT 0,Bias_score_ambig,Bias score ambig.,0,0.852,0.852,results/new_results/m6_qwen35_27b_reasoning_plus_original5/m6_qwen35_27b_reasoning_plus_original5_ordered_20260504_220932/m6/eval/m6_qwen35_27b_two_pass_zero__base_perspective_taking__perspective_taking/bbq/bbq_metrics.csv,No IT,0,"Perspective-taking, matched IT checkpoint"
bbq,BBQ Ambig.,no_it_1,No IT 1,Bias_score_ambig,Bias score ambig.,0,2.517,2.517,results/new_results/m6_qwen35_27b_reasoning_plus_original5/m6_qwen35_27b_reasoning_plus_original5_ordered_20260504_220932/m6/eval/m6_qwen35_27b_two_pass_one__base_perspective_taking__perspective_taking/bbq/bbq_metrics.csv,No IT,1,"Perspective-taking, matched IT checkpoint"
bbq,BBQ Ambig.,it_0,IT 0,Bias_score_ambig,Bias score ambig.,0,0.814,0.814,results/new_results/m6_qwen35_27b_reasoning_plus_original5/m6_qwen35_27b_reasoning_plus_original5_ordered_20260504_220932/m6/eval/m6_qwen35_27b_two_pass_zero__pt__perspective_taking/bbq/bbq_metrics.csv,IT,0,"Perspective-taking, matched IT checkpoint"
bbq,BBQ Ambig.,it_1,IT 1,Bias_score_ambig,Bias score ambig.,0,2.463,2.463,results/new_results/m6_qwen35_27b_reasoning_plus_original5/m6_qwen35_27b_reasoning_plus_original5_ordered_20260504_220932/m6/eval/m6_qwen35_27b_two_pass_one__pt__perspective_taking/bbq/bbq_metrics.csv,IT,1,"Perspective-taking, matched IT checkpoint"
bbq,BBQ Disambig.,base,Base Model Inference,Bias_score_disambig,Bias score disambig.,0,0.884,0.884,results/new_results/m3_qwen35_27b_base_all5/bbq/bbq_metrics_m3_qwen35_27b_base_bbq.csv,Base,,"Perspective-taking, matched IT checkpoint"
bbq,BBQ Disambig.,icl,ICL,Bias_score_disambig,Bias score disambig.,0,1.15,1.15,results/new_results/m4_base_icl_zero/m4_base_icl_zero_allmodels_20260514_005736/qwen35_27b/bbq/bbq_metrics_m4_baseicl_zero_qwen35_27b_pt_bbq.csv,ICL,0,"Perspective-taking, matched IT checkpoint"
bbq,BBQ Disambig.,it,DIY IT,Bias_score_disambig,Bias score disambig.,0,0.942,0.942,results/new_results/m3_finetune_qwen35_27b_ms500/bbq/bbq_metrics_m3_qwen35_27b_ms500_pt_bbq.csv,DIY IT,,"Perspective-taking, matched IT checkpoint"
bbq,BBQ Disambig.,no_it_0,No IT 0,Bias_score_disambig,Bias score disambig.,0,-0.012,0.012,results/new_results/m6_qwen35_27b_reasoning_plus_original5/m6_qwen35_27b_reasoning_plus_original5_ordered_20260504_220932/m6/eval/m6_qwen35_27b_two_pass_zero__base_perspective_taking__perspective_taking/bbq/bbq_metrics.csv,No IT,0,"Perspective-taking, matched IT checkpoint"
bbq,BBQ Disambig.,no_it_1,No IT 1,Bias_score_disambig,Bias score disambig.,0,-0.138,0.138,results/new_results/m6_qwen35_27b_reasoning_plus_original5/m6_qwen35_27b_reasoning_plus_original5_ordered_20260504_220932/m6/eval/m6_qwen35_27b_two_pass_one__base_perspective_taking__perspective_taking/bbq/bbq_metrics.csv,No IT,1,"Perspective-taking, matched IT checkpoint"
bbq,BBQ Disambig.,it_0,IT 0,Bias_score_disambig,Bias score disambig.,0,-0.382,0.382,results/new_results/m6_qwen35_27b_reasoning_plus_original5/m6_qwen35_27b_reasoning_plus_original5_ordered_20260504_220932/m6/eval/m6_qwen35_27b_two_pass_zero__pt__perspective_taking/bbq/bbq_metrics.csv,IT,0,"Perspective-taking, matched IT checkpoint"
bbq,BBQ Disambig.,it_1,IT 1,Bias_score_disambig,Bias score disambig.,0,0.228,0.228,results/new_results/m6_qwen35_27b_reasoning_plus_original5/m6_qwen35_27b_reasoning_plus_original5_ordered_20260504_220932/m6/eval/m6_qwen35_27b_two_pass_one__pt__perspective_taking/bbq/bbq_metrics.csv,IT,1,"Perspective-taking, matched IT checkpoint"
winobias,WinoBias,base,Base Model Inference,abs_pro_anti_gap,Abs. pro/anti gap,0,0.077020202,0.077020202,results/new_results/m3_qwen35_27b_base_all5/evalshared/winobias/m3_qwen35_27b_base_winobias/winobias_metrics_overall_m3_qwen35_27b_base_winobias.csv,Base,,"Perspective-taking, matched IT checkpoint"
winobias,WinoBias,icl,ICL,abs_pro_anti_gap,Abs. pro/anti gap,0,0.078282828,0.078282828,results/new_results/m4_base_icl_zero/m4_base_icl_zero_allmodels_20260514_005736/qwen35_27b/evalshared/winobias/m4_baseicl_zero_qwen35_27b_pt_winobias/winobias_metrics_overall_m4_baseicl_zero_qwen35_27b_pt_winobias.csv,ICL,0,"Perspective-taking, matched IT checkpoint"
winobias,WinoBias,it,DIY IT,abs_pro_anti_gap,Abs. pro/anti gap,0,0.09469697,0.09469697,results/new_results/m3_finetune_qwen35_27b_ms500/evalshared/winobias/m3_qwen35_27b_ms500_pt_winobias/winobias_metrics_overall_m3_qwen35_27b_ms500_pt_winobias.csv,DIY IT,,"Perspective-taking, matched IT checkpoint"
winobias,WinoBias,no_it_0,No IT 0,abs_pro_anti_gap,Abs. pro/anti gap,0,0.025252525,0.025252525,results/new_results/m6_qwen35_27b_reasoning_plus_original5/m6_qwen35_27b_reasoning_plus_original5_ordered_20260504_220932/m6/eval/m6_qwen35_27b_two_pass_zero__base_perspective_taking__perspective_taking/winobias/winobias/m6_qwen35_27b_two_pass_zero__base_perspective_taking__perspective_taking_self_debias_two_pass_perspective_taking/winobias_metrics_overall_m6_qwen35_27b_two_pass_zero__base_perspective_taking__perspective_taking_self_debias_two_pass_perspective_taking.csv,No IT,0,"Perspective-taking, matched IT checkpoint"
winobias,WinoBias,no_it_1,No IT 1,abs_pro_anti_gap,Abs. pro/anti gap,0,0.017676768,0.017676768,results/new_results/m6_qwen35_27b_reasoning_plus_original5/m6_qwen35_27b_reasoning_plus_original5_ordered_20260504_220932/m6/eval/m6_qwen35_27b_two_pass_one__base_perspective_taking__perspective_taking/winobias/winobias/m6_qwen35_27b_two_pass_one__base_perspective_taking__perspective_taking_self_debias_two_pass_perspective_taking/winobias_metrics_overall_m6_qwen35_27b_two_pass_one__base_perspective_taking__perspective_taking_self_debias_two_pass_perspective_taking.csv,No IT,1,"Perspective-taking, matched IT checkpoint"
winobias,WinoBias,it_0,IT 0,abs_pro_anti_gap,Abs. pro/anti gap,0,0.023989899,0.023989899,results/new_results/m6_qwen35_27b_reasoning_plus_original5/m6_qwen35_27b_reasoning_plus_original5_ordered_20260504_220932/m6/eval/m6_qwen35_27b_two_pass_zero__pt__perspective_taking/winobias/winobias/m6_qwen35_27b_two_pass_zero__pt__perspective_taking_self_debias_two_pass_perspective_taking/winobias_metrics_overall_m6_qwen35_27b_two_pass_zero__pt__perspective_taking_self_debias_two_pass_perspective_taking.csv,IT,0,"Perspective-taking, matched IT checkpoint"
winobias,WinoBias,it_1,IT 1,abs_pro_anti_gap,Abs. pro/anti gap,0,0.04040404,0.04040404,results/new_results/m6_qwen35_27b_reasoning_plus_original5/m6_qwen35_27b_reasoning_plus_original5_ordered_20260504_220932/m6/eval/m6_qwen35_27b_two_pass_one__pt__perspective_taking/winobias/winobias/m6_qwen35_27b_two_pass_one__pt__perspective_taking_self_debias_two_pass_perspective_taking/winobias_metrics_overall_m6_qwen35_27b_two_pass_one__pt__perspective_taking_self_debias_two_pass_perspective_taking.csv,IT,1,"Perspective-taking, matched IT checkpoint"
winogender,WinoGender,base,Base Model Inference,male_female_pair_disagreement_rate,Male/female pair disagreement,0,0.066666667,0.066666667,results/new_results/m3_qwen35_27b_base_all5/evalshared/winogender/m3_qwen35_27b_base_winogender/winogender_metrics_overall_m3_qwen35_27b_base_winogender.csv,Base,,"Perspective-taking, matched IT checkpoint"
winogender,WinoGender,icl,ICL,male_female_pair_disagreement_rate,Male/female pair disagreement,0,0.066666667,0.066666667,results/new_results/m4_base_icl_zero/m4_base_icl_zero_allmodels_20260514_005736/qwen35_27b/evalshared/winogender/m4_baseicl_zero_qwen35_27b_pt_winogender/winogender_metrics_overall_m4_baseicl_zero_qwen35_27b_pt_winogender.csv,ICL,0,"Perspective-taking, matched IT checkpoint"
winogender,WinoGender,it,DIY IT,male_female_pair_disagreement_rate,Male/female pair disagreement,0,0.075,0.075,results/new_results/m3_finetune_qwen35_27b_ms500/evalshared/winogender/m3_qwen35_27b_ms500_pt_winogender/winogender_metrics_overall_m3_qwen35_27b_ms500_pt_winogender.csv,DIY IT,,"Perspective-taking, matched IT checkpoint"
winogender,WinoGender,no_it_0,No IT 0,male_female_pair_disagreement_rate,Male/female pair disagreement,0,0.0125,0.0125,results/new_results/m6_qwen35_27b_reasoning_plus_original5/m6_qwen35_27b_reasoning_plus_original5_ordered_20260504_220932/m6/eval/m6_qwen35_27b_two_pass_zero__base_perspective_taking__perspective_taking/winogender/winogender/m6_qwen35_27b_two_pass_zero__base_perspective_taking__perspective_taking_self_debias_two_pass_perspective_taking/winogender_metrics_overall_m6_qwen35_27b_two_pass_zero__base_perspective_taking__perspective_taking_self_debias_two_pass_perspective_taking.csv,No IT,0,"Perspective-taking, matched IT checkpoint"
winogender,WinoGender,no_it_1,No IT 1,male_female_pair_disagreement_rate,Male/female pair disagreement,0,0.0125,0.0125,results/new_results/m6_qwen35_27b_reasoning_plus_original5/m6_qwen35_27b_reasoning_plus_original5_ordered_20260504_220932/m6/eval/m6_qwen35_27b_two_pass_one__base_perspective_taking__perspective_taking/winogender/winogender/m6_qwen35_27b_two_pass_one__base_perspective_taking__perspective_taking_self_debias_two_pass_perspective_taking/winogender_metrics_overall_m6_qwen35_27b_two_pass_one__base_perspective_taking__perspective_taking_self_debias_two_pass_perspective_taking.csv,No IT,1,"Perspective-taking, matched IT checkpoint"
winogender,WinoGender,it_0,IT 0,male_female_pair_disagreement_rate,Male/female pair disagreement,0,0.020833333,0.020833333,results/new_results/m6_qwen35_27b_reasoning_plus_original5/m6_qwen35_27b_reasoning_plus_original5_ordered_20260504_220932/m6/eval/m6_qwen35_27b_two_pass_zero__pt__perspective_taking/winogender/winogender/m6_qwen35_27b_two_pass_zero__pt__perspective_taking_self_debias_two_pass_perspective_taking/winogender_metrics_overall_m6_qwen35_27b_two_pass_zero__pt__perspective_taking_self_debias_two_pass_perspective_taking.csv,IT,0,"Perspective-taking, matched IT checkpoint"
winogender,WinoGender,it_1,IT 1,male_female_pair_disagreement_rate,Male/female pair disagreement,0,0.025,0.025,results/new_results/m6_qwen35_27b_reasoning_plus_original5/m6_qwen35_27b_reasoning_plus_original5_ordered_20260504_220932/m6/eval/m6_qwen35_27b_two_pass_one__pt__perspective_taking/winogender/winogender/m6_qwen35_27b_two_pass_one__pt__perspective_taking_self_debias_two_pass_perspective_taking/winogender_metrics_overall_m6_qwen35_27b_two_pass_one__pt__perspective_taking_self_debias_two_pass_perspective_taking.csv,IT,1,"Perspective-taking, matched IT checkpoint"
crowspairs,CrowS-Pairs,base,Base Model Inference,stereotype_preference_pct,Stereotype preference %,50,63.53,13.53,results/new_results/m3_qwen35_27b_base_all5/evalshared/crows_pairs_metrics_overall_m3_qwen35_27b_base_crowspairs.csv,Base,,"Counter-stereotypic imaging, matched IT checkpoint"
crowspairs,CrowS-Pairs,icl,ICL,stereotype_preference_pct,Stereotype preference %,50,61.8,11.8,results/new_results/m4_base_icl_zero/m4_base_icl_zero_allmodels_20260514_005736/qwen35_27b/evalshared/crows_pairs_metrics_overall_m4_baseicl_zero_qwen35_27b_ci_crowspairs.csv,ICL,0,"Counter-stereotypic imaging, matched IT checkpoint"
crowspairs,CrowS-Pairs,it,DIY IT,stereotype_preference_pct,Stereotype preference %,50,62.8,12.8,results/new_results/m3_finetune_qwen35_27b_ms500/evalshared/crows_pairs_metrics_overall_m3_qwen35_27b_ms500_ci_crowspairs.csv,DIY IT,,"Counter-stereotypic imaging, matched IT checkpoint"
crowspairs,CrowS-Pairs,no_it_0,No IT 0,stereotype_preference_pct,Stereotype preference %,50,49.01,0.99,results/new_results/m6_qwen35_27b_reasoning_plus_original5/m6_qwen35_27b_reasoning_plus_original5_ordered_20260504_220932/m6/eval/m6_qwen35_27b_two_pass_zero__base_counter_imaging__counter_imaging/crowspairs/crows_pairs_metrics_overall_m6_qwen35_27b_two_pass_zero__base_counter_imaging__counter_imaging_self_debias_two_pass_counter_imaging.csv,No IT,0,"Counter-stereotypic imaging, matched IT checkpoint"
crowspairs,CrowS-Pairs,no_it_1,No IT 1,stereotype_preference_pct,Stereotype preference %,50,47.15,2.85,results/new_results/m6_qwen35_27b_reasoning_plus_original5/m6_qwen35_27b_reasoning_plus_original5_ordered_20260504_220932/m6/eval/m6_qwen35_27b_two_pass_one__base_counter_imaging__counter_imaging/crowspairs/crows_pairs_metrics_overall_m6_qwen35_27b_two_pass_one__base_counter_imaging__counter_imaging_self_debias_two_pass_counter_imaging.csv,No IT,1,"Counter-stereotypic imaging, matched IT checkpoint"
crowspairs,CrowS-Pairs,it_0,IT 0,stereotype_preference_pct,Stereotype preference %,50,47.55,2.45,results/new_results/m6_qwen35_27b_reasoning_plus_original5/m6_qwen35_27b_reasoning_plus_original5_ordered_20260504_220932/m6/eval/m6_qwen35_27b_two_pass_zero__ci__counter_imaging/crowspairs/crows_pairs_metrics_overall_m6_qwen35_27b_two_pass_zero__ci__counter_imaging_self_debias_two_pass_counter_imaging.csv,IT,0,"Counter-stereotypic imaging, matched IT checkpoint"
crowspairs,CrowS-Pairs,it_1,IT 1,stereotype_preference_pct,Stereotype preference %,50,45.36,4.64,results/new_results/m6_qwen35_27b_reasoning_plus_original5/m6_qwen35_27b_reasoning_plus_original5_ordered_20260504_220932/m6/eval/m6_qwen35_27b_two_pass_one__ci__counter_imaging/crowspairs/crows_pairs_metrics_overall_m6_qwen35_27b_two_pass_one__ci__counter_imaging_self_debias_two_pass_counter_imaging.csv,IT,1,"Counter-stereotypic imaging, matched IT checkpoint"
stereoset,StereoSet,base,Base Model Inference,SS Score,SS Score overall,50,57.574439,7.5744385,results/new_results/m3_qwen35_27b_base_all5/evalshared/stereoset_metrics_m3_qwen35_27b_base_stereoset.csv,Base,,"Counter-stereotypic imaging, matched IT checkpoint"
stereoset,StereoSet,icl,ICL,SS Score,SS Score overall,50,58.32431,8.3243101,results/new_results/m4_base_icl_zero/m4_base_icl_zero_allmodels_20260514_005736/qwen35_27b/evalshared/stereoset_metrics_m4_baseicl_zero_qwen35_27b_ci_stereoset.csv,ICL,0,"Counter-stereotypic imaging, matched IT checkpoint"
stereoset,StereoSet,it,DIY IT,SS Score,SS Score overall,50,57.96009,7.9600896,results/new_results/m3_finetune_qwen35_27b_ms500/evalshared/stereoset_metrics_m3_qwen35_27b_ms500_ci_stereoset.csv,DIY IT,,"Counter-stereotypic imaging, matched IT checkpoint"
stereoset,StereoSet,no_it_0,No IT 0,SS Score,SS Score overall,50,49.511988,0.48801208,results/new_results/m6_qwen35_27b_reasoning_plus_original5/m6_qwen35_27b_reasoning_plus_original5_ordered_20260504_220932/m6/eval/m6_qwen35_27b_two_pass_zero__base_counter_imaging__counter_imaging/stereoset/stereoset_metrics_m6_qwen35_27b_two_pass_zero__base_counter_imaging__counter_imaging_self_debias_two_pass_counter_imaging.csv,No IT,0,"Counter-stereotypic imaging, matched IT checkpoint"
stereoset,StereoSet,no_it_1,No IT 1,SS Score,SS Score overall,50,49.144713,0.8552873,results/new_results/m6_qwen35_27b_reasoning_plus_original5/m6_qwen35_27b_reasoning_plus_original5_ordered_20260504_220932/m6/eval/m6_qwen35_27b_two_pass_one__base_counter_imaging__counter_imaging/stereoset/stereoset_metrics_m6_qwen35_27b_two_pass_one__base_counter_imaging__counter_imaging_self_debias_two_pass_counter_imaging.csv,No IT,1,"Counter-stereotypic imaging, matched IT checkpoint"
stereoset,StereoSet,it_0,IT 0,SS Score,SS Score overall,50,48.305594,1.6944061,results/new_results/m6_qwen35_27b_reasoning_plus_original5/m6_qwen35_27b_reasoning_plus_original5_ordered_20260504_220932/m6/eval/m6_qwen35_27b_two_pass_zero__ci__counter_imaging/stereoset/stereoset_metrics_m6_qwen35_27b_two_pass_zero__ci__counter_imaging_self_debias_two_pass_counter_imaging.csv,IT,0,"Counter-stereotypic imaging, matched IT checkpoint"
stereoset,StereoSet,it_1,IT 1,SS Score,SS Score overall,50,47.854117,2.1458833,results/new_results/m6_qwen35_27b_reasoning_plus_original5/m6_qwen35_27b_reasoning_plus_original5_ordered_20260504_220932/m6/eval/m6_qwen35_27b_two_pass_one__ci__counter_imaging/stereoset/stereoset_metrics_m6_qwen35_27b_two_pass_one__ci__counter_imaging_self_debias_two_pass_counter_imaging.csv,IT,1,"Counter-stereotypic imaging, matched IT checkpoint"
bbq,BBQ Ambig.,base,Base Model Inference,Bias_score_ambig,Bias score ambig.,0,5.708,5.708,results/new_results/m3_qwen35_27b_base_all5/bbq/bbq_metrics_m3_qwen35_27b_base_bbq.csv,Base,,"Counter-stereotypic imaging, matched IT checkpoint"
bbq,BBQ Ambig.,icl,ICL,Bias_score_ambig,Bias score ambig.,0,12.371,12.371,results/new_results/m4_base_icl_zero/m4_base_icl_zero_allmodels_20260514_005736/qwen35_27b/bbq/bbq_metrics_m4_baseicl_zero_qwen35_27b_ci_bbq.csv,ICL,0,"Counter-stereotypic imaging, matched IT checkpoint"
bbq,BBQ Ambig.,it,DIY IT,Bias_score_ambig,Bias score ambig.,0,6.194,6.194,results/new_results/m3_finetune_qwen35_27b_ms500/bbq/bbq_metrics_m3_qwen35_27b_ms500_ci_bbq.csv,DIY IT,,"Counter-stereotypic imaging, matched IT checkpoint"
bbq,BBQ Ambig.,no_it_0,No IT 0,Bias_score_ambig,Bias score ambig.,0,0.999,0.999,results/new_results/m6_qwen35_27b_reasoning_plus_original5/m6_qwen35_27b_reasoning_plus_original5_ordered_20260504_220932/m6/eval/m6_qwen35_27b_two_pass_zero__base_counter_imaging__counter_imaging/bbq/bbq_metrics.csv,No IT,0,"Counter-stereotypic imaging, matched IT checkpoint"
bbq,BBQ Ambig.,no_it_1,No IT 1,Bias_score_ambig,Bias score ambig.,0,1.59,1.59,results/new_results/m6_qwen35_27b_reasoning_plus_original5/m6_qwen35_27b_reasoning_plus_original5_ordered_20260504_220932/m6/eval/m6_qwen35_27b_two_pass_one__base_counter_imaging__counter_imaging/bbq/bbq_metrics.csv,No IT,1,"Counter-stereotypic imaging, matched IT checkpoint"
bbq,BBQ Ambig.,it_0,IT 0,Bias_score_ambig,Bias score ambig.,0,1.187,1.187,results/new_results/m6_qwen35_27b_reasoning_plus_original5/m6_qwen35_27b_reasoning_plus_original5_ordered_20260504_220932/m6/eval/m6_qwen35_27b_two_pass_zero__ci__counter_imaging/bbq/bbq_metrics.csv,IT,0,"Counter-stereotypic imaging, matched IT checkpoint"
bbq,BBQ Ambig.,it_1,IT 1,Bias_score_ambig,Bias score ambig.,0,2.141,2.141,results/new_results/m6_qwen35_27b_reasoning_plus_original5/m6_qwen35_27b_reasoning_plus_original5_ordered_20260504_220932/m6/eval/m6_qwen35_27b_two_pass_one__ci__counter_imaging/bbq/bbq_metrics.csv,IT,1,"Counter-stereotypic imaging, matched IT checkpoint"
bbq,BBQ Disambig.,base,Base Model Inference,Bias_score_disambig,Bias score disambig.,0,0.884,0.884,results/new_results/m3_qwen35_27b_base_all5/bbq/bbq_metrics_m3_qwen35_27b_base_bbq.csv,Base,,"Counter-stereotypic imaging, matched IT checkpoint"
bbq,BBQ Disambig.,icl,ICL,Bias_score_disambig,Bias score disambig.,0,1.009,1.009,results/new_results/m4_base_icl_zero/m4_base_icl_zero_allmodels_20260514_005736/qwen35_27b/bbq/bbq_metrics_m4_baseicl_zero_qwen35_27b_ci_bbq.csv,ICL,0,"Counter-stereotypic imaging, matched IT checkpoint"
bbq,BBQ Disambig.,it,DIY IT,Bias_score_disambig,Bias score disambig.,0,0.715,0.715,results/new_results/m3_finetune_qwen35_27b_ms500/bbq/bbq_metrics_m3_qwen35_27b_ms500_ci_bbq.csv,DIY IT,,"Counter-stereotypic imaging, matched IT checkpoint"
bbq,BBQ Disambig.,no_it_0,No IT 0,Bias_score_disambig,Bias score disambig.,0,0.405,0.405,results/new_results/m6_qwen35_27b_reasoning_plus_original5/m6_qwen35_27b_reasoning_plus_original5_ordered_20260504_220932/m6/eval/m6_qwen35_27b_two_pass_zero__base_counter_imaging__counter_imaging/bbq/bbq_metrics.csv,No IT,0,"Counter-stereotypic imaging, matched IT checkpoint"
bbq,BBQ Disambig.,no_it_1,No IT 1,Bias_score_disambig,Bias score disambig.,0,0.268,0.268,results/new_results/m6_qwen35_27b_reasoning_plus_original5/m6_qwen35_27b_reasoning_plus_original5_ordered_20260504_220932/m6/eval/m6_qwen35_27b_two_pass_one__base_counter_imaging__counter_imaging/bbq/bbq_metrics.csv,No IT,1,"Counter-stereotypic imaging, matched IT checkpoint"
bbq,BBQ Disambig.,it_0,IT 0,Bias_score_disambig,Bias score disambig.,0,0.601,0.601,results/new_results/m6_qwen35_27b_reasoning_plus_original5/m6_qwen35_27b_reasoning_plus_original5_ordered_20260504_220932/m6/eval/m6_qwen35_27b_two_pass_zero__ci__counter_imaging/bbq/bbq_metrics.csv,IT,0,"Counter-stereotypic imaging, matched IT checkpoint"
bbq,BBQ Disambig.,it_1,IT 1,Bias_score_disambig,Bias score disambig.,0,0.273,0.273,results/new_results/m6_qwen35_27b_reasoning_plus_original5/m6_qwen35_27b_reasoning_plus_original5_ordered_20260504_220932/m6/eval/m6_qwen35_27b_two_pass_one__ci__counter_imaging/bbq/bbq_metrics.csv,IT,1,"Counter-stereotypic imaging, matched IT checkpoint"
winobias,WinoBias,base,Base Model Inference,abs_pro_anti_gap,Abs. pro/anti gap,0,0.077020202,0.077020202,results/new_results/m3_qwen35_27b_base_all5/evalshared/winobias/m3_qwen35_27b_base_winobias/winobias_metrics_overall_m3_qwen35_27b_base_winobias.csv,Base,,"Counter-stereotypic imaging, matched IT checkpoint"
winobias,WinoBias,icl,ICL,abs_pro_anti_gap,Abs. pro/anti gap,0,0.078282828,0.078282828,results/new_results/m4_base_icl_zero/m4_base_icl_zero_allmodels_20260514_005736/qwen35_27b/evalshared/winobias/m4_baseicl_zero_qwen35_27b_ci_winobias/winobias_metrics_overall_m4_baseicl_zero_qwen35_27b_ci_winobias.csv,ICL,0,"Counter-stereotypic imaging, matched IT checkpoint"
winobias,WinoBias,it,DIY IT,abs_pro_anti_gap,Abs. pro/anti gap,0,0.083333333,0.083333333,results/new_results/m3_finetune_qwen35_27b_ms500/evalshared/winobias/m3_qwen35_27b_ms500_ci_winobias/winobias_metrics_overall_m3_qwen35_27b_ms500_ci_winobias.csv,DIY IT,,"Counter-stereotypic imaging, matched IT checkpoint"
winobias,WinoBias,no_it_0,No IT 0,abs_pro_anti_gap,Abs. pro/anti gap,0,0.017676768,0.017676768,results/new_results/m6_qwen35_27b_reasoning_plus_original5/m6_qwen35_27b_reasoning_plus_original5_ordered_20260504_220932/m6/eval/m6_qwen35_27b_two_pass_zero__base_counter_imaging__counter_imaging/winobias/winobias/m6_qwen35_27b_two_pass_zero__base_counter_imaging__counter_imaging_self_debias_two_pass_counter_imaging/winobias_metrics_overall_m6_qwen35_27b_two_pass_zero__base_counter_imaging__counter_imaging_self_debias_two_pass_counter_imaging.csv,No IT,0,"Counter-stereotypic imaging, matched IT checkpoint"
winobias,WinoBias,no_it_1,No IT 1,abs_pro_anti_gap,Abs. pro/anti gap,0,0.023989899,0.023989899,results/new_results/m6_qwen35_27b_reasoning_plus_original5/m6_qwen35_27b_reasoning_plus_original5_ordered_20260504_220932/m6/eval/m6_qwen35_27b_two_pass_one__base_counter_imaging__counter_imaging/winobias/winobias/m6_qwen35_27b_two_pass_one__base_counter_imaging__counter_imaging_self_debias_two_pass_counter_imaging/winobias_metrics_overall_m6_qwen35_27b_two_pass_one__base_counter_imaging__counter_imaging_self_debias_two_pass_counter_imaging.csv,No IT,1,"Counter-stereotypic imaging, matched IT checkpoint"
winobias,WinoBias,it_0,IT 0,abs_pro_anti_gap,Abs. pro/anti gap,0,0.029040404,0.029040404,results/new_results/m6_qwen35_27b_reasoning_plus_original5/m6_qwen35_27b_reasoning_plus_original5_ordered_20260504_220932/m6/eval/m6_qwen35_27b_two_pass_zero__ci__counter_imaging/winobias/winobias/m6_qwen35_27b_two_pass_zero__ci__counter_imaging_self_debias_two_pass_counter_imaging/winobias_metrics_overall_m6_qwen35_27b_two_pass_zero__ci__counter_imaging_self_debias_two_pass_counter_imaging.csv,IT,0,"Counter-stereotypic imaging, matched IT checkpoint"
winobias,WinoBias,it_1,IT 1,abs_pro_anti_gap,Abs. pro/anti gap,0,0.045454545,0.045454545,results/new_results/m6_qwen35_27b_reasoning_plus_original5/m6_qwen35_27b_reasoning_plus_original5_ordered_20260504_220932/m6/eval/m6_qwen35_27b_two_pass_one__ci__counter_imaging/winobias/winobias/m6_qwen35_27b_two_pass_one__ci__counter_imaging_self_debias_two_pass_counter_imaging/winobias_metrics_overall_m6_qwen35_27b_two_pass_one__ci__counter_imaging_self_debias_two_pass_counter_imaging.csv,IT,1,"Counter-stereotypic imaging, matched IT checkpoint"
winogender,WinoGender,base,Base Model Inference,male_female_pair_disagreement_rate,Male/female pair disagreement,0,0.066666667,0.066666667,results/new_results/m3_qwen35_27b_base_all5/evalshared/winogender/m3_qwen35_27b_base_winogender/winogender_metrics_overall_m3_qwen35_27b_base_winogender.csv,Base,,"Counter-stereotypic imaging, matched IT checkpoint"
winogender,WinoGender,icl,ICL,male_female_pair_disagreement_rate,Male/female pair disagreement,0,0.070833333,0.070833333,results/new_results/m4_base_icl_zero/m4_base_icl_zero_allmodels_20260514_005736/qwen35_27b/evalshared/winogender/m4_baseicl_zero_qwen35_27b_ci_winogender/winogender_metrics_overall_m4_baseicl_zero_qwen35_27b_ci_winogender.csv,ICL,0,"Counter-stereotypic imaging, matched IT checkpoint"
winogender,WinoGender,it,DIY IT,male_female_pair_disagreement_rate,Male/female pair disagreement,0,0.079166667,0.079166667,results/new_results/m3_finetune_qwen35_27b_ms500/evalshared/winogender/m3_qwen35_27b_ms500_ci_winogender/winogender_metrics_overall_m3_qwen35_27b_ms500_ci_winogender.csv,DIY IT,,"Counter-stereotypic imaging, matched IT checkpoint"
winogender,WinoGender,no_it_0,No IT 0,male_female_pair_disagreement_rate,Male/female pair disagreement,0,0.0125,0.0125,results/new_results/m6_qwen35_27b_reasoning_plus_original5/m6_qwen35_27b_reasoning_plus_original5_ordered_20260504_220932/m6/eval/m6_qwen35_27b_two_pass_zero__base_counter_imaging__counter_imaging/winogender/winogender/m6_qwen35_27b_two_pass_zero__base_counter_imaging__counter_imaging_self_debias_two_pass_counter_imaging/winogender_metrics_overall_m6_qwen35_27b_two_pass_zero__base_counter_imaging__counter_imaging_self_debias_two_pass_counter_imaging.csv,No IT,0,"Counter-stereotypic imaging, matched IT checkpoint"
winogender,WinoGender,no_it_1,No IT 1,male_female_pair_disagreement_rate,Male/female pair disagreement,0,0.016666667,0.016666667,results/new_results/m6_qwen35_27b_reasoning_plus_original5/m6_qwen35_27b_reasoning_plus_original5_ordered_20260504_220932/m6/eval/m6_qwen35_27b_two_pass_one__base_counter_imaging__counter_imaging/winogender/winogender/m6_qwen35_27b_two_pass_one__base_counter_imaging__counter_imaging_self_debias_two_pass_counter_imaging/winogender_metrics_overall_m6_qwen35_27b_two_pass_one__base_counter_imaging__counter_imaging_self_debias_two_pass_counter_imaging.csv,No IT,1,"Counter-stereotypic imaging, matched IT checkpoint"
winogender,WinoGender,it_0,IT 0,male_female_pair_disagreement_rate,Male/female pair disagreement,0,0.016666667,0.016666667,results/new_results/m6_qwen35_27b_reasoning_plus_original5/m6_qwen35_27b_reasoning_plus_original5_ordered_20260504_220932/m6/eval/m6_qwen35_27b_two_pass_zero__ci__counter_imaging/winogender/winogender/m6_qwen35_27b_two_pass_zero__ci__counter_imaging_self_debias_two_pass_counter_imaging/winogender_metrics_overall_m6_qwen35_27b_two_pass_zero__ci__counter_imaging_self_debias_two_pass_counter_imaging.csv,IT,0,"Counter-stereotypic imaging, matched IT checkpoint"
winogender,WinoGender,it_1,IT 1,male_female_pair_disagreement_rate,Male/female pair disagreement,0,0.0375,0.0375,results/new_results/m6_qwen35_27b_reasoning_plus_original5/m6_qwen35_27b_reasoning_plus_original5_ordered_20260504_220932/m6/eval/m6_qwen35_27b_two_pass_one__ci__counter_imaging/winogender/winogender/m6_qwen35_27b_two_pass_one__ci__counter_imaging_self_debias_two_pass_counter_imaging/winogender_metrics_overall_m6_qwen35_27b_two_pass_one__ci__counter_imaging_self_debias_two_pass_counter_imaging.csv,IT,1,"Counter-stereotypic imaging, matched IT checkpoint"
crowspairs,CrowS-Pairs,base,Base Model Inference,stereotype_preference_pct,Stereotype preference %,50,63.53,13.53,results/new_results/m3_qwen35_27b_base_all5/evalshared/crows_pairs_metrics_overall_m3_qwen35_27b_base_crowspairs.csv,Base,,"Positive contact, matched IT checkpoint"
crowspairs,CrowS-Pairs,icl,ICL,stereotype_preference_pct,Stereotype preference %,50,62.27,12.27,results/new_results/m4_base_icl_zero/m4_base_icl_zero_allmodels_20260514_005736/qwen35_27b/evalshared/crows_pairs_metrics_overall_m4_baseicl_zero_qwen35_27b_pc_crowspairs.csv,ICL,0,"Positive contact, matched IT checkpoint"
crowspairs,CrowS-Pairs,it,DIY IT,stereotype_preference_pct,Stereotype preference %,50,63,13,results/new_results/m3_finetune_qwen35_27b_ms500/evalshared/crows_pairs_metrics_overall_m3_qwen35_27b_ms500_pc_crowspairs.csv,DIY IT,,"Positive contact, matched IT checkpoint"
crowspairs,CrowS-Pairs,no_it_0,No IT 0,stereotype_preference_pct,Stereotype preference %,50,47.75,2.25,results/new_results/m6_qwen35_27b_reasoning_plus_original5/m6_qwen35_27b_reasoning_plus_original5_ordered_20260504_220932/m6/eval/m6_qwen35_27b_two_pass_zero__base_positive_contact__positive_contact/crowspairs/crows_pairs_metrics_overall_m6_qwen35_27b_two_pass_zero__base_positive_contact__positive_contact_self_debias_two_pass_positive_contact.csv,No IT,0,"Positive contact, matched IT checkpoint"
crowspairs,CrowS-Pairs,no_it_1,No IT 1,stereotype_preference_pct,Stereotype preference %,50,47.55,2.45,results/new_results/m6_qwen35_27b_reasoning_plus_original5/m6_qwen35_27b_reasoning_plus_original5_ordered_20260504_220932/m6/eval/m6_qwen35_27b_two_pass_one__base_positive_contact__positive_contact/crowspairs/crows_pairs_metrics_overall_m6_qwen35_27b_two_pass_one__base_positive_contact__positive_contact_self_debias_two_pass_positive_contact.csv,No IT,1,"Positive contact, matched IT checkpoint"
crowspairs,CrowS-Pairs,it_0,IT 0,stereotype_preference_pct,Stereotype preference %,50,43.7,6.3,results/new_results/m6_qwen35_27b_reasoning_plus_original5/m6_qwen35_27b_reasoning_plus_original5_ordered_20260504_220932/m6/eval/m6_qwen35_27b_two_pass_zero__pc__positive_contact/crowspairs/crows_pairs_metrics_overall_m6_qwen35_27b_two_pass_zero__pc__positive_contact_self_debias_two_pass_positive_contact.csv,IT,0,"Positive contact, matched IT checkpoint"
crowspairs,CrowS-Pairs,it_1,IT 1,stereotype_preference_pct,Stereotype preference %,50,44.43,5.57,results/new_results/m6_qwen35_27b_reasoning_plus_original5/m6_qwen35_27b_reasoning_plus_original5_ordered_20260504_220932/m6/eval/m6_qwen35_27b_two_pass_one__pc__positive_contact/crowspairs/crows_pairs_metrics_overall_m6_qwen35_27b_two_pass_one__pc__positive_contact_self_debias_two_pass_positive_contact.csv,IT,1,"Positive contact, matched IT checkpoint"
stereoset,StereoSet,base,Base Model Inference,SS Score,SS Score overall,50,57.574439,7.5744385,results/new_results/m3_qwen35_27b_base_all5/evalshared/stereoset_metrics_m3_qwen35_27b_base_stereoset.csv,Base,,"Positive contact, matched IT checkpoint"
stereoset,StereoSet,icl,ICL,SS Score,SS Score overall,50,58.956715,8.9567149,results/new_results/m4_base_icl_zero/m4_base_icl_zero_allmodels_20260514_005736/qwen35_27b/evalshared/stereoset_metrics_m4_baseicl_zero_qwen35_27b_pc_stereoset.csv,ICL,0,"Positive contact, matched IT checkpoint"
stereoset,StereoSet,it,DIY IT,SS Score,SS Score overall,50,58.084655,8.0846548,results/new_results/m3_finetune_qwen35_27b_ms500/evalshared/stereoset_metrics_m3_qwen35_27b_ms500_pc_stereoset.csv,DIY IT,,"Positive contact, matched IT checkpoint"
stereoset,StereoSet,no_it_0,No IT 0,SS Score,SS Score overall,50,49.276868,0.72313211,results/new_results/m6_qwen35_27b_reasoning_plus_original5/m6_qwen35_27b_reasoning_plus_original5_ordered_20260504_220932/m6/eval/m6_qwen35_27b_two_pass_zero__base_positive_contact__positive_contact/stereoset/stereoset_metrics_m6_qwen35_27b_two_pass_zero__base_positive_contact__positive_contact_self_debias_two_pass_positive_contact.csv,No IT,0,"Positive contact, matched IT checkpoint"
stereoset,StereoSet,no_it_1,No IT 1,SS Score,SS Score overall,50,49.189114,0.81088576,results/new_results/m6_qwen35_27b_reasoning_plus_original5/m6_qwen35_27b_reasoning_plus_original5_ordered_20260504_220932/m6/eval/m6_qwen35_27b_two_pass_one__base_positive_contact__positive_contact/stereoset/stereoset_metrics_m6_qwen35_27b_two_pass_one__base_positive_contact__positive_contact_self_debias_two_pass_positive_contact.csv,No IT,1,"Positive contact, matched IT checkpoint"
stereoset,StereoSet,it_0,IT 0,SS Score,SS Score overall,50,48.110375,1.8896254,results/new_results/m6_qwen35_27b_reasoning_plus_original5/m6_qwen35_27b_reasoning_plus_original5_ordered_20260504_220932/m6/eval/m6_qwen35_27b_two_pass_zero__pc__positive_contact/stereoset/stereoset_metrics_m6_qwen35_27b_two_pass_zero__pc__positive_contact_self_debias_two_pass_positive_contact.csv,IT,0,"Positive contact, matched IT checkpoint"
stereoset,StereoSet,it_1,IT 1,SS Score,SS Score overall,50,48.970738,1.0292623,results/new_results/m6_qwen35_27b_reasoning_plus_original5/m6_qwen35_27b_reasoning_plus_original5_ordered_20260504_220932/m6/eval/m6_qwen35_27b_two_pass_one__pc__positive_contact/stereoset/stereoset_metrics_m6_qwen35_27b_two_pass_one__pc__positive_contact_self_debias_two_pass_positive_contact.csv,IT,1,"Positive contact, matched IT checkpoint"
bbq,BBQ Ambig.,base,Base Model Inference,Bias_score_ambig,Bias score ambig.,0,5.708,5.708,results/new_results/m3_qwen35_27b_base_all5/bbq/bbq_metrics_m3_qwen35_27b_base_bbq.csv,Base,,"Positive contact, matched IT checkpoint"
bbq,BBQ Ambig.,icl,ICL,Bias_score_ambig,Bias score ambig.,0,11.608,11.608,results/new_results/m4_base_icl_zero/m4_base_icl_zero_allmodels_20260514_005736/qwen35_27b/bbq/bbq_metrics_m4_baseicl_zero_qwen35_27b_pc_bbq.csv,ICL,0,"Positive contact, matched IT checkpoint"
bbq,BBQ Ambig.,it,DIY IT,Bias_score_ambig,Bias score ambig.,0,5.831,5.831,results/new_results/m3_finetune_qwen35_27b_ms500/bbq/bbq_metrics_m3_qwen35_27b_ms500_pc_bbq.csv,DIY IT,,"Positive contact, matched IT checkpoint"
bbq,BBQ Ambig.,no_it_0,No IT 0,Bias_score_ambig,Bias score ambig.,0,2.124,2.124,results/new_results/m6_qwen35_27b_reasoning_plus_original5/m6_qwen35_27b_reasoning_plus_original5_ordered_20260504_220932/m6/eval/m6_qwen35_27b_two_pass_zero__base_positive_contact__positive_contact/bbq/bbq_metrics.csv,No IT,0,"Positive contact, matched IT checkpoint"
bbq,BBQ Ambig.,no_it_1,No IT 1,Bias_score_ambig,Bias score ambig.,0,3.256,3.256,results/new_results/m6_qwen35_27b_reasoning_plus_original5/m6_qwen35_27b_reasoning_plus_original5_ordered_20260504_220932/m6/eval/m6_qwen35_27b_two_pass_one__base_positive_contact__positive_contact/bbq/bbq_metrics.csv,No IT,1,"Positive contact, matched IT checkpoint"
bbq,BBQ Ambig.,it_0,IT 0,Bias_score_ambig,Bias score ambig.,0,2.955,2.955,results/new_results/m6_qwen35_27b_reasoning_plus_original5/m6_qwen35_27b_reasoning_plus_original5_ordered_20260504_220932/m6/eval/m6_qwen35_27b_two_pass_zero__pc__positive_contact/bbq/bbq_metrics.csv,IT,0,"Positive contact, matched IT checkpoint"
bbq,BBQ Ambig.,it_1,IT 1,Bias_score_ambig,Bias score ambig.,0,4.925,4.925,results/new_results/m6_qwen35_27b_reasoning_plus_original5/m6_qwen35_27b_reasoning_plus_original5_ordered_20260504_220932/m6/eval/m6_qwen35_27b_two_pass_one__pc__positive_contact/bbq/bbq_metrics.csv,IT,1,"Positive contact, matched IT checkpoint"
bbq,BBQ Disambig.,base,Base Model Inference,Bias_score_disambig,Bias score disambig.,0,0.884,0.884,results/new_results/m3_qwen35_27b_base_all5/bbq/bbq_metrics_m3_qwen35_27b_base_bbq.csv,Base,,"Positive contact, matched IT checkpoint"
bbq,BBQ Disambig.,icl,ICL,Bias_score_disambig,Bias score disambig.,0,0.947,0.947,results/new_results/m4_base_icl_zero/m4_base_icl_zero_allmodels_20260514_005736/qwen35_27b/bbq/bbq_metrics_m4_baseicl_zero_qwen35_27b_pc_bbq.csv,ICL,0,"Positive contact, matched IT checkpoint"
bbq,BBQ Disambig.,it,DIY IT,Bias_score_disambig,Bias score disambig.,0,0.596,0.596,results/new_results/m3_finetune_qwen35_27b_ms500/bbq/bbq_metrics_m3_qwen35_27b_ms500_pc_bbq.csv,DIY IT,,"Positive contact, matched IT checkpoint"
bbq,BBQ Disambig.,no_it_0,No IT 0,Bias_score_disambig,Bias score disambig.,0,0.215,0.215,results/new_results/m6_qwen35_27b_reasoning_plus_original5/m6_qwen35_27b_reasoning_plus_original5_ordered_20260504_220932/m6/eval/m6_qwen35_27b_two_pass_zero__base_positive_contact__positive_contact/bbq/bbq_metrics.csv,No IT,0,"Positive contact, matched IT checkpoint"
bbq,BBQ Disambig.,no_it_1,No IT 1,Bias_score_disambig,Bias score disambig.,0,-0.606,0.606,results/new_results/m6_qwen35_27b_reasoning_plus_original5/m6_qwen35_27b_reasoning_plus_original5_ordered_20260504_220932/m6/eval/m6_qwen35_27b_two_pass_one__base_positive_contact__positive_contact/bbq/bbq_metrics.csv,No IT,1,"Positive contact, matched IT checkpoint"
bbq,BBQ Disambig.,it_0,IT 0,Bias_score_disambig,Bias score disambig.,0,0.263,0.263,results/new_results/m6_qwen35_27b_reasoning_plus_original5/m6_qwen35_27b_reasoning_plus_original5_ordered_20260504_220932/m6/eval/m6_qwen35_27b_two_pass_zero__pc__positive_contact/bbq/bbq_metrics.csv,IT,0,"Positive contact, matched IT checkpoint"
bbq,BBQ Disambig.,it_1,IT 1,Bias_score_disambig,Bias score disambig.,0,-0.044,0.044,results/new_results/m6_qwen35_27b_reasoning_plus_original5/m6_qwen35_27b_reasoning_plus_original5_ordered_20260504_220932/m6/eval/m6_qwen35_27b_two_pass_one__pc__positive_contact/bbq/bbq_metrics.csv,IT,1,"Positive contact, matched IT checkpoint"
winobias,WinoBias,base,Base Model Inference,abs_pro_anti_gap,Abs. pro/anti gap,0,0.077020202,0.077020202,results/new_results/m3_qwen35_27b_base_all5/evalshared/winobias/m3_qwen35_27b_base_winobias/winobias_metrics_overall_m3_qwen35_27b_base_winobias.csv,Base,,"Positive contact, matched IT checkpoint"
winobias,WinoBias,icl,ICL,abs_pro_anti_gap,Abs. pro/anti gap,0,0.078282828,0.078282828,results/new_results/m4_base_icl_zero/m4_base_icl_zero_allmodels_20260514_005736/qwen35_27b/evalshared/winobias/m4_baseicl_zero_qwen35_27b_pc_winobias/winobias_metrics_overall_m4_baseicl_zero_qwen35_27b_pc_winobias.csv,ICL,0,"Positive contact, matched IT checkpoint"
winobias,WinoBias,it,DIY IT,abs_pro_anti_gap,Abs. pro/anti gap,0,0.087121212,0.087121212,results/new_results/m3_finetune_qwen35_27b_ms500/evalshared/winobias/m3_qwen35_27b_ms500_pc_winobias/winobias_metrics_overall_m3_qwen35_27b_ms500_pc_winobias.csv,DIY IT,,"Positive contact, matched IT checkpoint"
winobias,WinoBias,no_it_0,No IT 0,abs_pro_anti_gap,Abs. pro/anti gap,0,0.015151515,0.015151515,results/new_results/m6_qwen35_27b_reasoning_plus_original5/m6_qwen35_27b_reasoning_plus_original5_ordered_20260504_220932/m6/eval/m6_qwen35_27b_two_pass_zero__base_positive_contact__positive_contact/winobias/winobias/m6_qwen35_27b_two_pass_zero__base_positive_contact__positive_contact_self_debias_two_pass_positive_contact/winobias_metrics_overall_m6_qwen35_27b_two_pass_zero__base_positive_contact__positive_contact_self_debias_two_pass_positive_contact.csv,No IT,0,"Positive contact, matched IT checkpoint"
winobias,WinoBias,no_it_1,No IT 1,abs_pro_anti_gap,Abs. pro/anti gap,0,0.032828283,0.032828283,results/new_results/m6_qwen35_27b_reasoning_plus_original5/m6_qwen35_27b_reasoning_plus_original5_ordered_20260504_220932/m6/eval/m6_qwen35_27b_two_pass_one__base_positive_contact__positive_contact/winobias/winobias/m6_qwen35_27b_two_pass_one__base_positive_contact__positive_contact_self_debias_two_pass_positive_contact/winobias_metrics_overall_m6_qwen35_27b_two_pass_one__base_positive_contact__positive_contact_self_debias_two_pass_positive_contact.csv,No IT,1,"Positive contact, matched IT checkpoint"
winobias,WinoBias,it_0,IT 0,abs_pro_anti_gap,Abs. pro/anti gap,0,0.047979798,0.047979798,results/new_results/m6_qwen35_27b_reasoning_plus_original5/m6_qwen35_27b_reasoning_plus_original5_ordered_20260504_220932/m6/eval/m6_qwen35_27b_two_pass_zero__pc__positive_contact/winobias/winobias/m6_qwen35_27b_two_pass_zero__pc__positive_contact_self_debias_two_pass_positive_contact/winobias_metrics_overall_m6_qwen35_27b_two_pass_zero__pc__positive_contact_self_debias_two_pass_positive_contact.csv,IT,0,"Positive contact, matched IT checkpoint"
winobias,WinoBias,it_1,IT 1,abs_pro_anti_gap,Abs. pro/anti gap,0,0.065656566,0.065656566,results/new_results/m6_qwen35_27b_reasoning_plus_original5/m6_qwen35_27b_reasoning_plus_original5_ordered_20260504_220932/m6/eval/m6_qwen35_27b_two_pass_one__pc__positive_contact/winobias/winobias/m6_qwen35_27b_two_pass_one__pc__positive_contact_self_debias_two_pass_positive_contact/winobias_metrics_overall_m6_qwen35_27b_two_pass_one__pc__positive_contact_self_debias_two_pass_positive_contact.csv,IT,1,"Positive contact, matched IT checkpoint"
winogender,WinoGender,base,Base Model Inference,male_female_pair_disagreement_rate,Male/female pair disagreement,0,0.066666667,0.066666667,results/new_results/m3_qwen35_27b_base_all5/evalshared/winogender/m3_qwen35_27b_base_winogender/winogender_metrics_overall_m3_qwen35_27b_base_winogender.csv,Base,,"Positive contact, matched IT checkpoint"
winogender,WinoGender,icl,ICL,male_female_pair_disagreement_rate,Male/female pair disagreement,0,0.066666667,0.066666667,results/new_results/m4_base_icl_zero/m4_base_icl_zero_allmodels_20260514_005736/qwen35_27b/evalshared/winogender/m4_baseicl_zero_qwen35_27b_pc_winogender/winogender_metrics_overall_m4_baseicl_zero_qwen35_27b_pc_winogender.csv,ICL,0,"Positive contact, matched IT checkpoint"
winogender,WinoGender,it,DIY IT,male_female_pair_disagreement_rate,Male/female pair disagreement,0,0.075,0.075,results/new_results/m3_finetune_qwen35_27b_ms500/evalshared/winogender/m3_qwen35_27b_ms500_pc_winogender/winogender_metrics_overall_m3_qwen35_27b_ms500_pc_winogender.csv,DIY IT,,"Positive contact, matched IT checkpoint"
winogender,WinoGender,no_it_0,No IT 0,male_female_pair_disagreement_rate,Male/female pair disagreement,0,0.0125,0.0125,results/new_results/m6_qwen35_27b_reasoning_plus_original5/m6_qwen35_27b_reasoning_plus_original5_ordered_20260504_220932/m6/eval/m6_qwen35_27b_two_pass_zero__base_positive_contact__positive_contact/winogender/winogender/m6_qwen35_27b_two_pass_zero__base_positive_contact__positive_contact_self_debias_two_pass_positive_contact/winogender_metrics_overall_m6_qwen35_27b_two_pass_zero__base_positive_contact__positive_contact_self_debias_two_pass_positive_contact.csv,No IT,0,"Positive contact, matched IT checkpoint"
winogender,WinoGender,no_it_1,No IT 1,male_female_pair_disagreement_rate,Male/female pair disagreement,0,0.0083333333,0.0083333333,results/new_results/m6_qwen35_27b_reasoning_plus_original5/m6_qwen35_27b_reasoning_plus_original5_ordered_20260504_220932/m6/eval/m6_qwen35_27b_two_pass_one__base_positive_contact__positive_contact/winogender/winogender/m6_qwen35_27b_two_pass_one__base_positive_contact__positive_contact_self_debias_two_pass_positive_contact/winogender_metrics_overall_m6_qwen35_27b_two_pass_one__base_positive_contact__positive_contact_self_debias_two_pass_positive_contact.csv,No IT,1,"Positive contact, matched IT checkpoint"
winogender,WinoGender,it_0,IT 0,male_female_pair_disagreement_rate,Male/female pair disagreement,0,0.058333333,0.058333333,results/new_results/m6_qwen35_27b_reasoning_plus_original5/m6_qwen35_27b_reasoning_plus_original5_ordered_20260504_220932/m6/eval/m6_qwen35_27b_two_pass_zero__pc__positive_contact/winogender/winogender/m6_qwen35_27b_two_pass_zero__pc__positive_contact_self_debias_two_pass_positive_contact/winogender_metrics_overall_m6_qwen35_27b_two_pass_zero__pc__positive_contact_self_debias_two_pass_positive_contact.csv,IT,0,"Positive contact, matched IT checkpoint"
winogender,WinoGender,it_1,IT 1,male_female_pair_disagreement_rate,Male/female pair disagreement,0,0.0625,0.0625,results/new_results/m6_qwen35_27b_reasoning_plus_original5/m6_qwen35_27b_reasoning_plus_original5_ordered_20260504_220932/m6/eval/m6_qwen35_27b_two_pass_one__pc__positive_contact/winogender/winogender/m6_qwen35_27b_two_pass_one__pc__positive_contact_self_debias_two_pass_positive_contact/winogender_metrics_overall_m6_qwen35_27b_two_pass_one__pc__positive_contact_self_debias_two_pass_positive_contact.csv,IT,1,"Positive contact, matched IT checkpoint"
