model_key,model,figure,dataset_key,panel_label,method_key,method,method_label,intervention_key,intervention_label,metric,point,ci_low,ci_high,n_units,n_bootstrap,metric_source_file,row_files,status,reason,ci_note,ideal_value,metric_label,native_value,normalized_bias_error_plotted,point_recomputed,reference_metric_source_file,reference_row_files
qwen,Qwen 27B,intervention_ablation,crowspairs,CrowS-Pairs,base,Base Model,Base Model,__base__,Base Model,stereotype_preference_pct,0.0,0.0,0.0,,200,results/new_results/m3_qwen35_27b_base_all5/evalshared/crows_pairs_metrics_overall_m3_qwen35_27b_base_crowspairs.csv,,base,,,50,Stereotype preference %,63.53,13.53,,,
qwen,Qwen 27B,intervention_ablation,crowspairs,CrowS-Pairs,icl_stereotype_replacement,ICL,ICL,stereotype_replacement,Stereotype replacement,stereotype_preference_pct,nan,-11.561868267809183,-1.647137296822006,1288,200,results/new_results/m4_base_icl_zero/m4_base_icl_zero_allmodels_20260514_005736/qwen35_27b/evalshared/crows_pairs_metrics_overall_m4_baseicl_zero_qwen35_27b_sr_crowspairs.csv,outputs/new_outputs/m4_base_icl_zero/m4_base_icl_zero_allmodels_20260514_005736/qwen35_27b/evalshared/crows_pairs_scored_m4_baseicl_zero_qwen35_27b_sr_crowspairs.csv,ok,,bootstrap row CIs propagated as base_low-method_high/base_high-method_low,50,Stereotype preference %,62.53,12.53,1.0,results/new_results/m3_qwen35_27b_base_all5/evalshared/crows_pairs_metrics_overall_m3_qwen35_27b_base_crowspairs.csv,outputs/new_outputs/m3_qwen35_27b_base_all5/evalshared/crows_pairs_scored_m3_qwen35_27b_base_crowspairs.csv
qwen,Qwen 27B,intervention_ablation,crowspairs,CrowS-Pairs,diy_it_stereotype_replacement,DIY IT,DIY IT,stereotype_replacement,Stereotype replacement,stereotype_preference_pct,nan,-4.901257139806754,5.077029840388619,1430,200,results/new_results/m3_finetune_qwen35_27b_ms500/evalshared/crows_pairs_metrics_overall_m3_qwen35_27b_ms500_sr_crowspairs.csv,outputs/new_outputs/m3_finetune_qwen35_27b_ms500/evalshared/crows_pairs_scored_m3_qwen35_27b_ms500_sr_crowspairs.csv,ok,,bootstrap row CIs propagated as base_low-method_high/base_high-method_low,50,Stereotype preference %,63.13,13.13,0.3999999999999986,results/new_results/m3_qwen35_27b_base_all5/evalshared/crows_pairs_metrics_overall_m3_qwen35_27b_base_crowspairs.csv,outputs/new_outputs/m3_qwen35_27b_base_all5/evalshared/crows_pairs_scored_m3_qwen35_27b_base_crowspairs.csv
qwen,Qwen 27B,intervention_ablation,crowspairs,CrowS-Pairs,diy_twopass_no_it_stereotype_replacement,DIY Two Pass (No IT),DIY Two Pass (No IT),stereotype_replacement,Stereotype replacement,stereotype_preference_pct,nan,10.1423838422932,18.81640154273563,1441,200,results/new_results/m6_qwen35_27b_reasoning_plus_original5/m6_qwen35_27b_reasoning_plus_original5_ordered_20260504_220932/m6/eval/m6_qwen35_27b_two_pass_zero__base_stereotype_replacement__stereotype_replacement/crowspairs/crows_pairs_metrics_overall_m6_qwen35_27b_two_pass_zero__base_stereotype_replacement__stereotype_replacement_self_debias_two_pass_stereotype_replacement.csv,outputs/new_outputs/m6_qwen35_27b_reasoning_plus_original5/m6_qwen35_27b_reasoning_plus_original5_ordered_20260504_220932/m6/eval/m6_qwen35_27b_two_pass_zero__base_stereotype_replacement__stereotype_replacement/crowspairs/crows_pairs_scored_m6_qwen35_27b_two_pass_zero__base_stereotype_replacement__stereotype_replacement_self_debias_two_pass_stereotype_replacement.csv,ok,,bootstrap row CIs propagated as base_low-method_high/base_high-method_low,50,Stereotype preference %,48.54,1.46,12.07,results/new_results/m3_qwen35_27b_base_all5/evalshared/crows_pairs_metrics_overall_m3_qwen35_27b_base_crowspairs.csv,outputs/new_outputs/m3_qwen35_27b_base_all5/evalshared/crows_pairs_scored_m3_qwen35_27b_base_crowspairs.csv
qwen,Qwen 27B,intervention_ablation,crowspairs,CrowS-Pairs,diy_twopass_it_stereotype_replacement,DIY Two Pass (IT),DIY Two Pass (IT),stereotype_replacement,Stereotype replacement,stereotype_preference_pct,nan,10.20238487615991,18.684426451793243,1441,200,results/new_results/m6_qwen35_27b_reasoning_plus_original5/m6_qwen35_27b_reasoning_plus_original5_ordered_20260504_220932/m6/eval/m6_qwen35_27b_two_pass_zero__sr__stereotype_replacement/crowspairs/crows_pairs_metrics_overall_m6_qwen35_27b_two_pass_zero__sr__stereotype_replacement_self_debias_two_pass_stereotype_replacement.csv,outputs/new_outputs/m6_qwen35_27b_reasoning_plus_original5/m6_qwen35_27b_reasoning_plus_original5_ordered_20260504_220932/m6/eval/m6_qwen35_27b_two_pass_zero__sr__stereotype_replacement/crowspairs/crows_pairs_scored_m6_qwen35_27b_two_pass_zero__sr__stereotype_replacement_self_debias_two_pass_stereotype_replacement.csv,ok,,bootstrap row CIs propagated as base_low-method_high/base_high-method_low,50,Stereotype preference %,47.81,2.19,11.34,results/new_results/m3_qwen35_27b_base_all5/evalshared/crows_pairs_metrics_overall_m3_qwen35_27b_base_crowspairs.csv,outputs/new_outputs/m3_qwen35_27b_base_all5/evalshared/crows_pairs_scored_m3_qwen35_27b_base_crowspairs.csv
qwen,Qwen 27B,intervention_ablation,crowspairs,CrowS-Pairs,icl_individuating,ICL,ICL,individuating,Individuation,stereotype_preference_pct,nan,-11.29530108338268,-1.743066599832627,1282,200,results/new_results/m4_base_icl_zero/m4_base_icl_zero_allmodels_20260514_005736/qwen35_27b/evalshared/crows_pairs_metrics_overall_m4_baseicl_zero_qwen35_27b_ind_crowspairs.csv,outputs/new_outputs/m4_base_icl_zero/m4_base_icl_zero_allmodels_20260514_005736/qwen35_27b/evalshared/crows_pairs_scored_m4_baseicl_zero_qwen35_27b_ind_crowspairs.csv,ok,,bootstrap row CIs propagated as base_low-method_high/base_high-method_low,50,Stereotype preference %,62.4,12.4,1.129999999999999,results/new_results/m3_qwen35_27b_base_all5/evalshared/crows_pairs_metrics_overall_m3_qwen35_27b_base_crowspairs.csv,outputs/new_outputs/m3_qwen35_27b_base_all5/evalshared/crows_pairs_scored_m3_qwen35_27b_base_crowspairs.csv
qwen,Qwen 27B,intervention_ablation,crowspairs,CrowS-Pairs,diy_it_individuating,DIY IT,DIY IT,individuating,Individuation,stereotype_preference_pct,nan,-5.318808708963347,4.439429129863971,1433,200,results/new_results/m3_finetune_qwen35_27b_ms500/evalshared/crows_pairs_metrics_overall_m3_qwen35_27b_ms500_ind_crowspairs.csv,outputs/new_outputs/m3_finetune_qwen35_27b_ms500/evalshared/crows_pairs_scored_m3_qwen35_27b_ms500_ind_crowspairs.csv,ok,,bootstrap row CIs propagated as base_low-method_high/base_high-method_low,50,Stereotype preference %,63.4,13.4,0.129999999999999,results/new_results/m3_qwen35_27b_base_all5/evalshared/crows_pairs_metrics_overall_m3_qwen35_27b_base_crowspairs.csv,outputs/new_outputs/m3_qwen35_27b_base_all5/evalshared/crows_pairs_scored_m3_qwen35_27b_base_crowspairs.csv
qwen,Qwen 27B,intervention_ablation,crowspairs,CrowS-Pairs,diy_twopass_no_it_individuating,DIY Two Pass (No IT),DIY Two Pass (No IT),individuating,Individuation,stereotype_preference_pct,nan,8.467001759328639,18.517751801030894,1441,200,results/new_results/m6_qwen35_27b_reasoning_plus_original5/m6_qwen35_27b_reasoning_plus_original5_ordered_20260504_220932/m6/eval/m6_qwen35_27b_two_pass_zero__base_individuating__individuating/crowspairs/crows_pairs_metrics_overall_m6_qwen35_27b_two_pass_zero__base_individuating__individuating_self_debias_two_pass_individuating.csv,outputs/new_outputs/m6_qwen35_27b_reasoning_plus_original5/m6_qwen35_27b_reasoning_plus_original5_ordered_20260504_220932/m6/eval/m6_qwen35_27b_two_pass_zero__base_individuating__individuating/crowspairs/crows_pairs_scored_m6_qwen35_27b_two_pass_zero__base_individuating__individuating_self_debias_two_pass_individuating.csv,ok,,bootstrap row CIs propagated as base_low-method_high/base_high-method_low,50,Stereotype preference %,47.02,2.98,10.549999999999999,results/new_results/m3_qwen35_27b_base_all5/evalshared/crows_pairs_metrics_overall_m3_qwen35_27b_base_crowspairs.csv,outputs/new_outputs/m3_qwen35_27b_base_all5/evalshared/crows_pairs_scored_m3_qwen35_27b_base_crowspairs.csv
qwen,Qwen 27B,intervention_ablation,crowspairs,CrowS-Pairs,diy_twopass_it_individuating,DIY Two Pass (IT),DIY Two Pass (IT),individuating,Individuation,stereotype_preference_pct,nan,4.565722142593085,14.582400637815486,1441,200,results/new_results/m6_qwen35_27b_reasoning_plus_original5/m6_qwen35_27b_reasoning_plus_original5_ordered_20260504_220932/m6/eval/m6_qwen35_27b_two_pass_zero__ind__individuating/crowspairs/crows_pairs_metrics_overall_m6_qwen35_27b_two_pass_zero__ind__individuating_self_debias_two_pass_individuating.csv,outputs/new_outputs/m6_qwen35_27b_reasoning_plus_original5/m6_qwen35_27b_reasoning_plus_original5_ordered_20260504_220932/m6/eval/m6_qwen35_27b_two_pass_zero__ind__individuating/crowspairs/crows_pairs_scored_m6_qwen35_27b_two_pass_zero__ind__individuating_self_debias_two_pass_individuating.csv,ok,,bootstrap row CIs propagated as base_low-method_high/base_high-method_low,50,Stereotype preference %,42.77,7.23,6.299999999999999,results/new_results/m3_qwen35_27b_base_all5/evalshared/crows_pairs_metrics_overall_m3_qwen35_27b_base_crowspairs.csv,outputs/new_outputs/m3_qwen35_27b_base_all5/evalshared/crows_pairs_scored_m3_qwen35_27b_base_crowspairs.csv
qwen,Qwen 27B,intervention_ablation,crowspairs,CrowS-Pairs,icl_perspective_taking,ICL,ICL,perspective_taking,Perspective-taking,stereotype_preference_pct,nan,-10.496348243598556,-1.1405754468222469,1293,200,results/new_results/m4_base_icl_zero/m4_base_icl_zero_allmodels_20260514_005736/qwen35_27b/evalshared/crows_pairs_metrics_overall_m4_baseicl_zero_qwen35_27b_pt_crowspairs.csv,outputs/new_outputs/m4_base_icl_zero/m4_base_icl_zero_allmodels_20260514_005736/qwen35_27b/evalshared/crows_pairs_scored_m4_baseicl_zero_qwen35_27b_pt_crowspairs.csv,ok,,bootstrap row CIs propagated as base_low-method_high/base_high-method_low,50,Stereotype preference %,62.14,12.14,1.3899999999999988,results/new_results/m3_qwen35_27b_base_all5/evalshared/crows_pairs_metrics_overall_m3_qwen35_27b_base_crowspairs.csv,outputs/new_outputs/m3_qwen35_27b_base_all5/evalshared/crows_pairs_scored_m3_qwen35_27b_base_crowspairs.csv
qwen,Qwen 27B,intervention_ablation,crowspairs,CrowS-Pairs,diy_it_perspective_taking,DIY IT,DIY IT,perspective_taking,Perspective-taking,stereotype_preference_pct,nan,-4.578837246632139,4.978338524716168,1431,200,results/new_results/m3_finetune_qwen35_27b_ms500/evalshared/crows_pairs_metrics_overall_m3_qwen35_27b_ms500_pt_crowspairs.csv,outputs/new_outputs/m3_finetune_qwen35_27b_ms500/evalshared/crows_pairs_scored_m3_qwen35_27b_ms500_pt_crowspairs.csv,ok,,bootstrap row CIs propagated as base_low-method_high/base_high-method_low,50,Stereotype preference %,62.67,12.67,0.8599999999999994,results/new_results/m3_qwen35_27b_base_all5/evalshared/crows_pairs_metrics_overall_m3_qwen35_27b_base_crowspairs.csv,outputs/new_outputs/m3_qwen35_27b_base_all5/evalshared/crows_pairs_scored_m3_qwen35_27b_base_crowspairs.csv
qwen,Qwen 27B,intervention_ablation,crowspairs,CrowS-Pairs,diy_twopass_no_it_perspective_taking,DIY Two Pass (No IT),DIY Two Pass (No IT),perspective_taking,Perspective-taking,stereotype_preference_pct,nan,8.529482333485914,18.321166687583975,1441,200,results/new_results/m6_qwen35_27b_reasoning_plus_original5/m6_qwen35_27b_reasoning_plus_original5_ordered_20260504_220932/m6/eval/m6_qwen35_27b_two_pass_zero__base_perspective_taking__perspective_taking/crowspairs/crows_pairs_metrics_overall_m6_qwen35_27b_two_pass_zero__base_perspective_taking__perspective_taking_self_debias_two_pass_perspective_taking.csv,outputs/new_outputs/m6_qwen35_27b_reasoning_plus_original5/m6_qwen35_27b_reasoning_plus_original5_ordered_20260504_220932/m6/eval/m6_qwen35_27b_two_pass_zero__base_perspective_taking__perspective_taking/crowspairs/crows_pairs_scored_m6_qwen35_27b_two_pass_zero__base_perspective_taking__perspective_taking_self_debias_two_pass_perspective_taking.csv,ok,,bootstrap row CIs propagated as base_low-method_high/base_high-method_low,50,Stereotype preference %,47.02,2.98,10.549999999999999,results/new_results/m3_qwen35_27b_base_all5/evalshared/crows_pairs_metrics_overall_m3_qwen35_27b_base_crowspairs.csv,outputs/new_outputs/m3_qwen35_27b_base_all5/evalshared/crows_pairs_scored_m3_qwen35_27b_base_crowspairs.csv
qwen,Qwen 27B,intervention_ablation,crowspairs,CrowS-Pairs,diy_twopass_it_perspective_taking,DIY Two Pass (IT),DIY Two Pass (IT),perspective_taking,Perspective-taking,stereotype_preference_pct,nan,7.545618035955824,17.44392601392018,1441,200,results/new_results/m6_qwen35_27b_reasoning_plus_original5/m6_qwen35_27b_reasoning_plus_original5_ordered_20260504_220932/m6/eval/m6_qwen35_27b_two_pass_zero__pt__perspective_taking/crowspairs/crows_pairs_metrics_overall_m6_qwen35_27b_two_pass_zero__pt__perspective_taking_self_debias_two_pass_perspective_taking.csv,outputs/new_outputs/m6_qwen35_27b_reasoning_plus_original5/m6_qwen35_27b_reasoning_plus_original5_ordered_20260504_220932/m6/eval/m6_qwen35_27b_two_pass_zero__pt__perspective_taking/crowspairs/crows_pairs_scored_m6_qwen35_27b_two_pass_zero__pt__perspective_taking_self_debias_two_pass_perspective_taking.csv,ok,,bootstrap row CIs propagated as base_low-method_high/base_high-method_low,50,Stereotype preference %,45.42,4.58,8.95,results/new_results/m3_qwen35_27b_base_all5/evalshared/crows_pairs_metrics_overall_m3_qwen35_27b_base_crowspairs.csv,outputs/new_outputs/m3_qwen35_27b_base_all5/evalshared/crows_pairs_scored_m3_qwen35_27b_base_crowspairs.csv
qwen,Qwen 27B,intervention_ablation,crowspairs,CrowS-Pairs,icl_counter_imaging,ICL,ICL,counter_imaging,Counter-stereotypic imaging,stereotype_preference_pct,nan,-11.098218667375763,-1.082096469438632,1284,200,results/new_results/m4_base_icl_zero/m4_base_icl_zero_allmodels_20260514_005736/qwen35_27b/evalshared/crows_pairs_metrics_overall_m4_baseicl_zero_qwen35_27b_ci_crowspairs.csv,outputs/new_outputs/m4_base_icl_zero/m4_base_icl_zero_allmodels_20260514_005736/qwen35_27b/evalshared/crows_pairs_scored_m4_baseicl_zero_qwen35_27b_ci_crowspairs.csv,ok,,bootstrap row CIs propagated as base_low-method_high/base_high-method_low,50,Stereotype preference %,61.8,11.8,1.7299999999999986,results/new_results/m3_qwen35_27b_base_all5/evalshared/crows_pairs_metrics_overall_m3_qwen35_27b_base_crowspairs.csv,outputs/new_outputs/m3_qwen35_27b_base_all5/evalshared/crows_pairs_scored_m3_qwen35_27b_base_crowspairs.csv
qwen,Qwen 27B,intervention_ablation,crowspairs,CrowS-Pairs,diy_it_counter_imaging,DIY IT,DIY IT,counter_imaging,Counter-stereotypic imaging,stereotype_preference_pct,nan,-4.334894185212603,5.134576054620066,1436,200,results/new_results/m3_finetune_qwen35_27b_ms500/evalshared/crows_pairs_metrics_overall_m3_qwen35_27b_ms500_ci_crowspairs.csv,outputs/new_outputs/m3_finetune_qwen35_27b_ms500/evalshared/crows_pairs_scored_m3_qwen35_27b_ms500_ci_crowspairs.csv,ok,,bootstrap row CIs propagated as base_low-method_high/base_high-method_low,50,Stereotype preference %,62.8,12.8,0.7299999999999986,results/new_results/m3_qwen35_27b_base_all5/evalshared/crows_pairs_metrics_overall_m3_qwen35_27b_base_crowspairs.csv,outputs/new_outputs/m3_qwen35_27b_base_all5/evalshared/crows_pairs_scored_m3_qwen35_27b_base_crowspairs.csv
qwen,Qwen 27B,intervention_ablation,crowspairs,CrowS-Pairs,diy_twopass_no_it_counter_imaging,DIY Two Pass (No IT),DIY Two Pass (No IT),counter_imaging,Counter-stereotypic imaging,stereotype_preference_pct,nan,10.740127027128509,18.81635697951535,1441,200,results/new_results/m6_qwen35_27b_reasoning_plus_original5/m6_qwen35_27b_reasoning_plus_original5_ordered_20260504_220932/m6/eval/m6_qwen35_27b_two_pass_zero__base_counter_imaging__counter_imaging/crowspairs/crows_pairs_metrics_overall_m6_qwen35_27b_two_pass_zero__base_counter_imaging__counter_imaging_self_debias_two_pass_counter_imaging.csv,outputs/new_outputs/m6_qwen35_27b_reasoning_plus_original5/m6_qwen35_27b_reasoning_plus_original5_ordered_20260504_220932/m6/eval/m6_qwen35_27b_two_pass_zero__base_counter_imaging__counter_imaging/crowspairs/crows_pairs_scored_m6_qwen35_27b_two_pass_zero__base_counter_imaging__counter_imaging_self_debias_two_pass_counter_imaging.csv,ok,,bootstrap row CIs propagated as base_low-method_high/base_high-method_low,50,Stereotype preference %,49.01,0.99,12.54,results/new_results/m3_qwen35_27b_base_all5/evalshared/crows_pairs_metrics_overall_m3_qwen35_27b_base_crowspairs.csv,outputs/new_outputs/m3_qwen35_27b_base_all5/evalshared/crows_pairs_scored_m3_qwen35_27b_base_crowspairs.csv
qwen,Qwen 27B,intervention_ablation,crowspairs,CrowS-Pairs,diy_twopass_it_counter_imaging,DIY Two Pass (IT),DIY Two Pass (IT),counter_imaging,Counter-stereotypic imaging,stereotype_preference_pct,nan,10.164675588776582,18.715888304548283,1441,200,results/new_results/m6_qwen35_27b_reasoning_plus_original5/m6_qwen35_27b_reasoning_plus_original5_ordered_20260504_220932/m6/eval/m6_qwen35_27b_two_pass_zero__ci__counter_imaging/crowspairs/crows_pairs_metrics_overall_m6_qwen35_27b_two_pass_zero__ci__counter_imaging_self_debias_two_pass_counter_imaging.csv,outputs/new_outputs/m6_qwen35_27b_reasoning_plus_original5/m6_qwen35_27b_reasoning_plus_original5_ordered_20260504_220932/m6/eval/m6_qwen35_27b_two_pass_zero__ci__counter_imaging/crowspairs/crows_pairs_scored_m6_qwen35_27b_two_pass_zero__ci__counter_imaging_self_debias_two_pass_counter_imaging.csv,ok,,bootstrap row CIs propagated as base_low-method_high/base_high-method_low,50,Stereotype preference %,47.55,2.45,11.079999999999998,results/new_results/m3_qwen35_27b_base_all5/evalshared/crows_pairs_metrics_overall_m3_qwen35_27b_base_crowspairs.csv,outputs/new_outputs/m3_qwen35_27b_base_all5/evalshared/crows_pairs_scored_m3_qwen35_27b_base_crowspairs.csv
qwen,Qwen 27B,intervention_ablation,crowspairs,CrowS-Pairs,icl_positive_contact,ICL,ICL,positive_contact,Positive contact,stereotype_preference_pct,nan,-12.080006961413721,-2.5003213798197486,1274,200,results/new_results/m4_base_icl_zero/m4_base_icl_zero_allmodels_20260514_005736/qwen35_27b/evalshared/crows_pairs_metrics_overall_m4_baseicl_zero_qwen35_27b_pc_crowspairs.csv,outputs/new_outputs/m4_base_icl_zero/m4_base_icl_zero_allmodels_20260514_005736/qwen35_27b/evalshared/crows_pairs_scored_m4_baseicl_zero_qwen35_27b_pc_crowspairs.csv,ok,,bootstrap row CIs propagated as base_low-method_high/base_high-method_low,50,Stereotype preference %,62.27,12.27,1.2599999999999998,results/new_results/m3_qwen35_27b_base_all5/evalshared/crows_pairs_metrics_overall_m3_qwen35_27b_base_crowspairs.csv,outputs/new_outputs/m3_qwen35_27b_base_all5/evalshared/crows_pairs_scored_m3_qwen35_27b_base_crowspairs.csv
qwen,Qwen 27B,intervention_ablation,crowspairs,CrowS-Pairs,diy_it_positive_contact,DIY IT,DIY IT,positive_contact,Positive contact,stereotype_preference_pct,nan,-4.222982908818542,5.1754356099843655,1437,200,results/new_results/m3_finetune_qwen35_27b_ms500/evalshared/crows_pairs_metrics_overall_m3_qwen35_27b_ms500_pc_crowspairs.csv,outputs/new_outputs/m3_finetune_qwen35_27b_ms500/evalshared/crows_pairs_scored_m3_qwen35_27b_ms500_pc_crowspairs.csv,ok,,bootstrap row CIs propagated as base_low-method_high/base_high-method_low,50,Stereotype preference %,63,13,0.5299999999999994,results/new_results/m3_qwen35_27b_base_all5/evalshared/crows_pairs_metrics_overall_m3_qwen35_27b_base_crowspairs.csv,outputs/new_outputs/m3_qwen35_27b_base_all5/evalshared/crows_pairs_scored_m3_qwen35_27b_base_crowspairs.csv
qwen,Qwen 27B,intervention_ablation,crowspairs,CrowS-Pairs,diy_twopass_no_it_positive_contact,DIY Two Pass (No IT),DIY Two Pass (No IT),positive_contact,Positive contact,stereotype_preference_pct,nan,9.076673368644101,18.749690401975126,1441,200,results/new_results/m6_qwen35_27b_reasoning_plus_original5/m6_qwen35_27b_reasoning_plus_original5_ordered_20260504_220932/m6/eval/m6_qwen35_27b_two_pass_zero__base_positive_contact__positive_contact/crowspairs/crows_pairs_metrics_overall_m6_qwen35_27b_two_pass_zero__base_positive_contact__positive_contact_self_debias_two_pass_positive_contact.csv,outputs/new_outputs/m6_qwen35_27b_reasoning_plus_original5/m6_qwen35_27b_reasoning_plus_original5_ordered_20260504_220932/m6/eval/m6_qwen35_27b_two_pass_zero__base_positive_contact__positive_contact/crowspairs/crows_pairs_scored_m6_qwen35_27b_two_pass_zero__base_positive_contact__positive_contact_self_debias_two_pass_positive_contact.csv,ok,,bootstrap row CIs propagated as base_low-method_high/base_high-method_low,50,Stereotype preference %,47.75,2.25,11.28,results/new_results/m3_qwen35_27b_base_all5/evalshared/crows_pairs_metrics_overall_m3_qwen35_27b_base_crowspairs.csv,outputs/new_outputs/m3_qwen35_27b_base_all5/evalshared/crows_pairs_scored_m3_qwen35_27b_base_crowspairs.csv
qwen,Qwen 27B,intervention_ablation,crowspairs,CrowS-Pairs,diy_twopass_it_positive_contact,DIY Two Pass (IT),DIY Two Pass (IT),positive_contact,Positive contact,stereotype_preference_pct,nan,5.9353633442668166,15.766647193544838,1441,200,results/new_results/m6_qwen35_27b_reasoning_plus_original5/m6_qwen35_27b_reasoning_plus_original5_ordered_20260504_220932/m6/eval/m6_qwen35_27b_two_pass_zero__pc__positive_contact/crowspairs/crows_pairs_metrics_overall_m6_qwen35_27b_two_pass_zero__pc__positive_contact_self_debias_two_pass_positive_contact.csv,outputs/new_outputs/m6_qwen35_27b_reasoning_plus_original5/m6_qwen35_27b_reasoning_plus_original5_ordered_20260504_220932/m6/eval/m6_qwen35_27b_two_pass_zero__pc__positive_contact/crowspairs/crows_pairs_scored_m6_qwen35_27b_two_pass_zero__pc__positive_contact_self_debias_two_pass_positive_contact.csv,ok,,bootstrap row CIs propagated as base_low-method_high/base_high-method_low,50,Stereotype preference %,43.7,6.3,7.2299999999999995,results/new_results/m3_qwen35_27b_base_all5/evalshared/crows_pairs_metrics_overall_m3_qwen35_27b_base_crowspairs.csv,outputs/new_outputs/m3_qwen35_27b_base_all5/evalshared/crows_pairs_scored_m3_qwen35_27b_base_crowspairs.csv
qwen,Qwen 27B,intervention_ablation,stereoset,StereoSet,base,Base Model,Base Model,__base__,Base Model,SS Score,0.0,0.0,0.0,,200,results/new_results/m3_qwen35_27b_base_all5/evalshared/stereoset_metrics_m3_qwen35_27b_base_stereoset.csv,,base,,,50,SS Score overall,57.574439,7.5744385,,,
qwen,Qwen 27B,intervention_ablation,stereoset,StereoSet,icl_stereotype_replacement,ICL,ICL,stereotype_replacement,Stereotype replacement,SS Score,nan,-4.5643178056278035,1.6564199574367438,4229,200,results/new_results/m4_base_icl_zero/m4_base_icl_zero_allmodels_20260514_005736/qwen35_27b/evalshared/stereoset_metrics_m4_baseicl_zero_qwen35_27b_sr_stereoset.csv,outputs/new_outputs/m4_base_icl_zero/m4_base_icl_zero_allmodels_20260514_005736/qwen35_27b/evalshared/stereoset_sentence_scores_m4_baseicl_zero_qwen35_27b_sr_stereoset.csv,ok,,bootstrap row CIs propagated as base_low-method_high/base_high-method_low,50,SS Score overall,58.833289,8.8332895,-1.258850999999999,results/new_results/m3_qwen35_27b_base_all5/evalshared/stereoset_metrics_m3_qwen35_27b_base_stereoset.csv,outputs/new_outputs/m3_qwen35_27b_base_all5/evalshared/stereoset_sentence_scores_m3_qwen35_27b_base_stereoset.csv
qwen,Qwen 27B,intervention_ablation,stereoset,StereoSet,diy_it_stereotype_replacement,DIY IT,DIY IT,stereotype_replacement,Stereotype replacement,SS Score,nan,-3.4795459919602667,2.4125088673445223,4229,200,results/new_results/m3_finetune_qwen35_27b_ms500/evalshared/stereoset_metrics_m3_qwen35_27b_ms500_sr_stereoset.csv,outputs/new_outputs/m3_finetune_qwen35_27b_ms500/evalshared/stereoset_sentence_scores_m3_qwen35_27b_ms500_sr_stereoset.csv,ok,,bootstrap row CIs propagated as base_low-method_high/base_high-method_low,50,SS Score overall,57.97967,7.9796701,-0.4052315999999996,results/new_results/m3_qwen35_27b_base_all5/evalshared/stereoset_metrics_m3_qwen35_27b_base_stereoset.csv,outputs/new_outputs/m3_qwen35_27b_base_all5/evalshared/stereoset_sentence_scores_m3_qwen35_27b_base_stereoset.csv
qwen,Qwen 27B,intervention_ablation,stereoset,StereoSet,diy_twopass_no_it_stereotype_replacement,DIY Two Pass (No IT),DIY Two Pass (No IT),stereotype_replacement,Stereotype replacement,SS Score,nan,4.393473634428943,8.938874438401514,4229,200,results/new_results/m6_qwen35_27b_reasoning_plus_original5/m6_qwen35_27b_reasoning_plus_original5_ordered_20260504_220932/m6/eval/m6_qwen35_27b_two_pass_zero__base_stereotype_replacement__stereotype_replacement/stereoset/stereoset_metrics_m6_qwen35_27b_two_pass_zero__base_stereotype_replacement__stereotype_replacement_self_debias_two_pass_stereotype_replacement.csv,outputs/new_outputs/m6_qwen35_27b_reasoning_plus_original5/m6_qwen35_27b_reasoning_plus_original5_ordered_20260504_220932/m6/eval/m6_qwen35_27b_two_pass_zero__base_stereotype_replacement__stereotype_replacement/stereoset/stereoset_sentence_scores_m6_qwen35_27b_two_pass_zero__base_stereotype_replacement__stereotype_replacement_self_debias_two_pass_stereotype_replacement.csv,ok,,bootstrap row CIs propagated as base_low-method_high/base_high-method_low,50,SS Score overall,49.985999,0.014001075,7.560437425,results/new_results/m3_qwen35_27b_base_all5/evalshared/stereoset_metrics_m3_qwen35_27b_base_stereoset.csv,outputs/new_outputs/m3_qwen35_27b_base_all5/evalshared/stereoset_sentence_scores_m3_qwen35_27b_base_stereoset.csv
qwen,Qwen 27B,intervention_ablation,stereoset,StereoSet,diy_twopass_it_stereotype_replacement,DIY Two Pass (IT),DIY Two Pass (IT),stereotype_replacement,Stereotype replacement,SS Score,nan,2.978836604398201,8.773941830219908,4229,200,results/new_results/m6_qwen35_27b_reasoning_plus_original5/m6_qwen35_27b_reasoning_plus_original5_ordered_20260504_220932/m6/eval/m6_qwen35_27b_two_pass_zero__sr__stereotype_replacement/stereoset/stereoset_metrics_m6_qwen35_27b_two_pass_zero__sr__stereotype_replacement_self_debias_two_pass_stereotype_replacement.csv,outputs/new_outputs/m6_qwen35_27b_reasoning_plus_original5/m6_qwen35_27b_reasoning_plus_original5_ordered_20260504_220932/m6/eval/m6_qwen35_27b_two_pass_zero__sr__stereotype_replacement/stereoset/stereoset_sentence_scores_m6_qwen35_27b_two_pass_zero__sr__stereotype_replacement_self_debias_two_pass_stereotype_replacement.csv,ok,,bootstrap row CIs propagated as base_low-method_high/base_high-method_low,50,SS Score overall,48.338476,1.6615239,5.912914600000001,results/new_results/m3_qwen35_27b_base_all5/evalshared/stereoset_metrics_m3_qwen35_27b_base_stereoset.csv,outputs/new_outputs/m3_qwen35_27b_base_all5/evalshared/stereoset_sentence_scores_m3_qwen35_27b_base_stereoset.csv
qwen,Qwen 27B,intervention_ablation,stereoset,StereoSet,icl_individuating,ICL,ICL,individuating,Individuation,SS Score,nan,-4.091392764246866,1.777015842988889,4229,200,results/new_results/m4_base_icl_zero/m4_base_icl_zero_allmodels_20260514_005736/qwen35_27b/evalshared/stereoset_metrics_m4_baseicl_zero_qwen35_27b_ind_stereoset.csv,outputs/new_outputs/m4_base_icl_zero/m4_base_icl_zero_allmodels_20260514_005736/qwen35_27b/evalshared/stereoset_sentence_scores_m4_baseicl_zero_qwen35_27b_ind_stereoset.csv,ok,,bootstrap row CIs propagated as base_low-method_high/base_high-method_low,50,SS Score overall,58.635274,8.6352741,-1.0608355999999999,results/new_results/m3_qwen35_27b_base_all5/evalshared/stereoset_metrics_m3_qwen35_27b_base_stereoset.csv,outputs/new_outputs/m3_qwen35_27b_base_all5/evalshared/stereoset_sentence_scores_m3_qwen35_27b_base_stereoset.csv
qwen,Qwen 27B,intervention_ablation,stereoset,StereoSet,diy_it_individuating,DIY IT,DIY IT,individuating,Individuation,SS Score,nan,-3.4765902104516364,2.584535351146842,4229,200,results/new_results/m3_finetune_qwen35_27b_ms500/evalshared/stereoset_metrics_m3_qwen35_27b_ms500_ind_stereoset.csv,outputs/new_outputs/m3_finetune_qwen35_27b_ms500/evalshared/stereoset_sentence_scores_m3_qwen35_27b_ms500_ind_stereoset.csv,ok,,bootstrap row CIs propagated as base_low-method_high/base_high-method_low,50,SS Score overall,58.127857,8.1278565,-0.5534179999999997,results/new_results/m3_qwen35_27b_base_all5/evalshared/stereoset_metrics_m3_qwen35_27b_base_stereoset.csv,outputs/new_outputs/m3_qwen35_27b_base_all5/evalshared/stereoset_sentence_scores_m3_qwen35_27b_base_stereoset.csv
qwen,Qwen 27B,intervention_ablation,stereoset,StereoSet,diy_twopass_no_it_individuating,DIY Two Pass (No IT),DIY Two Pass (No IT),individuating,Individuation,SS Score,nan,3.73433435800426,8.93946559470324,4229,200,results/new_results/m6_qwen35_27b_reasoning_plus_original5/m6_qwen35_27b_reasoning_plus_original5_ordered_20260504_220932/m6/eval/m6_qwen35_27b_two_pass_zero__base_individuating__individuating/stereoset/stereoset_metrics_m6_qwen35_27b_two_pass_zero__base_individuating__individuating_self_debias_two_pass_individuating.csv,outputs/new_outputs/m6_qwen35_27b_reasoning_plus_original5/m6_qwen35_27b_reasoning_plus_original5_ordered_20260504_220932/m6/eval/m6_qwen35_27b_two_pass_zero__base_individuating__individuating/stereoset/stereoset_sentence_scores_m6_qwen35_27b_two_pass_zero__base_individuating__individuating_self_debias_two_pass_individuating.csv,ok,,bootstrap row CIs propagated as base_low-method_high/base_high-method_low,50,SS Score overall,49.059853,0.94014677,6.63429173,results/new_results/m3_qwen35_27b_base_all5/evalshared/stereoset_metrics_m3_qwen35_27b_base_stereoset.csv,outputs/new_outputs/m3_qwen35_27b_base_all5/evalshared/stereoset_sentence_scores_m3_qwen35_27b_base_stereoset.csv
qwen,Qwen 27B,intervention_ablation,stereoset,StereoSet,diy_twopass_it_individuating,DIY Two Pass (IT),DIY Two Pass (IT),individuating,Individuation,SS Score,nan,3.7591629226767553,8.938874438401514,4229,200,results/new_results/m6_qwen35_27b_reasoning_plus_original5/m6_qwen35_27b_reasoning_plus_original5_ordered_20260504_220932/m6/eval/m6_qwen35_27b_two_pass_zero__ind__individuating/stereoset/stereoset_metrics_m6_qwen35_27b_two_pass_zero__ind__individuating_self_debias_two_pass_individuating.csv,outputs/new_outputs/m6_qwen35_27b_reasoning_plus_original5/m6_qwen35_27b_reasoning_plus_original5_ordered_20260504_220932/m6/eval/m6_qwen35_27b_two_pass_zero__ind__individuating/stereoset/stereoset_sentence_scores_m6_qwen35_27b_two_pass_zero__ind__individuating_self_debias_two_pass_individuating.csv,ok,,bootstrap row CIs propagated as base_low-method_high/base_high-method_low,50,SS Score overall,49.169445,0.83055541,6.743883090000001,results/new_results/m3_qwen35_27b_base_all5/evalshared/stereoset_metrics_m3_qwen35_27b_base_stereoset.csv,outputs/new_outputs/m3_qwen35_27b_base_all5/evalshared/stereoset_sentence_scores_m3_qwen35_27b_base_stereoset.csv
qwen,Qwen 27B,intervention_ablation,stereoset,StereoSet,icl_perspective_taking,ICL,ICL,perspective_taking,Perspective-taking,SS Score,nan,-4.919602742965244,0.9032868290376026,4229,200,results/new_results/m4_base_icl_zero/m4_base_icl_zero_allmodels_20260514_005736/qwen35_27b/evalshared/stereoset_metrics_m4_baseicl_zero_qwen35_27b_pt_stereoset.csv,outputs/new_outputs/m4_base_icl_zero/m4_base_icl_zero_allmodels_20260514_005736/qwen35_27b/evalshared/stereoset_sentence_scores_m4_baseicl_zero_qwen35_27b_pt_stereoset.csv,ok,,bootstrap row CIs propagated as base_low-method_high/base_high-method_low,50,SS Score overall,59.390613,9.3906127,-1.8161741999999998,results/new_results/m3_qwen35_27b_base_all5/evalshared/stereoset_metrics_m3_qwen35_27b_base_stereoset.csv,outputs/new_outputs/m3_qwen35_27b_base_all5/evalshared/stereoset_sentence_scores_m3_qwen35_27b_base_stereoset.csv
qwen,Qwen 27B,intervention_ablation,stereoset,StereoSet,diy_it_perspective_taking,DIY IT,DIY IT,perspective_taking,Perspective-taking,SS Score,nan,-3.2655474107353974,2.5106408134310767,4229,200,results/new_results/m3_finetune_qwen35_27b_ms500/evalshared/stereoset_metrics_m3_qwen35_27b_ms500_pt_stereoset.csv,outputs/new_outputs/m3_finetune_qwen35_27b_ms500/evalshared/stereoset_sentence_scores_m3_qwen35_27b_ms500_pt_stereoset.csv,ok,,bootstrap row CIs propagated as base_low-method_high/base_high-method_low,50,SS Score overall,57.935897,7.9358967,-0.3614581999999995,results/new_results/m3_qwen35_27b_base_all5/evalshared/stereoset_metrics_m3_qwen35_27b_base_stereoset.csv,outputs/new_outputs/m3_qwen35_27b_base_all5/evalshared/stereoset_sentence_scores_m3_qwen35_27b_base_stereoset.csv
qwen,Qwen 27B,intervention_ablation,stereoset,StereoSet,diy_twopass_no_it_perspective_taking,DIY Two Pass (No IT),DIY Two Pass (No IT),perspective_taking,Perspective-taking,SS Score,nan,3.1904705604161725,8.844880586427049,4229,200,results/new_results/m6_qwen35_27b_reasoning_plus_original5/m6_qwen35_27b_reasoning_plus_original5_ordered_20260504_220932/m6/eval/m6_qwen35_27b_two_pass_zero__base_perspective_taking__perspective_taking/stereoset/stereoset_metrics_m6_qwen35_27b_two_pass_zero__base_perspective_taking__perspective_taking_self_debias_two_pass_perspective_taking.csv,outputs/new_outputs/m6_qwen35_27b_reasoning_plus_original5/m6_qwen35_27b_reasoning_plus_original5_ordered_20260504_220932/m6/eval/m6_qwen35_27b_two_pass_zero__base_perspective_taking__perspective_taking/stereoset/stereoset_sentence_scores_m6_qwen35_27b_two_pass_zero__base_perspective_taking__perspective_taking_self_debias_two_pass_perspective_taking.csv,ok,,bootstrap row CIs propagated as base_low-method_high/base_high-method_low,50,SS Score overall,48.771401,1.2285992,6.345839300000001,results/new_results/m3_qwen35_27b_base_all5/evalshared/stereoset_metrics_m3_qwen35_27b_base_stereoset.csv,outputs/new_outputs/m3_qwen35_27b_base_all5/evalshared/stereoset_sentence_scores_m3_qwen35_27b_base_stereoset.csv
qwen,Qwen 27B,intervention_ablation,stereoset,StereoSet,diy_twopass_it_perspective_taking,DIY Two Pass (IT),DIY Two Pass (IT),perspective_taking,Perspective-taking,SS Score,nan,1.9378103570584049,7.735871364388744,4229,200,results/new_results/m6_qwen35_27b_reasoning_plus_original5/m6_qwen35_27b_reasoning_plus_original5_ordered_20260504_220932/m6/eval/m6_qwen35_27b_two_pass_zero__pt__perspective_taking/stereoset/stereoset_metrics_m6_qwen35_27b_two_pass_zero__pt__perspective_taking_self_debias_two_pass_perspective_taking.csv,outputs/new_outputs/m6_qwen35_27b_reasoning_plus_original5/m6_qwen35_27b_reasoning_plus_original5_ordered_20260504_220932/m6/eval/m6_qwen35_27b_two_pass_zero__pt__perspective_taking/stereoset/stereoset_sentence_scores_m6_qwen35_27b_two_pass_zero__pt__perspective_taking_self_debias_two_pass_perspective_taking.csv,ok,,bootstrap row CIs propagated as base_low-method_high/base_high-method_low,50,SS Score overall,47.316874,2.6831263,4.8913122,results/new_results/m3_qwen35_27b_base_all5/evalshared/stereoset_metrics_m3_qwen35_27b_base_stereoset.csv,outputs/new_outputs/m3_qwen35_27b_base_all5/evalshared/stereoset_sentence_scores_m3_qwen35_27b_base_stereoset.csv
qwen,Qwen 27B,intervention_ablation,stereoset,StereoSet,icl_counter_imaging,ICL,ICL,counter_imaging,Counter-stereotypic imaging,SS Score,nan,-3.783400331047524,2.0838259635847765,4229,200,results/new_results/m4_base_icl_zero/m4_base_icl_zero_allmodels_20260514_005736/qwen35_27b/evalshared/stereoset_metrics_m4_baseicl_zero_qwen35_27b_ci_stereoset.csv,outputs/new_outputs/m4_base_icl_zero/m4_base_icl_zero_allmodels_20260514_005736/qwen35_27b/evalshared/stereoset_sentence_scores_m4_baseicl_zero_qwen35_27b_ci_stereoset.csv,ok,,bootstrap row CIs propagated as base_low-method_high/base_high-method_low,50,SS Score overall,58.32431,8.3243101,-0.7498715999999996,results/new_results/m3_qwen35_27b_base_all5/evalshared/stereoset_metrics_m3_qwen35_27b_base_stereoset.csv,outputs/new_outputs/m3_qwen35_27b_base_all5/evalshared/stereoset_sentence_scores_m3_qwen35_27b_base_stereoset.csv
qwen,Qwen 27B,intervention_ablation,stereoset,StereoSet,diy_it_counter_imaging,DIY IT,DIY IT,counter_imaging,Counter-stereotypic imaging,SS Score,nan,-3.334121541735634,2.343934736344293,4229,200,results/new_results/m3_finetune_qwen35_27b_ms500/evalshared/stereoset_metrics_m3_qwen35_27b_ms500_ci_stereoset.csv,outputs/new_outputs/m3_finetune_qwen35_27b_ms500/evalshared/stereoset_sentence_scores_m3_qwen35_27b_ms500_ci_stereoset.csv,ok,,bootstrap row CIs propagated as base_low-method_high/base_high-method_low,50,SS Score overall,57.96009,7.9600896,-0.3856510999999996,results/new_results/m3_qwen35_27b_base_all5/evalshared/stereoset_metrics_m3_qwen35_27b_base_stereoset.csv,outputs/new_outputs/m3_qwen35_27b_base_all5/evalshared/stereoset_sentence_scores_m3_qwen35_27b_base_stereoset.csv
qwen,Qwen 27B,intervention_ablation,stereoset,StereoSet,diy_twopass_no_it_counter_imaging,DIY Two Pass (No IT),DIY Two Pass (No IT),counter_imaging,Counter-stereotypic imaging,SS Score,nan,3.9252778434618136,8.938874438401514,4229,200,results/new_results/m6_qwen35_27b_reasoning_plus_original5/m6_qwen35_27b_reasoning_plus_original5_ordered_20260504_220932/m6/eval/m6_qwen35_27b_two_pass_zero__base_counter_imaging__counter_imaging/stereoset/stereoset_metrics_m6_qwen35_27b_two_pass_zero__base_counter_imaging__counter_imaging_self_debias_two_pass_counter_imaging.csv,outputs/new_outputs/m6_qwen35_27b_reasoning_plus_original5/m6_qwen35_27b_reasoning_plus_original5_ordered_20260504_220932/m6/eval/m6_qwen35_27b_two_pass_zero__base_counter_imaging__counter_imaging/stereoset/stereoset_sentence_scores_m6_qwen35_27b_two_pass_zero__base_counter_imaging__counter_imaging_self_debias_two_pass_counter_imaging.csv,ok,,bootstrap row CIs propagated as base_low-method_high/base_high-method_low,50,SS Score overall,49.511988,0.48801208,7.0864264200000004,results/new_results/m3_qwen35_27b_base_all5/evalshared/stereoset_metrics_m3_qwen35_27b_base_stereoset.csv,outputs/new_outputs/m3_qwen35_27b_base_all5/evalshared/stereoset_sentence_scores_m3_qwen35_27b_base_stereoset.csv
qwen,Qwen 27B,intervention_ablation,stereoset,StereoSet,diy_twopass_it_counter_imaging,DIY Two Pass (IT),DIY Two Pass (IT),counter_imaging,Counter-stereotypic imaging,SS Score,nan,2.6714353275005935,8.751477890754318,4229,200,results/new_results/m6_qwen35_27b_reasoning_plus_original5/m6_qwen35_27b_reasoning_plus_original5_ordered_20260504_220932/m6/eval/m6_qwen35_27b_two_pass_zero__ci__counter_imaging/stereoset/stereoset_metrics_m6_qwen35_27b_two_pass_zero__ci__counter_imaging_self_debias_two_pass_counter_imaging.csv,outputs/new_outputs/m6_qwen35_27b_reasoning_plus_original5/m6_qwen35_27b_reasoning_plus_original5_ordered_20260504_220932/m6/eval/m6_qwen35_27b_two_pass_zero__ci__counter_imaging/stereoset/stereoset_sentence_scores_m6_qwen35_27b_two_pass_zero__ci__counter_imaging_self_debias_two_pass_counter_imaging.csv,ok,,bootstrap row CIs propagated as base_low-method_high/base_high-method_low,50,SS Score overall,48.305594,1.6944061,5.8800324,results/new_results/m3_qwen35_27b_base_all5/evalshared/stereoset_metrics_m3_qwen35_27b_base_stereoset.csv,outputs/new_outputs/m3_qwen35_27b_base_all5/evalshared/stereoset_sentence_scores_m3_qwen35_27b_base_stereoset.csv
qwen,Qwen 27B,intervention_ablation,stereoset,StereoSet,icl_positive_contact,ICL,ICL,positive_contact,Positive contact,SS Score,nan,-4.398202884842746,1.5624261054622792,4229,200,results/new_results/m4_base_icl_zero/m4_base_icl_zero_allmodels_20260514_005736/qwen35_27b/evalshared/stereoset_metrics_m4_baseicl_zero_qwen35_27b_pc_stereoset.csv,outputs/new_outputs/m4_base_icl_zero/m4_base_icl_zero_allmodels_20260514_005736/qwen35_27b/evalshared/stereoset_sentence_scores_m4_baseicl_zero_qwen35_27b_pc_stereoset.csv,ok,,bootstrap row CIs propagated as base_low-method_high/base_high-method_low,50,SS Score overall,58.956715,8.9567149,-1.3822763999999994,results/new_results/m3_qwen35_27b_base_all5/evalshared/stereoset_metrics_m3_qwen35_27b_base_stereoset.csv,outputs/new_outputs/m3_qwen35_27b_base_all5/evalshared/stereoset_sentence_scores_m3_qwen35_27b_base_stereoset.csv
qwen,Qwen 27B,intervention_ablation,stereoset,StereoSet,diy_it_positive_contact,DIY IT,DIY IT,positive_contact,Positive contact,SS Score,nan,-3.405651454244495,2.271222511231973,4229,200,results/new_results/m3_finetune_qwen35_27b_ms500/evalshared/stereoset_metrics_m3_qwen35_27b_ms500_pc_stereoset.csv,outputs/new_outputs/m3_finetune_qwen35_27b_ms500/evalshared/stereoset_sentence_scores_m3_qwen35_27b_ms500_pc_stereoset.csv,ok,,bootstrap row CIs propagated as base_low-method_high/base_high-method_low,50,SS Score overall,58.084655,8.0846548,-0.5102162999999988,results/new_results/m3_qwen35_27b_base_all5/evalshared/stereoset_metrics_m3_qwen35_27b_base_stereoset.csv,outputs/new_outputs/m3_qwen35_27b_base_all5/evalshared/stereoset_sentence_scores_m3_qwen35_27b_base_stereoset.csv
qwen,Qwen 27B,intervention_ablation,stereoset,StereoSet,diy_twopass_no_it_positive_contact,DIY Two Pass (No IT),DIY Two Pass (No IT),positive_contact,Positive contact,SS Score,nan,3.7124615748403897,8.91581934263419,4229,200,results/new_results/m6_qwen35_27b_reasoning_plus_original5/m6_qwen35_27b_reasoning_plus_original5_ordered_20260504_220932/m6/eval/m6_qwen35_27b_two_pass_zero__base_positive_contact__positive_contact/stereoset/stereoset_metrics_m6_qwen35_27b_two_pass_zero__base_positive_contact__positive_contact_self_debias_two_pass_positive_contact.csv,outputs/new_outputs/m6_qwen35_27b_reasoning_plus_original5/m6_qwen35_27b_reasoning_plus_original5_ordered_20260504_220932/m6/eval/m6_qwen35_27b_two_pass_zero__base_positive_contact__positive_contact/stereoset/stereoset_sentence_scores_m6_qwen35_27b_two_pass_zero__base_positive_contact__positive_contact_self_debias_two_pass_positive_contact.csv,ok,,bootstrap row CIs propagated as base_low-method_high/base_high-method_low,50,SS Score overall,49.276868,0.72313211,6.85130639,results/new_results/m3_qwen35_27b_base_all5/evalshared/stereoset_metrics_m3_qwen35_27b_base_stereoset.csv,outputs/new_outputs/m3_qwen35_27b_base_all5/evalshared/stereoset_sentence_scores_m3_qwen35_27b_base_stereoset.csv
qwen,Qwen 27B,intervention_ablation,stereoset,StereoSet,diy_twopass_it_positive_contact,DIY Two Pass (IT),DIY Two Pass (IT),positive_contact,Positive contact,SS Score,nan,2.69389926696619,8.44289430125325,4229,200,results/new_results/m6_qwen35_27b_reasoning_plus_original5/m6_qwen35_27b_reasoning_plus_original5_ordered_20260504_220932/m6/eval/m6_qwen35_27b_two_pass_zero__pc__positive_contact/stereoset/stereoset_metrics_m6_qwen35_27b_two_pass_zero__pc__positive_contact_self_debias_two_pass_positive_contact.csv,outputs/new_outputs/m6_qwen35_27b_reasoning_plus_original5/m6_qwen35_27b_reasoning_plus_original5_ordered_20260504_220932/m6/eval/m6_qwen35_27b_two_pass_zero__pc__positive_contact/stereoset/stereoset_sentence_scores_m6_qwen35_27b_two_pass_zero__pc__positive_contact_self_debias_two_pass_positive_contact.csv,ok,,bootstrap row CIs propagated as base_low-method_high/base_high-method_low,50,SS Score overall,48.110375,1.8896254,5.6848131,results/new_results/m3_qwen35_27b_base_all5/evalshared/stereoset_metrics_m3_qwen35_27b_base_stereoset.csv,outputs/new_outputs/m3_qwen35_27b_base_all5/evalshared/stereoset_sentence_scores_m3_qwen35_27b_base_stereoset.csv
qwen,Qwen 27B,intervention_ablation,bbq,BBQ Ambig.,base,Base Model,Base Model,__base__,Base Model,Bias_score_ambig,0.0,0.0,0.0,,200,results/new_results/m3_qwen35_27b_base_all5/bbq/bbq_metrics_m3_qwen35_27b_base_bbq.csv,,base,,,0,Bias score ambig.,5.708,5.708,,,
qwen,Qwen 27B,intervention_ablation,bbq,BBQ Ambig.,icl_stereotype_replacement,ICL,ICL,stereotype_replacement,Stereotype replacement,Bias_score_ambig,nan,-8.552226554483884,-4.424892263492722,29238,200,results/new_results/m4_base_icl_zero/m4_base_icl_zero_allmodels_20260514_005736/qwen35_27b/bbq/bbq_metrics_m4_baseicl_zero_qwen35_27b_sr_bbq.csv,outputs/new_outputs/m4_base_icl_zero/m4_base_icl_zero_allmodels_20260514_005736/qwen35_27b/bbq/m4_baseicl_zero_qwen35_27b_allstrat_bbq/bbq_preds_m4_baseicl_zero_qwen35_27b_allstrat_bbq_instr_all_strategies_ALL.csv;outputs/new_outputs/m4_base_icl_zero/m4_base_icl_zero_allmodels_20260514_005736/qwen35_27b/bbq/m4_baseicl_zero_qwen35_27b_ci_bbq/bbq_preds_m4_baseicl_zero_qwen35_27b_ci_bbq_instr_counter_imaging_ALL.csv;outputs/new_outputs/m4_base_icl_zero/m4_base_icl_zero_allmodels_20260514_005736/qwen35_27b/bbq/m4_baseicl_zero_qwen35_27b_ind_bbq/bbq_preds_m4_baseicl_zero_qwen35_27b_ind_bbq_instr_individuating_ALL.csv;outputs/new_outputs/m4_base_icl_zero/m4_base_icl_zero_allmodels_20260514_005736/qwen35_27b/bbq/m4_baseicl_zero_qwen35_27b_pc_bbq/bbq_preds_m4_baseicl_zero_qwen35_27b_pc_bbq_instr_positive_contact_ALL.csv;outputs/new_outputs/m4_base_icl_zero/m4_base_icl_zero_allmodels_20260514_005736/qwen35_27b/bbq/m4_baseicl_zero_qwen35_27b_pt_bbq/bbq_preds_m4_baseicl_zero_qwen35_27b_pt_bbq_instr_perspective_taking_ALL.csv;outputs/new_outputs/m4_base_icl_zero/m4_base_icl_zero_allmodels_20260514_005736/qwen35_27b/bbq/m4_baseicl_zero_qwen35_27b_sr_bbq/bbq_preds_m4_baseicl_zero_qwen35_27b_sr_bbq_instr_stereotype_replacement_ALL.csv,ok,,bootstrap row CIs propagated as base_low-method_high/base_high-method_low,0,Bias score ambig.,12.255,12.255,-6.547000000000001,results/new_results/m3_qwen35_27b_base_all5/bbq/bbq_metrics_m3_qwen35_27b_base_bbq.csv,outputs/new_outputs/m3_qwen35_27b_base_all5/bbq/m3_qwen35_27b_base_bbq/bbq_preds_m3_qwen35_27b_base_bbq_instr_off_ALL.csv
qwen,Qwen 27B,intervention_ablation,bbq,BBQ Ambig.,diy_it_stereotype_replacement,DIY IT,DIY IT,stereotype_replacement,Stereotype replacement,Bias_score_ambig,nan,-2.0292085641972806,1.9401976879403433,29238,200,results/new_results/m3_finetune_qwen35_27b_ms500/bbq/bbq_metrics_m3_qwen35_27b_ms500_sr_bbq.csv,outputs/new_outputs/m3_finetune_qwen35_27b_ms500/bbq/m3_qwen35_27b_ms500_all_action_bbq/bbq_preds_m3_qwen35_27b_ms500_all_action_bbq_instr_off_ALL.csv;outputs/new_outputs/m3_finetune_qwen35_27b_ms500/bbq/m3_qwen35_27b_ms500_all_allversions_bbq/bbq_preds_m3_qwen35_27b_ms500_all_allversions_bbq_instr_off_ALL.csv;outputs/new_outputs/m3_finetune_qwen35_27b_ms500/bbq/m3_qwen35_27b_ms500_all_event_bbq/bbq_preds_m3_qwen35_27b_ms500_all_event_bbq_instr_off_ALL.csv;outputs/new_outputs/m3_finetune_qwen35_27b_ms500/bbq/m3_qwen35_27b_ms500_all_opinion_bbq/bbq_preds_m3_qwen35_27b_ms500_all_opinion_bbq_instr_off_ALL.csv;outputs/new_outputs/m3_finetune_qwen35_27b_ms500/bbq/m3_qwen35_27b_ms500_ci_bbq/bbq_preds_m3_qwen35_27b_ms500_ci_bbq_instr_off_ALL.csv;outputs/new_outputs/m3_finetune_qwen35_27b_ms500/bbq/m3_qwen35_27b_ms500_ind_bbq/bbq_preds_m3_qwen35_27b_ms500_ind_bbq_instr_off_ALL.csv;outputs/new_outputs/m3_finetune_qwen35_27b_ms500/bbq/m3_qwen35_27b_ms500_pc_bbq/bbq_preds_m3_qwen35_27b_ms500_pc_bbq_instr_off_ALL.csv;outputs/new_outputs/m3_finetune_qwen35_27b_ms500/bbq/m3_qwen35_27b_ms500_pt_bbq/bbq_preds_m3_qwen35_27b_ms500_pt_bbq_instr_off_ALL.csv;outputs/new_outputs/m3_finetune_qwen35_27b_ms500/bbq/m3_qwen35_27b_ms500_sr_bbq/bbq_preds_m3_qwen35_27b_ms500_sr_bbq_instr_off_ALL.csv,ok,,bootstrap row CIs propagated as base_low-method_high/base_high-method_low,0,Bias score ambig.,5.804,5.804,-0.09600000000000009,results/new_results/m3_qwen35_27b_base_all5/bbq/bbq_metrics_m3_qwen35_27b_base_bbq.csv,outputs/new_outputs/m3_qwen35_27b_base_all5/bbq/m3_qwen35_27b_base_bbq/bbq_preds_m3_qwen35_27b_base_bbq_instr_off_ALL.csv
qwen,Qwen 27B,intervention_ablation,bbq,BBQ Ambig.,diy_twopass_no_it_stereotype_replacement,DIY Two Pass (No IT),DIY Two Pass (No IT),stereotype_replacement,Stereotype replacement,Bias_score_ambig,nan,3.1349613516656425,6.23306997742663,29238,200,results/new_results/m6_qwen35_27b_reasoning_plus_original5/m6_qwen35_27b_reasoning_plus_original5_ordered_20260504_220932/m6/eval/m6_qwen35_27b_two_pass_zero__base_stereotype_replacement__stereotype_replacement/bbq/bbq_metrics.csv,outputs/new_outputs/m6_qwen35_27b_reasoning_plus_original5/m6_qwen35_27b_reasoning_plus_original5_ordered_20260504_220932/m6/eval/m6_qwen35_27b_two_pass_zero__base_stereotype_replacement__stereotype_replacement/bbq/bbq_preds_m6_qwen35_27b_two_pass_zero__base_stereotype_replacement__stereotype_replacement_self_debias_two_pass_stereotype_replacement_qwen35_bbq_firstpass_base_qwen35_27b_instr_off_ALL.csv,ok,,bootstrap row CIs propagated as base_low-method_high/base_high-method_low,0,Bias score ambig.,1.139,1.139,4.569,results/new_results/m3_qwen35_27b_base_all5/bbq/bbq_metrics_m3_qwen35_27b_base_bbq.csv,outputs/new_outputs/m3_qwen35_27b_base_all5/bbq/m3_qwen35_27b_base_bbq/bbq_preds_m3_qwen35_27b_base_bbq_instr_off_ALL.csv
qwen,Qwen 27B,intervention_ablation,bbq,BBQ Ambig.,diy_twopass_it_stereotype_replacement,DIY Two Pass (IT),DIY Two Pass (IT),stereotype_replacement,Stereotype replacement,Bias_score_ambig,nan,2.423472877761819,5.681732676653666,29238,200,results/new_results/m6_qwen35_27b_reasoning_plus_original5/m6_qwen35_27b_reasoning_plus_original5_ordered_20260504_220932/m6/eval/m6_qwen35_27b_two_pass_zero__sr__stereotype_replacement/bbq/bbq_metrics.csv,outputs/new_outputs/m6_qwen35_27b_reasoning_plus_original5/m6_qwen35_27b_reasoning_plus_original5_ordered_20260504_220932/m6/eval/m6_qwen35_27b_two_pass_zero__sr__stereotype_replacement/bbq/bbq_preds_m6_qwen35_27b_two_pass_zero__sr__stereotype_replacement_self_debias_two_pass_stereotype_replacement_qwen35_bbq_firstpass_base_qwen35_27b_instr_off_ALL.csv,ok,,bootstrap row CIs propagated as base_low-method_high/base_high-method_low,0,Bias score ambig.,1.734,1.734,3.974,results/new_results/m3_qwen35_27b_base_all5/bbq/bbq_metrics_m3_qwen35_27b_base_bbq.csv,outputs/new_outputs/m3_qwen35_27b_base_all5/bbq/m3_qwen35_27b_base_bbq/bbq_preds_m3_qwen35_27b_base_bbq_instr_off_ALL.csv
qwen,Qwen 27B,intervention_ablation,bbq,BBQ Ambig.,icl_individuating,ICL,ICL,individuating,Individuation,Bias_score_ambig,nan,-8.535553047404065,-4.6088138723578895,29238,200,results/new_results/m4_base_icl_zero/m4_base_icl_zero_allmodels_20260514_005736/qwen35_27b/bbq/bbq_metrics_m4_baseicl_zero_qwen35_27b_ind_bbq.csv,outputs/new_outputs/m4_base_icl_zero/m4_base_icl_zero_allmodels_20260514_005736/qwen35_27b/bbq/m4_baseicl_zero_qwen35_27b_allstrat_bbq/bbq_preds_m4_baseicl_zero_qwen35_27b_allstrat_bbq_instr_all_strategies_ALL.csv;outputs/new_outputs/m4_base_icl_zero/m4_base_icl_zero_allmodels_20260514_005736/qwen35_27b/bbq/m4_baseicl_zero_qwen35_27b_ci_bbq/bbq_preds_m4_baseicl_zero_qwen35_27b_ci_bbq_instr_counter_imaging_ALL.csv;outputs/new_outputs/m4_base_icl_zero/m4_base_icl_zero_allmodels_20260514_005736/qwen35_27b/bbq/m4_baseicl_zero_qwen35_27b_ind_bbq/bbq_preds_m4_baseicl_zero_qwen35_27b_ind_bbq_instr_individuating_ALL.csv;outputs/new_outputs/m4_base_icl_zero/m4_base_icl_zero_allmodels_20260514_005736/qwen35_27b/bbq/m4_baseicl_zero_qwen35_27b_pc_bbq/bbq_preds_m4_baseicl_zero_qwen35_27b_pc_bbq_instr_positive_contact_ALL.csv;outputs/new_outputs/m4_base_icl_zero/m4_base_icl_zero_allmodels_20260514_005736/qwen35_27b/bbq/m4_baseicl_zero_qwen35_27b_pt_bbq/bbq_preds_m4_baseicl_zero_qwen35_27b_pt_bbq_instr_perspective_taking_ALL.csv;outputs/new_outputs/m4_base_icl_zero/m4_base_icl_zero_allmodels_20260514_005736/qwen35_27b/bbq/m4_baseicl_zero_qwen35_27b_sr_bbq/bbq_preds_m4_baseicl_zero_qwen35_27b_sr_bbq_instr_stereotype_replacement_ALL.csv,ok,,bootstrap row CIs propagated as base_low-method_high/base_high-method_low,0,Bias score ambig.,11.533,11.533,-5.824999999999999,results/new_results/m3_qwen35_27b_base_all5/bbq/bbq_metrics_m3_qwen35_27b_base_bbq.csv,outputs/new_outputs/m3_qwen35_27b_base_all5/bbq/m3_qwen35_27b_base_bbq/bbq_preds_m3_qwen35_27b_base_bbq_instr_off_ALL.csv
qwen,Qwen 27B,intervention_ablation,bbq,BBQ Ambig.,diy_it_individuating,DIY IT,DIY IT,individuating,Individuation,Bias_score_ambig,nan,-2.0976982009713385,1.9449004719885075,29238,200,results/new_results/m3_finetune_qwen35_27b_ms500/bbq/bbq_metrics_m3_qwen35_27b_ms500_ind_bbq.csv,outputs/new_outputs/m3_finetune_qwen35_27b_ms500/bbq/m3_qwen35_27b_ms500_all_action_bbq/bbq_preds_m3_qwen35_27b_ms500_all_action_bbq_instr_off_ALL.csv;outputs/new_outputs/m3_finetune_qwen35_27b_ms500/bbq/m3_qwen35_27b_ms500_all_allversions_bbq/bbq_preds_m3_qwen35_27b_ms500_all_allversions_bbq_instr_off_ALL.csv;outputs/new_outputs/m3_finetune_qwen35_27b_ms500/bbq/m3_qwen35_27b_ms500_all_event_bbq/bbq_preds_m3_qwen35_27b_ms500_all_event_bbq_instr_off_ALL.csv;outputs/new_outputs/m3_finetune_qwen35_27b_ms500/bbq/m3_qwen35_27b_ms500_all_opinion_bbq/bbq_preds_m3_qwen35_27b_ms500_all_opinion_bbq_instr_off_ALL.csv;outputs/new_outputs/m3_finetune_qwen35_27b_ms500/bbq/m3_qwen35_27b_ms500_ci_bbq/bbq_preds_m3_qwen35_27b_ms500_ci_bbq_instr_off_ALL.csv;outputs/new_outputs/m3_finetune_qwen35_27b_ms500/bbq/m3_qwen35_27b_ms500_ind_bbq/bbq_preds_m3_qwen35_27b_ms500_ind_bbq_instr_off_ALL.csv;outputs/new_outputs/m3_finetune_qwen35_27b_ms500/bbq/m3_qwen35_27b_ms500_pc_bbq/bbq_preds_m3_qwen35_27b_ms500_pc_bbq_instr_off_ALL.csv;outputs/new_outputs/m3_finetune_qwen35_27b_ms500/bbq/m3_qwen35_27b_ms500_pt_bbq/bbq_preds_m3_qwen35_27b_ms500_pt_bbq_instr_off_ALL.csv;outputs/new_outputs/m3_finetune_qwen35_27b_ms500/bbq/m3_qwen35_27b_ms500_sr_bbq/bbq_preds_m3_qwen35_27b_ms500_sr_bbq_instr_off_ALL.csv,ok,,bootstrap row CIs propagated as base_low-method_high/base_high-method_low,0,Bias score ambig.,6.358,6.358,-0.6499999999999995,results/new_results/m3_qwen35_27b_base_all5/bbq/bbq_metrics_m3_qwen35_27b_base_bbq.csv,outputs/new_outputs/m3_qwen35_27b_base_all5/bbq/m3_qwen35_27b_base_bbq/bbq_preds_m3_qwen35_27b_base_bbq_instr_off_ALL.csv
qwen,Qwen 27B,intervention_ablation,bbq,BBQ Ambig.,diy_twopass_no_it_individuating,DIY Two Pass (No IT),DIY Two Pass (No IT),individuating,Individuation,Bias_score_ambig,nan,2.2017579861823693,5.391442643135642,29238,200,results/new_results/m6_qwen35_27b_reasoning_plus_original5/m6_qwen35_27b_reasoning_plus_original5_ordered_20260504_220932/m6/eval/m6_qwen35_27b_two_pass_zero__base_individuating__individuating/bbq/bbq_metrics.csv,outputs/new_outputs/m6_qwen35_27b_reasoning_plus_original5/m6_qwen35_27b_reasoning_plus_original5_ordered_20260504_220932/m6/eval/m6_qwen35_27b_two_pass_zero__base_individuating__individuating/bbq/bbq_preds_m6_qwen35_27b_two_pass_zero__base_individuating__individuating_self_debias_two_pass_individuating_qwen35_bbq_firstpass_base_qwen35_27b_instr_off_ALL.csv,ok,,bootstrap row CIs propagated as base_low-method_high/base_high-method_low,0,Bias score ambig.,1.939,1.939,3.769,results/new_results/m3_qwen35_27b_base_all5/bbq/bbq_metrics_m3_qwen35_27b_base_bbq.csv,outputs/new_outputs/m3_qwen35_27b_base_all5/bbq/m3_qwen35_27b_base_bbq/bbq_preds_m3_qwen35_27b_base_bbq_instr_off_ALL.csv
qwen,Qwen 27B,intervention_ablation,bbq,BBQ Ambig.,diy_twopass_it_individuating,DIY Two Pass (IT),DIY Two Pass (IT),individuating,Individuation,Bias_score_ambig,nan,-1.9950064983925033,1.8699124427115397,29238,200,results/new_results/m6_qwen35_27b_reasoning_plus_original5/m6_qwen35_27b_reasoning_plus_original5_ordered_20260504_220932/m6/eval/m6_qwen35_27b_two_pass_zero__ind__individuating/bbq/bbq_metrics.csv,outputs/new_outputs/m6_qwen35_27b_reasoning_plus_original5/m6_qwen35_27b_reasoning_plus_original5_ordered_20260504_220932/m6/eval/m6_qwen35_27b_two_pass_zero__ind__individuating/bbq/bbq_preds_m6_qwen35_27b_two_pass_zero__ind__individuating_self_debias_two_pass_individuating_qwen35_bbq_firstpass_base_qwen35_27b_instr_off_ALL.csv,ok,,bootstrap row CIs propagated as base_low-method_high/base_high-method_low,0,Bias score ambig.,5.941,5.941,-0.23299999999999965,results/new_results/m3_qwen35_27b_base_all5/bbq/bbq_metrics_m3_qwen35_27b_base_bbq.csv,outputs/new_outputs/m3_qwen35_27b_base_all5/bbq/m3_qwen35_27b_base_bbq/bbq_preds_m3_qwen35_27b_base_bbq_instr_off_ALL.csv
qwen,Qwen 27B,intervention_ablation,bbq,BBQ Ambig.,icl_perspective_taking,ICL,ICL,perspective_taking,Perspective-taking,Bias_score_ambig,nan,-8.41020247622956,-4.583589848826876,29238,200,results/new_results/m4_base_icl_zero/m4_base_icl_zero_allmodels_20260514_005736/qwen35_27b/bbq/bbq_metrics_m4_baseicl_zero_qwen35_27b_pt_bbq.csv,outputs/new_outputs/m4_base_icl_zero/m4_base_icl_zero_allmodels_20260514_005736/qwen35_27b/bbq/m4_baseicl_zero_qwen35_27b_allstrat_bbq/bbq_preds_m4_baseicl_zero_qwen35_27b_allstrat_bbq_instr_all_strategies_ALL.csv;outputs/new_outputs/m4_base_icl_zero/m4_base_icl_zero_allmodels_20260514_005736/qwen35_27b/bbq/m4_baseicl_zero_qwen35_27b_ci_bbq/bbq_preds_m4_baseicl_zero_qwen35_27b_ci_bbq_instr_counter_imaging_ALL.csv;outputs/new_outputs/m4_base_icl_zero/m4_base_icl_zero_allmodels_20260514_005736/qwen35_27b/bbq/m4_baseicl_zero_qwen35_27b_ind_bbq/bbq_preds_m4_baseicl_zero_qwen35_27b_ind_bbq_instr_individuating_ALL.csv;outputs/new_outputs/m4_base_icl_zero/m4_base_icl_zero_allmodels_20260514_005736/qwen35_27b/bbq/m4_baseicl_zero_qwen35_27b_pc_bbq/bbq_preds_m4_baseicl_zero_qwen35_27b_pc_bbq_instr_positive_contact_ALL.csv;outputs/new_outputs/m4_base_icl_zero/m4_base_icl_zero_allmodels_20260514_005736/qwen35_27b/bbq/m4_baseicl_zero_qwen35_27b_pt_bbq/bbq_preds_m4_baseicl_zero_qwen35_27b_pt_bbq_instr_perspective_taking_ALL.csv;outputs/new_outputs/m4_base_icl_zero/m4_base_icl_zero_allmodels_20260514_005736/qwen35_27b/bbq/m4_baseicl_zero_qwen35_27b_sr_bbq/bbq_preds_m4_baseicl_zero_qwen35_27b_sr_bbq_instr_stereotype_replacement_ALL.csv,ok,,bootstrap row CIs propagated as base_low-method_high/base_high-method_low,0,Bias score ambig.,12.272,12.272,-6.564,results/new_results/m3_qwen35_27b_base_all5/bbq/bbq_metrics_m3_qwen35_27b_base_bbq.csv,outputs/new_outputs/m3_qwen35_27b_base_all5/bbq/m3_qwen35_27b_base_bbq/bbq_preds_m3_qwen35_27b_base_bbq_instr_off_ALL.csv
qwen,Qwen 27B,intervention_ablation,bbq,BBQ Ambig.,diy_it_perspective_taking,DIY IT,DIY IT,perspective_taking,Perspective-taking,Bias_score_ambig,nan,-1.8932553526232967,1.9576407415007884,29238,200,results/new_results/m3_finetune_qwen35_27b_ms500/bbq/bbq_metrics_m3_qwen35_27b_ms500_pt_bbq.csv,outputs/new_outputs/m3_finetune_qwen35_27b_ms500/bbq/m3_qwen35_27b_ms500_all_action_bbq/bbq_preds_m3_qwen35_27b_ms500_all_action_bbq_instr_off_ALL.csv;outputs/new_outputs/m3_finetune_qwen35_27b_ms500/bbq/m3_qwen35_27b_ms500_all_allversions_bbq/bbq_preds_m3_qwen35_27b_ms500_all_allversions_bbq_instr_off_ALL.csv;outputs/new_outputs/m3_finetune_qwen35_27b_ms500/bbq/m3_qwen35_27b_ms500_all_event_bbq/bbq_preds_m3_qwen35_27b_ms500_all_event_bbq_instr_off_ALL.csv;outputs/new_outputs/m3_finetune_qwen35_27b_ms500/bbq/m3_qwen35_27b_ms500_all_opinion_bbq/bbq_preds_m3_qwen35_27b_ms500_all_opinion_bbq_instr_off_ALL.csv;outputs/new_outputs/m3_finetune_qwen35_27b_ms500/bbq/m3_qwen35_27b_ms500_ci_bbq/bbq_preds_m3_qwen35_27b_ms500_ci_bbq_instr_off_ALL.csv;outputs/new_outputs/m3_finetune_qwen35_27b_ms500/bbq/m3_qwen35_27b_ms500_ind_bbq/bbq_preds_m3_qwen35_27b_ms500_ind_bbq_instr_off_ALL.csv;outputs/new_outputs/m3_finetune_qwen35_27b_ms500/bbq/m3_qwen35_27b_ms500_pc_bbq/bbq_preds_m3_qwen35_27b_ms500_pc_bbq_instr_off_ALL.csv;outputs/new_outputs/m3_finetune_qwen35_27b_ms500/bbq/m3_qwen35_27b_ms500_pt_bbq/bbq_preds_m3_qwen35_27b_ms500_pt_bbq_instr_off_ALL.csv;outputs/new_outputs/m3_finetune_qwen35_27b_ms500/bbq/m3_qwen35_27b_ms500_sr_bbq/bbq_preds_m3_qwen35_27b_ms500_sr_bbq_instr_off_ALL.csv,ok,,bootstrap row CIs propagated as base_low-method_high/base_high-method_low,0,Bias score ambig.,5.951,5.951,-0.24299999999999944,results/new_results/m3_qwen35_27b_base_all5/bbq/bbq_metrics_m3_qwen35_27b_base_bbq.csv,outputs/new_outputs/m3_qwen35_27b_base_all5/bbq/m3_qwen35_27b_base_bbq/bbq_preds_m3_qwen35_27b_base_bbq_instr_off_ALL.csv
qwen,Qwen 27B,intervention_ablation,bbq,BBQ Ambig.,diy_twopass_no_it_perspective_taking,DIY Two Pass (No IT),DIY Two Pass (No IT),perspective_taking,Perspective-taking,Bias_score_ambig,nan,3.3883986592790203,6.471458376085909,29238,200,results/new_results/m6_qwen35_27b_reasoning_plus_original5/m6_qwen35_27b_reasoning_plus_original5_ordered_20260504_220932/m6/eval/m6_qwen35_27b_two_pass_zero__base_perspective_taking__perspective_taking/bbq/bbq_metrics.csv,outputs/new_outputs/m6_qwen35_27b_reasoning_plus_original5/m6_qwen35_27b_reasoning_plus_original5_ordered_20260504_220932/m6/eval/m6_qwen35_27b_two_pass_zero__base_perspective_taking__perspective_taking/bbq/bbq_preds_m6_qwen35_27b_two_pass_zero__base_perspective_taking__perspective_taking_self_debias_two_pass_perspective_taking_qwen35_bbq_firstpass_base_qwen35_27b_instr_off_ALL.csv,ok,,bootstrap row CIs propagated as base_low-method_high/base_high-method_low,0,Bias score ambig.,0.852,0.852,4.856,results/new_results/m3_qwen35_27b_base_all5/bbq/bbq_metrics_m3_qwen35_27b_base_bbq.csv,outputs/new_outputs/m3_qwen35_27b_base_all5/bbq/m3_qwen35_27b_base_bbq/bbq_preds_m3_qwen35_27b_base_bbq_instr_off_ALL.csv
qwen,Qwen 27B,intervention_ablation,bbq,BBQ Ambig.,diy_twopass_it_perspective_taking,DIY Two Pass (IT),DIY Two Pass (IT),perspective_taking,Perspective-taking,Bias_score_ambig,nan,3.1901976879403513,6.553457828852857,29238,200,results/new_results/m6_qwen35_27b_reasoning_plus_original5/m6_qwen35_27b_reasoning_plus_original5_ordered_20260504_220932/m6/eval/m6_qwen35_27b_two_pass_zero__pt__perspective_taking/bbq/bbq_metrics.csv,outputs/new_outputs/m6_qwen35_27b_reasoning_plus_original5/m6_qwen35_27b_reasoning_plus_original5_ordered_20260504_220932/m6/eval/m6_qwen35_27b_two_pass_zero__pt__perspective_taking/bbq/bbq_preds_m6_qwen35_27b_two_pass_zero__pt__perspective_taking_self_debias_two_pass_perspective_taking_qwen35_bbq_firstpass_base_qwen35_27b_instr_off_ALL.csv,ok,,bootstrap row CIs propagated as base_low-method_high/base_high-method_low,0,Bias score ambig.,0.814,0.814,4.894,results/new_results/m3_qwen35_27b_base_all5/bbq/bbq_metrics_m3_qwen35_27b_base_bbq.csv,outputs/new_outputs/m3_qwen35_27b_base_all5/bbq/m3_qwen35_27b_base_bbq/bbq_preds_m3_qwen35_27b_base_bbq_instr_off_ALL.csv
qwen,Qwen 27B,intervention_ablation,bbq,BBQ Ambig.,icl_counter_imaging,ICL,ICL,counter_imaging,Counter-stereotypic imaging,Bias_score_ambig,nan,-8.459966481975513,-4.296634516724819,29238,200,results/new_results/m4_base_icl_zero/m4_base_icl_zero_allmodels_20260514_005736/qwen35_27b/bbq/bbq_metrics_m4_baseicl_zero_qwen35_27b_ci_bbq.csv,outputs/new_outputs/m4_base_icl_zero/m4_base_icl_zero_allmodels_20260514_005736/qwen35_27b/bbq/m4_baseicl_zero_qwen35_27b_allstrat_bbq/bbq_preds_m4_baseicl_zero_qwen35_27b_allstrat_bbq_instr_all_strategies_ALL.csv;outputs/new_outputs/m4_base_icl_zero/m4_base_icl_zero_allmodels_20260514_005736/qwen35_27b/bbq/m4_baseicl_zero_qwen35_27b_ci_bbq/bbq_preds_m4_baseicl_zero_qwen35_27b_ci_bbq_instr_counter_imaging_ALL.csv;outputs/new_outputs/m4_base_icl_zero/m4_base_icl_zero_allmodels_20260514_005736/qwen35_27b/bbq/m4_baseicl_zero_qwen35_27b_ind_bbq/bbq_preds_m4_baseicl_zero_qwen35_27b_ind_bbq_instr_individuating_ALL.csv;outputs/new_outputs/m4_base_icl_zero/m4_base_icl_zero_allmodels_20260514_005736/qwen35_27b/bbq/m4_baseicl_zero_qwen35_27b_pc_bbq/bbq_preds_m4_baseicl_zero_qwen35_27b_pc_bbq_instr_positive_contact_ALL.csv;outputs/new_outputs/m4_base_icl_zero/m4_base_icl_zero_allmodels_20260514_005736/qwen35_27b/bbq/m4_baseicl_zero_qwen35_27b_pt_bbq/bbq_preds_m4_baseicl_zero_qwen35_27b_pt_bbq_instr_perspective_taking_ALL.csv;outputs/new_outputs/m4_base_icl_zero/m4_base_icl_zero_allmodels_20260514_005736/qwen35_27b/bbq/m4_baseicl_zero_qwen35_27b_sr_bbq/bbq_preds_m4_baseicl_zero_qwen35_27b_sr_bbq_instr_stereotype_replacement_ALL.csv,ok,,bootstrap row CIs propagated as base_low-method_high/base_high-method_low,0,Bias score ambig.,12.371,12.371,-6.663,results/new_results/m3_qwen35_27b_base_all5/bbq/bbq_metrics_m3_qwen35_27b_base_bbq.csv,outputs/new_outputs/m3_qwen35_27b_base_all5/bbq/m3_qwen35_27b_base_bbq/bbq_preds_m3_qwen35_27b_base_bbq_instr_off_ALL.csv
qwen,Qwen 27B,intervention_ablation,bbq,BBQ Ambig.,diy_it_counter_imaging,DIY IT,DIY IT,counter_imaging,Counter-stereotypic imaging,Bias_score_ambig,nan,-1.9027464258841293,1.956956700184679,29238,200,results/new_results/m3_finetune_qwen35_27b_ms500/bbq/bbq_metrics_m3_qwen35_27b_ms500_ci_bbq.csv,outputs/new_outputs/m3_finetune_qwen35_27b_ms500/bbq/m3_qwen35_27b_ms500_all_action_bbq/bbq_preds_m3_qwen35_27b_ms500_all_action_bbq_instr_off_ALL.csv;outputs/new_outputs/m3_finetune_qwen35_27b_ms500/bbq/m3_qwen35_27b_ms500_all_allversions_bbq/bbq_preds_m3_qwen35_27b_ms500_all_allversions_bbq_instr_off_ALL.csv;outputs/new_outputs/m3_finetune_qwen35_27b_ms500/bbq/m3_qwen35_27b_ms500_all_event_bbq/bbq_preds_m3_qwen35_27b_ms500_all_event_bbq_instr_off_ALL.csv;outputs/new_outputs/m3_finetune_qwen35_27b_ms500/bbq/m3_qwen35_27b_ms500_all_opinion_bbq/bbq_preds_m3_qwen35_27b_ms500_all_opinion_bbq_instr_off_ALL.csv;outputs/new_outputs/m3_finetune_qwen35_27b_ms500/bbq/m3_qwen35_27b_ms500_ci_bbq/bbq_preds_m3_qwen35_27b_ms500_ci_bbq_instr_off_ALL.csv;outputs/new_outputs/m3_finetune_qwen35_27b_ms500/bbq/m3_qwen35_27b_ms500_ind_bbq/bbq_preds_m3_qwen35_27b_ms500_ind_bbq_instr_off_ALL.csv;outputs/new_outputs/m3_finetune_qwen35_27b_ms500/bbq/m3_qwen35_27b_ms500_pc_bbq/bbq_preds_m3_qwen35_27b_ms500_pc_bbq_instr_off_ALL.csv;outputs/new_outputs/m3_finetune_qwen35_27b_ms500/bbq/m3_qwen35_27b_ms500_pt_bbq/bbq_preds_m3_qwen35_27b_ms500_pt_bbq_instr_off_ALL.csv;outputs/new_outputs/m3_finetune_qwen35_27b_ms500/bbq/m3_qwen35_27b_ms500_sr_bbq/bbq_preds_m3_qwen35_27b_ms500_sr_bbq_instr_off_ALL.csv,ok,,bootstrap row CIs propagated as base_low-method_high/base_high-method_low,0,Bias score ambig.,6.194,6.194,-0.48599999999999977,results/new_results/m3_qwen35_27b_base_all5/bbq/bbq_metrics_m3_qwen35_27b_base_bbq.csv,outputs/new_outputs/m3_qwen35_27b_base_all5/bbq/m3_qwen35_27b_base_bbq/bbq_preds_m3_qwen35_27b_base_bbq_instr_off_ALL.csv
qwen,Qwen 27B,intervention_ablation,bbq,BBQ Ambig.,diy_twopass_no_it_counter_imaging,DIY Two Pass (No IT),DIY Two Pass (No IT),counter_imaging,Counter-stereotypic imaging,Bias_score_ambig,nan,3.1451364662425627,6.331315411450846,29238,200,results/new_results/m6_qwen35_27b_reasoning_plus_original5/m6_qwen35_27b_reasoning_plus_original5_ordered_20260504_220932/m6/eval/m6_qwen35_27b_two_pass_zero__base_counter_imaging__counter_imaging/bbq/bbq_metrics.csv,outputs/new_outputs/m6_qwen35_27b_reasoning_plus_original5/m6_qwen35_27b_reasoning_plus_original5_ordered_20260504_220932/m6/eval/m6_qwen35_27b_two_pass_zero__base_counter_imaging__counter_imaging/bbq/bbq_preds_m6_qwen35_27b_two_pass_zero__base_counter_imaging__counter_imaging_self_debias_two_pass_counter_imaging_qwen35_bbq_firstpass_base_qwen35_27b_instr_off_ALL.csv,ok,,bootstrap row CIs propagated as base_low-method_high/base_high-method_low,0,Bias score ambig.,0.999,0.999,4.7090000000000005,results/new_results/m3_qwen35_27b_base_all5/bbq/bbq_metrics_m3_qwen35_27b_base_bbq.csv,outputs/new_outputs/m3_qwen35_27b_base_all5/bbq/m3_qwen35_27b_base_bbq/bbq_preds_m3_qwen35_27b_base_bbq_instr_off_ALL.csv
qwen,Qwen 27B,intervention_ablation,bbq,BBQ Ambig.,diy_twopass_it_counter_imaging,DIY Two Pass (IT),DIY Two Pass (IT),counter_imaging,Counter-stereotypic imaging,Bias_score_ambig,nan,3.0497982078117545,6.161331144401116,29238,200,results/new_results/m6_qwen35_27b_reasoning_plus_original5/m6_qwen35_27b_reasoning_plus_original5_ordered_20260504_220932/m6/eval/m6_qwen35_27b_two_pass_zero__ci__counter_imaging/bbq/bbq_metrics.csv,outputs/new_outputs/m6_qwen35_27b_reasoning_plus_original5/m6_qwen35_27b_reasoning_plus_original5_ordered_20260504_220932/m6/eval/m6_qwen35_27b_two_pass_zero__ci__counter_imaging/bbq/bbq_preds_m6_qwen35_27b_two_pass_zero__ci__counter_imaging_self_debias_two_pass_counter_imaging_qwen35_bbq_firstpass_base_qwen35_27b_instr_off_ALL.csv,ok,,bootstrap row CIs propagated as base_low-method_high/base_high-method_low,0,Bias score ambig.,1.187,1.187,4.521,results/new_results/m3_qwen35_27b_base_all5/bbq/bbq_metrics_m3_qwen35_27b_base_bbq.csv,outputs/new_outputs/m3_qwen35_27b_base_all5/bbq/m3_qwen35_27b_base_bbq/bbq_preds_m3_qwen35_27b_base_bbq_instr_off_ALL.csv
qwen,Qwen 27B,intervention_ablation,bbq,BBQ Ambig.,icl_positive_contact,ICL,ICL,positive_contact,Positive contact,Bias_score_ambig,nan,-8.4090054039264,-4.507062726588697,29238,200,results/new_results/m4_base_icl_zero/m4_base_icl_zero_allmodels_20260514_005736/qwen35_27b/bbq/bbq_metrics_m4_baseicl_zero_qwen35_27b_pc_bbq.csv,outputs/new_outputs/m4_base_icl_zero/m4_base_icl_zero_allmodels_20260514_005736/qwen35_27b/bbq/m4_baseicl_zero_qwen35_27b_allstrat_bbq/bbq_preds_m4_baseicl_zero_qwen35_27b_allstrat_bbq_instr_all_strategies_ALL.csv;outputs/new_outputs/m4_base_icl_zero/m4_base_icl_zero_allmodels_20260514_005736/qwen35_27b/bbq/m4_baseicl_zero_qwen35_27b_ci_bbq/bbq_preds_m4_baseicl_zero_qwen35_27b_ci_bbq_instr_counter_imaging_ALL.csv;outputs/new_outputs/m4_base_icl_zero/m4_base_icl_zero_allmodels_20260514_005736/qwen35_27b/bbq/m4_baseicl_zero_qwen35_27b_ind_bbq/bbq_preds_m4_baseicl_zero_qwen35_27b_ind_bbq_instr_individuating_ALL.csv;outputs/new_outputs/m4_base_icl_zero/m4_base_icl_zero_allmodels_20260514_005736/qwen35_27b/bbq/m4_baseicl_zero_qwen35_27b_pc_bbq/bbq_preds_m4_baseicl_zero_qwen35_27b_pc_bbq_instr_positive_contact_ALL.csv;outputs/new_outputs/m4_base_icl_zero/m4_base_icl_zero_allmodels_20260514_005736/qwen35_27b/bbq/m4_baseicl_zero_qwen35_27b_pt_bbq/bbq_preds_m4_baseicl_zero_qwen35_27b_pt_bbq_instr_perspective_taking_ALL.csv;outputs/new_outputs/m4_base_icl_zero/m4_base_icl_zero_allmodels_20260514_005736/qwen35_27b/bbq/m4_baseicl_zero_qwen35_27b_sr_bbq/bbq_preds_m4_baseicl_zero_qwen35_27b_sr_bbq_instr_stereotype_replacement_ALL.csv,ok,,bootstrap row CIs propagated as base_low-method_high/base_high-method_low,0,Bias score ambig.,11.608,11.608,-5.9,results/new_results/m3_qwen35_27b_base_all5/bbq/bbq_metrics_m3_qwen35_27b_base_bbq.csv,outputs/new_outputs/m3_qwen35_27b_base_all5/bbq/m3_qwen35_27b_base_bbq/bbq_preds_m3_qwen35_27b_base_bbq_instr_off_ALL.csv
qwen,Qwen 27B,intervention_ablation,bbq,BBQ Ambig.,diy_it_positive_contact,DIY IT,DIY IT,positive_contact,Positive contact,Bias_score_ambig,nan,-2.083846364320407,1.9026609207195992,29238,200,results/new_results/m3_finetune_qwen35_27b_ms500/bbq/bbq_metrics_m3_qwen35_27b_ms500_pc_bbq.csv,outputs/new_outputs/m3_finetune_qwen35_27b_ms500/bbq/m3_qwen35_27b_ms500_all_action_bbq/bbq_preds_m3_qwen35_27b_ms500_all_action_bbq_instr_off_ALL.csv;outputs/new_outputs/m3_finetune_qwen35_27b_ms500/bbq/m3_qwen35_27b_ms500_all_allversions_bbq/bbq_preds_m3_qwen35_27b_ms500_all_allversions_bbq_instr_off_ALL.csv;outputs/new_outputs/m3_finetune_qwen35_27b_ms500/bbq/m3_qwen35_27b_ms500_all_event_bbq/bbq_preds_m3_qwen35_27b_ms500_all_event_bbq_instr_off_ALL.csv;outputs/new_outputs/m3_finetune_qwen35_27b_ms500/bbq/m3_qwen35_27b_ms500_all_opinion_bbq/bbq_preds_m3_qwen35_27b_ms500_all_opinion_bbq_instr_off_ALL.csv;outputs/new_outputs/m3_finetune_qwen35_27b_ms500/bbq/m3_qwen35_27b_ms500_ci_bbq/bbq_preds_m3_qwen35_27b_ms500_ci_bbq_instr_off_ALL.csv;outputs/new_outputs/m3_finetune_qwen35_27b_ms500/bbq/m3_qwen35_27b_ms500_ind_bbq/bbq_preds_m3_qwen35_27b_ms500_ind_bbq_instr_off_ALL.csv;outputs/new_outputs/m3_finetune_qwen35_27b_ms500/bbq/m3_qwen35_27b_ms500_pc_bbq/bbq_preds_m3_qwen35_27b_ms500_pc_bbq_instr_off_ALL.csv;outputs/new_outputs/m3_finetune_qwen35_27b_ms500/bbq/m3_qwen35_27b_ms500_pt_bbq/bbq_preds_m3_qwen35_27b_ms500_pt_bbq_instr_off_ALL.csv;outputs/new_outputs/m3_finetune_qwen35_27b_ms500/bbq/m3_qwen35_27b_ms500_sr_bbq/bbq_preds_m3_qwen35_27b_ms500_sr_bbq_instr_off_ALL.csv,ok,,bootstrap row CIs propagated as base_low-method_high/base_high-method_low,0,Bias score ambig.,5.831,5.831,-0.12300000000000022,results/new_results/m3_qwen35_27b_base_all5/bbq/bbq_metrics_m3_qwen35_27b_base_bbq.csv,outputs/new_outputs/m3_qwen35_27b_base_all5/bbq/m3_qwen35_27b_base_bbq/bbq_preds_m3_qwen35_27b_base_bbq_instr_off_ALL.csv
qwen,Qwen 27B,intervention_ablation,bbq,BBQ Ambig.,diy_twopass_no_it_positive_contact,DIY Two Pass (No IT),DIY Two Pass (No IT),positive_contact,Positive contact,Bias_score_ambig,nan,2.1191599972638397,5.221458376085911,29238,200,results/new_results/m6_qwen35_27b_reasoning_plus_original5/m6_qwen35_27b_reasoning_plus_original5_ordered_20260504_220932/m6/eval/m6_qwen35_27b_two_pass_zero__base_positive_contact__positive_contact/bbq/bbq_metrics.csv,outputs/new_outputs/m6_qwen35_27b_reasoning_plus_original5/m6_qwen35_27b_reasoning_plus_original5_ordered_20260504_220932/m6/eval/m6_qwen35_27b_two_pass_zero__base_positive_contact__positive_contact/bbq/bbq_preds_m6_qwen35_27b_two_pass_zero__base_positive_contact__positive_contact_self_debias_two_pass_positive_contact_qwen35_bbq_firstpass_base_qwen35_27b_instr_off_ALL.csv,ok,,bootstrap row CIs propagated as base_low-method_high/base_high-method_low,0,Bias score ambig.,2.124,2.124,3.584,results/new_results/m3_qwen35_27b_base_all5/bbq/bbq_metrics_m3_qwen35_27b_base_bbq.csv,outputs/new_outputs/m3_qwen35_27b_base_all5/bbq/m3_qwen35_27b_base_bbq/bbq_preds_m3_qwen35_27b_base_bbq_instr_off_ALL.csv
qwen,Qwen 27B,intervention_ablation,bbq,BBQ Ambig.,diy_twopass_it_positive_contact,DIY Two Pass (IT),DIY Two Pass (IT),positive_contact,Positive contact,Bias_score_ambig,nan,0.9565462753950378,4.693036459402148,29238,200,results/new_results/m6_qwen35_27b_reasoning_plus_original5/m6_qwen35_27b_reasoning_plus_original5_ordered_20260504_220932/m6/eval/m6_qwen35_27b_two_pass_zero__pc__positive_contact/bbq/bbq_metrics.csv,outputs/new_outputs/m6_qwen35_27b_reasoning_plus_original5/m6_qwen35_27b_reasoning_plus_original5_ordered_20260504_220932/m6/eval/m6_qwen35_27b_two_pass_zero__pc__positive_contact/bbq/bbq_preds_m6_qwen35_27b_two_pass_zero__pc__positive_contact_self_debias_two_pass_positive_contact_qwen35_bbq_firstpass_base_qwen35_27b_instr_off_ALL.csv,ok,,bootstrap row CIs propagated as base_low-method_high/base_high-method_low,0,Bias score ambig.,2.955,2.955,2.753,results/new_results/m3_qwen35_27b_base_all5/bbq/bbq_metrics_m3_qwen35_27b_base_bbq.csv,outputs/new_outputs/m3_qwen35_27b_base_all5/bbq/m3_qwen35_27b_base_bbq/bbq_preds_m3_qwen35_27b_base_bbq_instr_off_ALL.csv
qwen,Qwen 27B,intervention_ablation,bbq,BBQ Disambig.,base,Base Model,Base Model,__base__,Base Model,Bias_score_disambig,0.0,0.0,0.0,,200,results/new_results/m3_qwen35_27b_base_all5/bbq/bbq_metrics_m3_qwen35_27b_base_bbq.csv,,base,,,0,Bias score disambig.,0.884,0.884,,,
qwen,Qwen 27B,intervention_ablation,bbq,BBQ Disambig.,icl_stereotype_replacement,ICL,ICL,stereotype_replacement,Stereotype replacement,Bias_score_disambig,nan,-2.462341778206201,2.090832180471646,29238,200,results/new_results/m4_base_icl_zero/m4_base_icl_zero_allmodels_20260514_005736/qwen35_27b/bbq/bbq_metrics_m4_baseicl_zero_qwen35_27b_sr_bbq.csv,outputs/new_outputs/m4_base_icl_zero/m4_base_icl_zero_allmodels_20260514_005736/qwen35_27b/bbq/m4_baseicl_zero_qwen35_27b_allstrat_bbq/bbq_preds_m4_baseicl_zero_qwen35_27b_allstrat_bbq_instr_all_strategies_ALL.csv;outputs/new_outputs/m4_base_icl_zero/m4_base_icl_zero_allmodels_20260514_005736/qwen35_27b/bbq/m4_baseicl_zero_qwen35_27b_ci_bbq/bbq_preds_m4_baseicl_zero_qwen35_27b_ci_bbq_instr_counter_imaging_ALL.csv;outputs/new_outputs/m4_base_icl_zero/m4_base_icl_zero_allmodels_20260514_005736/qwen35_27b/bbq/m4_baseicl_zero_qwen35_27b_ind_bbq/bbq_preds_m4_baseicl_zero_qwen35_27b_ind_bbq_instr_individuating_ALL.csv;outputs/new_outputs/m4_base_icl_zero/m4_base_icl_zero_allmodels_20260514_005736/qwen35_27b/bbq/m4_baseicl_zero_qwen35_27b_pc_bbq/bbq_preds_m4_baseicl_zero_qwen35_27b_pc_bbq_instr_positive_contact_ALL.csv;outputs/new_outputs/m4_base_icl_zero/m4_base_icl_zero_allmodels_20260514_005736/qwen35_27b/bbq/m4_baseicl_zero_qwen35_27b_pt_bbq/bbq_preds_m4_baseicl_zero_qwen35_27b_pt_bbq_instr_perspective_taking_ALL.csv;outputs/new_outputs/m4_base_icl_zero/m4_base_icl_zero_allmodels_20260514_005736/qwen35_27b/bbq/m4_baseicl_zero_qwen35_27b_sr_bbq/bbq_preds_m4_baseicl_zero_qwen35_27b_sr_bbq_instr_stereotype_replacement_ALL.csv,ok,,bootstrap row CIs propagated as base_low-method_high/base_high-method_low,0,Bias score disambig.,1.167,1.167,-0.28300000000000003,results/new_results/m3_qwen35_27b_base_all5/bbq/bbq_metrics_m3_qwen35_27b_base_bbq.csv,outputs/new_outputs/m3_qwen35_27b_base_all5/bbq/m3_qwen35_27b_base_bbq/bbq_preds_m3_qwen35_27b_base_bbq_instr_off_ALL.csv
qwen,Qwen 27B,intervention_ablation,bbq,BBQ Disambig.,diy_it_stereotype_replacement,DIY IT,DIY IT,stereotype_replacement,Stereotype replacement,Bias_score_disambig,nan,-1.844217377988544,2.1726361757872916,29238,200,results/new_results/m3_finetune_qwen35_27b_ms500/bbq/bbq_metrics_m3_qwen35_27b_ms500_sr_bbq.csv,outputs/new_outputs/m3_finetune_qwen35_27b_ms500/bbq/m3_qwen35_27b_ms500_all_action_bbq/bbq_preds_m3_qwen35_27b_ms500_all_action_bbq_instr_off_ALL.csv;outputs/new_outputs/m3_finetune_qwen35_27b_ms500/bbq/m3_qwen35_27b_ms500_all_allversions_bbq/bbq_preds_m3_qwen35_27b_ms500_all_allversions_bbq_instr_off_ALL.csv;outputs/new_outputs/m3_finetune_qwen35_27b_ms500/bbq/m3_qwen35_27b_ms500_all_event_bbq/bbq_preds_m3_qwen35_27b_ms500_all_event_bbq_instr_off_ALL.csv;outputs/new_outputs/m3_finetune_qwen35_27b_ms500/bbq/m3_qwen35_27b_ms500_all_opinion_bbq/bbq_preds_m3_qwen35_27b_ms500_all_opinion_bbq_instr_off_ALL.csv;outputs/new_outputs/m3_finetune_qwen35_27b_ms500/bbq/m3_qwen35_27b_ms500_ci_bbq/bbq_preds_m3_qwen35_27b_ms500_ci_bbq_instr_off_ALL.csv;outputs/new_outputs/m3_finetune_qwen35_27b_ms500/bbq/m3_qwen35_27b_ms500_ind_bbq/bbq_preds_m3_qwen35_27b_ms500_ind_bbq_instr_off_ALL.csv;outputs/new_outputs/m3_finetune_qwen35_27b_ms500/bbq/m3_qwen35_27b_ms500_pc_bbq/bbq_preds_m3_qwen35_27b_ms500_pc_bbq_instr_off_ALL.csv;outputs/new_outputs/m3_finetune_qwen35_27b_ms500/bbq/m3_qwen35_27b_ms500_pt_bbq/bbq_preds_m3_qwen35_27b_ms500_pt_bbq_instr_off_ALL.csv;outputs/new_outputs/m3_finetune_qwen35_27b_ms500/bbq/m3_qwen35_27b_ms500_sr_bbq/bbq_preds_m3_qwen35_27b_ms500_sr_bbq_instr_off_ALL.csv,ok,,bootstrap row CIs propagated as base_low-method_high/base_high-method_low,0,Bias score disambig.,0.796,0.796,0.08799999999999997,results/new_results/m3_qwen35_27b_base_all5/bbq/bbq_metrics_m3_qwen35_27b_base_bbq.csv,outputs/new_outputs/m3_qwen35_27b_base_all5/bbq/m3_qwen35_27b_base_bbq/bbq_preds_m3_qwen35_27b_base_bbq_instr_off_ALL.csv
qwen,Qwen 27B,intervention_ablation,bbq,BBQ Disambig.,diy_twopass_no_it_stereotype_replacement,DIY Two Pass (No IT),DIY Two Pass (No IT),stereotype_replacement,Stereotype replacement,Bias_score_disambig,nan,-1.9255195981123803,2.2040679154401945,29238,200,results/new_results/m6_qwen35_27b_reasoning_plus_original5/m6_qwen35_27b_reasoning_plus_original5_ordered_20260504_220932/m6/eval/m6_qwen35_27b_two_pass_zero__base_stereotype_replacement__stereotype_replacement/bbq/bbq_metrics.csv,outputs/new_outputs/m6_qwen35_27b_reasoning_plus_original5/m6_qwen35_27b_reasoning_plus_original5_ordered_20260504_220932/m6/eval/m6_qwen35_27b_two_pass_zero__base_stereotype_replacement__stereotype_replacement/bbq/bbq_preds_m6_qwen35_27b_two_pass_zero__base_stereotype_replacement__stereotype_replacement_self_debias_two_pass_stereotype_replacement_qwen35_bbq_firstpass_base_qwen35_27b_instr_off_ALL.csv,ok,,bootstrap row CIs propagated as base_low-method_high/base_high-method_low,0,Bias score disambig.,-0.092,0.092,0.792,results/new_results/m3_qwen35_27b_base_all5/bbq/bbq_metrics_m3_qwen35_27b_base_bbq.csv,outputs/new_outputs/m3_qwen35_27b_base_all5/bbq/m3_qwen35_27b_base_bbq/bbq_preds_m3_qwen35_27b_base_bbq_instr_off_ALL.csv
qwen,Qwen 27B,intervention_ablation,bbq,BBQ Disambig.,diy_twopass_it_stereotype_replacement,DIY Two Pass (IT),DIY Two Pass (IT),stereotype_replacement,Stereotype replacement,Bias_score_disambig,nan,-1.8398843673665584,2.182420058675337,29238,200,results/new_results/m6_qwen35_27b_reasoning_plus_original5/m6_qwen35_27b_reasoning_plus_original5_ordered_20260504_220932/m6/eval/m6_qwen35_27b_two_pass_zero__sr__stereotype_replacement/bbq/bbq_metrics.csv,outputs/new_outputs/m6_qwen35_27b_reasoning_plus_original5/m6_qwen35_27b_reasoning_plus_original5_ordered_20260504_220932/m6/eval/m6_qwen35_27b_two_pass_zero__sr__stereotype_replacement/bbq/bbq_preds_m6_qwen35_27b_two_pass_zero__sr__stereotype_replacement_self_debias_two_pass_stereotype_replacement_qwen35_bbq_firstpass_base_qwen35_27b_instr_off_ALL.csv,ok,,bootstrap row CIs propagated as base_low-method_high/base_high-method_low,0,Bias score disambig.,0.476,0.476,0.40800000000000003,results/new_results/m3_qwen35_27b_base_all5/bbq/bbq_metrics_m3_qwen35_27b_base_bbq.csv,outputs/new_outputs/m3_qwen35_27b_base_all5/bbq/m3_qwen35_27b_base_bbq/bbq_preds_m3_qwen35_27b_base_bbq_instr_off_ALL.csv
qwen,Qwen 27B,intervention_ablation,bbq,BBQ Disambig.,icl_individuating,ICL,ICL,individuating,Individuation,Bias_score_disambig,nan,-2.327296367242922,2.1483996056799395,29238,200,results/new_results/m4_base_icl_zero/m4_base_icl_zero_allmodels_20260514_005736/qwen35_27b/bbq/bbq_metrics_m4_baseicl_zero_qwen35_27b_ind_bbq.csv,outputs/new_outputs/m4_base_icl_zero/m4_base_icl_zero_allmodels_20260514_005736/qwen35_27b/bbq/m4_baseicl_zero_qwen35_27b_allstrat_bbq/bbq_preds_m4_baseicl_zero_qwen35_27b_allstrat_bbq_instr_all_strategies_ALL.csv;outputs/new_outputs/m4_base_icl_zero/m4_base_icl_zero_allmodels_20260514_005736/qwen35_27b/bbq/m4_baseicl_zero_qwen35_27b_ci_bbq/bbq_preds_m4_baseicl_zero_qwen35_27b_ci_bbq_instr_counter_imaging_ALL.csv;outputs/new_outputs/m4_base_icl_zero/m4_base_icl_zero_allmodels_20260514_005736/qwen35_27b/bbq/m4_baseicl_zero_qwen35_27b_ind_bbq/bbq_preds_m4_baseicl_zero_qwen35_27b_ind_bbq_instr_individuating_ALL.csv;outputs/new_outputs/m4_base_icl_zero/m4_base_icl_zero_allmodels_20260514_005736/qwen35_27b/bbq/m4_baseicl_zero_qwen35_27b_pc_bbq/bbq_preds_m4_baseicl_zero_qwen35_27b_pc_bbq_instr_positive_contact_ALL.csv;outputs/new_outputs/m4_base_icl_zero/m4_base_icl_zero_allmodels_20260514_005736/qwen35_27b/bbq/m4_baseicl_zero_qwen35_27b_pt_bbq/bbq_preds_m4_baseicl_zero_qwen35_27b_pt_bbq_instr_perspective_taking_ALL.csv;outputs/new_outputs/m4_base_icl_zero/m4_base_icl_zero_allmodels_20260514_005736/qwen35_27b/bbq/m4_baseicl_zero_qwen35_27b_sr_bbq/bbq_preds_m4_baseicl_zero_qwen35_27b_sr_bbq_instr_stereotype_replacement_ALL.csv,ok,,bootstrap row CIs propagated as base_low-method_high/base_high-method_low,0,Bias score disambig.,0.974,0.974,-0.08999999999999997,results/new_results/m3_qwen35_27b_base_all5/bbq/bbq_metrics_m3_qwen35_27b_base_bbq.csv,outputs/new_outputs/m3_qwen35_27b_base_all5/bbq/m3_qwen35_27b_base_bbq/bbq_preds_m3_qwen35_27b_base_bbq_instr_off_ALL.csv
qwen,Qwen 27B,intervention_ablation,bbq,BBQ Disambig.,diy_it_individuating,DIY IT,DIY IT,individuating,Individuation,Bias_score_disambig,nan,-2.090281793069414,2.1640032998519376,29238,200,results/new_results/m3_finetune_qwen35_27b_ms500/bbq/bbq_metrics_m3_qwen35_27b_ms500_ind_bbq.csv,outputs/new_outputs/m3_finetune_qwen35_27b_ms500/bbq/m3_qwen35_27b_ms500_all_action_bbq/bbq_preds_m3_qwen35_27b_ms500_all_action_bbq_instr_off_ALL.csv;outputs/new_outputs/m3_finetune_qwen35_27b_ms500/bbq/m3_qwen35_27b_ms500_all_allversions_bbq/bbq_preds_m3_qwen35_27b_ms500_all_allversions_bbq_instr_off_ALL.csv;outputs/new_outputs/m3_finetune_qwen35_27b_ms500/bbq/m3_qwen35_27b_ms500_all_event_bbq/bbq_preds_m3_qwen35_27b_ms500_all_event_bbq_instr_off_ALL.csv;outputs/new_outputs/m3_finetune_qwen35_27b_ms500/bbq/m3_qwen35_27b_ms500_all_opinion_bbq/bbq_preds_m3_qwen35_27b_ms500_all_opinion_bbq_instr_off_ALL.csv;outputs/new_outputs/m3_finetune_qwen35_27b_ms500/bbq/m3_qwen35_27b_ms500_ci_bbq/bbq_preds_m3_qwen35_27b_ms500_ci_bbq_instr_off_ALL.csv;outputs/new_outputs/m3_finetune_qwen35_27b_ms500/bbq/m3_qwen35_27b_ms500_ind_bbq/bbq_preds_m3_qwen35_27b_ms500_ind_bbq_instr_off_ALL.csv;outputs/new_outputs/m3_finetune_qwen35_27b_ms500/bbq/m3_qwen35_27b_ms500_pc_bbq/bbq_preds_m3_qwen35_27b_ms500_pc_bbq_instr_off_ALL.csv;outputs/new_outputs/m3_finetune_qwen35_27b_ms500/bbq/m3_qwen35_27b_ms500_pt_bbq/bbq_preds_m3_qwen35_27b_ms500_pt_bbq_instr_off_ALL.csv;outputs/new_outputs/m3_finetune_qwen35_27b_ms500/bbq/m3_qwen35_27b_ms500_sr_bbq/bbq_preds_m3_qwen35_27b_ms500_sr_bbq_instr_off_ALL.csv,ok,,bootstrap row CIs propagated as base_low-method_high/base_high-method_low,0,Bias score disambig.,0.735,0.735,0.14900000000000002,results/new_results/m3_qwen35_27b_base_all5/bbq/bbq_metrics_m3_qwen35_27b_base_bbq.csv,outputs/new_outputs/m3_qwen35_27b_base_all5/bbq/m3_qwen35_27b_base_bbq/bbq_preds_m3_qwen35_27b_base_bbq_instr_off_ALL.csv
qwen,Qwen 27B,intervention_ablation,bbq,BBQ Disambig.,diy_twopass_no_it_individuating,DIY Two Pass (No IT),DIY Two Pass (No IT),individuating,Individuation,Bias_score_disambig,nan,-2.552590414265892,2.1405307299734506,29238,200,results/new_results/m6_qwen35_27b_reasoning_plus_original5/m6_qwen35_27b_reasoning_plus_original5_ordered_20260504_220932/m6/eval/m6_qwen35_27b_two_pass_zero__base_individuating__individuating/bbq/bbq_metrics.csv,outputs/new_outputs/m6_qwen35_27b_reasoning_plus_original5/m6_qwen35_27b_reasoning_plus_original5_ordered_20260504_220932/m6/eval/m6_qwen35_27b_two_pass_zero__base_individuating__individuating/bbq/bbq_preds_m6_qwen35_27b_two_pass_zero__base_individuating__individuating_self_debias_two_pass_individuating_qwen35_bbq_firstpass_base_qwen35_27b_instr_off_ALL.csv,ok,,bootstrap row CIs propagated as base_low-method_high/base_high-method_low,0,Bias score disambig.,0.944,0.944,-0.05999999999999994,results/new_results/m3_qwen35_27b_base_all5/bbq/bbq_metrics_m3_qwen35_27b_base_bbq.csv,outputs/new_outputs/m3_qwen35_27b_base_all5/bbq/m3_qwen35_27b_base_bbq/bbq_preds_m3_qwen35_27b_base_bbq_instr_off_ALL.csv
qwen,Qwen 27B,intervention_ablation,bbq,BBQ Disambig.,diy_twopass_it_individuating,DIY Two Pass (IT),DIY Two Pass (IT),individuating,Individuation,Bias_score_disambig,nan,-1.7735694856383568,2.1682251108364508,29238,200,results/new_results/m6_qwen35_27b_reasoning_plus_original5/m6_qwen35_27b_reasoning_plus_original5_ordered_20260504_220932/m6/eval/m6_qwen35_27b_two_pass_zero__ind__individuating/bbq/bbq_metrics.csv,outputs/new_outputs/m6_qwen35_27b_reasoning_plus_original5/m6_qwen35_27b_reasoning_plus_original5_ordered_20260504_220932/m6/eval/m6_qwen35_27b_two_pass_zero__ind__individuating/bbq/bbq_preds_m6_qwen35_27b_two_pass_zero__ind__individuating_self_debias_two_pass_individuating_qwen35_bbq_firstpass_base_qwen35_27b_instr_off_ALL.csv,ok,,bootstrap row CIs propagated as base_low-method_high/base_high-method_low,0,Bias score disambig.,0.741,0.741,0.14300000000000002,results/new_results/m3_qwen35_27b_base_all5/bbq/bbq_metrics_m3_qwen35_27b_base_bbq.csv,outputs/new_outputs/m3_qwen35_27b_base_all5/bbq/m3_qwen35_27b_base_bbq/bbq_preds_m3_qwen35_27b_base_bbq_instr_off_ALL.csv
qwen,Qwen 27B,intervention_ablation,bbq,BBQ Disambig.,icl_perspective_taking,ICL,ICL,perspective_taking,Perspective-taking,Bias_score_disambig,nan,-2.2147039109083515,2.0995382744956403,29238,200,results/new_results/m4_base_icl_zero/m4_base_icl_zero_allmodels_20260514_005736/qwen35_27b/bbq/bbq_metrics_m4_baseicl_zero_qwen35_27b_pt_bbq.csv,outputs/new_outputs/m4_base_icl_zero/m4_base_icl_zero_allmodels_20260514_005736/qwen35_27b/bbq/m4_baseicl_zero_qwen35_27b_allstrat_bbq/bbq_preds_m4_baseicl_zero_qwen35_27b_allstrat_bbq_instr_all_strategies_ALL.csv;outputs/new_outputs/m4_base_icl_zero/m4_base_icl_zero_allmodels_20260514_005736/qwen35_27b/bbq/m4_baseicl_zero_qwen35_27b_ci_bbq/bbq_preds_m4_baseicl_zero_qwen35_27b_ci_bbq_instr_counter_imaging_ALL.csv;outputs/new_outputs/m4_base_icl_zero/m4_base_icl_zero_allmodels_20260514_005736/qwen35_27b/bbq/m4_baseicl_zero_qwen35_27b_ind_bbq/bbq_preds_m4_baseicl_zero_qwen35_27b_ind_bbq_instr_individuating_ALL.csv;outputs/new_outputs/m4_base_icl_zero/m4_base_icl_zero_allmodels_20260514_005736/qwen35_27b/bbq/m4_baseicl_zero_qwen35_27b_pc_bbq/bbq_preds_m4_baseicl_zero_qwen35_27b_pc_bbq_instr_positive_contact_ALL.csv;outputs/new_outputs/m4_base_icl_zero/m4_base_icl_zero_allmodels_20260514_005736/qwen35_27b/bbq/m4_baseicl_zero_qwen35_27b_pt_bbq/bbq_preds_m4_baseicl_zero_qwen35_27b_pt_bbq_instr_perspective_taking_ALL.csv;outputs/new_outputs/m4_base_icl_zero/m4_base_icl_zero_allmodels_20260514_005736/qwen35_27b/bbq/m4_baseicl_zero_qwen35_27b_sr_bbq/bbq_preds_m4_baseicl_zero_qwen35_27b_sr_bbq_instr_stereotype_replacement_ALL.csv,ok,,bootstrap row CIs propagated as base_low-method_high/base_high-method_low,0,Bias score disambig.,1.15,1.15,-0.2659999999999999,results/new_results/m3_qwen35_27b_base_all5/bbq/bbq_metrics_m3_qwen35_27b_base_bbq.csv,outputs/new_outputs/m3_qwen35_27b_base_all5/bbq/m3_qwen35_27b_base_bbq/bbq_preds_m3_qwen35_27b_base_bbq_instr_off_ALL.csv
qwen,Qwen 27B,intervention_ablation,bbq,BBQ Disambig.,diy_it_perspective_taking,DIY IT,DIY IT,perspective_taking,Perspective-taking,Bias_score_disambig,nan,-1.8392062668612181,2.1888600973760086,29238,200,results/new_results/m3_finetune_qwen35_27b_ms500/bbq/bbq_metrics_m3_qwen35_27b_ms500_pt_bbq.csv,outputs/new_outputs/m3_finetune_qwen35_27b_ms500/bbq/m3_qwen35_27b_ms500_all_action_bbq/bbq_preds_m3_qwen35_27b_ms500_all_action_bbq_instr_off_ALL.csv;outputs/new_outputs/m3_finetune_qwen35_27b_ms500/bbq/m3_qwen35_27b_ms500_all_allversions_bbq/bbq_preds_m3_qwen35_27b_ms500_all_allversions_bbq_instr_off_ALL.csv;outputs/new_outputs/m3_finetune_qwen35_27b_ms500/bbq/m3_qwen35_27b_ms500_all_event_bbq/bbq_preds_m3_qwen35_27b_ms500_all_event_bbq_instr_off_ALL.csv;outputs/new_outputs/m3_finetune_qwen35_27b_ms500/bbq/m3_qwen35_27b_ms500_all_opinion_bbq/bbq_preds_m3_qwen35_27b_ms500_all_opinion_bbq_instr_off_ALL.csv;outputs/new_outputs/m3_finetune_qwen35_27b_ms500/bbq/m3_qwen35_27b_ms500_ci_bbq/bbq_preds_m3_qwen35_27b_ms500_ci_bbq_instr_off_ALL.csv;outputs/new_outputs/m3_finetune_qwen35_27b_ms500/bbq/m3_qwen35_27b_ms500_ind_bbq/bbq_preds_m3_qwen35_27b_ms500_ind_bbq_instr_off_ALL.csv;outputs/new_outputs/m3_finetune_qwen35_27b_ms500/bbq/m3_qwen35_27b_ms500_pc_bbq/bbq_preds_m3_qwen35_27b_ms500_pc_bbq_instr_off_ALL.csv;outputs/new_outputs/m3_finetune_qwen35_27b_ms500/bbq/m3_qwen35_27b_ms500_pt_bbq/bbq_preds_m3_qwen35_27b_ms500_pt_bbq_instr_off_ALL.csv;outputs/new_outputs/m3_finetune_qwen35_27b_ms500/bbq/m3_qwen35_27b_ms500_sr_bbq/bbq_preds_m3_qwen35_27b_ms500_sr_bbq_instr_off_ALL.csv,ok,,bootstrap row CIs propagated as base_low-method_high/base_high-method_low,0,Bias score disambig.,0.942,0.942,-0.05799999999999994,results/new_results/m3_qwen35_27b_base_all5/bbq/bbq_metrics_m3_qwen35_27b_base_bbq.csv,outputs/new_outputs/m3_qwen35_27b_base_all5/bbq/m3_qwen35_27b_base_bbq/bbq_preds_m3_qwen35_27b_base_bbq_instr_off_ALL.csv
qwen,Qwen 27B,intervention_ablation,bbq,BBQ Disambig.,diy_twopass_no_it_perspective_taking,DIY Two Pass (No IT),DIY Two Pass (No IT),perspective_taking,Perspective-taking,Bias_score_disambig,nan,-1.8289160267138573,2.1858226230069695,29238,200,results/new_results/m6_qwen35_27b_reasoning_plus_original5/m6_qwen35_27b_reasoning_plus_original5_ordered_20260504_220932/m6/eval/m6_qwen35_27b_two_pass_zero__base_perspective_taking__perspective_taking/bbq/bbq_metrics.csv,outputs/new_outputs/m6_qwen35_27b_reasoning_plus_original5/m6_qwen35_27b_reasoning_plus_original5_ordered_20260504_220932/m6/eval/m6_qwen35_27b_two_pass_zero__base_perspective_taking__perspective_taking/bbq/bbq_preds_m6_qwen35_27b_two_pass_zero__base_perspective_taking__perspective_taking_self_debias_two_pass_perspective_taking_qwen35_bbq_firstpass_base_qwen35_27b_instr_off_ALL.csv,ok,,bootstrap row CIs propagated as base_low-method_high/base_high-method_low,0,Bias score disambig.,-0.012,0.012,0.872,results/new_results/m3_qwen35_27b_base_all5/bbq/bbq_metrics_m3_qwen35_27b_base_bbq.csv,outputs/new_outputs/m3_qwen35_27b_base_all5/bbq/m3_qwen35_27b_base_bbq/bbq_preds_m3_qwen35_27b_base_bbq_instr_off_ALL.csv
qwen,Qwen 27B,intervention_ablation,bbq,BBQ Disambig.,diy_twopass_it_perspective_taking,DIY Two Pass (IT),DIY Two Pass (IT),perspective_taking,Perspective-taking,Bias_score_disambig,nan,-1.5778528848613265,2.2052538392763763,29238,200,results/new_results/m6_qwen35_27b_reasoning_plus_original5/m6_qwen35_27b_reasoning_plus_original5_ordered_20260504_220932/m6/eval/m6_qwen35_27b_two_pass_zero__pt__perspective_taking/bbq/bbq_metrics.csv,outputs/new_outputs/m6_qwen35_27b_reasoning_plus_original5/m6_qwen35_27b_reasoning_plus_original5_ordered_20260504_220932/m6/eval/m6_qwen35_27b_two_pass_zero__pt__perspective_taking/bbq/bbq_preds_m6_qwen35_27b_two_pass_zero__pt__perspective_taking_self_debias_two_pass_perspective_taking_qwen35_bbq_firstpass_base_qwen35_27b_instr_off_ALL.csv,ok,,bootstrap row CIs propagated as base_low-method_high/base_high-method_low,0,Bias score disambig.,-0.382,0.382,0.502,results/new_results/m3_qwen35_27b_base_all5/bbq/bbq_metrics_m3_qwen35_27b_base_bbq.csv,outputs/new_outputs/m3_qwen35_27b_base_all5/bbq/m3_qwen35_27b_base_bbq/bbq_preds_m3_qwen35_27b_base_bbq_instr_off_ALL.csv
qwen,Qwen 27B,intervention_ablation,bbq,BBQ Disambig.,icl_counter_imaging,ICL,ICL,counter_imaging,Counter-stereotypic imaging,Bias_score_disambig,nan,-2.3559747373195044,2.094851915518208,29238,200,results/new_results/m4_base_icl_zero/m4_base_icl_zero_allmodels_20260514_005736/qwen35_27b/bbq/bbq_metrics_m4_baseicl_zero_qwen35_27b_ci_bbq.csv,outputs/new_outputs/m4_base_icl_zero/m4_base_icl_zero_allmodels_20260514_005736/qwen35_27b/bbq/m4_baseicl_zero_qwen35_27b_allstrat_bbq/bbq_preds_m4_baseicl_zero_qwen35_27b_allstrat_bbq_instr_all_strategies_ALL.csv;outputs/new_outputs/m4_base_icl_zero/m4_base_icl_zero_allmodels_20260514_005736/qwen35_27b/bbq/m4_baseicl_zero_qwen35_27b_ci_bbq/bbq_preds_m4_baseicl_zero_qwen35_27b_ci_bbq_instr_counter_imaging_ALL.csv;outputs/new_outputs/m4_base_icl_zero/m4_base_icl_zero_allmodels_20260514_005736/qwen35_27b/bbq/m4_baseicl_zero_qwen35_27b_ind_bbq/bbq_preds_m4_baseicl_zero_qwen35_27b_ind_bbq_instr_individuating_ALL.csv;outputs/new_outputs/m4_base_icl_zero/m4_base_icl_zero_allmodels_20260514_005736/qwen35_27b/bbq/m4_baseicl_zero_qwen35_27b_pc_bbq/bbq_preds_m4_baseicl_zero_qwen35_27b_pc_bbq_instr_positive_contact_ALL.csv;outputs/new_outputs/m4_base_icl_zero/m4_base_icl_zero_allmodels_20260514_005736/qwen35_27b/bbq/m4_baseicl_zero_qwen35_27b_pt_bbq/bbq_preds_m4_baseicl_zero_qwen35_27b_pt_bbq_instr_perspective_taking_ALL.csv;outputs/new_outputs/m4_base_icl_zero/m4_base_icl_zero_allmodels_20260514_005736/qwen35_27b/bbq/m4_baseicl_zero_qwen35_27b_sr_bbq/bbq_preds_m4_baseicl_zero_qwen35_27b_sr_bbq_instr_stereotype_replacement_ALL.csv,ok,,bootstrap row CIs propagated as base_low-method_high/base_high-method_low,0,Bias score disambig.,1.009,1.009,-0.12499999999999989,results/new_results/m3_qwen35_27b_base_all5/bbq/bbq_metrics_m3_qwen35_27b_base_bbq.csv,outputs/new_outputs/m3_qwen35_27b_base_all5/bbq/m3_qwen35_27b_base_bbq/bbq_preds_m3_qwen35_27b_base_bbq_instr_off_ALL.csv
qwen,Qwen 27B,intervention_ablation,bbq,BBQ Disambig.,diy_it_counter_imaging,DIY IT,DIY IT,counter_imaging,Counter-stereotypic imaging,Bias_score_disambig,nan,-2.063535179597531,2.172594216152152,29238,200,results/new_results/m3_finetune_qwen35_27b_ms500/bbq/bbq_metrics_m3_qwen35_27b_ms500_ci_bbq.csv,outputs/new_outputs/m3_finetune_qwen35_27b_ms500/bbq/m3_qwen35_27b_ms500_all_action_bbq/bbq_preds_m3_qwen35_27b_ms500_all_action_bbq_instr_off_ALL.csv;outputs/new_outputs/m3_finetune_qwen35_27b_ms500/bbq/m3_qwen35_27b_ms500_all_allversions_bbq/bbq_preds_m3_qwen35_27b_ms500_all_allversions_bbq_instr_off_ALL.csv;outputs/new_outputs/m3_finetune_qwen35_27b_ms500/bbq/m3_qwen35_27b_ms500_all_event_bbq/bbq_preds_m3_qwen35_27b_ms500_all_event_bbq_instr_off_ALL.csv;outputs/new_outputs/m3_finetune_qwen35_27b_ms500/bbq/m3_qwen35_27b_ms500_all_opinion_bbq/bbq_preds_m3_qwen35_27b_ms500_all_opinion_bbq_instr_off_ALL.csv;outputs/new_outputs/m3_finetune_qwen35_27b_ms500/bbq/m3_qwen35_27b_ms500_ci_bbq/bbq_preds_m3_qwen35_27b_ms500_ci_bbq_instr_off_ALL.csv;outputs/new_outputs/m3_finetune_qwen35_27b_ms500/bbq/m3_qwen35_27b_ms500_ind_bbq/bbq_preds_m3_qwen35_27b_ms500_ind_bbq_instr_off_ALL.csv;outputs/new_outputs/m3_finetune_qwen35_27b_ms500/bbq/m3_qwen35_27b_ms500_pc_bbq/bbq_preds_m3_qwen35_27b_ms500_pc_bbq_instr_off_ALL.csv;outputs/new_outputs/m3_finetune_qwen35_27b_ms500/bbq/m3_qwen35_27b_ms500_pt_bbq/bbq_preds_m3_qwen35_27b_ms500_pt_bbq_instr_off_ALL.csv;outputs/new_outputs/m3_finetune_qwen35_27b_ms500/bbq/m3_qwen35_27b_ms500_sr_bbq/bbq_preds_m3_qwen35_27b_ms500_sr_bbq_instr_off_ALL.csv,ok,,bootstrap row CIs propagated as base_low-method_high/base_high-method_low,0,Bias score disambig.,0.715,0.715,0.16900000000000004,results/new_results/m3_qwen35_27b_base_all5/bbq/bbq_metrics_m3_qwen35_27b_base_bbq.csv,outputs/new_outputs/m3_qwen35_27b_base_all5/bbq/m3_qwen35_27b_base_bbq/bbq_preds_m3_qwen35_27b_base_bbq_instr_off_ALL.csv
qwen,Qwen 27B,intervention_ablation,bbq,BBQ Disambig.,diy_twopass_no_it_counter_imaging,DIY Two Pass (No IT),DIY Two Pass (No IT),counter_imaging,Counter-stereotypic imaging,Bias_score_disambig,nan,-1.9953898395577694,2.205777808355205,29238,200,results/new_results/m6_qwen35_27b_reasoning_plus_original5/m6_qwen35_27b_reasoning_plus_original5_ordered_20260504_220932/m6/eval/m6_qwen35_27b_two_pass_zero__base_counter_imaging__counter_imaging/bbq/bbq_metrics.csv,outputs/new_outputs/m6_qwen35_27b_reasoning_plus_original5/m6_qwen35_27b_reasoning_plus_original5_ordered_20260504_220932/m6/eval/m6_qwen35_27b_two_pass_zero__base_counter_imaging__counter_imaging/bbq/bbq_preds_m6_qwen35_27b_two_pass_zero__base_counter_imaging__counter_imaging_self_debias_two_pass_counter_imaging_qwen35_bbq_firstpass_base_qwen35_27b_instr_off_ALL.csv,ok,,bootstrap row CIs propagated as base_low-method_high/base_high-method_low,0,Bias score disambig.,0.405,0.405,0.479,results/new_results/m3_qwen35_27b_base_all5/bbq/bbq_metrics_m3_qwen35_27b_base_bbq.csv,outputs/new_outputs/m3_qwen35_27b_base_all5/bbq/m3_qwen35_27b_base_bbq/bbq_preds_m3_qwen35_27b_base_bbq_instr_off_ALL.csv
qwen,Qwen 27B,intervention_ablation,bbq,BBQ Disambig.,diy_twopass_it_counter_imaging,DIY Two Pass (IT),DIY Two Pass (IT),counter_imaging,Counter-stereotypic imaging,Bias_score_disambig,nan,-2.2320394454354813,2.188125381151044,29238,200,results/new_results/m6_qwen35_27b_reasoning_plus_original5/m6_qwen35_27b_reasoning_plus_original5_ordered_20260504_220932/m6/eval/m6_qwen35_27b_two_pass_zero__ci__counter_imaging/bbq/bbq_metrics.csv,outputs/new_outputs/m6_qwen35_27b_reasoning_plus_original5/m6_qwen35_27b_reasoning_plus_original5_ordered_20260504_220932/m6/eval/m6_qwen35_27b_two_pass_zero__ci__counter_imaging/bbq/bbq_preds_m6_qwen35_27b_two_pass_zero__ci__counter_imaging_self_debias_two_pass_counter_imaging_qwen35_bbq_firstpass_base_qwen35_27b_instr_off_ALL.csv,ok,,bootstrap row CIs propagated as base_low-method_high/base_high-method_low,0,Bias score disambig.,0.601,0.601,0.28300000000000003,results/new_results/m3_qwen35_27b_base_all5/bbq/bbq_metrics_m3_qwen35_27b_base_bbq.csv,outputs/new_outputs/m3_qwen35_27b_base_all5/bbq/m3_qwen35_27b_base_bbq/bbq_preds_m3_qwen35_27b_base_bbq_instr_off_ALL.csv
qwen,Qwen 27B,intervention_ablation,bbq,BBQ Disambig.,icl_positive_contact,ICL,ICL,positive_contact,Positive contact,Bias_score_disambig,nan,-2.314977211381979,2.1073079218375286,29238,200,results/new_results/m4_base_icl_zero/m4_base_icl_zero_allmodels_20260514_005736/qwen35_27b/bbq/bbq_metrics_m4_baseicl_zero_qwen35_27b_pc_bbq.csv,outputs/new_outputs/m4_base_icl_zero/m4_base_icl_zero_allmodels_20260514_005736/qwen35_27b/bbq/m4_baseicl_zero_qwen35_27b_allstrat_bbq/bbq_preds_m4_baseicl_zero_qwen35_27b_allstrat_bbq_instr_all_strategies_ALL.csv;outputs/new_outputs/m4_base_icl_zero/m4_base_icl_zero_allmodels_20260514_005736/qwen35_27b/bbq/m4_baseicl_zero_qwen35_27b_ci_bbq/bbq_preds_m4_baseicl_zero_qwen35_27b_ci_bbq_instr_counter_imaging_ALL.csv;outputs/new_outputs/m4_base_icl_zero/m4_base_icl_zero_allmodels_20260514_005736/qwen35_27b/bbq/m4_baseicl_zero_qwen35_27b_ind_bbq/bbq_preds_m4_baseicl_zero_qwen35_27b_ind_bbq_instr_individuating_ALL.csv;outputs/new_outputs/m4_base_icl_zero/m4_base_icl_zero_allmodels_20260514_005736/qwen35_27b/bbq/m4_baseicl_zero_qwen35_27b_pc_bbq/bbq_preds_m4_baseicl_zero_qwen35_27b_pc_bbq_instr_positive_contact_ALL.csv;outputs/new_outputs/m4_base_icl_zero/m4_base_icl_zero_allmodels_20260514_005736/qwen35_27b/bbq/m4_baseicl_zero_qwen35_27b_pt_bbq/bbq_preds_m4_baseicl_zero_qwen35_27b_pt_bbq_instr_perspective_taking_ALL.csv;outputs/new_outputs/m4_base_icl_zero/m4_base_icl_zero_allmodels_20260514_005736/qwen35_27b/bbq/m4_baseicl_zero_qwen35_27b_sr_bbq/bbq_preds_m4_baseicl_zero_qwen35_27b_sr_bbq_instr_stereotype_replacement_ALL.csv,ok,,bootstrap row CIs propagated as base_low-method_high/base_high-method_low,0,Bias score disambig.,0.947,0.947,-0.06299999999999994,results/new_results/m3_qwen35_27b_base_all5/bbq/bbq_metrics_m3_qwen35_27b_base_bbq.csv,outputs/new_outputs/m3_qwen35_27b_base_all5/bbq/m3_qwen35_27b_base_bbq/bbq_preds_m3_qwen35_27b_base_bbq_instr_off_ALL.csv
qwen,Qwen 27B,intervention_ablation,bbq,BBQ Disambig.,diy_it_positive_contact,DIY IT,DIY IT,positive_contact,Positive contact,Bias_score_disambig,nan,-2.0316576304915364,2.200743303984329,29238,200,results/new_results/m3_finetune_qwen35_27b_ms500/bbq/bbq_metrics_m3_qwen35_27b_ms500_pc_bbq.csv,outputs/new_outputs/m3_finetune_qwen35_27b_ms500/bbq/m3_qwen35_27b_ms500_all_action_bbq/bbq_preds_m3_qwen35_27b_ms500_all_action_bbq_instr_off_ALL.csv;outputs/new_outputs/m3_finetune_qwen35_27b_ms500/bbq/m3_qwen35_27b_ms500_all_allversions_bbq/bbq_preds_m3_qwen35_27b_ms500_all_allversions_bbq_instr_off_ALL.csv;outputs/new_outputs/m3_finetune_qwen35_27b_ms500/bbq/m3_qwen35_27b_ms500_all_event_bbq/bbq_preds_m3_qwen35_27b_ms500_all_event_bbq_instr_off_ALL.csv;outputs/new_outputs/m3_finetune_qwen35_27b_ms500/bbq/m3_qwen35_27b_ms500_all_opinion_bbq/bbq_preds_m3_qwen35_27b_ms500_all_opinion_bbq_instr_off_ALL.csv;outputs/new_outputs/m3_finetune_qwen35_27b_ms500/bbq/m3_qwen35_27b_ms500_ci_bbq/bbq_preds_m3_qwen35_27b_ms500_ci_bbq_instr_off_ALL.csv;outputs/new_outputs/m3_finetune_qwen35_27b_ms500/bbq/m3_qwen35_27b_ms500_ind_bbq/bbq_preds_m3_qwen35_27b_ms500_ind_bbq_instr_off_ALL.csv;outputs/new_outputs/m3_finetune_qwen35_27b_ms500/bbq/m3_qwen35_27b_ms500_pc_bbq/bbq_preds_m3_qwen35_27b_ms500_pc_bbq_instr_off_ALL.csv;outputs/new_outputs/m3_finetune_qwen35_27b_ms500/bbq/m3_qwen35_27b_ms500_pt_bbq/bbq_preds_m3_qwen35_27b_ms500_pt_bbq_instr_off_ALL.csv;outputs/new_outputs/m3_finetune_qwen35_27b_ms500/bbq/m3_qwen35_27b_ms500_sr_bbq/bbq_preds_m3_qwen35_27b_ms500_sr_bbq_instr_off_ALL.csv,ok,,bootstrap row CIs propagated as base_low-method_high/base_high-method_low,0,Bias score disambig.,0.596,0.596,0.28800000000000003,results/new_results/m3_qwen35_27b_base_all5/bbq/bbq_metrics_m3_qwen35_27b_base_bbq.csv,outputs/new_outputs/m3_qwen35_27b_base_all5/bbq/m3_qwen35_27b_base_bbq/bbq_preds_m3_qwen35_27b_base_bbq_instr_off_ALL.csv
qwen,Qwen 27B,intervention_ablation,bbq,BBQ Disambig.,diy_twopass_no_it_positive_contact,DIY Two Pass (No IT),DIY Two Pass (No IT),positive_contact,Positive contact,Bias_score_disambig,nan,-1.6672344834681887,2.176914775772463,29238,200,results/new_results/m6_qwen35_27b_reasoning_plus_original5/m6_qwen35_27b_reasoning_plus_original5_ordered_20260504_220932/m6/eval/m6_qwen35_27b_two_pass_zero__base_positive_contact__positive_contact/bbq/bbq_metrics.csv,outputs/new_outputs/m6_qwen35_27b_reasoning_plus_original5/m6_qwen35_27b_reasoning_plus_original5_ordered_20260504_220932/m6/eval/m6_qwen35_27b_two_pass_zero__base_positive_contact__positive_contact/bbq/bbq_preds_m6_qwen35_27b_two_pass_zero__base_positive_contact__positive_contact_self_debias_two_pass_positive_contact_qwen35_bbq_firstpass_base_qwen35_27b_instr_off_ALL.csv,ok,,bootstrap row CIs propagated as base_low-method_high/base_high-method_low,0,Bias score disambig.,0.215,0.215,0.669,results/new_results/m3_qwen35_27b_base_all5/bbq/bbq_metrics_m3_qwen35_27b_base_bbq.csv,outputs/new_outputs/m3_qwen35_27b_base_all5/bbq/m3_qwen35_27b_base_bbq/bbq_preds_m3_qwen35_27b_base_bbq_instr_off_ALL.csv
qwen,Qwen 27B,intervention_ablation,bbq,BBQ Disambig.,diy_twopass_it_positive_contact,DIY Two Pass (IT),DIY Two Pass (IT),positive_contact,Positive contact,Bias_score_disambig,nan,-1.3191197049250531,2.213163505753712,29238,200,results/new_results/m6_qwen35_27b_reasoning_plus_original5/m6_qwen35_27b_reasoning_plus_original5_ordered_20260504_220932/m6/eval/m6_qwen35_27b_two_pass_zero__pc__positive_contact/bbq/bbq_metrics.csv,outputs/new_outputs/m6_qwen35_27b_reasoning_plus_original5/m6_qwen35_27b_reasoning_plus_original5_ordered_20260504_220932/m6/eval/m6_qwen35_27b_two_pass_zero__pc__positive_contact/bbq/bbq_preds_m6_qwen35_27b_two_pass_zero__pc__positive_contact_self_debias_two_pass_positive_contact_qwen35_bbq_firstpass_base_qwen35_27b_instr_off_ALL.csv,ok,,bootstrap row CIs propagated as base_low-method_high/base_high-method_low,0,Bias score disambig.,0.263,0.263,0.621,results/new_results/m3_qwen35_27b_base_all5/bbq/bbq_metrics_m3_qwen35_27b_base_bbq.csv,outputs/new_outputs/m3_qwen35_27b_base_all5/bbq/m3_qwen35_27b_base_bbq/bbq_preds_m3_qwen35_27b_base_bbq_instr_off_ALL.csv
qwen,Qwen 27B,intervention_ablation,winobias,WinoBias,base,Base Model,Base Model,__base__,Base Model,abs_pro_anti_gap,0.0,0.0,0.0,,200,results/new_results/m3_qwen35_27b_base_all5/evalshared/winobias/m3_qwen35_27b_base_winobias/winobias_metrics_overall_m3_qwen35_27b_base_winobias.csv,,base,,,0,Abs. pro/anti gap,0.077020202,0.077020202,,,
qwen,Qwen 27B,intervention_ablation,winobias,WinoBias,icl_stereotype_replacement,ICL,ICL,stereotype_replacement,Stereotype replacement,abs_pro_anti_gap,nan,-0.07224764520417906,0.05981916671276639,1584,200,results/new_results/m4_base_icl_zero/m4_base_icl_zero_allmodels_20260514_005736/qwen35_27b/evalshared/winobias/m4_baseicl_zero_qwen35_27b_sr_winobias/winobias_metrics_overall_m4_baseicl_zero_qwen35_27b_sr_winobias.csv,outputs/new_outputs/m4_base_icl_zero/m4_base_icl_zero_allmodels_20260514_005736/qwen35_27b/evalshared/winobias/m4_baseicl_zero_qwen35_27b_sr_winobias/winobias_predictions_m4_baseicl_zero_qwen35_27b_sr_winobias.csv,ok,,bootstrap row CIs propagated as base_low-method_high/base_high-method_low,0,Abs. pro/anti gap,0.078282828,0.078282828,-0.0012626260000000028,results/new_results/m3_qwen35_27b_base_all5/evalshared/winobias/m3_qwen35_27b_base_winobias/winobias_metrics_overall_m3_qwen35_27b_base_winobias.csv,outputs/new_outputs/m3_qwen35_27b_base_all5/evalshared/winobias/m3_qwen35_27b_base_winobias/winobias_predictions_m3_qwen35_27b_base_winobias.csv
qwen,Qwen 27B,intervention_ablation,winobias,WinoBias,diy_it_stereotype_replacement,DIY IT,DIY IT,stereotype_replacement,Stereotype replacement,abs_pro_anti_gap,nan,-0.05026367233283095,0.06917597210310354,1584,200,results/new_results/m3_finetune_qwen35_27b_ms500/evalshared/winobias/m3_qwen35_27b_ms500_sr_winobias/winobias_metrics_overall_m3_qwen35_27b_ms500_sr_winobias.csv,outputs/new_outputs/m3_finetune_qwen35_27b_ms500/evalshared/winobias/m3_qwen35_27b_ms500_sr_winobias/winobias_predictions_m3_qwen35_27b_ms500_sr_winobias.csv,ok,,bootstrap row CIs propagated as base_low-method_high/base_high-method_low,0,Abs. pro/anti gap,0.068181818,0.068181818,0.00883838399999999,results/new_results/m3_qwen35_27b_base_all5/evalshared/winobias/m3_qwen35_27b_base_winobias/winobias_metrics_overall_m3_qwen35_27b_base_winobias.csv,outputs/new_outputs/m3_qwen35_27b_base_all5/evalshared/winobias/m3_qwen35_27b_base_winobias/winobias_predictions_m3_qwen35_27b_base_winobias.csv
qwen,Qwen 27B,intervention_ablation,winobias,WinoBias,diy_twopass_no_it_stereotype_replacement,DIY Two Pass (No IT),DIY Two Pass (No IT),stereotype_replacement,Stereotype replacement,abs_pro_anti_gap,nan,-0.019558816346442465,0.10897350342226195,1584,200,results/new_results/m6_qwen35_27b_reasoning_plus_original5/m6_qwen35_27b_reasoning_plus_original5_ordered_20260504_220932/m6/eval/m6_qwen35_27b_two_pass_zero__base_stereotype_replacement__stereotype_replacement/winobias/winobias/m6_qwen35_27b_two_pass_zero__base_stereotype_replacement__stereotype_replacement_self_debias_two_pass_stereotype_replacement/winobias_metrics_overall_m6_qwen35_27b_two_pass_zero__base_stereotype_replacement__stereotype_replacement_self_debias_two_pass_stereotype_replacement.csv,outputs/new_outputs/m6_qwen35_27b_reasoning_plus_original5/m6_qwen35_27b_reasoning_plus_original5_ordered_20260504_220932/m6/eval/m6_qwen35_27b_two_pass_zero__base_stereotype_replacement__stereotype_replacement/winobias/winobias/m6_qwen35_27b_two_pass_zero__base_stereotype_replacement__stereotype_replacement_self_debias_two_pass_stereotype_replacement/winobias_predictions_m6_qwen35_27b_two_pass_zero__base_stereotype_replacement__stereotype_replacement_self_debias_two_pass_stereotype_replacement.csv,ok,,bootstrap row CIs propagated as base_low-method_high/base_high-method_low,0,Abs. pro/anti gap,0.012626263,0.012626263,0.064393939,results/new_results/m3_qwen35_27b_base_all5/evalshared/winobias/m3_qwen35_27b_base_winobias/winobias_metrics_overall_m3_qwen35_27b_base_winobias.csv,outputs/new_outputs/m3_qwen35_27b_base_all5/evalshared/winobias/m3_qwen35_27b_base_winobias/winobias_predictions_m3_qwen35_27b_base_winobias.csv
qwen,Qwen 27B,intervention_ablation,winobias,WinoBias,diy_twopass_it_stereotype_replacement,DIY Two Pass (IT),DIY Two Pass (IT),stereotype_replacement,Stereotype replacement,abs_pro_anti_gap,nan,-0.03968281530312226,0.10873117509138597,1584,200,results/new_results/m6_qwen35_27b_reasoning_plus_original5/m6_qwen35_27b_reasoning_plus_original5_ordered_20260504_220932/m6/eval/m6_qwen35_27b_two_pass_zero__sr__stereotype_replacement/winobias/winobias/m6_qwen35_27b_two_pass_zero__sr__stereotype_replacement_self_debias_two_pass_stereotype_replacement/winobias_metrics_overall_m6_qwen35_27b_two_pass_zero__sr__stereotype_replacement_self_debias_two_pass_stereotype_replacement.csv,outputs/new_outputs/m6_qwen35_27b_reasoning_plus_original5/m6_qwen35_27b_reasoning_plus_original5_ordered_20260504_220932/m6/eval/m6_qwen35_27b_two_pass_zero__sr__stereotype_replacement/winobias/winobias/m6_qwen35_27b_two_pass_zero__sr__stereotype_replacement_self_debias_two_pass_stereotype_replacement/winobias_predictions_m6_qwen35_27b_two_pass_zero__sr__stereotype_replacement_self_debias_two_pass_stereotype_replacement.csv,ok,,bootstrap row CIs propagated as base_low-method_high/base_high-method_low,0,Abs. pro/anti gap,0.029040404,0.029040404,0.047979798,results/new_results/m3_qwen35_27b_base_all5/evalshared/winobias/m3_qwen35_27b_base_winobias/winobias_metrics_overall_m3_qwen35_27b_base_winobias.csv,outputs/new_outputs/m3_qwen35_27b_base_all5/evalshared/winobias/m3_qwen35_27b_base_winobias/winobias_predictions_m3_qwen35_27b_base_winobias.csv
qwen,Qwen 27B,intervention_ablation,winobias,WinoBias,icl_individuating,ICL,ICL,individuating,Individuation,abs_pro_anti_gap,nan,-0.07101955837594953,0.06909834728898301,1584,200,results/new_results/m4_base_icl_zero/m4_base_icl_zero_allmodels_20260514_005736/qwen35_27b/evalshared/winobias/m4_baseicl_zero_qwen35_27b_ind_winobias/winobias_metrics_overall_m4_baseicl_zero_qwen35_27b_ind_winobias.csv,outputs/new_outputs/m4_base_icl_zero/m4_base_icl_zero_allmodels_20260514_005736/qwen35_27b/evalshared/winobias/m4_baseicl_zero_qwen35_27b_ind_winobias/winobias_predictions_m4_baseicl_zero_qwen35_27b_ind_winobias.csv,ok,,bootstrap row CIs propagated as base_low-method_high/base_high-method_low,0,Abs. pro/anti gap,0.078282828,0.078282828,-0.0012626260000000028,results/new_results/m3_qwen35_27b_base_all5/evalshared/winobias/m3_qwen35_27b_base_winobias/winobias_metrics_overall_m3_qwen35_27b_base_winobias.csv,outputs/new_outputs/m3_qwen35_27b_base_all5/evalshared/winobias/m3_qwen35_27b_base_winobias/winobias_predictions_m3_qwen35_27b_base_winobias.csv
qwen,Qwen 27B,intervention_ablation,winobias,WinoBias,diy_it_individuating,DIY IT,DIY IT,individuating,Individuation,abs_pro_anti_gap,nan,-0.05888233112189635,0.06233567215861697,1584,200,results/new_results/m3_finetune_qwen35_27b_ms500/evalshared/winobias/m3_qwen35_27b_ms500_ind_winobias/winobias_metrics_overall_m3_qwen35_27b_ms500_ind_winobias.csv,outputs/new_outputs/m3_finetune_qwen35_27b_ms500/evalshared/winobias/m3_qwen35_27b_ms500_ind_winobias/winobias_predictions_m3_qwen35_27b_ms500_ind_winobias.csv,ok,,bootstrap row CIs propagated as base_low-method_high/base_high-method_low,0,Abs. pro/anti gap,0.074494949,0.074494949,0.002525252999999991,results/new_results/m3_qwen35_27b_base_all5/evalshared/winobias/m3_qwen35_27b_base_winobias/winobias_metrics_overall_m3_qwen35_27b_base_winobias.csv,outputs/new_outputs/m3_qwen35_27b_base_all5/evalshared/winobias/m3_qwen35_27b_base_winobias/winobias_predictions_m3_qwen35_27b_base_winobias.csv
qwen,Qwen 27B,intervention_ablation,winobias,WinoBias,diy_twopass_no_it_individuating,DIY Two Pass (No IT),DIY Two Pass (No IT),individuating,Individuation,abs_pro_anti_gap,nan,-0.019532273915661688,0.10977729439260807,1584,200,results/new_results/m6_qwen35_27b_reasoning_plus_original5/m6_qwen35_27b_reasoning_plus_original5_ordered_20260504_220932/m6/eval/m6_qwen35_27b_two_pass_zero__base_individuating__individuating/winobias/winobias/m6_qwen35_27b_two_pass_zero__base_individuating__individuating_self_debias_two_pass_individuating/winobias_metrics_overall_m6_qwen35_27b_two_pass_zero__base_individuating__individuating_self_debias_two_pass_individuating.csv,outputs/new_outputs/m6_qwen35_27b_reasoning_plus_original5/m6_qwen35_27b_reasoning_plus_original5_ordered_20260504_220932/m6/eval/m6_qwen35_27b_two_pass_zero__base_individuating__individuating/winobias/winobias/m6_qwen35_27b_two_pass_zero__base_individuating__individuating_self_debias_two_pass_individuating/winobias_predictions_m6_qwen35_27b_two_pass_zero__base_individuating__individuating_self_debias_two_pass_individuating.csv,ok,,bootstrap row CIs propagated as base_low-method_high/base_high-method_low,0,Abs. pro/anti gap,0.013888889,0.013888889,0.063131313,results/new_results/m3_qwen35_27b_base_all5/evalshared/winobias/m3_qwen35_27b_base_winobias/winobias_metrics_overall_m3_qwen35_27b_base_winobias.csv,outputs/new_outputs/m3_qwen35_27b_base_all5/evalshared/winobias/m3_qwen35_27b_base_winobias/winobias_predictions_m3_qwen35_27b_base_winobias.csv
qwen,Qwen 27B,intervention_ablation,winobias,WinoBias,diy_twopass_it_individuating,DIY Two Pass (IT),DIY Two Pass (IT),individuating,Individuation,abs_pro_anti_gap,nan,-0.049705181469462775,0.10284313789647068,1584,200,results/new_results/m6_qwen35_27b_reasoning_plus_original5/m6_qwen35_27b_reasoning_plus_original5_ordered_20260504_220932/m6/eval/m6_qwen35_27b_two_pass_zero__ind__individuating/winobias/winobias/m6_qwen35_27b_two_pass_zero__ind__individuating_self_debias_two_pass_individuating/winobias_metrics_overall_m6_qwen35_27b_two_pass_zero__ind__individuating_self_debias_two_pass_individuating.csv,outputs/new_outputs/m6_qwen35_27b_reasoning_plus_original5/m6_qwen35_27b_reasoning_plus_original5_ordered_20260504_220932/m6/eval/m6_qwen35_27b_two_pass_zero__ind__individuating/winobias/winobias/m6_qwen35_27b_two_pass_zero__ind__individuating_self_debias_two_pass_individuating/winobias_predictions_m6_qwen35_27b_two_pass_zero__ind__individuating_self_debias_two_pass_individuating.csv,ok,,bootstrap row CIs propagated as base_low-method_high/base_high-method_low,0,Abs. pro/anti gap,0.045454545,0.045454545,0.031565657,results/new_results/m3_qwen35_27b_base_all5/evalshared/winobias/m3_qwen35_27b_base_winobias/winobias_metrics_overall_m3_qwen35_27b_base_winobias.csv,outputs/new_outputs/m3_qwen35_27b_base_all5/evalshared/winobias/m3_qwen35_27b_base_winobias/winobias_predictions_m3_qwen35_27b_base_winobias.csv
qwen,Qwen 27B,intervention_ablation,winobias,WinoBias,icl_perspective_taking,ICL,ICL,perspective_taking,Perspective-taking,abs_pro_anti_gap,nan,-0.0719412696447588,0.06599059444847957,1584,200,results/new_results/m4_base_icl_zero/m4_base_icl_zero_allmodels_20260514_005736/qwen35_27b/evalshared/winobias/m4_baseicl_zero_qwen35_27b_pt_winobias/winobias_metrics_overall_m4_baseicl_zero_qwen35_27b_pt_winobias.csv,outputs/new_outputs/m4_base_icl_zero/m4_base_icl_zero_allmodels_20260514_005736/qwen35_27b/evalshared/winobias/m4_baseicl_zero_qwen35_27b_pt_winobias/winobias_predictions_m4_baseicl_zero_qwen35_27b_pt_winobias.csv,ok,,bootstrap row CIs propagated as base_low-method_high/base_high-method_low,0,Abs. pro/anti gap,0.078282828,0.078282828,-0.0012626260000000028,results/new_results/m3_qwen35_27b_base_all5/evalshared/winobias/m3_qwen35_27b_base_winobias/winobias_metrics_overall_m3_qwen35_27b_base_winobias.csv,outputs/new_outputs/m3_qwen35_27b_base_all5/evalshared/winobias/m3_qwen35_27b_base_winobias/winobias_predictions_m3_qwen35_27b_base_winobias.csv
qwen,Qwen 27B,intervention_ablation,winobias,WinoBias,diy_it_perspective_taking,DIY IT,DIY IT,perspective_taking,Perspective-taking,abs_pro_anti_gap,nan,-0.07842942862776546,0.04118333977392337,1584,200,results/new_results/m3_finetune_qwen35_27b_ms500/evalshared/winobias/m3_qwen35_27b_ms500_pt_winobias/winobias_metrics_overall_m3_qwen35_27b_ms500_pt_winobias.csv,outputs/new_outputs/m3_finetune_qwen35_27b_ms500/evalshared/winobias/m3_qwen35_27b_ms500_pt_winobias/winobias_predictions_m3_qwen35_27b_ms500_pt_winobias.csv,ok,,bootstrap row CIs propagated as base_low-method_high/base_high-method_low,0,Abs. pro/anti gap,0.09469697,0.09469697,-0.01767676800000001,results/new_results/m3_qwen35_27b_base_all5/evalshared/winobias/m3_qwen35_27b_base_winobias/winobias_metrics_overall_m3_qwen35_27b_base_winobias.csv,outputs/new_outputs/m3_qwen35_27b_base_all5/evalshared/winobias/m3_qwen35_27b_base_winobias/winobias_predictions_m3_qwen35_27b_base_winobias.csv
qwen,Qwen 27B,intervention_ablation,winobias,WinoBias,diy_twopass_no_it_perspective_taking,DIY Two Pass (No IT),DIY Two Pass (No IT),perspective_taking,Perspective-taking,abs_pro_anti_gap,nan,-0.03726990292831969,0.10912339673083576,1584,200,results/new_results/m6_qwen35_27b_reasoning_plus_original5/m6_qwen35_27b_reasoning_plus_original5_ordered_20260504_220932/m6/eval/m6_qwen35_27b_two_pass_zero__base_perspective_taking__perspective_taking/winobias/winobias/m6_qwen35_27b_two_pass_zero__base_perspective_taking__perspective_taking_self_debias_two_pass_perspective_taking/winobias_metrics_overall_m6_qwen35_27b_two_pass_zero__base_perspective_taking__perspective_taking_self_debias_two_pass_perspective_taking.csv,outputs/new_outputs/m6_qwen35_27b_reasoning_plus_original5/m6_qwen35_27b_reasoning_plus_original5_ordered_20260504_220932/m6/eval/m6_qwen35_27b_two_pass_zero__base_perspective_taking__perspective_taking/winobias/winobias/m6_qwen35_27b_two_pass_zero__base_perspective_taking__perspective_taking_self_debias_two_pass_perspective_taking/winobias_predictions_m6_qwen35_27b_two_pass_zero__base_perspective_taking__perspective_taking_self_debias_two_pass_perspective_taking.csv,ok,,bootstrap row CIs propagated as base_low-method_high/base_high-method_low,0,Abs. pro/anti gap,0.025252525,0.025252525,0.051767677,results/new_results/m3_qwen35_27b_base_all5/evalshared/winobias/m3_qwen35_27b_base_winobias/winobias_metrics_overall_m3_qwen35_27b_base_winobias.csv,outputs/new_outputs/m3_qwen35_27b_base_all5/evalshared/winobias/m3_qwen35_27b_base_winobias/winobias_predictions_m3_qwen35_27b_base_winobias.csv
qwen,Qwen 27B,intervention_ablation,winobias,WinoBias,diy_twopass_it_perspective_taking,DIY Two Pass (IT),DIY Two Pass (IT),perspective_taking,Perspective-taking,abs_pro_anti_gap,nan,-0.029785268122772865,0.10950622229221035,1584,200,results/new_results/m6_qwen35_27b_reasoning_plus_original5/m6_qwen35_27b_reasoning_plus_original5_ordered_20260504_220932/m6/eval/m6_qwen35_27b_two_pass_zero__pt__perspective_taking/winobias/winobias/m6_qwen35_27b_two_pass_zero__pt__perspective_taking_self_debias_two_pass_perspective_taking/winobias_metrics_overall_m6_qwen35_27b_two_pass_zero__pt__perspective_taking_self_debias_two_pass_perspective_taking.csv,outputs/new_outputs/m6_qwen35_27b_reasoning_plus_original5/m6_qwen35_27b_reasoning_plus_original5_ordered_20260504_220932/m6/eval/m6_qwen35_27b_two_pass_zero__pt__perspective_taking/winobias/winobias/m6_qwen35_27b_two_pass_zero__pt__perspective_taking_self_debias_two_pass_perspective_taking/winobias_predictions_m6_qwen35_27b_two_pass_zero__pt__perspective_taking_self_debias_two_pass_perspective_taking.csv,ok,,bootstrap row CIs propagated as base_low-method_high/base_high-method_low,0,Abs. pro/anti gap,0.023989899,0.023989899,0.053030303,results/new_results/m3_qwen35_27b_base_all5/evalshared/winobias/m3_qwen35_27b_base_winobias/winobias_metrics_overall_m3_qwen35_27b_base_winobias.csv,outputs/new_outputs/m3_qwen35_27b_base_all5/evalshared/winobias/m3_qwen35_27b_base_winobias/winobias_predictions_m3_qwen35_27b_base_winobias.csv
qwen,Qwen 27B,intervention_ablation,winobias,WinoBias,icl_counter_imaging,ICL,ICL,counter_imaging,Counter-stereotypic imaging,abs_pro_anti_gap,nan,-0.07400928139132124,0.06841736828256371,1584,200,results/new_results/m4_base_icl_zero/m4_base_icl_zero_allmodels_20260514_005736/qwen35_27b/evalshared/winobias/m4_baseicl_zero_qwen35_27b_ci_winobias/winobias_metrics_overall_m4_baseicl_zero_qwen35_27b_ci_winobias.csv,outputs/new_outputs/m4_base_icl_zero/m4_base_icl_zero_allmodels_20260514_005736/qwen35_27b/evalshared/winobias/m4_baseicl_zero_qwen35_27b_ci_winobias/winobias_predictions_m4_baseicl_zero_qwen35_27b_ci_winobias.csv,ok,,bootstrap row CIs propagated as base_low-method_high/base_high-method_low,0,Abs. pro/anti gap,0.078282828,0.078282828,-0.0012626260000000028,results/new_results/m3_qwen35_27b_base_all5/evalshared/winobias/m3_qwen35_27b_base_winobias/winobias_metrics_overall_m3_qwen35_27b_base_winobias.csv,outputs/new_outputs/m3_qwen35_27b_base_all5/evalshared/winobias/m3_qwen35_27b_base_winobias/winobias_predictions_m3_qwen35_27b_base_winobias.csv
qwen,Qwen 27B,intervention_ablation,winobias,WinoBias,diy_it_counter_imaging,DIY IT,DIY IT,counter_imaging,Counter-stereotypic imaging,abs_pro_anti_gap,nan,-0.06467047502243975,0.054376951795742236,1584,200,results/new_results/m3_finetune_qwen35_27b_ms500/evalshared/winobias/m3_qwen35_27b_ms500_ci_winobias/winobias_metrics_overall_m3_qwen35_27b_ms500_ci_winobias.csv,outputs/new_outputs/m3_finetune_qwen35_27b_ms500/evalshared/winobias/m3_qwen35_27b_ms500_ci_winobias/winobias_predictions_m3_qwen35_27b_ms500_ci_winobias.csv,ok,,bootstrap row CIs propagated as base_low-method_high/base_high-method_low,0,Abs. pro/anti gap,0.083333333,0.083333333,-0.006313131,results/new_results/m3_qwen35_27b_base_all5/evalshared/winobias/m3_qwen35_27b_base_winobias/winobias_metrics_overall_m3_qwen35_27b_base_winobias.csv,outputs/new_outputs/m3_qwen35_27b_base_all5/evalshared/winobias/m3_qwen35_27b_base_winobias/winobias_predictions_m3_qwen35_27b_base_winobias.csv
qwen,Qwen 27B,intervention_ablation,winobias,WinoBias,diy_twopass_no_it_counter_imaging,DIY Two Pass (No IT),DIY Two Pass (No IT),counter_imaging,Counter-stereotypic imaging,abs_pro_anti_gap,nan,-0.02306622900604155,0.10894443469349616,1584,200,results/new_results/m6_qwen35_27b_reasoning_plus_original5/m6_qwen35_27b_reasoning_plus_original5_ordered_20260504_220932/m6/eval/m6_qwen35_27b_two_pass_zero__base_counter_imaging__counter_imaging/winobias/winobias/m6_qwen35_27b_two_pass_zero__base_counter_imaging__counter_imaging_self_debias_two_pass_counter_imaging/winobias_metrics_overall_m6_qwen35_27b_two_pass_zero__base_counter_imaging__counter_imaging_self_debias_two_pass_counter_imaging.csv,outputs/new_outputs/m6_qwen35_27b_reasoning_plus_original5/m6_qwen35_27b_reasoning_plus_original5_ordered_20260504_220932/m6/eval/m6_qwen35_27b_two_pass_zero__base_counter_imaging__counter_imaging/winobias/winobias/m6_qwen35_27b_two_pass_zero__base_counter_imaging__counter_imaging_self_debias_two_pass_counter_imaging/winobias_predictions_m6_qwen35_27b_two_pass_zero__base_counter_imaging__counter_imaging_self_debias_two_pass_counter_imaging.csv,ok,,bootstrap row CIs propagated as base_low-method_high/base_high-method_low,0,Abs. pro/anti gap,0.017676768,0.017676768,0.059343434,results/new_results/m3_qwen35_27b_base_all5/evalshared/winobias/m3_qwen35_27b_base_winobias/winobias_metrics_overall_m3_qwen35_27b_base_winobias.csv,outputs/new_outputs/m3_qwen35_27b_base_all5/evalshared/winobias/m3_qwen35_27b_base_winobias/winobias_predictions_m3_qwen35_27b_base_winobias.csv
qwen,Qwen 27B,intervention_ablation,winobias,WinoBias,diy_twopass_it_counter_imaging,DIY Two Pass (IT),DIY Two Pass (IT),counter_imaging,Counter-stereotypic imaging,abs_pro_anti_gap,nan,-0.031758935683589645,0.10806932842675458,1584,200,results/new_results/m6_qwen35_27b_reasoning_plus_original5/m6_qwen35_27b_reasoning_plus_original5_ordered_20260504_220932/m6/eval/m6_qwen35_27b_two_pass_zero__ci__counter_imaging/winobias/winobias/m6_qwen35_27b_two_pass_zero__ci__counter_imaging_self_debias_two_pass_counter_imaging/winobias_metrics_overall_m6_qwen35_27b_two_pass_zero__ci__counter_imaging_self_debias_two_pass_counter_imaging.csv,outputs/new_outputs/m6_qwen35_27b_reasoning_plus_original5/m6_qwen35_27b_reasoning_plus_original5_ordered_20260504_220932/m6/eval/m6_qwen35_27b_two_pass_zero__ci__counter_imaging/winobias/winobias/m6_qwen35_27b_two_pass_zero__ci__counter_imaging_self_debias_two_pass_counter_imaging/winobias_predictions_m6_qwen35_27b_two_pass_zero__ci__counter_imaging_self_debias_two_pass_counter_imaging.csv,ok,,bootstrap row CIs propagated as base_low-method_high/base_high-method_low,0,Abs. pro/anti gap,0.029040404,0.029040404,0.047979798,results/new_results/m3_qwen35_27b_base_all5/evalshared/winobias/m3_qwen35_27b_base_winobias/winobias_metrics_overall_m3_qwen35_27b_base_winobias.csv,outputs/new_outputs/m3_qwen35_27b_base_all5/evalshared/winobias/m3_qwen35_27b_base_winobias/winobias_predictions_m3_qwen35_27b_base_winobias.csv
qwen,Qwen 27B,intervention_ablation,winobias,WinoBias,icl_positive_contact,ICL,ICL,positive_contact,Positive contact,abs_pro_anti_gap,nan,-0.07156291146071543,0.06091635241402626,1584,200,results/new_results/m4_base_icl_zero/m4_base_icl_zero_allmodels_20260514_005736/qwen35_27b/evalshared/winobias/m4_baseicl_zero_qwen35_27b_pc_winobias/winobias_metrics_overall_m4_baseicl_zero_qwen35_27b_pc_winobias.csv,outputs/new_outputs/m4_base_icl_zero/m4_base_icl_zero_allmodels_20260514_005736/qwen35_27b/evalshared/winobias/m4_baseicl_zero_qwen35_27b_pc_winobias/winobias_predictions_m4_baseicl_zero_qwen35_27b_pc_winobias.csv,ok,,bootstrap row CIs propagated as base_low-method_high/base_high-method_low,0,Abs. pro/anti gap,0.078282828,0.078282828,-0.0012626260000000028,results/new_results/m3_qwen35_27b_base_all5/evalshared/winobias/m3_qwen35_27b_base_winobias/winobias_metrics_overall_m3_qwen35_27b_base_winobias.csv,outputs/new_outputs/m3_qwen35_27b_base_all5/evalshared/winobias/m3_qwen35_27b_base_winobias/winobias_predictions_m3_qwen35_27b_base_winobias.csv
qwen,Qwen 27B,intervention_ablation,winobias,WinoBias,diy_it_positive_contact,DIY IT,DIY IT,positive_contact,Positive contact,abs_pro_anti_gap,nan,-0.07033530395652306,0.04740752935570225,1584,200,results/new_results/m3_finetune_qwen35_27b_ms500/evalshared/winobias/m3_qwen35_27b_ms500_pc_winobias/winobias_metrics_overall_m3_qwen35_27b_ms500_pc_winobias.csv,outputs/new_outputs/m3_finetune_qwen35_27b_ms500/evalshared/winobias/m3_qwen35_27b_ms500_pc_winobias/winobias_predictions_m3_qwen35_27b_ms500_pc_winobias.csv,ok,,bootstrap row CIs propagated as base_low-method_high/base_high-method_low,0,Abs. pro/anti gap,0.087121212,0.087121212,-0.010101010000000007,results/new_results/m3_qwen35_27b_base_all5/evalshared/winobias/m3_qwen35_27b_base_winobias/winobias_metrics_overall_m3_qwen35_27b_base_winobias.csv,outputs/new_outputs/m3_qwen35_27b_base_all5/evalshared/winobias/m3_qwen35_27b_base_winobias/winobias_predictions_m3_qwen35_27b_base_winobias.csv
qwen,Qwen 27B,intervention_ablation,winobias,WinoBias,diy_twopass_no_it_positive_contact,DIY Two Pass (No IT),DIY Two Pass (No IT),positive_contact,Positive contact,abs_pro_anti_gap,nan,-0.01841007275543753,0.1093389918782408,1584,200,results/new_results/m6_qwen35_27b_reasoning_plus_original5/m6_qwen35_27b_reasoning_plus_original5_ordered_20260504_220932/m6/eval/m6_qwen35_27b_two_pass_zero__base_positive_contact__positive_contact/winobias/winobias/m6_qwen35_27b_two_pass_zero__base_positive_contact__positive_contact_self_debias_two_pass_positive_contact/winobias_metrics_overall_m6_qwen35_27b_two_pass_zero__base_positive_contact__positive_contact_self_debias_two_pass_positive_contact.csv,outputs/new_outputs/m6_qwen35_27b_reasoning_plus_original5/m6_qwen35_27b_reasoning_plus_original5_ordered_20260504_220932/m6/eval/m6_qwen35_27b_two_pass_zero__base_positive_contact__positive_contact/winobias/winobias/m6_qwen35_27b_two_pass_zero__base_positive_contact__positive_contact_self_debias_two_pass_positive_contact/winobias_predictions_m6_qwen35_27b_two_pass_zero__base_positive_contact__positive_contact_self_debias_two_pass_positive_contact.csv,ok,,bootstrap row CIs propagated as base_low-method_high/base_high-method_low,0,Abs. pro/anti gap,0.015151515,0.015151515,0.06186868699999999,results/new_results/m3_qwen35_27b_base_all5/evalshared/winobias/m3_qwen35_27b_base_winobias/winobias_metrics_overall_m3_qwen35_27b_base_winobias.csv,outputs/new_outputs/m3_qwen35_27b_base_all5/evalshared/winobias/m3_qwen35_27b_base_winobias/winobias_predictions_m3_qwen35_27b_base_winobias.csv
qwen,Qwen 27B,intervention_ablation,winobias,WinoBias,diy_twopass_it_positive_contact,DIY Two Pass (IT),DIY Two Pass (IT),positive_contact,Positive contact,abs_pro_anti_gap,nan,-0.05014624357786246,0.10392640248758103,1584,200,results/new_results/m6_qwen35_27b_reasoning_plus_original5/m6_qwen35_27b_reasoning_plus_original5_ordered_20260504_220932/m6/eval/m6_qwen35_27b_two_pass_zero__pc__positive_contact/winobias/winobias/m6_qwen35_27b_two_pass_zero__pc__positive_contact_self_debias_two_pass_positive_contact/winobias_metrics_overall_m6_qwen35_27b_two_pass_zero__pc__positive_contact_self_debias_two_pass_positive_contact.csv,outputs/new_outputs/m6_qwen35_27b_reasoning_plus_original5/m6_qwen35_27b_reasoning_plus_original5_ordered_20260504_220932/m6/eval/m6_qwen35_27b_two_pass_zero__pc__positive_contact/winobias/winobias/m6_qwen35_27b_two_pass_zero__pc__positive_contact_self_debias_two_pass_positive_contact/winobias_predictions_m6_qwen35_27b_two_pass_zero__pc__positive_contact_self_debias_two_pass_positive_contact.csv,ok,,bootstrap row CIs propagated as base_low-method_high/base_high-method_low,0,Abs. pro/anti gap,0.047979798,0.047979798,0.029040404,results/new_results/m3_qwen35_27b_base_all5/evalshared/winobias/m3_qwen35_27b_base_winobias/winobias_metrics_overall_m3_qwen35_27b_base_winobias.csv,outputs/new_outputs/m3_qwen35_27b_base_all5/evalshared/winobias/m3_qwen35_27b_base_winobias/winobias_predictions_m3_qwen35_27b_base_winobias.csv
qwen,Qwen 27B,intervention_ablation,winogender,WinoGender,base,Base Model,Base Model,__base__,Base Model,male_female_pair_disagreement_rate,0.0,0.0,0.0,,200,results/new_results/m3_qwen35_27b_base_all5/evalshared/winogender/m3_qwen35_27b_base_winogender/winogender_metrics_overall_m3_qwen35_27b_base_winogender.csv,,base,,,0,Male/female pair disagreement,0.066666667,0.066666667,,,
qwen,Qwen 27B,intervention_ablation,winogender,WinoGender,icl_stereotype_replacement,ICL,ICL,stereotype_replacement,Stereotype replacement,male_female_pair_disagreement_rate,nan,-0.06260416666666667,0.054166666666666675,240,200,results/new_results/m4_base_icl_zero/m4_base_icl_zero_allmodels_20260514_005736/qwen35_27b/evalshared/winogender/m4_baseicl_zero_qwen35_27b_sr_winogender/winogender_metrics_overall_m4_baseicl_zero_qwen35_27b_sr_winogender.csv,outputs/new_outputs/m4_base_icl_zero/m4_base_icl_zero_allmodels_20260514_005736/qwen35_27b/evalshared/winogender/m4_baseicl_zero_qwen35_27b_sr_winogender/winogender_preds_m4_baseicl_zero_qwen35_27b_sr_winogender.csv,ok,,bootstrap row CIs propagated as base_low-method_high/base_high-method_low,0,Male/female pair disagreement,0.070833333,0.070833333,-0.004166665999999999,results/new_results/m3_qwen35_27b_base_all5/evalshared/winogender/m3_qwen35_27b_base_winogender/winogender_metrics_overall_m3_qwen35_27b_base_winogender.csv,outputs/new_outputs/m3_qwen35_27b_base_all5/evalshared/winogender/m3_qwen35_27b_base_winogender/winogender_preds_m3_qwen35_27b_base_winogender.csv
qwen,Qwen 27B,intervention_ablation,winogender,WinoGender,diy_it_stereotype_replacement,DIY IT,DIY IT,stereotype_replacement,Stereotype replacement,male_female_pair_disagreement_rate,nan,-0.05010416666666666,0.06260416666666667,240,200,results/new_results/m3_finetune_qwen35_27b_ms500/evalshared/winogender/m3_qwen35_27b_ms500_sr_winogender/winogender_metrics_overall_m3_qwen35_27b_ms500_sr_winogender.csv,outputs/new_outputs/m3_finetune_qwen35_27b_ms500/evalshared/winogender/m3_qwen35_27b_ms500_sr_winogender/winogender_preds_m3_qwen35_27b_ms500_sr_winogender.csv,ok,,bootstrap row CIs propagated as base_low-method_high/base_high-method_low,0,Male/female pair disagreement,0.054166667,0.054166667,0.012499999999999997,results/new_results/m3_qwen35_27b_base_all5/evalshared/winogender/m3_qwen35_27b_base_winogender/winogender_metrics_overall_m3_qwen35_27b_base_winogender.csv,outputs/new_outputs/m3_qwen35_27b_base_all5/evalshared/winogender/m3_qwen35_27b_base_winogender/winogender_preds_m3_qwen35_27b_base_winogender.csv
qwen,Qwen 27B,intervention_ablation,winogender,WinoGender,diy_twopass_no_it_stereotype_replacement,DIY Two Pass (No IT),DIY Two Pass (No IT),stereotype_replacement,Stereotype replacement,male_female_pair_disagreement_rate,nan,0.016562500000000004,0.09583333333333334,240,200,results/new_results/m6_qwen35_27b_reasoning_plus_original5/m6_qwen35_27b_reasoning_plus_original5_ordered_20260504_220932/m6/eval/m6_qwen35_27b_two_pass_zero__base_stereotype_replacement__stereotype_replacement/winogender/winogender/m6_qwen35_27b_two_pass_zero__base_stereotype_replacement__stereotype_replacement_self_debias_two_pass_stereotype_replacement/winogender_metrics_overall_m6_qwen35_27b_two_pass_zero__base_stereotype_replacement__stereotype_replacement_self_debias_two_pass_stereotype_replacement.csv,outputs/new_outputs/m6_qwen35_27b_reasoning_plus_original5/m6_qwen35_27b_reasoning_plus_original5_ordered_20260504_220932/m6/eval/m6_qwen35_27b_two_pass_zero__base_stereotype_replacement__stereotype_replacement/winogender/winogender/m6_qwen35_27b_two_pass_zero__base_stereotype_replacement__stereotype_replacement_self_debias_two_pass_stereotype_replacement/winogender_preds_m6_qwen35_27b_two_pass_zero__base_stereotype_replacement__stereotype_replacement_self_debias_two_pass_stereotype_replacement.csv,ok,,bootstrap row CIs propagated as base_low-method_high/base_high-method_low,0,Male/female pair disagreement,0.0083333333,0.0083333333,0.0583333337,results/new_results/m3_qwen35_27b_base_all5/evalshared/winogender/m3_qwen35_27b_base_winogender/winogender_metrics_overall_m3_qwen35_27b_base_winogender.csv,outputs/new_outputs/m3_qwen35_27b_base_all5/evalshared/winogender/m3_qwen35_27b_base_winogender/winogender_preds_m3_qwen35_27b_base_winogender.csv
qwen,Qwen 27B,intervention_ablation,winogender,WinoGender,diy_twopass_it_stereotype_replacement,DIY Two Pass (IT),DIY Two Pass (IT),stereotype_replacement,Stereotype replacement,male_female_pair_disagreement_rate,nan,-0.00010416666666666213,0.08750000000000001,240,200,results/new_results/m6_qwen35_27b_reasoning_plus_original5/m6_qwen35_27b_reasoning_plus_original5_ordered_20260504_220932/m6/eval/m6_qwen35_27b_two_pass_zero__sr__stereotype_replacement/winogender/winogender/m6_qwen35_27b_two_pass_zero__sr__stereotype_replacement_self_debias_two_pass_stereotype_replacement/winogender_metrics_overall_m6_qwen35_27b_two_pass_zero__sr__stereotype_replacement_self_debias_two_pass_stereotype_replacement.csv,outputs/new_outputs/m6_qwen35_27b_reasoning_plus_original5/m6_qwen35_27b_reasoning_plus_original5_ordered_20260504_220932/m6/eval/m6_qwen35_27b_two_pass_zero__sr__stereotype_replacement/winogender/winogender/m6_qwen35_27b_two_pass_zero__sr__stereotype_replacement_self_debias_two_pass_stereotype_replacement/winogender_preds_m6_qwen35_27b_two_pass_zero__sr__stereotype_replacement_self_debias_two_pass_stereotype_replacement.csv,ok,,bootstrap row CIs propagated as base_low-method_high/base_high-method_low,0,Male/female pair disagreement,0.020833333,0.020833333,0.045833334,results/new_results/m3_qwen35_27b_base_all5/evalshared/winogender/m3_qwen35_27b_base_winogender/winogender_metrics_overall_m3_qwen35_27b_base_winogender.csv,outputs/new_outputs/m3_qwen35_27b_base_all5/evalshared/winogender/m3_qwen35_27b_base_winogender/winogender_preds_m3_qwen35_27b_base_winogender.csv
qwen,Qwen 27B,intervention_ablation,winogender,WinoGender,icl_individuating,ICL,ICL,individuating,Individuation,male_female_pair_disagreement_rate,nan,-0.06677083333333333,0.05833333333333334,240,200,results/new_results/m4_base_icl_zero/m4_base_icl_zero_allmodels_20260514_005736/qwen35_27b/evalshared/winogender/m4_baseicl_zero_qwen35_27b_ind_winogender/winogender_metrics_overall_m4_baseicl_zero_qwen35_27b_ind_winogender.csv,outputs/new_outputs/m4_base_icl_zero/m4_base_icl_zero_allmodels_20260514_005736/qwen35_27b/evalshared/winogender/m4_baseicl_zero_qwen35_27b_ind_winogender/winogender_preds_m4_baseicl_zero_qwen35_27b_ind_winogender.csv,ok,,bootstrap row CIs propagated as base_low-method_high/base_high-method_low,0,Male/female pair disagreement,0.070833333,0.070833333,-0.004166665999999999,results/new_results/m3_qwen35_27b_base_all5/evalshared/winogender/m3_qwen35_27b_base_winogender/winogender_metrics_overall_m3_qwen35_27b_base_winogender.csv,outputs/new_outputs/m3_qwen35_27b_base_all5/evalshared/winogender/m3_qwen35_27b_base_winogender/winogender_preds_m3_qwen35_27b_base_winogender.csv
qwen,Qwen 27B,intervention_ablation,winogender,WinoGender,diy_it_individuating,DIY IT,DIY IT,individuating,Individuation,male_female_pair_disagreement_rate,nan,-0.041770833333333326,0.06666666666666668,240,200,results/new_results/m3_finetune_qwen35_27b_ms500/evalshared/winogender/m3_qwen35_27b_ms500_ind_winogender/winogender_metrics_overall_m3_qwen35_27b_ms500_ind_winogender.csv,outputs/new_outputs/m3_finetune_qwen35_27b_ms500/evalshared/winogender/m3_qwen35_27b_ms500_ind_winogender/winogender_preds_m3_qwen35_27b_ms500_ind_winogender.csv,ok,,bootstrap row CIs propagated as base_low-method_high/base_high-method_low,0,Male/female pair disagreement,0.054166667,0.054166667,0.012499999999999997,results/new_results/m3_qwen35_27b_base_all5/evalshared/winogender/m3_qwen35_27b_base_winogender/winogender_metrics_overall_m3_qwen35_27b_base_winogender.csv,outputs/new_outputs/m3_qwen35_27b_base_all5/evalshared/winogender/m3_qwen35_27b_base_winogender/winogender_preds_m3_qwen35_27b_base_winogender.csv
qwen,Qwen 27B,intervention_ablation,winogender,WinoGender,diy_twopass_no_it_individuating,DIY Two Pass (No IT),DIY Two Pass (No IT),individuating,Individuation,male_female_pair_disagreement_rate,nan,0.024895833333333336,0.09583333333333334,240,200,results/new_results/m6_qwen35_27b_reasoning_plus_original5/m6_qwen35_27b_reasoning_plus_original5_ordered_20260504_220932/m6/eval/m6_qwen35_27b_two_pass_zero__base_individuating__individuating/winogender/winogender/m6_qwen35_27b_two_pass_zero__base_individuating__individuating_self_debias_two_pass_individuating/winogender_metrics_overall_m6_qwen35_27b_two_pass_zero__base_individuating__individuating_self_debias_two_pass_individuating.csv,outputs/new_outputs/m6_qwen35_27b_reasoning_plus_original5/m6_qwen35_27b_reasoning_plus_original5_ordered_20260504_220932/m6/eval/m6_qwen35_27b_two_pass_zero__base_individuating__individuating/winogender/winogender/m6_qwen35_27b_two_pass_zero__base_individuating__individuating_self_debias_two_pass_individuating/winogender_preds_m6_qwen35_27b_two_pass_zero__base_individuating__individuating_self_debias_two_pass_individuating.csv,ok,,bootstrap row CIs propagated as base_low-method_high/base_high-method_low,0,Male/female pair disagreement,0.0041666667,0.0041666667,0.0625000003,results/new_results/m3_qwen35_27b_base_all5/evalshared/winogender/m3_qwen35_27b_base_winogender/winogender_metrics_overall_m3_qwen35_27b_base_winogender.csv,outputs/new_outputs/m3_qwen35_27b_base_all5/evalshared/winogender/m3_qwen35_27b_base_winogender/winogender_preds_m3_qwen35_27b_base_winogender.csv
qwen,Qwen 27B,intervention_ablation,winogender,WinoGender,diy_twopass_it_individuating,DIY Two Pass (IT),DIY Two Pass (IT),individuating,Individuation,male_female_pair_disagreement_rate,nan,-0.016770833333333332,0.07927083333333335,240,200,results/new_results/m6_qwen35_27b_reasoning_plus_original5/m6_qwen35_27b_reasoning_plus_original5_ordered_20260504_220932/m6/eval/m6_qwen35_27b_two_pass_zero__ind__individuating/winogender/winogender/m6_qwen35_27b_two_pass_zero__ind__individuating_self_debias_two_pass_individuating/winogender_metrics_overall_m6_qwen35_27b_two_pass_zero__ind__individuating_self_debias_two_pass_individuating.csv,outputs/new_outputs/m6_qwen35_27b_reasoning_plus_original5/m6_qwen35_27b_reasoning_plus_original5_ordered_20260504_220932/m6/eval/m6_qwen35_27b_two_pass_zero__ind__individuating/winogender/winogender/m6_qwen35_27b_two_pass_zero__ind__individuating_self_debias_two_pass_individuating/winogender_preds_m6_qwen35_27b_two_pass_zero__ind__individuating_self_debias_two_pass_individuating.csv,ok,,bootstrap row CIs propagated as base_low-method_high/base_high-method_low,0,Male/female pair disagreement,0.033333333,0.033333333,0.033333334,results/new_results/m3_qwen35_27b_base_all5/evalshared/winogender/m3_qwen35_27b_base_winogender/winogender_metrics_overall_m3_qwen35_27b_base_winogender.csv,outputs/new_outputs/m3_qwen35_27b_base_all5/evalshared/winogender/m3_qwen35_27b_base_winogender/winogender_preds_m3_qwen35_27b_base_winogender.csv
qwen,Qwen 27B,intervention_ablation,winogender,WinoGender,icl_perspective_taking,ICL,ICL,perspective_taking,Perspective-taking,male_female_pair_disagreement_rate,nan,-0.05437500000000002,0.05427083333333334,240,200,results/new_results/m4_base_icl_zero/m4_base_icl_zero_allmodels_20260514_005736/qwen35_27b/evalshared/winogender/m4_baseicl_zero_qwen35_27b_pt_winogender/winogender_metrics_overall_m4_baseicl_zero_qwen35_27b_pt_winogender.csv,outputs/new_outputs/m4_base_icl_zero/m4_base_icl_zero_allmodels_20260514_005736/qwen35_27b/evalshared/winogender/m4_baseicl_zero_qwen35_27b_pt_winogender/winogender_preds_m4_baseicl_zero_qwen35_27b_pt_winogender.csv,ok,,bootstrap row CIs propagated as base_low-method_high/base_high-method_low,0,Male/female pair disagreement,0.066666667,0.066666667,0.0,results/new_results/m3_qwen35_27b_base_all5/evalshared/winogender/m3_qwen35_27b_base_winogender/winogender_metrics_overall_m3_qwen35_27b_base_winogender.csv,outputs/new_outputs/m3_qwen35_27b_base_all5/evalshared/winogender/m3_qwen35_27b_base_winogender/winogender_preds_m3_qwen35_27b_base_winogender.csv
qwen,Qwen 27B,intervention_ablation,winogender,WinoGender,diy_it_perspective_taking,DIY IT,DIY IT,perspective_taking,Perspective-taking,male_female_pair_disagreement_rate,nan,-0.06687500000000003,0.054166666666666675,240,200,results/new_results/m3_finetune_qwen35_27b_ms500/evalshared/winogender/m3_qwen35_27b_ms500_pt_winogender/winogender_metrics_overall_m3_qwen35_27b_ms500_pt_winogender.csv,outputs/new_outputs/m3_finetune_qwen35_27b_ms500/evalshared/winogender/m3_qwen35_27b_ms500_pt_winogender/winogender_preds_m3_qwen35_27b_ms500_pt_winogender.csv,ok,,bootstrap row CIs propagated as base_low-method_high/base_high-method_low,0,Male/female pair disagreement,0.075,0.075,-0.008333332999999998,results/new_results/m3_qwen35_27b_base_all5/evalshared/winogender/m3_qwen35_27b_base_winogender/winogender_metrics_overall_m3_qwen35_27b_base_winogender.csv,outputs/new_outputs/m3_qwen35_27b_base_all5/evalshared/winogender/m3_qwen35_27b_base_winogender/winogender_preds_m3_qwen35_27b_base_winogender.csv
qwen,Qwen 27B,intervention_ablation,winogender,WinoGender,diy_twopass_no_it_perspective_taking,DIY Two Pass (No IT),DIY Two Pass (No IT),perspective_taking,Perspective-taking,male_female_pair_disagreement_rate,nan,0.00822916666666667,0.09583333333333334,240,200,results/new_results/m6_qwen35_27b_reasoning_plus_original5/m6_qwen35_27b_reasoning_plus_original5_ordered_20260504_220932/m6/eval/m6_qwen35_27b_two_pass_zero__base_perspective_taking__perspective_taking/winogender/winogender/m6_qwen35_27b_two_pass_zero__base_perspective_taking__perspective_taking_self_debias_two_pass_perspective_taking/winogender_metrics_overall_m6_qwen35_27b_two_pass_zero__base_perspective_taking__perspective_taking_self_debias_two_pass_perspective_taking.csv,outputs/new_outputs/m6_qwen35_27b_reasoning_plus_original5/m6_qwen35_27b_reasoning_plus_original5_ordered_20260504_220932/m6/eval/m6_qwen35_27b_two_pass_zero__base_perspective_taking__perspective_taking/winogender/winogender/m6_qwen35_27b_two_pass_zero__base_perspective_taking__perspective_taking_self_debias_two_pass_perspective_taking/winogender_preds_m6_qwen35_27b_two_pass_zero__base_perspective_taking__perspective_taking_self_debias_two_pass_perspective_taking.csv,ok,,bootstrap row CIs propagated as base_low-method_high/base_high-method_low,0,Male/female pair disagreement,0.0125,0.0125,0.054166667,results/new_results/m3_qwen35_27b_base_all5/evalshared/winogender/m3_qwen35_27b_base_winogender/winogender_metrics_overall_m3_qwen35_27b_base_winogender.csv,outputs/new_outputs/m3_qwen35_27b_base_all5/evalshared/winogender/m3_qwen35_27b_base_winogender/winogender_preds_m3_qwen35_27b_base_winogender.csv
qwen,Qwen 27B,intervention_ablation,winogender,WinoGender,diy_twopass_it_perspective_taking,DIY Two Pass (IT),DIY Two Pass (IT),perspective_taking,Perspective-taking,male_female_pair_disagreement_rate,nan,0.004062500000000004,0.09166666666666667,240,200,results/new_results/m6_qwen35_27b_reasoning_plus_original5/m6_qwen35_27b_reasoning_plus_original5_ordered_20260504_220932/m6/eval/m6_qwen35_27b_two_pass_zero__pt__perspective_taking/winogender/winogender/m6_qwen35_27b_two_pass_zero__pt__perspective_taking_self_debias_two_pass_perspective_taking/winogender_metrics_overall_m6_qwen35_27b_two_pass_zero__pt__perspective_taking_self_debias_two_pass_perspective_taking.csv,outputs/new_outputs/m6_qwen35_27b_reasoning_plus_original5/m6_qwen35_27b_reasoning_plus_original5_ordered_20260504_220932/m6/eval/m6_qwen35_27b_two_pass_zero__pt__perspective_taking/winogender/winogender/m6_qwen35_27b_two_pass_zero__pt__perspective_taking_self_debias_two_pass_perspective_taking/winogender_preds_m6_qwen35_27b_two_pass_zero__pt__perspective_taking_self_debias_two_pass_perspective_taking.csv,ok,,bootstrap row CIs propagated as base_low-method_high/base_high-method_low,0,Male/female pair disagreement,0.020833333,0.020833333,0.045833334,results/new_results/m3_qwen35_27b_base_all5/evalshared/winogender/m3_qwen35_27b_base_winogender/winogender_metrics_overall_m3_qwen35_27b_base_winogender.csv,outputs/new_outputs/m3_qwen35_27b_base_all5/evalshared/winogender/m3_qwen35_27b_base_winogender/winogender_preds_m3_qwen35_27b_base_winogender.csv
qwen,Qwen 27B,intervention_ablation,winogender,WinoGender,icl_counter_imaging,ICL,ICL,counter_imaging,Counter-stereotypic imaging,male_female_pair_disagreement_rate,nan,-0.06677083333333333,0.05427083333333334,240,200,results/new_results/m4_base_icl_zero/m4_base_icl_zero_allmodels_20260514_005736/qwen35_27b/evalshared/winogender/m4_baseicl_zero_qwen35_27b_ci_winogender/winogender_metrics_overall_m4_baseicl_zero_qwen35_27b_ci_winogender.csv,outputs/new_outputs/m4_base_icl_zero/m4_base_icl_zero_allmodels_20260514_005736/qwen35_27b/evalshared/winogender/m4_baseicl_zero_qwen35_27b_ci_winogender/winogender_preds_m4_baseicl_zero_qwen35_27b_ci_winogender.csv,ok,,bootstrap row CIs propagated as base_low-method_high/base_high-method_low,0,Male/female pair disagreement,0.070833333,0.070833333,-0.004166665999999999,results/new_results/m3_qwen35_27b_base_all5/evalshared/winogender/m3_qwen35_27b_base_winogender/winogender_metrics_overall_m3_qwen35_27b_base_winogender.csv,outputs/new_outputs/m3_qwen35_27b_base_all5/evalshared/winogender/m3_qwen35_27b_base_winogender/winogender_preds_m3_qwen35_27b_base_winogender.csv
qwen,Qwen 27B,intervention_ablation,winogender,WinoGender,diy_it_counter_imaging,DIY IT,DIY IT,counter_imaging,Counter-stereotypic imaging,male_female_pair_disagreement_rate,nan,-0.07510416666666667,0.0459375,240,200,results/new_results/m3_finetune_qwen35_27b_ms500/evalshared/winogender/m3_qwen35_27b_ms500_ci_winogender/winogender_metrics_overall_m3_qwen35_27b_ms500_ci_winogender.csv,outputs/new_outputs/m3_finetune_qwen35_27b_ms500/evalshared/winogender/m3_qwen35_27b_ms500_ci_winogender/winogender_preds_m3_qwen35_27b_ms500_ci_winogender.csv,ok,,bootstrap row CIs propagated as base_low-method_high/base_high-method_low,0,Male/female pair disagreement,0.079166667,0.079166667,-0.012499999999999997,results/new_results/m3_qwen35_27b_base_all5/evalshared/winogender/m3_qwen35_27b_base_winogender/winogender_metrics_overall_m3_qwen35_27b_base_winogender.csv,outputs/new_outputs/m3_qwen35_27b_base_all5/evalshared/winogender/m3_qwen35_27b_base_winogender/winogender_preds_m3_qwen35_27b_base_winogender.csv
qwen,Qwen 27B,intervention_ablation,winogender,WinoGender,diy_twopass_no_it_counter_imaging,DIY Two Pass (No IT),DIY Two Pass (No IT),counter_imaging,Counter-stereotypic imaging,male_female_pair_disagreement_rate,nan,0.00822916666666667,0.09583333333333334,240,200,results/new_results/m6_qwen35_27b_reasoning_plus_original5/m6_qwen35_27b_reasoning_plus_original5_ordered_20260504_220932/m6/eval/m6_qwen35_27b_two_pass_zero__base_counter_imaging__counter_imaging/winogender/winogender/m6_qwen35_27b_two_pass_zero__base_counter_imaging__counter_imaging_self_debias_two_pass_counter_imaging/winogender_metrics_overall_m6_qwen35_27b_two_pass_zero__base_counter_imaging__counter_imaging_self_debias_two_pass_counter_imaging.csv,outputs/new_outputs/m6_qwen35_27b_reasoning_plus_original5/m6_qwen35_27b_reasoning_plus_original5_ordered_20260504_220932/m6/eval/m6_qwen35_27b_two_pass_zero__base_counter_imaging__counter_imaging/winogender/winogender/m6_qwen35_27b_two_pass_zero__base_counter_imaging__counter_imaging_self_debias_two_pass_counter_imaging/winogender_preds_m6_qwen35_27b_two_pass_zero__base_counter_imaging__counter_imaging_self_debias_two_pass_counter_imaging.csv,ok,,bootstrap row CIs propagated as base_low-method_high/base_high-method_low,0,Male/female pair disagreement,0.0125,0.0125,0.054166667,results/new_results/m3_qwen35_27b_base_all5/evalshared/winogender/m3_qwen35_27b_base_winogender/winogender_metrics_overall_m3_qwen35_27b_base_winogender.csv,outputs/new_outputs/m3_qwen35_27b_base_all5/evalshared/winogender/m3_qwen35_27b_base_winogender/winogender_preds_m3_qwen35_27b_base_winogender.csv
qwen,Qwen 27B,intervention_ablation,winogender,WinoGender,diy_twopass_it_counter_imaging,DIY Two Pass (IT),DIY Two Pass (IT),counter_imaging,Counter-stereotypic imaging,male_female_pair_disagreement_rate,nan,0.004062500000000004,0.09166666666666667,240,200,results/new_results/m6_qwen35_27b_reasoning_plus_original5/m6_qwen35_27b_reasoning_plus_original5_ordered_20260504_220932/m6/eval/m6_qwen35_27b_two_pass_zero__ci__counter_imaging/winogender/winogender/m6_qwen35_27b_two_pass_zero__ci__counter_imaging_self_debias_two_pass_counter_imaging/winogender_metrics_overall_m6_qwen35_27b_two_pass_zero__ci__counter_imaging_self_debias_two_pass_counter_imaging.csv,outputs/new_outputs/m6_qwen35_27b_reasoning_plus_original5/m6_qwen35_27b_reasoning_plus_original5_ordered_20260504_220932/m6/eval/m6_qwen35_27b_two_pass_zero__ci__counter_imaging/winogender/winogender/m6_qwen35_27b_two_pass_zero__ci__counter_imaging_self_debias_two_pass_counter_imaging/winogender_preds_m6_qwen35_27b_two_pass_zero__ci__counter_imaging_self_debias_two_pass_counter_imaging.csv,ok,,bootstrap row CIs propagated as base_low-method_high/base_high-method_low,0,Male/female pair disagreement,0.016666667,0.016666667,0.05,results/new_results/m3_qwen35_27b_base_all5/evalshared/winogender/m3_qwen35_27b_base_winogender/winogender_metrics_overall_m3_qwen35_27b_base_winogender.csv,outputs/new_outputs/m3_qwen35_27b_base_all5/evalshared/winogender/m3_qwen35_27b_base_winogender/winogender_preds_m3_qwen35_27b_base_winogender.csv
qwen,Qwen 27B,intervention_ablation,winogender,WinoGender,icl_positive_contact,ICL,ICL,positive_contact,Positive contact,male_female_pair_disagreement_rate,nan,-0.06677083333333333,0.054166666666666675,240,200,results/new_results/m4_base_icl_zero/m4_base_icl_zero_allmodels_20260514_005736/qwen35_27b/evalshared/winogender/m4_baseicl_zero_qwen35_27b_pc_winogender/winogender_metrics_overall_m4_baseicl_zero_qwen35_27b_pc_winogender.csv,outputs/new_outputs/m4_base_icl_zero/m4_base_icl_zero_allmodels_20260514_005736/qwen35_27b/evalshared/winogender/m4_baseicl_zero_qwen35_27b_pc_winogender/winogender_preds_m4_baseicl_zero_qwen35_27b_pc_winogender.csv,ok,,bootstrap row CIs propagated as base_low-method_high/base_high-method_low,0,Male/female pair disagreement,0.066666667,0.066666667,0.0,results/new_results/m3_qwen35_27b_base_all5/evalshared/winogender/m3_qwen35_27b_base_winogender/winogender_metrics_overall_m3_qwen35_27b_base_winogender.csv,outputs/new_outputs/m3_qwen35_27b_base_all5/evalshared/winogender/m3_qwen35_27b_base_winogender/winogender_preds_m3_qwen35_27b_base_winogender.csv
qwen,Qwen 27B,intervention_ablation,winogender,WinoGender,diy_it_positive_contact,DIY IT,DIY IT,positive_contact,Positive contact,male_female_pair_disagreement_rate,nan,-0.06677083333333333,0.05427083333333334,240,200,results/new_results/m3_finetune_qwen35_27b_ms500/evalshared/winogender/m3_qwen35_27b_ms500_pc_winogender/winogender_metrics_overall_m3_qwen35_27b_ms500_pc_winogender.csv,outputs/new_outputs/m3_finetune_qwen35_27b_ms500/evalshared/winogender/m3_qwen35_27b_ms500_pc_winogender/winogender_preds_m3_qwen35_27b_ms500_pc_winogender.csv,ok,,bootstrap row CIs propagated as base_low-method_high/base_high-method_low,0,Male/female pair disagreement,0.075,0.075,-0.008333332999999998,results/new_results/m3_qwen35_27b_base_all5/evalshared/winogender/m3_qwen35_27b_base_winogender/winogender_metrics_overall_m3_qwen35_27b_base_winogender.csv,outputs/new_outputs/m3_qwen35_27b_base_all5/evalshared/winogender/m3_qwen35_27b_base_winogender/winogender_preds_m3_qwen35_27b_base_winogender.csv
qwen,Qwen 27B,intervention_ablation,winogender,WinoGender,diy_twopass_no_it_positive_contact,DIY Two Pass (No IT),DIY Two Pass (No IT),positive_contact,Positive contact,male_female_pair_disagreement_rate,nan,0.004062500000000004,0.09583333333333334,240,200,results/new_results/m6_qwen35_27b_reasoning_plus_original5/m6_qwen35_27b_reasoning_plus_original5_ordered_20260504_220932/m6/eval/m6_qwen35_27b_two_pass_zero__base_positive_contact__positive_contact/winogender/winogender/m6_qwen35_27b_two_pass_zero__base_positive_contact__positive_contact_self_debias_two_pass_positive_contact/winogender_metrics_overall_m6_qwen35_27b_two_pass_zero__base_positive_contact__positive_contact_self_debias_two_pass_positive_contact.csv,outputs/new_outputs/m6_qwen35_27b_reasoning_plus_original5/m6_qwen35_27b_reasoning_plus_original5_ordered_20260504_220932/m6/eval/m6_qwen35_27b_two_pass_zero__base_positive_contact__positive_contact/winogender/winogender/m6_qwen35_27b_two_pass_zero__base_positive_contact__positive_contact_self_debias_two_pass_positive_contact/winogender_preds_m6_qwen35_27b_two_pass_zero__base_positive_contact__positive_contact_self_debias_two_pass_positive_contact.csv,ok,,bootstrap row CIs propagated as base_low-method_high/base_high-method_low,0,Male/female pair disagreement,0.0125,0.0125,0.054166667,results/new_results/m3_qwen35_27b_base_all5/evalshared/winogender/m3_qwen35_27b_base_winogender/winogender_metrics_overall_m3_qwen35_27b_base_winogender.csv,outputs/new_outputs/m3_qwen35_27b_base_all5/evalshared/winogender/m3_qwen35_27b_base_winogender/winogender_preds_m3_qwen35_27b_base_winogender.csv
qwen,Qwen 27B,intervention_ablation,winogender,WinoGender,diy_twopass_it_positive_contact,DIY Two Pass (IT),DIY Two Pass (IT),positive_contact,Positive contact,male_female_pair_disagreement_rate,nan,-0.05010416666666666,0.0625,240,200,results/new_results/m6_qwen35_27b_reasoning_plus_original5/m6_qwen35_27b_reasoning_plus_original5_ordered_20260504_220932/m6/eval/m6_qwen35_27b_two_pass_zero__pc__positive_contact/winogender/winogender/m6_qwen35_27b_two_pass_zero__pc__positive_contact_self_debias_two_pass_positive_contact/winogender_metrics_overall_m6_qwen35_27b_two_pass_zero__pc__positive_contact_self_debias_two_pass_positive_contact.csv,outputs/new_outputs/m6_qwen35_27b_reasoning_plus_original5/m6_qwen35_27b_reasoning_plus_original5_ordered_20260504_220932/m6/eval/m6_qwen35_27b_two_pass_zero__pc__positive_contact/winogender/winogender/m6_qwen35_27b_two_pass_zero__pc__positive_contact_self_debias_two_pass_positive_contact/winogender_preds_m6_qwen35_27b_two_pass_zero__pc__positive_contact_self_debias_two_pass_positive_contact.csv,ok,,bootstrap row CIs propagated as base_low-method_high/base_high-method_low,0,Male/female pair disagreement,0.058333333,0.058333333,0.008333333999999998,results/new_results/m3_qwen35_27b_base_all5/evalshared/winogender/m3_qwen35_27b_base_winogender/winogender_metrics_overall_m3_qwen35_27b_base_winogender.csv,outputs/new_outputs/m3_qwen35_27b_base_all5/evalshared/winogender/m3_qwen35_27b_base_winogender/winogender_preds_m3_qwen35_27b_base_winogender.csv
