{"_wandb":{"runtime":348},"_step":18,"eval/samples_per_second":7.409,"_timestamp":1.7628880008440742e+09,"train/grad_norm":0.3009473979473114,"train/global_step":87,"train_loss":0.565686549263439,"train/loss":0.4291,"train/learning_rate":0.0003,"train_steps_per_second":0.261,"total_flos":1.1321804318466048e+16,"train_samples_per_second":2.111,"train_runtime":333.9063,"eval/loss":0.6758643984794617,"eval/runtime":7.9628,"eval/steps_per_second":1.005,"step":80,"train/epoch":2.9491525423728815,"_runtime":348}