{"_step":18,"train/epoch":2.9491525423728815,"eval/steps_per_second":1.152,"train_runtime":325.1165,"_timestamp":1.7628876006043184e+09,"step":80,"train/grad_norm":0.24769489467144012,"train_loss":0.5582820684060283,"train_steps_per_second":0.268,"_wandb":{"runtime":339},"train/learning_rate":0.0003,"eval/runtime":6.9428,"train/global_step":87,"eval/samples_per_second":8.642,"total_flos":1.0804329685450752e+16,"train_samples_per_second":2.178,"_runtime":339,"eval/loss":0.6330509781837463,"train/loss":0.4185}