dataset_key,panel_label,method_key,method_label,metric,metric_label,ideal_value,native_value,normalized_bias_error_plotted,metric_source_file,setting,shot,figure_title
crowspairs,CrowS-Pairs,base,Base Model Inference,stereotype_preference_pct,Stereotype preference %,50,66.11,16.11,results/new_results/m6_llama70b_original5/m6_llama70b_original5_20260415_195536/plain_direct/evalshared/crows_pairs_metrics_overall_llama70b_plain_base_crowspairs.csv,Base,,"All interventions, all-version IT checkpoint"
crowspairs,CrowS-Pairs,icl,ICL,stereotype_preference_pct,Stereotype preference %,50,56.37,6.37,results/new_results/m4_base_icl_zero/m4_base_icl_zero_allmodels_20260514_005736/llama70b/evalshared/crows_pairs_metrics_overall_m4_baseicl_zero_llama70b_allstrat_crowspairs.csv,ICL,0,"All interventions, all-version IT checkpoint"
crowspairs,CrowS-Pairs,it,DIY IT,stereotype_preference_pct,Stereotype preference %,50,67.04,17.04,results/new_results/m3_finetune_llama70b_ms500/evalshared/crows_pairs_metrics_overall_m3_llama70b_ms500_all_allversions_crowspairs.csv,DIY IT,,"All interventions, all-version IT checkpoint"
crowspairs,CrowS-Pairs,no_it_0,No IT 0,stereotype_preference_pct,Stereotype preference %,50,48.21,1.79,results/new_results/m6_llama70b_original5/m6_llama70b_original5_20260415_195536/m6/eval/m6_l70b_two_pass_zero__base_all_strategies__all_strategies/crowspairs/crows_pairs_metrics_overall_m6_l70b_two_pass_zero__base_all_strategies__all_strategies_self_debias_two_pass_all_strategies.csv,No IT,0,"All interventions, all-version IT checkpoint"
crowspairs,CrowS-Pairs,no_it_1,No IT 1,stereotype_preference_pct,Stereotype preference %,50,49.01,0.99,results/new_results/m6_llama70b_original5/m6_llama70b_original5_20260415_195536/m6/eval/m6_l70b_two_pass_one__base_all_strategies__all_strategies/crowspairs/crows_pairs_metrics_overall_m6_l70b_two_pass_one__base_all_strategies__all_strategies_self_debias_two_pass_all_strategies.csv,No IT,1,"All interventions, all-version IT checkpoint"
crowspairs,CrowS-Pairs,it_0,IT 0,stereotype_preference_pct,Stereotype preference %,50,47.28,2.72,results/new_results/m6_llama70b_original5/m6_llama70b_original5_20260415_195536/m6/eval/m6_l70b_two_pass_zero__all_allversions__all_strategies/crowspairs/crows_pairs_metrics_overall_m6_l70b_two_pass_zero__all_allversions__all_strategies_self_debias_two_pass_all_strategies.csv,IT,0,"All interventions, all-version IT checkpoint"
crowspairs,CrowS-Pairs,it_1,IT 1,stereotype_preference_pct,Stereotype preference %,50,47.28,2.72,results/new_results/m6_llama70b_original5/m6_llama70b_original5_20260415_195536/m6/eval/m6_l70b_two_pass_one__all_allversions__all_strategies/crowspairs/crows_pairs_metrics_overall_m6_l70b_two_pass_one__all_allversions__all_strategies_self_debias_two_pass_all_strategies.csv,IT,1,"All interventions, all-version IT checkpoint"
stereoset,StereoSet,base,Base Model Inference,SS Score,SS Score overall,50,59.9998,9.9997996,results/new_results/m6_llama70b_original5/m6_llama70b_original5_20260415_195536/plain_direct/evalshared/stereoset_metrics_llama70b_plain_base_stereoset.csv,Base,,"All interventions, all-version IT checkpoint"
stereoset,StereoSet,icl,ICL,SS Score,SS Score overall,50,53.758909,3.7589086,results/new_results/m4_base_icl_zero/m4_base_icl_zero_allmodels_20260514_005736/llama70b/evalshared/stereoset_metrics_m4_baseicl_zero_llama70b_allstrat_stereoset.csv,ICL,0,"All interventions, all-version IT checkpoint"
stereoset,StereoSet,it,DIY IT,SS Score,SS Score overall,50,60.657,10.657,results/new_results/m3_finetune_llama70b_ms500/evalshared/stereoset_metrics_m3_llama70b_ms500_all_allversions_stereoset.csv,DIY IT,,"All interventions, all-version IT checkpoint"
stereoset,StereoSet,no_it_0,No IT 0,SS Score,SS Score overall,50,46.813309,3.1866908,results/new_results/m6_llama70b_original5/m6_llama70b_original5_20260415_195536/m6/eval/m6_l70b_two_pass_zero__base_all_strategies__all_strategies/stereoset/stereoset_metrics_m6_l70b_two_pass_zero__base_all_strategies__all_strategies_self_debias_two_pass_all_strategies.csv,No IT,0,"All interventions, all-version IT checkpoint"
stereoset,StereoSet,no_it_1,No IT 1,SS Score,SS Score overall,50,47.620682,2.3793181,results/new_results/m6_llama70b_original5/m6_llama70b_original5_20260415_195536/m6/eval/m6_l70b_two_pass_one__base_all_strategies__all_strategies/stereoset/stereoset_metrics_m6_l70b_two_pass_one__base_all_strategies__all_strategies_self_debias_two_pass_all_strategies.csv,No IT,1,"All interventions, all-version IT checkpoint"
stereoset,StereoSet,it_0,IT 0,SS Score,SS Score overall,50,45.715262,4.2847381,results/new_results/m6_llama70b_original5/m6_llama70b_original5_20260415_195536/m6/eval/m6_l70b_two_pass_zero__all_allversions__all_strategies/stereoset/stereoset_metrics_m6_l70b_two_pass_zero__all_allversions__all_strategies_self_debias_two_pass_all_strategies.csv,IT,0,"All interventions, all-version IT checkpoint"
stereoset,StereoSet,it_1,IT 1,SS Score,SS Score overall,50,46.19023,3.8097695,results/new_results/m6_llama70b_original5/m6_llama70b_original5_20260415_195536/m6/eval/m6_l70b_two_pass_one__all_allversions__all_strategies/stereoset/stereoset_metrics_m6_l70b_two_pass_one__all_allversions__all_strategies_self_debias_two_pass_all_strategies.csv,IT,1,"All interventions, all-version IT checkpoint"
bbq,BBQ Ambig.,base,Base Model Inference,Bias_score_ambig,Bias score ambig.,0,7.046,7.046,results/new_results/m6_llama70b_original5/m6_llama70b_original5_20260415_195536/plain_direct/bbq/bbq_metrics_llama70b_plain_base_bbq.csv,Base,,"All interventions, all-version IT checkpoint"
bbq,BBQ Ambig.,icl,ICL,Bias_score_ambig,Bias score ambig.,0,5.206,5.206,results/new_results/m4_base_icl_zero/m4_base_icl_zero_allmodels_20260514_005736/llama70b/bbq/bbq_metrics_m4_baseicl_zero_llama70b_allstrat_bbq.csv,ICL,0,"All interventions, all-version IT checkpoint"
bbq,BBQ Ambig.,it,DIY IT,Bias_score_ambig,Bias score ambig.,0,6.615,6.615,results/new_results/m3_finetune_llama70b_ms500/bbq/bbq_metrics_m3_llama70b_ms500_all_allversions_bbq.csv,DIY IT,,"All interventions, all-version IT checkpoint"
bbq,BBQ Ambig.,no_it_0,No IT 0,Bias_score_ambig,Bias score ambig.,0,4.935,4.935,results/new_results/m6_llama70b_original5/m6_llama70b_original5_20260415_195536/m6/eval/m6_l70b_two_pass_zero__base_all_strategies__all_strategies/bbq/bbq_metrics.csv,No IT,0,"All interventions, all-version IT checkpoint"
bbq,BBQ Ambig.,no_it_1,No IT 1,Bias_score_ambig,Bias score ambig.,0,4.87,4.87,results/new_results/m6_llama70b_original5/m6_llama70b_original5_20260415_195536/m6/eval/m6_l70b_two_pass_one__base_all_strategies__all_strategies/bbq/bbq_metrics.csv,No IT,1,"All interventions, all-version IT checkpoint"
bbq,BBQ Ambig.,it_0,IT 0,Bias_score_ambig,Bias score ambig.,0,7.152,7.152,results/new_results/m6_llama70b_original5/m6_llama70b_original5_20260415_195536/m6/eval/m6_l70b_two_pass_zero__all_allversions__all_strategies/bbq/bbq_metrics.csv,IT,0,"All interventions, all-version IT checkpoint"
bbq,BBQ Ambig.,it_1,IT 1,Bias_score_ambig,Bias score ambig.,0,7.196,7.196,results/new_results/m6_llama70b_original5/m6_llama70b_original5_20260415_195536/m6/eval/m6_l70b_two_pass_one__all_allversions__all_strategies/bbq/bbq_metrics.csv,IT,1,"All interventions, all-version IT checkpoint"
bbq,BBQ Disambig.,base,Base Model Inference,Bias_score_disambig,Bias score disambig.,0,0.388,0.388,results/new_results/m6_llama70b_original5/m6_llama70b_original5_20260415_195536/plain_direct/bbq/bbq_metrics_llama70b_plain_base_bbq.csv,Base,,"All interventions, all-version IT checkpoint"
bbq,BBQ Disambig.,icl,ICL,Bias_score_disambig,Bias score disambig.,0,0.716,0.716,results/new_results/m4_base_icl_zero/m4_base_icl_zero_allmodels_20260514_005736/llama70b/bbq/bbq_metrics_m4_baseicl_zero_llama70b_allstrat_bbq.csv,ICL,0,"All interventions, all-version IT checkpoint"
bbq,BBQ Disambig.,it,DIY IT,Bias_score_disambig,Bias score disambig.,0,0.554,0.554,results/new_results/m3_finetune_llama70b_ms500/bbq/bbq_metrics_m3_llama70b_ms500_all_allversions_bbq.csv,DIY IT,,"All interventions, all-version IT checkpoint"
bbq,BBQ Disambig.,no_it_0,No IT 0,Bias_score_disambig,Bias score disambig.,0,2.439,2.439,results/new_results/m6_llama70b_original5/m6_llama70b_original5_20260415_195536/m6/eval/m6_l70b_two_pass_zero__base_all_strategies__all_strategies/bbq/bbq_metrics.csv,No IT,0,"All interventions, all-version IT checkpoint"
bbq,BBQ Disambig.,no_it_1,No IT 1,Bias_score_disambig,Bias score disambig.,0,2.521,2.521,results/new_results/m6_llama70b_original5/m6_llama70b_original5_20260415_195536/m6/eval/m6_l70b_two_pass_one__base_all_strategies__all_strategies/bbq/bbq_metrics.csv,No IT,1,"All interventions, all-version IT checkpoint"
bbq,BBQ Disambig.,it_0,IT 0,Bias_score_disambig,Bias score disambig.,0,2.126,2.126,results/new_results/m6_llama70b_original5/m6_llama70b_original5_20260415_195536/m6/eval/m6_l70b_two_pass_zero__all_allversions__all_strategies/bbq/bbq_metrics.csv,IT,0,"All interventions, all-version IT checkpoint"
bbq,BBQ Disambig.,it_1,IT 1,Bias_score_disambig,Bias score disambig.,0,2.696,2.696,results/new_results/m6_llama70b_original5/m6_llama70b_original5_20260415_195536/m6/eval/m6_l70b_two_pass_one__all_allversions__all_strategies/bbq/bbq_metrics.csv,IT,1,"All interventions, all-version IT checkpoint"
winobias,WinoBias,base,Base Model Inference,abs_pro_anti_gap,Abs. pro/anti gap,0,0.14393939,0.14393939,results/new_results/m6_llama70b_original5/m6_llama70b_original5_20260415_195536/plain_direct/evalshared/winobias/llama70b_plain_base_winobias/winobias_metrics_overall_llama70b_plain_base_winobias.csv,Base,,"All interventions, all-version IT checkpoint"
winobias,WinoBias,icl,ICL,abs_pro_anti_gap,Abs. pro/anti gap,0,0.14393939,0.14393939,results/new_results/m4_base_icl_zero/m4_base_icl_zero_allmodels_20260514_005736/llama70b/evalshared/winobias/m4_baseicl_zero_llama70b_allstrat_winobias/winobias_metrics_overall_m4_baseicl_zero_llama70b_allstrat_winobias.csv,ICL,0,"All interventions, all-version IT checkpoint"
winobias,WinoBias,it,DIY IT,abs_pro_anti_gap,Abs. pro/anti gap,0,0.15151515,0.15151515,results/new_results/m3_finetune_llama70b_ms500/evalshared/winobias/m3_llama70b_ms500_all_allversions_winobias/winobias_metrics_overall_m3_llama70b_ms500_all_allversions_winobias.csv,DIY IT,,"All interventions, all-version IT checkpoint"
winobias,WinoBias,no_it_0,No IT 0,abs_pro_anti_gap,Abs. pro/anti gap,0,0.058080808,0.058080808,results/new_results/m6_llama70b_original5/m6_llama70b_original5_20260415_195536/m6/eval/m6_l70b_two_pass_zero__base_all_strategies__all_strategies/winobias/winobias/m6_l70b_two_pass_zero__base_all_strategies__all_strategies_self_debias_two_pass_all_strategies/winobias_metrics_overall_m6_l70b_two_pass_zero__base_all_strategies__all_strategies_self_debias_two_pass_all_strategies.csv,No IT,0,"All interventions, all-version IT checkpoint"
winobias,WinoBias,no_it_1,No IT 1,abs_pro_anti_gap,Abs. pro/anti gap,0,0.068181818,0.068181818,results/new_results/m6_llama70b_original5/m6_llama70b_original5_20260415_195536/m6/eval/m6_l70b_two_pass_one__base_all_strategies__all_strategies/winobias/winobias/m6_l70b_two_pass_one__base_all_strategies__all_strategies_self_debias_two_pass_all_strategies/winobias_metrics_overall_m6_l70b_two_pass_one__base_all_strategies__all_strategies_self_debias_two_pass_all_strategies.csv,No IT,1,"All interventions, all-version IT checkpoint"
winobias,WinoBias,no_it_2,No IT 2,abs_pro_anti_gap,Abs. pro/anti gap,0,0.063131313,0.063131313,results/new_results/m6_llama70b_original5/m6_llama70b_original5_20260415_195536/m6/eval/m6_l70b_two_pass_two__base_all_strategies__all_strategies/winobias/winobias/m6_l70b_two_pass_two__base_all_strategies__all_strategies_self_debias_two_pass_all_strategies/winobias_metrics_overall_m6_l70b_two_pass_two__base_all_strategies__all_strategies_self_debias_two_pass_all_strategies.csv,No IT,2,"All interventions, all-version IT checkpoint"
winobias,WinoBias,it_0,IT 0,abs_pro_anti_gap,Abs. pro/anti gap,0,0.083333333,0.083333333,results/new_results/m6_llama70b_original5/m6_llama70b_original5_20260415_195536/m6/eval/m6_l70b_two_pass_zero__all_allversions__all_strategies/winobias/winobias/m6_l70b_two_pass_zero__all_allversions__all_strategies_self_debias_two_pass_all_strategies/winobias_metrics_overall_m6_l70b_two_pass_zero__all_allversions__all_strategies_self_debias_two_pass_all_strategies.csv,IT,0,"All interventions, all-version IT checkpoint"
winobias,WinoBias,it_1,IT 1,abs_pro_anti_gap,Abs. pro/anti gap,0,0.083333333,0.083333333,results/new_results/m6_llama70b_original5/m6_llama70b_original5_20260415_195536/m6/eval/m6_l70b_two_pass_one__all_allversions__all_strategies/winobias/winobias/m6_l70b_two_pass_one__all_allversions__all_strategies_self_debias_two_pass_all_strategies/winobias_metrics_overall_m6_l70b_two_pass_one__all_allversions__all_strategies_self_debias_two_pass_all_strategies.csv,IT,1,"All interventions, all-version IT checkpoint"
winobias,WinoBias,it_2,IT 2,abs_pro_anti_gap,Abs. pro/anti gap,0,0.11742424,0.11742424,results/new_results/m6_llama70b_original5/m6_llama70b_original5_20260415_195536/m6/eval/m6_l70b_two_pass_two__all_allversions__all_strategies/winobias/winobias/m6_l70b_two_pass_two__all_allversions__all_strategies_self_debias_two_pass_all_strategies/winobias_metrics_overall_m6_l70b_two_pass_two__all_allversions__all_strategies_self_debias_two_pass_all_strategies.csv,IT,2,"All interventions, all-version IT checkpoint"
winogender,WinoGender,base,Base Model Inference,male_female_pair_disagreement_rate,Male/female pair disagreement,0,0.070833333,0.070833333,results/new_results/m6_llama70b_original5/m6_llama70b_original5_20260415_195536/plain_direct/evalshared/winogender/llama70b_plain_base_winogender/winogender_metrics_overall_llama70b_plain_base_winogender.csv,Base,,"All interventions, all-version IT checkpoint"
winogender,WinoGender,icl,ICL,male_female_pair_disagreement_rate,Male/female pair disagreement,0,0.0625,0.0625,results/new_results/m4_base_icl_zero/m4_base_icl_zero_allmodels_20260514_005736/llama70b/evalshared/winogender/m4_baseicl_zero_llama70b_allstrat_winogender/winogender_metrics_overall_m4_baseicl_zero_llama70b_allstrat_winogender.csv,ICL,0,"All interventions, all-version IT checkpoint"
winogender,WinoGender,it,DIY IT,male_female_pair_disagreement_rate,Male/female pair disagreement,0,0.083333333,0.083333333,results/new_results/m3_finetune_llama70b_ms500/evalshared/winogender/m3_llama70b_ms500_all_allversions_winogender/winogender_metrics_overall_m3_llama70b_ms500_all_allversions_winogender.csv,DIY IT,,"All interventions, all-version IT checkpoint"
winogender,WinoGender,no_it_0,No IT 0,male_female_pair_disagreement_rate,Male/female pair disagreement,0,0.054166667,0.054166667,results/new_results/m6_llama70b_original5/m6_llama70b_original5_20260415_195536/m6/eval/m6_l70b_two_pass_zero__base_all_strategies__all_strategies/winogender/winogender/m6_l70b_two_pass_zero__base_all_strategies__all_strategies_self_debias_two_pass_all_strategies/winogender_metrics_overall_m6_l70b_two_pass_zero__base_all_strategies__all_strategies_self_debias_two_pass_all_strategies.csv,No IT,0,"All interventions, all-version IT checkpoint"
winogender,WinoGender,no_it_1,No IT 1,male_female_pair_disagreement_rate,Male/female pair disagreement,0,0.070833333,0.070833333,results/new_results/m6_llama70b_original5/m6_llama70b_original5_20260415_195536/m6/eval/m6_l70b_two_pass_one__base_all_strategies__all_strategies/winogender/winogender/m6_l70b_two_pass_one__base_all_strategies__all_strategies_self_debias_two_pass_all_strategies/winogender_metrics_overall_m6_l70b_two_pass_one__base_all_strategies__all_strategies_self_debias_two_pass_all_strategies.csv,No IT,1,"All interventions, all-version IT checkpoint"
winogender,WinoGender,it_0,IT 0,male_female_pair_disagreement_rate,Male/female pair disagreement,0,0.0625,0.0625,results/new_results/m6_llama70b_original5/m6_llama70b_original5_20260415_195536/m6/eval/m6_l70b_two_pass_zero__all_allversions__all_strategies/winogender/winogender/m6_l70b_two_pass_zero__all_allversions__all_strategies_self_debias_two_pass_all_strategies/winogender_metrics_overall_m6_l70b_two_pass_zero__all_allversions__all_strategies_self_debias_two_pass_all_strategies.csv,IT,0,"All interventions, all-version IT checkpoint"
winogender,WinoGender,it_1,IT 1,male_female_pair_disagreement_rate,Male/female pair disagreement,0,0.075,0.075,results/new_results/m6_llama70b_original5/m6_llama70b_original5_20260415_195536/m6/eval/m6_l70b_two_pass_one__all_allversions__all_strategies/winogender/winogender/m6_l70b_two_pass_one__all_allversions__all_strategies_self_debias_two_pass_all_strategies/winogender_metrics_overall_m6_l70b_two_pass_one__all_allversions__all_strategies_self_debias_two_pass_all_strategies.csv,IT,1,"All interventions, all-version IT checkpoint"
crowspairs,CrowS-Pairs,base,Base Model Inference,stereotype_preference_pct,Stereotype preference %,50,66.11,16.11,results/new_results/m6_llama70b_original5/m6_llama70b_original5_20260415_195536/plain_direct/evalshared/crows_pairs_metrics_overall_llama70b_plain_base_crowspairs.csv,Base,,"All interventions, opinion IT checkpoint"
crowspairs,CrowS-Pairs,icl,ICL,stereotype_preference_pct,Stereotype preference %,50,56.37,6.37,results/new_results/m4_base_icl_zero/m4_base_icl_zero_allmodels_20260514_005736/llama70b/evalshared/crows_pairs_metrics_overall_m4_baseicl_zero_llama70b_allstrat_crowspairs.csv,ICL,0,"All interventions, opinion IT checkpoint"
crowspairs,CrowS-Pairs,it,DIY IT,stereotype_preference_pct,Stereotype preference %,50,66.51,16.51,results/new_results/m3_finetune_llama70b_ms500/evalshared/crows_pairs_metrics_overall_m3_llama70b_ms500_all_opinion_crowspairs.csv,DIY IT,,"All interventions, opinion IT checkpoint"
crowspairs,CrowS-Pairs,no_it_0,No IT 0,stereotype_preference_pct,Stereotype preference %,50,48.21,1.79,results/new_results/m6_llama70b_original5/m6_llama70b_original5_20260415_195536/m6/eval/m6_l70b_two_pass_zero__base_all_strategies__all_strategies/crowspairs/crows_pairs_metrics_overall_m6_l70b_two_pass_zero__base_all_strategies__all_strategies_self_debias_two_pass_all_strategies.csv,No IT,0,"All interventions, opinion IT checkpoint"
crowspairs,CrowS-Pairs,no_it_1,No IT 1,stereotype_preference_pct,Stereotype preference %,50,49.01,0.99,results/new_results/m6_llama70b_original5/m6_llama70b_original5_20260415_195536/m6/eval/m6_l70b_two_pass_one__base_all_strategies__all_strategies/crowspairs/crows_pairs_metrics_overall_m6_l70b_two_pass_one__base_all_strategies__all_strategies_self_debias_two_pass_all_strategies.csv,No IT,1,"All interventions, opinion IT checkpoint"
crowspairs,CrowS-Pairs,it_0,IT 0,stereotype_preference_pct,Stereotype preference %,50,48.54,1.46,results/new_results/m6_llama70b_original5/m6_llama70b_original5_20260415_195536/m6/eval/m6_l70b_two_pass_zero__all_opinion__all_strategies/crowspairs/crows_pairs_metrics_overall_m6_l70b_two_pass_zero__all_opinion__all_strategies_self_debias_two_pass_all_strategies.csv,IT,0,"All interventions, opinion IT checkpoint"
crowspairs,CrowS-Pairs,it_1,IT 1,stereotype_preference_pct,Stereotype preference %,50,49.4,0.6,results/new_results/m6_llama70b_original5/m6_llama70b_original5_20260415_195536/m6/eval/m6_l70b_two_pass_one__all_opinion__all_strategies/crowspairs/crows_pairs_metrics_overall_m6_l70b_two_pass_one__all_opinion__all_strategies_self_debias_two_pass_all_strategies.csv,IT,1,"All interventions, opinion IT checkpoint"
stereoset,StereoSet,base,Base Model Inference,SS Score,SS Score overall,50,59.9998,9.9997996,results/new_results/m6_llama70b_original5/m6_llama70b_original5_20260415_195536/plain_direct/evalshared/stereoset_metrics_llama70b_plain_base_stereoset.csv,Base,,"All interventions, opinion IT checkpoint"
stereoset,StereoSet,icl,ICL,SS Score,SS Score overall,50,53.758909,3.7589086,results/new_results/m4_base_icl_zero/m4_base_icl_zero_allmodels_20260514_005736/llama70b/evalshared/stereoset_metrics_m4_baseicl_zero_llama70b_allstrat_stereoset.csv,ICL,0,"All interventions, opinion IT checkpoint"
stereoset,StereoSet,it,DIY IT,SS Score,SS Score overall,50,60.561937,10.561937,results/new_results/m3_finetune_llama70b_ms500/evalshared/stereoset_metrics_m3_llama70b_ms500_all_opinion_stereoset.csv,DIY IT,,"All interventions, opinion IT checkpoint"
stereoset,StereoSet,no_it_0,No IT 0,SS Score,SS Score overall,50,46.813309,3.1866908,results/new_results/m6_llama70b_original5/m6_llama70b_original5_20260415_195536/m6/eval/m6_l70b_two_pass_zero__base_all_strategies__all_strategies/stereoset/stereoset_metrics_m6_l70b_two_pass_zero__base_all_strategies__all_strategies_self_debias_two_pass_all_strategies.csv,No IT,0,"All interventions, opinion IT checkpoint"
stereoset,StereoSet,no_it_1,No IT 1,SS Score,SS Score overall,50,47.620682,2.3793181,results/new_results/m6_llama70b_original5/m6_llama70b_original5_20260415_195536/m6/eval/m6_l70b_two_pass_one__base_all_strategies__all_strategies/stereoset/stereoset_metrics_m6_l70b_two_pass_one__base_all_strategies__all_strategies_self_debias_two_pass_all_strategies.csv,No IT,1,"All interventions, opinion IT checkpoint"
stereoset,StereoSet,it_0,IT 0,SS Score,SS Score overall,50,48.262844,1.7371563,results/new_results/m6_llama70b_original5/m6_llama70b_original5_20260415_195536/m6/eval/m6_l70b_two_pass_zero__all_opinion__all_strategies/stereoset/stereoset_metrics_m6_l70b_two_pass_zero__all_opinion__all_strategies_self_debias_two_pass_all_strategies.csv,IT,0,"All interventions, opinion IT checkpoint"
stereoset,StereoSet,it_1,IT 1,SS Score,SS Score overall,50,48.24955,1.7504504,results/new_results/m6_llama70b_original5/m6_llama70b_original5_20260415_195536/m6/eval/m6_l70b_two_pass_one__all_opinion__all_strategies/stereoset/stereoset_metrics_m6_l70b_two_pass_one__all_opinion__all_strategies_self_debias_two_pass_all_strategies.csv,IT,1,"All interventions, opinion IT checkpoint"
stereoset,StereoSet,it_2,IT 2,SS Score,SS Score overall,50,47.816427,2.1835731,results/new_results/m6_llama70b_original5/m6_llama70b_original5_20260415_195536/m6/eval/m6_l70b_two_pass_two__all_opinion__all_strategies/stereoset/stereoset_metrics_m6_l70b_two_pass_two__all_opinion__all_strategies_self_debias_two_pass_all_strategies.csv,IT,2,"All interventions, opinion IT checkpoint"
bbq,BBQ Ambig.,base,Base Model Inference,Bias_score_ambig,Bias score ambig.,0,7.046,7.046,results/new_results/m6_llama70b_original5/m6_llama70b_original5_20260415_195536/plain_direct/bbq/bbq_metrics_llama70b_plain_base_bbq.csv,Base,,"All interventions, opinion IT checkpoint"
bbq,BBQ Ambig.,icl,ICL,Bias_score_ambig,Bias score ambig.,0,5.206,5.206,results/new_results/m4_base_icl_zero/m4_base_icl_zero_allmodels_20260514_005736/llama70b/bbq/bbq_metrics_m4_baseicl_zero_llama70b_allstrat_bbq.csv,ICL,0,"All interventions, opinion IT checkpoint"
bbq,BBQ Ambig.,it,DIY IT,Bias_score_ambig,Bias score ambig.,0,6.881,6.881,results/new_results/m3_finetune_llama70b_ms500/bbq/bbq_metrics_m3_llama70b_ms500_all_opinion_bbq.csv,DIY IT,,"All interventions, opinion IT checkpoint"
bbq,BBQ Ambig.,no_it_0,No IT 0,Bias_score_ambig,Bias score ambig.,0,4.935,4.935,results/new_results/m6_llama70b_original5/m6_llama70b_original5_20260415_195536/m6/eval/m6_l70b_two_pass_zero__base_all_strategies__all_strategies/bbq/bbq_metrics.csv,No IT,0,"All interventions, opinion IT checkpoint"
bbq,BBQ Ambig.,no_it_1,No IT 1,Bias_score_ambig,Bias score ambig.,0,4.87,4.87,results/new_results/m6_llama70b_original5/m6_llama70b_original5_20260415_195536/m6/eval/m6_l70b_two_pass_one__base_all_strategies__all_strategies/bbq/bbq_metrics.csv,No IT,1,"All interventions, opinion IT checkpoint"
bbq,BBQ Ambig.,it_0,IT 0,Bias_score_ambig,Bias score ambig.,0,8.623,8.623,results/new_results/m6_llama70b_original5/m6_llama70b_original5_20260415_195536/m6/eval/m6_l70b_two_pass_zero__all_opinion__all_strategies/bbq/bbq_metrics.csv,IT,0,"All interventions, opinion IT checkpoint"
bbq,BBQ Ambig.,it_1,IT 1,Bias_score_ambig,Bias score ambig.,0,7.916,7.916,results/new_results/m6_llama70b_original5/m6_llama70b_original5_20260415_195536/m6/eval/m6_l70b_two_pass_one__all_opinion__all_strategies/bbq/bbq_metrics.csv,IT,1,"All interventions, opinion IT checkpoint"
bbq,BBQ Ambig.,it_2,IT 2,Bias_score_ambig,Bias score ambig.,0,8.159,8.159,results/new_results/m6_llama70b_original5/m6_llama70b_original5_20260415_195536/m6/eval/m6_l70b_two_pass_two__all_opinion__all_strategies/bbq/bbq_metrics.csv,IT,2,"All interventions, opinion IT checkpoint"
bbq,BBQ Disambig.,base,Base Model Inference,Bias_score_disambig,Bias score disambig.,0,0.388,0.388,results/new_results/m6_llama70b_original5/m6_llama70b_original5_20260415_195536/plain_direct/bbq/bbq_metrics_llama70b_plain_base_bbq.csv,Base,,"All interventions, opinion IT checkpoint"
bbq,BBQ Disambig.,icl,ICL,Bias_score_disambig,Bias score disambig.,0,0.716,0.716,results/new_results/m4_base_icl_zero/m4_base_icl_zero_allmodels_20260514_005736/llama70b/bbq/bbq_metrics_m4_baseicl_zero_llama70b_allstrat_bbq.csv,ICL,0,"All interventions, opinion IT checkpoint"
bbq,BBQ Disambig.,it,DIY IT,Bias_score_disambig,Bias score disambig.,0,0.702,0.702,results/new_results/m3_finetune_llama70b_ms500/bbq/bbq_metrics_m3_llama70b_ms500_all_opinion_bbq.csv,DIY IT,,"All interventions, opinion IT checkpoint"
bbq,BBQ Disambig.,no_it_0,No IT 0,Bias_score_disambig,Bias score disambig.,0,2.439,2.439,results/new_results/m6_llama70b_original5/m6_llama70b_original5_20260415_195536/m6/eval/m6_l70b_two_pass_zero__base_all_strategies__all_strategies/bbq/bbq_metrics.csv,No IT,0,"All interventions, opinion IT checkpoint"
bbq,BBQ Disambig.,no_it_1,No IT 1,Bias_score_disambig,Bias score disambig.,0,2.521,2.521,results/new_results/m6_llama70b_original5/m6_llama70b_original5_20260415_195536/m6/eval/m6_l70b_two_pass_one__base_all_strategies__all_strategies/bbq/bbq_metrics.csv,No IT,1,"All interventions, opinion IT checkpoint"
bbq,BBQ Disambig.,it_0,IT 0,Bias_score_disambig,Bias score disambig.,0,2.207,2.207,results/new_results/m6_llama70b_original5/m6_llama70b_original5_20260415_195536/m6/eval/m6_l70b_two_pass_zero__all_opinion__all_strategies/bbq/bbq_metrics.csv,IT,0,"All interventions, opinion IT checkpoint"
bbq,BBQ Disambig.,it_1,IT 1,Bias_score_disambig,Bias score disambig.,0,2.42,2.42,results/new_results/m6_llama70b_original5/m6_llama70b_original5_20260415_195536/m6/eval/m6_l70b_two_pass_one__all_opinion__all_strategies/bbq/bbq_metrics.csv,IT,1,"All interventions, opinion IT checkpoint"
bbq,BBQ Disambig.,it_2,IT 2,Bias_score_disambig,Bias score disambig.,0,3.087,3.087,results/new_results/m6_llama70b_original5/m6_llama70b_original5_20260415_195536/m6/eval/m6_l70b_two_pass_two__all_opinion__all_strategies/bbq/bbq_metrics.csv,IT,2,"All interventions, opinion IT checkpoint"
winobias,WinoBias,base,Base Model Inference,abs_pro_anti_gap,Abs. pro/anti gap,0,0.14393939,0.14393939,results/new_results/m6_llama70b_original5/m6_llama70b_original5_20260415_195536/plain_direct/evalshared/winobias/llama70b_plain_base_winobias/winobias_metrics_overall_llama70b_plain_base_winobias.csv,Base,,"All interventions, opinion IT checkpoint"
winobias,WinoBias,icl,ICL,abs_pro_anti_gap,Abs. pro/anti gap,0,0.14393939,0.14393939,results/new_results/m4_base_icl_zero/m4_base_icl_zero_allmodels_20260514_005736/llama70b/evalshared/winobias/m4_baseicl_zero_llama70b_allstrat_winobias/winobias_metrics_overall_m4_baseicl_zero_llama70b_allstrat_winobias.csv,ICL,0,"All interventions, opinion IT checkpoint"
winobias,WinoBias,it,DIY IT,abs_pro_anti_gap,Abs. pro/anti gap,0,0.12878788,0.12878788,results/new_results/m3_finetune_llama70b_ms500/evalshared/winobias/m3_llama70b_ms500_all_opinion_winobias/winobias_metrics_overall_m3_llama70b_ms500_all_opinion_winobias.csv,DIY IT,,"All interventions, opinion IT checkpoint"
winobias,WinoBias,no_it_0,No IT 0,abs_pro_anti_gap,Abs. pro/anti gap,0,0.058080808,0.058080808,results/new_results/m6_llama70b_original5/m6_llama70b_original5_20260415_195536/m6/eval/m6_l70b_two_pass_zero__base_all_strategies__all_strategies/winobias/winobias/m6_l70b_two_pass_zero__base_all_strategies__all_strategies_self_debias_two_pass_all_strategies/winobias_metrics_overall_m6_l70b_two_pass_zero__base_all_strategies__all_strategies_self_debias_two_pass_all_strategies.csv,No IT,0,"All interventions, opinion IT checkpoint"
winobias,WinoBias,no_it_1,No IT 1,abs_pro_anti_gap,Abs. pro/anti gap,0,0.068181818,0.068181818,results/new_results/m6_llama70b_original5/m6_llama70b_original5_20260415_195536/m6/eval/m6_l70b_two_pass_one__base_all_strategies__all_strategies/winobias/winobias/m6_l70b_two_pass_one__base_all_strategies__all_strategies_self_debias_two_pass_all_strategies/winobias_metrics_overall_m6_l70b_two_pass_one__base_all_strategies__all_strategies_self_debias_two_pass_all_strategies.csv,No IT,1,"All interventions, opinion IT checkpoint"
winobias,WinoBias,no_it_2,No IT 2,abs_pro_anti_gap,Abs. pro/anti gap,0,0.063131313,0.063131313,results/new_results/m6_llama70b_original5/m6_llama70b_original5_20260415_195536/m6/eval/m6_l70b_two_pass_two__base_all_strategies__all_strategies/winobias/winobias/m6_l70b_two_pass_two__base_all_strategies__all_strategies_self_debias_two_pass_all_strategies/winobias_metrics_overall_m6_l70b_two_pass_two__base_all_strategies__all_strategies_self_debias_two_pass_all_strategies.csv,No IT,2,"All interventions, opinion IT checkpoint"
winobias,WinoBias,it_0,IT 0,abs_pro_anti_gap,Abs. pro/anti gap,0,0.071969697,0.071969697,results/new_results/m6_llama70b_original5/m6_llama70b_original5_20260415_195536/m6/eval/m6_l70b_two_pass_zero__all_opinion__all_strategies/winobias/winobias/m6_l70b_two_pass_zero__all_opinion__all_strategies_self_debias_two_pass_all_strategies/winobias_metrics_overall_m6_l70b_two_pass_zero__all_opinion__all_strategies_self_debias_two_pass_all_strategies.csv,IT,0,"All interventions, opinion IT checkpoint"
winobias,WinoBias,it_1,IT 1,abs_pro_anti_gap,Abs. pro/anti gap,0,0.10227273,0.10227273,results/new_results/m6_llama70b_original5/m6_llama70b_original5_20260415_195536/m6/eval/m6_l70b_two_pass_one__all_opinion__all_strategies/winobias/winobias/m6_l70b_two_pass_one__all_opinion__all_strategies_self_debias_two_pass_all_strategies/winobias_metrics_overall_m6_l70b_two_pass_one__all_opinion__all_strategies_self_debias_two_pass_all_strategies.csv,IT,1,"All interventions, opinion IT checkpoint"
winogender,WinoGender,base,Base Model Inference,male_female_pair_disagreement_rate,Male/female pair disagreement,0,0.070833333,0.070833333,results/new_results/m6_llama70b_original5/m6_llama70b_original5_20260415_195536/plain_direct/evalshared/winogender/llama70b_plain_base_winogender/winogender_metrics_overall_llama70b_plain_base_winogender.csv,Base,,"All interventions, opinion IT checkpoint"
winogender,WinoGender,icl,ICL,male_female_pair_disagreement_rate,Male/female pair disagreement,0,0.0625,0.0625,results/new_results/m4_base_icl_zero/m4_base_icl_zero_allmodels_20260514_005736/llama70b/evalshared/winogender/m4_baseicl_zero_llama70b_allstrat_winogender/winogender_metrics_overall_m4_baseicl_zero_llama70b_allstrat_winogender.csv,ICL,0,"All interventions, opinion IT checkpoint"
winogender,WinoGender,it,DIY IT,male_female_pair_disagreement_rate,Male/female pair disagreement,0,0.054166667,0.054166667,results/new_results/m3_finetune_llama70b_ms500/evalshared/winogender/m3_llama70b_ms500_all_opinion_winogender/winogender_metrics_overall_m3_llama70b_ms500_all_opinion_winogender.csv,DIY IT,,"All interventions, opinion IT checkpoint"
winogender,WinoGender,no_it_0,No IT 0,male_female_pair_disagreement_rate,Male/female pair disagreement,0,0.054166667,0.054166667,results/new_results/m6_llama70b_original5/m6_llama70b_original5_20260415_195536/m6/eval/m6_l70b_two_pass_zero__base_all_strategies__all_strategies/winogender/winogender/m6_l70b_two_pass_zero__base_all_strategies__all_strategies_self_debias_two_pass_all_strategies/winogender_metrics_overall_m6_l70b_two_pass_zero__base_all_strategies__all_strategies_self_debias_two_pass_all_strategies.csv,No IT,0,"All interventions, opinion IT checkpoint"
winogender,WinoGender,no_it_1,No IT 1,male_female_pair_disagreement_rate,Male/female pair disagreement,0,0.070833333,0.070833333,results/new_results/m6_llama70b_original5/m6_llama70b_original5_20260415_195536/m6/eval/m6_l70b_two_pass_one__base_all_strategies__all_strategies/winogender/winogender/m6_l70b_two_pass_one__base_all_strategies__all_strategies_self_debias_two_pass_all_strategies/winogender_metrics_overall_m6_l70b_two_pass_one__base_all_strategies__all_strategies_self_debias_two_pass_all_strategies.csv,No IT,1,"All interventions, opinion IT checkpoint"
winogender,WinoGender,it_0,IT 0,male_female_pair_disagreement_rate,Male/female pair disagreement,0,0.058333333,0.058333333,results/new_results/m6_llama70b_original5/m6_llama70b_original5_20260415_195536/m6/eval/m6_l70b_two_pass_zero__all_opinion__all_strategies/winogender/winogender/m6_l70b_two_pass_zero__all_opinion__all_strategies_self_debias_two_pass_all_strategies/winogender_metrics_overall_m6_l70b_two_pass_zero__all_opinion__all_strategies_self_debias_two_pass_all_strategies.csv,IT,0,"All interventions, opinion IT checkpoint"
winogender,WinoGender,it_1,IT 1,male_female_pair_disagreement_rate,Male/female pair disagreement,0,0.05,0.05,results/new_results/m6_llama70b_original5/m6_llama70b_original5_20260415_195536/m6/eval/m6_l70b_two_pass_one__all_opinion__all_strategies/winogender/winogender/m6_l70b_two_pass_one__all_opinion__all_strategies_self_debias_two_pass_all_strategies/winogender_metrics_overall_m6_l70b_two_pass_one__all_opinion__all_strategies_self_debias_two_pass_all_strategies.csv,IT,1,"All interventions, opinion IT checkpoint"
crowspairs,CrowS-Pairs,base,Base Model Inference,stereotype_preference_pct,Stereotype preference %,50,66.11,16.11,results/new_results/m6_llama70b_original5/m6_llama70b_original5_20260415_195536/plain_direct/evalshared/crows_pairs_metrics_overall_llama70b_plain_base_crowspairs.csv,Base,,"All interventions, action IT checkpoint"
crowspairs,CrowS-Pairs,icl,ICL,stereotype_preference_pct,Stereotype preference %,50,56.37,6.37,results/new_results/m4_base_icl_zero/m4_base_icl_zero_allmodels_20260514_005736/llama70b/evalshared/crows_pairs_metrics_overall_m4_baseicl_zero_llama70b_allstrat_crowspairs.csv,ICL,0,"All interventions, action IT checkpoint"
crowspairs,CrowS-Pairs,it,DIY IT,stereotype_preference_pct,Stereotype preference %,50,65.38,15.38,results/new_results/m3_finetune_llama70b_ms500/evalshared/crows_pairs_metrics_overall_m3_llama70b_ms500_all_action_crowspairs.csv,DIY IT,,"All interventions, action IT checkpoint"
crowspairs,CrowS-Pairs,no_it_0,No IT 0,stereotype_preference_pct,Stereotype preference %,50,48.21,1.79,results/new_results/m6_llama70b_original5/m6_llama70b_original5_20260415_195536/m6/eval/m6_l70b_two_pass_zero__base_all_strategies__all_strategies/crowspairs/crows_pairs_metrics_overall_m6_l70b_two_pass_zero__base_all_strategies__all_strategies_self_debias_two_pass_all_strategies.csv,No IT,0,"All interventions, action IT checkpoint"
crowspairs,CrowS-Pairs,no_it_1,No IT 1,stereotype_preference_pct,Stereotype preference %,50,49.01,0.99,results/new_results/m6_llama70b_original5/m6_llama70b_original5_20260415_195536/m6/eval/m6_l70b_two_pass_one__base_all_strategies__all_strategies/crowspairs/crows_pairs_metrics_overall_m6_l70b_two_pass_one__base_all_strategies__all_strategies_self_debias_two_pass_all_strategies.csv,No IT,1,"All interventions, action IT checkpoint"
crowspairs,CrowS-Pairs,it_0,IT 0,stereotype_preference_pct,Stereotype preference %,50,46.88,3.12,results/new_results/m6_llama70b_original5/m6_llama70b_original5_20260415_195536/m6/eval/m6_l70b_two_pass_zero__all_action__all_strategies/crowspairs/crows_pairs_metrics_overall_m6_l70b_two_pass_zero__all_action__all_strategies_self_debias_two_pass_all_strategies.csv,IT,0,"All interventions, action IT checkpoint"
crowspairs,CrowS-Pairs,it_1,IT 1,stereotype_preference_pct,Stereotype preference %,50,46.29,3.71,results/new_results/m6_llama70b_original5/m6_llama70b_original5_20260415_195536/m6/eval/m6_l70b_two_pass_one__all_action__all_strategies/crowspairs/crows_pairs_metrics_overall_m6_l70b_two_pass_one__all_action__all_strategies_self_debias_two_pass_all_strategies.csv,IT,1,"All interventions, action IT checkpoint"
stereoset,StereoSet,base,Base Model Inference,SS Score,SS Score overall,50,59.9998,9.9997996,results/new_results/m6_llama70b_original5/m6_llama70b_original5_20260415_195536/plain_direct/evalshared/stereoset_metrics_llama70b_plain_base_stereoset.csv,Base,,"All interventions, action IT checkpoint"
stereoset,StereoSet,icl,ICL,SS Score,SS Score overall,50,53.758909,3.7589086,results/new_results/m4_base_icl_zero/m4_base_icl_zero_allmodels_20260514_005736/llama70b/evalshared/stereoset_metrics_m4_baseicl_zero_llama70b_allstrat_stereoset.csv,ICL,0,"All interventions, action IT checkpoint"
stereoset,StereoSet,it,DIY IT,SS Score,SS Score overall,50,60.461111,10.461111,results/new_results/m3_finetune_llama70b_ms500/evalshared/stereoset_metrics_m3_llama70b_ms500_all_action_stereoset.csv,DIY IT,,"All interventions, action IT checkpoint"
stereoset,StereoSet,no_it_0,No IT 0,SS Score,SS Score overall,50,46.813309,3.1866908,results/new_results/m6_llama70b_original5/m6_llama70b_original5_20260415_195536/m6/eval/m6_l70b_two_pass_zero__base_all_strategies__all_strategies/stereoset/stereoset_metrics_m6_l70b_two_pass_zero__base_all_strategies__all_strategies_self_debias_two_pass_all_strategies.csv,No IT,0,"All interventions, action IT checkpoint"
stereoset,StereoSet,no_it_1,No IT 1,SS Score,SS Score overall,50,47.620682,2.3793181,results/new_results/m6_llama70b_original5/m6_llama70b_original5_20260415_195536/m6/eval/m6_l70b_two_pass_one__base_all_strategies__all_strategies/stereoset/stereoset_metrics_m6_l70b_two_pass_one__base_all_strategies__all_strategies_self_debias_two_pass_all_strategies.csv,No IT,1,"All interventions, action IT checkpoint"
stereoset,StereoSet,it_0,IT 0,SS Score,SS Score overall,50,46.301944,3.6980563,results/new_results/m6_llama70b_original5/m6_llama70b_original5_20260415_195536/m6/eval/m6_l70b_two_pass_zero__all_action__all_strategies/stereoset/stereoset_metrics_m6_l70b_two_pass_zero__all_action__all_strategies_self_debias_two_pass_all_strategies.csv,IT,0,"All interventions, action IT checkpoint"
stereoset,StereoSet,it_1,IT 1,SS Score,SS Score overall,50,47.96339,2.0366095,results/new_results/m6_llama70b_original5/m6_llama70b_original5_20260415_195536/m6/eval/m6_l70b_two_pass_one__all_action__all_strategies/stereoset/stereoset_metrics_m6_l70b_two_pass_one__all_action__all_strategies_self_debias_two_pass_all_strategies.csv,IT,1,"All interventions, action IT checkpoint"
bbq,BBQ Ambig.,base,Base Model Inference,Bias_score_ambig,Bias score ambig.,0,7.046,7.046,results/new_results/m6_llama70b_original5/m6_llama70b_original5_20260415_195536/plain_direct/bbq/bbq_metrics_llama70b_plain_base_bbq.csv,Base,,"All interventions, action IT checkpoint"
bbq,BBQ Ambig.,icl,ICL,Bias_score_ambig,Bias score ambig.,0,5.206,5.206,results/new_results/m4_base_icl_zero/m4_base_icl_zero_allmodels_20260514_005736/llama70b/bbq/bbq_metrics_m4_baseicl_zero_llama70b_allstrat_bbq.csv,ICL,0,"All interventions, action IT checkpoint"
bbq,BBQ Ambig.,it,DIY IT,Bias_score_ambig,Bias score ambig.,0,7.162,7.162,results/new_results/m3_finetune_llama70b_ms500/bbq/bbq_metrics_m3_llama70b_ms500_all_action_bbq.csv,DIY IT,,"All interventions, action IT checkpoint"
bbq,BBQ Ambig.,no_it_0,No IT 0,Bias_score_ambig,Bias score ambig.,0,4.935,4.935,results/new_results/m6_llama70b_original5/m6_llama70b_original5_20260415_195536/m6/eval/m6_l70b_two_pass_zero__base_all_strategies__all_strategies/bbq/bbq_metrics.csv,No IT,0,"All interventions, action IT checkpoint"
bbq,BBQ Ambig.,no_it_1,No IT 1,Bias_score_ambig,Bias score ambig.,0,4.87,4.87,results/new_results/m6_llama70b_original5/m6_llama70b_original5_20260415_195536/m6/eval/m6_l70b_two_pass_one__base_all_strategies__all_strategies/bbq/bbq_metrics.csv,No IT,1,"All interventions, action IT checkpoint"
bbq,BBQ Ambig.,it_0,IT 0,Bias_score_ambig,Bias score ambig.,0,8.653,8.653,results/new_results/m6_llama70b_original5/m6_llama70b_original5_20260415_195536/m6/eval/m6_l70b_two_pass_zero__all_action__all_strategies/bbq/bbq_metrics.csv,IT,0,"All interventions, action IT checkpoint"
bbq,BBQ Ambig.,it_1,IT 1,Bias_score_ambig,Bias score ambig.,0,8.414,8.414,results/new_results/m6_llama70b_original5/m6_llama70b_original5_20260415_195536/m6/eval/m6_l70b_two_pass_one__all_action__all_strategies/bbq/bbq_metrics.csv,IT,1,"All interventions, action IT checkpoint"
bbq,BBQ Disambig.,base,Base Model Inference,Bias_score_disambig,Bias score disambig.,0,0.388,0.388,results/new_results/m6_llama70b_original5/m6_llama70b_original5_20260415_195536/plain_direct/bbq/bbq_metrics_llama70b_plain_base_bbq.csv,Base,,"All interventions, action IT checkpoint"
bbq,BBQ Disambig.,icl,ICL,Bias_score_disambig,Bias score disambig.,0,0.716,0.716,results/new_results/m4_base_icl_zero/m4_base_icl_zero_allmodels_20260514_005736/llama70b/bbq/bbq_metrics_m4_baseicl_zero_llama70b_allstrat_bbq.csv,ICL,0,"All interventions, action IT checkpoint"
bbq,BBQ Disambig.,it,DIY IT,Bias_score_disambig,Bias score disambig.,0,0.694,0.694,results/new_results/m3_finetune_llama70b_ms500/bbq/bbq_metrics_m3_llama70b_ms500_all_action_bbq.csv,DIY IT,,"All interventions, action IT checkpoint"
bbq,BBQ Disambig.,no_it_0,No IT 0,Bias_score_disambig,Bias score disambig.,0,2.439,2.439,results/new_results/m6_llama70b_original5/m6_llama70b_original5_20260415_195536/m6/eval/m6_l70b_two_pass_zero__base_all_strategies__all_strategies/bbq/bbq_metrics.csv,No IT,0,"All interventions, action IT checkpoint"
bbq,BBQ Disambig.,no_it_1,No IT 1,Bias_score_disambig,Bias score disambig.,0,2.521,2.521,results/new_results/m6_llama70b_original5/m6_llama70b_original5_20260415_195536/m6/eval/m6_l70b_two_pass_one__base_all_strategies__all_strategies/bbq/bbq_metrics.csv,No IT,1,"All interventions, action IT checkpoint"
bbq,BBQ Disambig.,it_0,IT 0,Bias_score_disambig,Bias score disambig.,0,2.226,2.226,results/new_results/m6_llama70b_original5/m6_llama70b_original5_20260415_195536/m6/eval/m6_l70b_two_pass_zero__all_action__all_strategies/bbq/bbq_metrics.csv,IT,0,"All interventions, action IT checkpoint"
bbq,BBQ Disambig.,it_1,IT 1,Bias_score_disambig,Bias score disambig.,0,1.498,1.498,results/new_results/m6_llama70b_original5/m6_llama70b_original5_20260415_195536/m6/eval/m6_l70b_two_pass_one__all_action__all_strategies/bbq/bbq_metrics.csv,IT,1,"All interventions, action IT checkpoint"
winobias,WinoBias,base,Base Model Inference,abs_pro_anti_gap,Abs. pro/anti gap,0,0.14393939,0.14393939,results/new_results/m6_llama70b_original5/m6_llama70b_original5_20260415_195536/plain_direct/evalshared/winobias/llama70b_plain_base_winobias/winobias_metrics_overall_llama70b_plain_base_winobias.csv,Base,,"All interventions, action IT checkpoint"
winobias,WinoBias,icl,ICL,abs_pro_anti_gap,Abs. pro/anti gap,0,0.14393939,0.14393939,results/new_results/m4_base_icl_zero/m4_base_icl_zero_allmodels_20260514_005736/llama70b/evalshared/winobias/m4_baseicl_zero_llama70b_allstrat_winobias/winobias_metrics_overall_m4_baseicl_zero_llama70b_allstrat_winobias.csv,ICL,0,"All interventions, action IT checkpoint"
winobias,WinoBias,it,DIY IT,abs_pro_anti_gap,Abs. pro/anti gap,0,0.14646465,0.14646465,results/new_results/m3_finetune_llama70b_ms500/evalshared/winobias/m3_llama70b_ms500_all_action_winobias/winobias_metrics_overall_m3_llama70b_ms500_all_action_winobias.csv,DIY IT,,"All interventions, action IT checkpoint"
winobias,WinoBias,no_it_0,No IT 0,abs_pro_anti_gap,Abs. pro/anti gap,0,0.058080808,0.058080808,results/new_results/m6_llama70b_original5/m6_llama70b_original5_20260415_195536/m6/eval/m6_l70b_two_pass_zero__base_all_strategies__all_strategies/winobias/winobias/m6_l70b_two_pass_zero__base_all_strategies__all_strategies_self_debias_two_pass_all_strategies/winobias_metrics_overall_m6_l70b_two_pass_zero__base_all_strategies__all_strategies_self_debias_two_pass_all_strategies.csv,No IT,0,"All interventions, action IT checkpoint"
winobias,WinoBias,no_it_1,No IT 1,abs_pro_anti_gap,Abs. pro/anti gap,0,0.068181818,0.068181818,results/new_results/m6_llama70b_original5/m6_llama70b_original5_20260415_195536/m6/eval/m6_l70b_two_pass_one__base_all_strategies__all_strategies/winobias/winobias/m6_l70b_two_pass_one__base_all_strategies__all_strategies_self_debias_two_pass_all_strategies/winobias_metrics_overall_m6_l70b_two_pass_one__base_all_strategies__all_strategies_self_debias_two_pass_all_strategies.csv,No IT,1,"All interventions, action IT checkpoint"
winobias,WinoBias,no_it_2,No IT 2,abs_pro_anti_gap,Abs. pro/anti gap,0,0.063131313,0.063131313,results/new_results/m6_llama70b_original5/m6_llama70b_original5_20260415_195536/m6/eval/m6_l70b_two_pass_two__base_all_strategies__all_strategies/winobias/winobias/m6_l70b_two_pass_two__base_all_strategies__all_strategies_self_debias_two_pass_all_strategies/winobias_metrics_overall_m6_l70b_two_pass_two__base_all_strategies__all_strategies_self_debias_two_pass_all_strategies.csv,No IT,2,"All interventions, action IT checkpoint"
winobias,WinoBias,it_0,IT 0,abs_pro_anti_gap,Abs. pro/anti gap,0,0.090909091,0.090909091,results/new_results/m6_llama70b_original5/m6_llama70b_original5_20260415_195536/m6/eval/m6_l70b_two_pass_zero__all_action__all_strategies/winobias/winobias/m6_l70b_two_pass_zero__all_action__all_strategies_self_debias_two_pass_all_strategies/winobias_metrics_overall_m6_l70b_two_pass_zero__all_action__all_strategies_self_debias_two_pass_all_strategies.csv,IT,0,"All interventions, action IT checkpoint"
winobias,WinoBias,it_1,IT 1,abs_pro_anti_gap,Abs. pro/anti gap,0,0.082070707,0.082070707,results/new_results/m6_llama70b_original5/m6_llama70b_original5_20260415_195536/m6/eval/m6_l70b_two_pass_one__all_action__all_strategies/winobias/winobias/m6_l70b_two_pass_one__all_action__all_strategies_self_debias_two_pass_all_strategies/winobias_metrics_overall_m6_l70b_two_pass_one__all_action__all_strategies_self_debias_two_pass_all_strategies.csv,IT,1,"All interventions, action IT checkpoint"
winobias,WinoBias,it_2,IT 2,abs_pro_anti_gap,Abs. pro/anti gap,0,0.090909091,0.090909091,results/new_results/m6_llama70b_original5/m6_llama70b_original5_20260415_195536/m6/eval/m6_l70b_two_pass_two__all_action__all_strategies/winobias/winobias/m6_l70b_two_pass_two__all_action__all_strategies_self_debias_two_pass_all_strategies/winobias_metrics_overall_m6_l70b_two_pass_two__all_action__all_strategies_self_debias_two_pass_all_strategies.csv,IT,2,"All interventions, action IT checkpoint"
winogender,WinoGender,base,Base Model Inference,male_female_pair_disagreement_rate,Male/female pair disagreement,0,0.070833333,0.070833333,results/new_results/m6_llama70b_original5/m6_llama70b_original5_20260415_195536/plain_direct/evalshared/winogender/llama70b_plain_base_winogender/winogender_metrics_overall_llama70b_plain_base_winogender.csv,Base,,"All interventions, action IT checkpoint"
winogender,WinoGender,icl,ICL,male_female_pair_disagreement_rate,Male/female pair disagreement,0,0.0625,0.0625,results/new_results/m4_base_icl_zero/m4_base_icl_zero_allmodels_20260514_005736/llama70b/evalshared/winogender/m4_baseicl_zero_llama70b_allstrat_winogender/winogender_metrics_overall_m4_baseicl_zero_llama70b_allstrat_winogender.csv,ICL,0,"All interventions, action IT checkpoint"
winogender,WinoGender,it,DIY IT,male_female_pair_disagreement_rate,Male/female pair disagreement,0,0.083333333,0.083333333,results/new_results/m3_finetune_llama70b_ms500/evalshared/winogender/m3_llama70b_ms500_all_action_winogender/winogender_metrics_overall_m3_llama70b_ms500_all_action_winogender.csv,DIY IT,,"All interventions, action IT checkpoint"
winogender,WinoGender,no_it_0,No IT 0,male_female_pair_disagreement_rate,Male/female pair disagreement,0,0.054166667,0.054166667,results/new_results/m6_llama70b_original5/m6_llama70b_original5_20260415_195536/m6/eval/m6_l70b_two_pass_zero__base_all_strategies__all_strategies/winogender/winogender/m6_l70b_two_pass_zero__base_all_strategies__all_strategies_self_debias_two_pass_all_strategies/winogender_metrics_overall_m6_l70b_two_pass_zero__base_all_strategies__all_strategies_self_debias_two_pass_all_strategies.csv,No IT,0,"All interventions, action IT checkpoint"
winogender,WinoGender,no_it_1,No IT 1,male_female_pair_disagreement_rate,Male/female pair disagreement,0,0.070833333,0.070833333,results/new_results/m6_llama70b_original5/m6_llama70b_original5_20260415_195536/m6/eval/m6_l70b_two_pass_one__base_all_strategies__all_strategies/winogender/winogender/m6_l70b_two_pass_one__base_all_strategies__all_strategies_self_debias_two_pass_all_strategies/winogender_metrics_overall_m6_l70b_two_pass_one__base_all_strategies__all_strategies_self_debias_two_pass_all_strategies.csv,No IT,1,"All interventions, action IT checkpoint"
winogender,WinoGender,it_0,IT 0,male_female_pair_disagreement_rate,Male/female pair disagreement,0,0.070833333,0.070833333,results/new_results/m6_llama70b_original5/m6_llama70b_original5_20260415_195536/m6/eval/m6_l70b_two_pass_zero__all_action__all_strategies/winogender/winogender/m6_l70b_two_pass_zero__all_action__all_strategies_self_debias_two_pass_all_strategies/winogender_metrics_overall_m6_l70b_two_pass_zero__all_action__all_strategies_self_debias_two_pass_all_strategies.csv,IT,0,"All interventions, action IT checkpoint"
winogender,WinoGender,it_1,IT 1,male_female_pair_disagreement_rate,Male/female pair disagreement,0,0.066666667,0.066666667,results/new_results/m6_llama70b_original5/m6_llama70b_original5_20260415_195536/m6/eval/m6_l70b_two_pass_one__all_action__all_strategies/winogender/winogender/m6_l70b_two_pass_one__all_action__all_strategies_self_debias_two_pass_all_strategies/winogender_metrics_overall_m6_l70b_two_pass_one__all_action__all_strategies_self_debias_two_pass_all_strategies.csv,IT,1,"All interventions, action IT checkpoint"
crowspairs,CrowS-Pairs,base,Base Model Inference,stereotype_preference_pct,Stereotype preference %,50,66.11,16.11,results/new_results/m6_llama70b_original5/m6_llama70b_original5_20260415_195536/plain_direct/evalshared/crows_pairs_metrics_overall_llama70b_plain_base_crowspairs.csv,Base,,"All interventions, event IT checkpoint"
crowspairs,CrowS-Pairs,icl,ICL,stereotype_preference_pct,Stereotype preference %,50,56.37,6.37,results/new_results/m4_base_icl_zero/m4_base_icl_zero_allmodels_20260514_005736/llama70b/evalshared/crows_pairs_metrics_overall_m4_baseicl_zero_llama70b_allstrat_crowspairs.csv,ICL,0,"All interventions, event IT checkpoint"
crowspairs,CrowS-Pairs,it,DIY IT,stereotype_preference_pct,Stereotype preference %,50,66.51,16.51,results/new_results/m3_finetune_llama70b_ms500/evalshared/crows_pairs_metrics_overall_m3_llama70b_ms500_all_event_crowspairs.csv,DIY IT,,"All interventions, event IT checkpoint"
crowspairs,CrowS-Pairs,no_it_0,No IT 0,stereotype_preference_pct,Stereotype preference %,50,48.21,1.79,results/new_results/m6_llama70b_original5/m6_llama70b_original5_20260415_195536/m6/eval/m6_l70b_two_pass_zero__base_all_strategies__all_strategies/crowspairs/crows_pairs_metrics_overall_m6_l70b_two_pass_zero__base_all_strategies__all_strategies_self_debias_two_pass_all_strategies.csv,No IT,0,"All interventions, event IT checkpoint"
crowspairs,CrowS-Pairs,no_it_1,No IT 1,stereotype_preference_pct,Stereotype preference %,50,49.01,0.99,results/new_results/m6_llama70b_original5/m6_llama70b_original5_20260415_195536/m6/eval/m6_l70b_two_pass_one__base_all_strategies__all_strategies/crowspairs/crows_pairs_metrics_overall_m6_l70b_two_pass_one__base_all_strategies__all_strategies_self_debias_two_pass_all_strategies.csv,No IT,1,"All interventions, event IT checkpoint"
crowspairs,CrowS-Pairs,it_0,IT 0,stereotype_preference_pct,Stereotype preference %,50,46.88,3.12,results/new_results/m6_llama70b_original5/m6_llama70b_original5_20260415_195536/m6/eval/m6_l70b_two_pass_zero__all_event__all_strategies/crowspairs/crows_pairs_metrics_overall_m6_l70b_two_pass_zero__all_event__all_strategies_self_debias_two_pass_all_strategies.csv,IT,0,"All interventions, event IT checkpoint"
crowspairs,CrowS-Pairs,it_1,IT 1,stereotype_preference_pct,Stereotype preference %,50,46.68,3.32,results/new_results/m6_llama70b_original5/m6_llama70b_original5_20260415_195536/m6/eval/m6_l70b_two_pass_one__all_event__all_strategies/crowspairs/crows_pairs_metrics_overall_m6_l70b_two_pass_one__all_event__all_strategies_self_debias_two_pass_all_strategies.csv,IT,1,"All interventions, event IT checkpoint"
crowspairs,CrowS-Pairs,it_2,IT 2,stereotype_preference_pct,Stereotype preference %,50,44.89,5.11,results/new_results/m6_llama70b_original5/m6_llama70b_original5_20260415_195536/m6/eval/m6_l70b_two_pass_two__all_event__all_strategies/crowspairs/crows_pairs_metrics_overall_m6_l70b_two_pass_two__all_event__all_strategies_self_debias_two_pass_all_strategies.csv,IT,2,"All interventions, event IT checkpoint"
stereoset,StereoSet,base,Base Model Inference,SS Score,SS Score overall,50,59.9998,9.9997996,results/new_results/m6_llama70b_original5/m6_llama70b_original5_20260415_195536/plain_direct/evalshared/stereoset_metrics_llama70b_plain_base_stereoset.csv,Base,,"All interventions, event IT checkpoint"
stereoset,StereoSet,icl,ICL,SS Score,SS Score overall,50,53.758909,3.7589086,results/new_results/m4_base_icl_zero/m4_base_icl_zero_allmodels_20260514_005736/llama70b/evalshared/stereoset_metrics_m4_baseicl_zero_llama70b_allstrat_stereoset.csv,ICL,0,"All interventions, event IT checkpoint"
stereoset,StereoSet,it,DIY IT,SS Score,SS Score overall,50,60.429741,10.429741,results/new_results/m3_finetune_llama70b_ms500/evalshared/stereoset_metrics_m3_llama70b_ms500_all_event_stereoset.csv,DIY IT,,"All interventions, event IT checkpoint"
stereoset,StereoSet,no_it_0,No IT 0,SS Score,SS Score overall,50,46.813309,3.1866908,results/new_results/m6_llama70b_original5/m6_llama70b_original5_20260415_195536/m6/eval/m6_l70b_two_pass_zero__base_all_strategies__all_strategies/stereoset/stereoset_metrics_m6_l70b_two_pass_zero__base_all_strategies__all_strategies_self_debias_two_pass_all_strategies.csv,No IT,0,"All interventions, event IT checkpoint"
stereoset,StereoSet,no_it_1,No IT 1,SS Score,SS Score overall,50,47.620682,2.3793181,results/new_results/m6_llama70b_original5/m6_llama70b_original5_20260415_195536/m6/eval/m6_l70b_two_pass_one__base_all_strategies__all_strategies/stereoset/stereoset_metrics_m6_l70b_two_pass_one__base_all_strategies__all_strategies_self_debias_two_pass_all_strategies.csv,No IT,1,"All interventions, event IT checkpoint"
stereoset,StereoSet,it_0,IT 0,SS Score,SS Score overall,50,46.202376,3.7976241,results/new_results/m6_llama70b_original5/m6_llama70b_original5_20260415_195536/m6/eval/m6_l70b_two_pass_zero__all_event__all_strategies/stereoset/stereoset_metrics_m6_l70b_two_pass_zero__all_event__all_strategies_self_debias_two_pass_all_strategies.csv,IT,0,"All interventions, event IT checkpoint"
stereoset,StereoSet,it_1,IT 1,SS Score,SS Score overall,50,48.889033,1.1109666,results/new_results/m6_llama70b_original5/m6_llama70b_original5_20260415_195536/m6/eval/m6_l70b_two_pass_one__all_event__all_strategies/stereoset/stereoset_metrics_m6_l70b_two_pass_one__all_event__all_strategies_self_debias_two_pass_all_strategies.csv,IT,1,"All interventions, event IT checkpoint"
bbq,BBQ Ambig.,base,Base Model Inference,Bias_score_ambig,Bias score ambig.,0,7.046,7.046,results/new_results/m6_llama70b_original5/m6_llama70b_original5_20260415_195536/plain_direct/bbq/bbq_metrics_llama70b_plain_base_bbq.csv,Base,,"All interventions, event IT checkpoint"
bbq,BBQ Ambig.,icl,ICL,Bias_score_ambig,Bias score ambig.,0,5.206,5.206,results/new_results/m4_base_icl_zero/m4_base_icl_zero_allmodels_20260514_005736/llama70b/bbq/bbq_metrics_m4_baseicl_zero_llama70b_allstrat_bbq.csv,ICL,0,"All interventions, event IT checkpoint"
bbq,BBQ Ambig.,it,DIY IT,Bias_score_ambig,Bias score ambig.,0,7.261,7.261,results/new_results/m3_finetune_llama70b_ms500/bbq/bbq_metrics_m3_llama70b_ms500_all_event_bbq.csv,DIY IT,,"All interventions, event IT checkpoint"
bbq,BBQ Ambig.,no_it_0,No IT 0,Bias_score_ambig,Bias score ambig.,0,4.935,4.935,results/new_results/m6_llama70b_original5/m6_llama70b_original5_20260415_195536/m6/eval/m6_l70b_two_pass_zero__base_all_strategies__all_strategies/bbq/bbq_metrics.csv,No IT,0,"All interventions, event IT checkpoint"
bbq,BBQ Ambig.,no_it_1,No IT 1,Bias_score_ambig,Bias score ambig.,0,4.87,4.87,results/new_results/m6_llama70b_original5/m6_llama70b_original5_20260415_195536/m6/eval/m6_l70b_two_pass_one__base_all_strategies__all_strategies/bbq/bbq_metrics.csv,No IT,1,"All interventions, event IT checkpoint"
bbq,BBQ Ambig.,it_0,IT 0,Bias_score_ambig,Bias score ambig.,0,6.983,6.983,results/new_results/m6_llama70b_original5/m6_llama70b_original5_20260415_195536/m6/eval/m6_l70b_two_pass_zero__all_event__all_strategies/bbq/bbq_metrics.csv,IT,0,"All interventions, event IT checkpoint"
bbq,BBQ Ambig.,it_1,IT 1,Bias_score_ambig,Bias score ambig.,0,7.455,7.455,results/new_results/m6_llama70b_original5/m6_llama70b_original5_20260415_195536/m6/eval/m6_l70b_two_pass_one__all_event__all_strategies/bbq/bbq_metrics.csv,IT,1,"All interventions, event IT checkpoint"
bbq,BBQ Ambig.,it_2,IT 2,Bias_score_ambig,Bias score ambig.,0,7.831,7.831,results/new_results/m6_llama70b_original5/m6_llama70b_original5_20260415_195536/m6/eval/m6_l70b_two_pass_two__all_event__all_strategies/bbq/bbq_metrics.csv,IT,2,"All interventions, event IT checkpoint"
bbq,BBQ Disambig.,base,Base Model Inference,Bias_score_disambig,Bias score disambig.,0,0.388,0.388,results/new_results/m6_llama70b_original5/m6_llama70b_original5_20260415_195536/plain_direct/bbq/bbq_metrics_llama70b_plain_base_bbq.csv,Base,,"All interventions, event IT checkpoint"
bbq,BBQ Disambig.,icl,ICL,Bias_score_disambig,Bias score disambig.,0,0.716,0.716,results/new_results/m4_base_icl_zero/m4_base_icl_zero_allmodels_20260514_005736/llama70b/bbq/bbq_metrics_m4_baseicl_zero_llama70b_allstrat_bbq.csv,ICL,0,"All interventions, event IT checkpoint"
bbq,BBQ Disambig.,it,DIY IT,Bias_score_disambig,Bias score disambig.,0,0.466,0.466,results/new_results/m3_finetune_llama70b_ms500/bbq/bbq_metrics_m3_llama70b_ms500_all_event_bbq.csv,DIY IT,,"All interventions, event IT checkpoint"
bbq,BBQ Disambig.,no_it_0,No IT 0,Bias_score_disambig,Bias score disambig.,0,2.439,2.439,results/new_results/m6_llama70b_original5/m6_llama70b_original5_20260415_195536/m6/eval/m6_l70b_two_pass_zero__base_all_strategies__all_strategies/bbq/bbq_metrics.csv,No IT,0,"All interventions, event IT checkpoint"
bbq,BBQ Disambig.,no_it_1,No IT 1,Bias_score_disambig,Bias score disambig.,0,2.521,2.521,results/new_results/m6_llama70b_original5/m6_llama70b_original5_20260415_195536/m6/eval/m6_l70b_two_pass_one__base_all_strategies__all_strategies/bbq/bbq_metrics.csv,No IT,1,"All interventions, event IT checkpoint"
bbq,BBQ Disambig.,it_0,IT 0,Bias_score_disambig,Bias score disambig.,0,2.158,2.158,results/new_results/m6_llama70b_original5/m6_llama70b_original5_20260415_195536/m6/eval/m6_l70b_two_pass_zero__all_event__all_strategies/bbq/bbq_metrics.csv,IT,0,"All interventions, event IT checkpoint"
bbq,BBQ Disambig.,it_1,IT 1,Bias_score_disambig,Bias score disambig.,0,2.273,2.273,results/new_results/m6_llama70b_original5/m6_llama70b_original5_20260415_195536/m6/eval/m6_l70b_two_pass_one__all_event__all_strategies/bbq/bbq_metrics.csv,IT,1,"All interventions, event IT checkpoint"
bbq,BBQ Disambig.,it_2,IT 2,Bias_score_disambig,Bias score disambig.,0,2.676,2.676,results/new_results/m6_llama70b_original5/m6_llama70b_original5_20260415_195536/m6/eval/m6_l70b_two_pass_two__all_event__all_strategies/bbq/bbq_metrics.csv,IT,2,"All interventions, event IT checkpoint"
winobias,WinoBias,base,Base Model Inference,abs_pro_anti_gap,Abs. pro/anti gap,0,0.14393939,0.14393939,results/new_results/m6_llama70b_original5/m6_llama70b_original5_20260415_195536/plain_direct/evalshared/winobias/llama70b_plain_base_winobias/winobias_metrics_overall_llama70b_plain_base_winobias.csv,Base,,"All interventions, event IT checkpoint"
winobias,WinoBias,icl,ICL,abs_pro_anti_gap,Abs. pro/anti gap,0,0.14393939,0.14393939,results/new_results/m4_base_icl_zero/m4_base_icl_zero_allmodels_20260514_005736/llama70b/evalshared/winobias/m4_baseicl_zero_llama70b_allstrat_winobias/winobias_metrics_overall_m4_baseicl_zero_llama70b_allstrat_winobias.csv,ICL,0,"All interventions, event IT checkpoint"
winobias,WinoBias,it,DIY IT,abs_pro_anti_gap,Abs. pro/anti gap,0,0.13510101,0.13510101,results/new_results/m3_finetune_llama70b_ms500/evalshared/winobias/m3_llama70b_ms500_all_event_winobias/winobias_metrics_overall_m3_llama70b_ms500_all_event_winobias.csv,DIY IT,,"All interventions, event IT checkpoint"
winobias,WinoBias,no_it_0,No IT 0,abs_pro_anti_gap,Abs. pro/anti gap,0,0.058080808,0.058080808,results/new_results/m6_llama70b_original5/m6_llama70b_original5_20260415_195536/m6/eval/m6_l70b_two_pass_zero__base_all_strategies__all_strategies/winobias/winobias/m6_l70b_two_pass_zero__base_all_strategies__all_strategies_self_debias_two_pass_all_strategies/winobias_metrics_overall_m6_l70b_two_pass_zero__base_all_strategies__all_strategies_self_debias_two_pass_all_strategies.csv,No IT,0,"All interventions, event IT checkpoint"
winobias,WinoBias,no_it_1,No IT 1,abs_pro_anti_gap,Abs. pro/anti gap,0,0.068181818,0.068181818,results/new_results/m6_llama70b_original5/m6_llama70b_original5_20260415_195536/m6/eval/m6_l70b_two_pass_one__base_all_strategies__all_strategies/winobias/winobias/m6_l70b_two_pass_one__base_all_strategies__all_strategies_self_debias_two_pass_all_strategies/winobias_metrics_overall_m6_l70b_two_pass_one__base_all_strategies__all_strategies_self_debias_two_pass_all_strategies.csv,No IT,1,"All interventions, event IT checkpoint"
winobias,WinoBias,no_it_2,No IT 2,abs_pro_anti_gap,Abs. pro/anti gap,0,0.063131313,0.063131313,results/new_results/m6_llama70b_original5/m6_llama70b_original5_20260415_195536/m6/eval/m6_l70b_two_pass_two__base_all_strategies__all_strategies/winobias/winobias/m6_l70b_two_pass_two__base_all_strategies__all_strategies_self_debias_two_pass_all_strategies/winobias_metrics_overall_m6_l70b_two_pass_two__base_all_strategies__all_strategies_self_debias_two_pass_all_strategies.csv,No IT,2,"All interventions, event IT checkpoint"
winobias,WinoBias,it_0,IT 0,abs_pro_anti_gap,Abs. pro/anti gap,0,0.060606061,0.060606061,results/new_results/m6_llama70b_original5/m6_llama70b_original5_20260415_195536/m6/eval/m6_l70b_two_pass_zero__all_event__all_strategies/winobias/winobias/m6_l70b_two_pass_zero__all_event__all_strategies_self_debias_two_pass_all_strategies/winobias_metrics_overall_m6_l70b_two_pass_zero__all_event__all_strategies_self_debias_two_pass_all_strategies.csv,IT,0,"All interventions, event IT checkpoint"
winobias,WinoBias,it_1,IT 1,abs_pro_anti_gap,Abs. pro/anti gap,0,0.060606061,0.060606061,results/new_results/m6_llama70b_original5/m6_llama70b_original5_20260415_195536/m6/eval/m6_l70b_two_pass_one__all_event__all_strategies/winobias/winobias/m6_l70b_two_pass_one__all_event__all_strategies_self_debias_two_pass_all_strategies/winobias_metrics_overall_m6_l70b_two_pass_one__all_event__all_strategies_self_debias_two_pass_all_strategies.csv,IT,1,"All interventions, event IT checkpoint"
winogender,WinoGender,base,Base Model Inference,male_female_pair_disagreement_rate,Male/female pair disagreement,0,0.070833333,0.070833333,results/new_results/m6_llama70b_original5/m6_llama70b_original5_20260415_195536/plain_direct/evalshared/winogender/llama70b_plain_base_winogender/winogender_metrics_overall_llama70b_plain_base_winogender.csv,Base,,"All interventions, event IT checkpoint"
winogender,WinoGender,icl,ICL,male_female_pair_disagreement_rate,Male/female pair disagreement,0,0.0625,0.0625,results/new_results/m4_base_icl_zero/m4_base_icl_zero_allmodels_20260514_005736/llama70b/evalshared/winogender/m4_baseicl_zero_llama70b_allstrat_winogender/winogender_metrics_overall_m4_baseicl_zero_llama70b_allstrat_winogender.csv,ICL,0,"All interventions, event IT checkpoint"
winogender,WinoGender,it,DIY IT,male_female_pair_disagreement_rate,Male/female pair disagreement,0,0.0625,0.0625,results/new_results/m3_finetune_llama70b_ms500/evalshared/winogender/m3_llama70b_ms500_all_event_winogender/winogender_metrics_overall_m3_llama70b_ms500_all_event_winogender.csv,DIY IT,,"All interventions, event IT checkpoint"
winogender,WinoGender,no_it_0,No IT 0,male_female_pair_disagreement_rate,Male/female pair disagreement,0,0.054166667,0.054166667,results/new_results/m6_llama70b_original5/m6_llama70b_original5_20260415_195536/m6/eval/m6_l70b_two_pass_zero__base_all_strategies__all_strategies/winogender/winogender/m6_l70b_two_pass_zero__base_all_strategies__all_strategies_self_debias_two_pass_all_strategies/winogender_metrics_overall_m6_l70b_two_pass_zero__base_all_strategies__all_strategies_self_debias_two_pass_all_strategies.csv,No IT,0,"All interventions, event IT checkpoint"
winogender,WinoGender,no_it_1,No IT 1,male_female_pair_disagreement_rate,Male/female pair disagreement,0,0.070833333,0.070833333,results/new_results/m6_llama70b_original5/m6_llama70b_original5_20260415_195536/m6/eval/m6_l70b_two_pass_one__base_all_strategies__all_strategies/winogender/winogender/m6_l70b_two_pass_one__base_all_strategies__all_strategies_self_debias_two_pass_all_strategies/winogender_metrics_overall_m6_l70b_two_pass_one__base_all_strategies__all_strategies_self_debias_two_pass_all_strategies.csv,No IT,1,"All interventions, event IT checkpoint"
winogender,WinoGender,it_0,IT 0,male_female_pair_disagreement_rate,Male/female pair disagreement,0,0.066666667,0.066666667,results/new_results/m6_llama70b_original5/m6_llama70b_original5_20260415_195536/m6/eval/m6_l70b_two_pass_zero__all_event__all_strategies/winogender/winogender/m6_l70b_two_pass_zero__all_event__all_strategies_self_debias_two_pass_all_strategies/winogender_metrics_overall_m6_l70b_two_pass_zero__all_event__all_strategies_self_debias_two_pass_all_strategies.csv,IT,0,"All interventions, event IT checkpoint"
winogender,WinoGender,it_1,IT 1,male_female_pair_disagreement_rate,Male/female pair disagreement,0,0.058333333,0.058333333,results/new_results/m6_llama70b_original5/m6_llama70b_original5_20260415_195536/m6/eval/m6_l70b_two_pass_one__all_event__all_strategies/winogender/winogender/m6_l70b_two_pass_one__all_event__all_strategies_self_debias_two_pass_all_strategies/winogender_metrics_overall_m6_l70b_two_pass_one__all_event__all_strategies_self_debias_two_pass_all_strategies.csv,IT,1,"All interventions, event IT checkpoint"
winogender,WinoGender,it_2,IT 2,male_female_pair_disagreement_rate,Male/female pair disagreement,0,0.054166667,0.054166667,results/new_results/m6_llama70b_original5/m6_llama70b_original5_20260415_195536/m6/eval/m6_l70b_two_pass_two__all_event__all_strategies/winogender/winogender/m6_l70b_two_pass_two__all_event__all_strategies_self_debias_two_pass_all_strategies/winogender_metrics_overall_m6_l70b_two_pass_two__all_event__all_strategies_self_debias_two_pass_all_strategies.csv,IT,2,"All interventions, event IT checkpoint"
crowspairs,CrowS-Pairs,base,Base Model Inference,stereotype_preference_pct,Stereotype preference %,50,66.11,16.11,results/new_results/m6_llama70b_original5/m6_llama70b_original5_20260415_195536/plain_direct/evalshared/crows_pairs_metrics_overall_llama70b_plain_base_crowspairs.csv,Base,,"Stereotype replacement, matched IT checkpoint"
crowspairs,CrowS-Pairs,icl,ICL,stereotype_preference_pct,Stereotype preference %,50,67.64,17.64,results/new_results/m4_base_icl_zero/m4_base_icl_zero_allmodels_20260514_005736/llama70b/evalshared/crows_pairs_metrics_overall_m4_baseicl_zero_llama70b_sr_crowspairs.csv,ICL,0,"Stereotype replacement, matched IT checkpoint"
crowspairs,CrowS-Pairs,it,DIY IT,stereotype_preference_pct,Stereotype preference %,50,66.11,16.11,results/new_results/m3_finetune_llama70b_ms500/evalshared/crows_pairs_metrics_overall_m3_llama70b_ms500_sr_crowspairs.csv,DIY IT,,"Stereotype replacement, matched IT checkpoint"
crowspairs,CrowS-Pairs,no_it_0,No IT 0,stereotype_preference_pct,Stereotype preference %,50,46.95,3.05,results/new_results/m6_llama70b_original5/m6_llama70b_original5_20260415_195536/m6/eval/m6_l70b_two_pass_zero__base_stereotype_replacement__stereotype_replacement/crowspairs/crows_pairs_metrics_overall_m6_l70b_two_pass_zero__base_stereotype_replacement__stereotype_replacement_self_debias_two_pass_stereotype_replacement.csv,No IT,0,"Stereotype replacement, matched IT checkpoint"
crowspairs,CrowS-Pairs,no_it_1,No IT 1,stereotype_preference_pct,Stereotype preference %,50,48.47,1.53,results/new_results/m6_llama70b_original5/m6_llama70b_original5_20260415_195536/m6/eval/m6_l70b_two_pass_one__base_stereotype_replacement__stereotype_replacement/crowspairs/crows_pairs_metrics_overall_m6_l70b_two_pass_one__base_stereotype_replacement__stereotype_replacement_self_debias_two_pass_stereotype_replacement.csv,No IT,1,"Stereotype replacement, matched IT checkpoint"
crowspairs,CrowS-Pairs,no_it_2,No IT 2,stereotype_preference_pct,Stereotype preference %,50,47.41,2.59,results/new_results/m6_llama70b_original5/m6_llama70b_original5_20260415_195536/m6/eval/m6_l70b_two_pass_two__base_stereotype_replacement__stereotype_replacement/crowspairs/crows_pairs_metrics_overall_m6_l70b_two_pass_two__base_stereotype_replacement__stereotype_replacement_self_debias_two_pass_stereotype_replacement.csv,No IT,2,"Stereotype replacement, matched IT checkpoint"
crowspairs,CrowS-Pairs,it_0,IT 0,stereotype_preference_pct,Stereotype preference %,50,44.5,5.5,results/new_results/m6_llama70b_original5/m6_llama70b_original5_20260415_195536/m6/eval/m6_l70b_two_pass_zero__sr__stereotype_replacement/crowspairs/crows_pairs_metrics_overall_m6_l70b_two_pass_zero__sr__stereotype_replacement_self_debias_two_pass_stereotype_replacement.csv,IT,0,"Stereotype replacement, matched IT checkpoint"
crowspairs,CrowS-Pairs,it_1,IT 1,stereotype_preference_pct,Stereotype preference %,50,44.03,5.97,results/new_results/m6_llama70b_original5/m6_llama70b_original5_20260415_195536/m6/eval/m6_l70b_two_pass_one__sr__stereotype_replacement/crowspairs/crows_pairs_metrics_overall_m6_l70b_two_pass_one__sr__stereotype_replacement_self_debias_two_pass_stereotype_replacement.csv,IT,1,"Stereotype replacement, matched IT checkpoint"
crowspairs,CrowS-Pairs,it_2,IT 2,stereotype_preference_pct,Stereotype preference %,50,44.3,5.7,results/new_results/m6_llama70b_original5/m6_llama70b_original5_20260415_195536/m6/eval/m6_l70b_two_pass_two__sr__stereotype_replacement/crowspairs/crows_pairs_metrics_overall_m6_l70b_two_pass_two__sr__stereotype_replacement_self_debias_two_pass_stereotype_replacement.csv,IT,2,"Stereotype replacement, matched IT checkpoint"
stereoset,StereoSet,base,Base Model Inference,SS Score,SS Score overall,50,59.9998,9.9997996,results/new_results/m6_llama70b_original5/m6_llama70b_original5_20260415_195536/plain_direct/evalshared/stereoset_metrics_llama70b_plain_base_stereoset.csv,Base,,"Stereotype replacement, matched IT checkpoint"
stereoset,StereoSet,icl,ICL,SS Score,SS Score overall,50,60.785277,10.785277,results/new_results/m4_base_icl_zero/m4_base_icl_zero_allmodels_20260514_005736/llama70b/evalshared/stereoset_metrics_m4_baseicl_zero_llama70b_sr_stereoset.csv,ICL,0,"Stereotype replacement, matched IT checkpoint"
stereoset,StereoSet,it,DIY IT,SS Score,SS Score overall,50,60.457447,10.457447,results/new_results/m3_finetune_llama70b_ms500/evalshared/stereoset_metrics_m3_llama70b_ms500_sr_stereoset.csv,DIY IT,,"Stereotype replacement, matched IT checkpoint"
stereoset,StereoSet,no_it_0,No IT 0,SS Score,SS Score overall,50,44.476752,5.5232479,results/new_results/m6_llama70b_original5/m6_llama70b_original5_20260415_195536/m6/eval/m6_l70b_two_pass_zero__base_stereotype_replacement__stereotype_replacement/stereoset/stereoset_metrics_m6_l70b_two_pass_zero__base_stereotype_replacement__stereotype_replacement_self_debias_two_pass_stereotype_replacement.csv,No IT,0,"Stereotype replacement, matched IT checkpoint"
stereoset,StereoSet,no_it_1,No IT 1,SS Score,SS Score overall,50,45.459762,4.5402383,results/new_results/m6_llama70b_original5/m6_llama70b_original5_20260415_195536/m6/eval/m6_l70b_two_pass_one__base_stereotype_replacement__stereotype_replacement/stereoset/stereoset_metrics_m6_l70b_two_pass_one__base_stereotype_replacement__stereotype_replacement_self_debias_two_pass_stereotype_replacement.csv,No IT,1,"Stereotype replacement, matched IT checkpoint"
stereoset,StereoSet,no_it_2,No IT 2,SS Score,SS Score overall,50,44.776985,5.223015,results/new_results/m6_llama70b_original5/m6_llama70b_original5_20260415_195536/m6/eval/m6_l70b_two_pass_two__base_stereotype_replacement__stereotype_replacement/stereoset/stereoset_metrics_m6_l70b_two_pass_two__base_stereotype_replacement__stereotype_replacement_self_debias_two_pass_stereotype_replacement.csv,No IT,2,"Stereotype replacement, matched IT checkpoint"
stereoset,StereoSet,it_0,IT 0,SS Score,SS Score overall,50,46.332936,3.6670643,results/new_results/m6_llama70b_original5/m6_llama70b_original5_20260415_195536/m6/eval/m6_l70b_two_pass_zero__sr__stereotype_replacement/stereoset/stereoset_metrics_m6_l70b_two_pass_zero__sr__stereotype_replacement_self_debias_two_pass_stereotype_replacement.csv,IT,0,"Stereotype replacement, matched IT checkpoint"
stereoset,StereoSet,it_1,IT 1,SS Score,SS Score overall,50,46.926031,3.0739689,results/new_results/m6_llama70b_original5/m6_llama70b_original5_20260415_195536/m6/eval/m6_l70b_two_pass_one__sr__stereotype_replacement/stereoset/stereoset_metrics_m6_l70b_two_pass_one__sr__stereotype_replacement_self_debias_two_pass_stereotype_replacement.csv,IT,1,"Stereotype replacement, matched IT checkpoint"
bbq,BBQ Ambig.,base,Base Model Inference,Bias_score_ambig,Bias score ambig.,0,7.046,7.046,results/new_results/m6_llama70b_original5/m6_llama70b_original5_20260415_195536/plain_direct/bbq/bbq_metrics_llama70b_plain_base_bbq.csv,Base,,"Stereotype replacement, matched IT checkpoint"
bbq,BBQ Ambig.,icl,ICL,Bias_score_ambig,Bias score ambig.,0,5.654,5.654,results/new_results/m4_base_icl_zero/m4_base_icl_zero_allmodels_20260514_005736/llama70b/bbq/bbq_metrics_m4_baseicl_zero_llama70b_sr_bbq.csv,ICL,0,"Stereotype replacement, matched IT checkpoint"
bbq,BBQ Ambig.,it,DIY IT,Bias_score_ambig,Bias score ambig.,0,7.104,7.104,results/new_results/m3_finetune_llama70b_ms500/bbq/bbq_metrics_m3_llama70b_ms500_sr_bbq.csv,DIY IT,,"Stereotype replacement, matched IT checkpoint"
bbq,BBQ Ambig.,no_it_0,No IT 0,Bias_score_ambig,Bias score ambig.,0,6.437,6.437,results/new_results/m6_llama70b_original5/m6_llama70b_original5_20260415_195536/m6/eval/m6_l70b_two_pass_zero__base_stereotype_replacement__stereotype_replacement/bbq/bbq_metrics.csv,No IT,0,"Stereotype replacement, matched IT checkpoint"
bbq,BBQ Ambig.,no_it_1,No IT 1,Bias_score_ambig,Bias score ambig.,0,5.708,5.708,results/new_results/m6_llama70b_original5/m6_llama70b_original5_20260415_195536/m6/eval/m6_l70b_two_pass_one__base_stereotype_replacement__stereotype_replacement/bbq/bbq_metrics.csv,No IT,1,"Stereotype replacement, matched IT checkpoint"
bbq,BBQ Ambig.,no_it_2,No IT 2,Bias_score_ambig,Bias score ambig.,0,6.344,6.344,results/new_results/m6_llama70b_original5/m6_llama70b_original5_20260415_195536/m6/eval/m6_l70b_two_pass_two__base_stereotype_replacement__stereotype_replacement/bbq/bbq_metrics.csv,No IT,2,"Stereotype replacement, matched IT checkpoint"
bbq,BBQ Ambig.,it_0,IT 0,Bias_score_ambig,Bias score ambig.,0,7.827,7.827,results/new_results/m6_llama70b_original5/m6_llama70b_original5_20260415_195536/m6/eval/m6_l70b_two_pass_zero__sr__stereotype_replacement/bbq/bbq_metrics.csv,IT,0,"Stereotype replacement, matched IT checkpoint"
bbq,BBQ Ambig.,it_1,IT 1,Bias_score_ambig,Bias score ambig.,0,8.65,8.65,results/new_results/m6_llama70b_original5/m6_llama70b_original5_20260415_195536/m6/eval/m6_l70b_two_pass_one__sr__stereotype_replacement/bbq/bbq_metrics.csv,IT,1,"Stereotype replacement, matched IT checkpoint"
bbq,BBQ Ambig.,it_2,IT 2,Bias_score_ambig,Bias score ambig.,0,8.654,8.654,results/new_results/m6_llama70b_original5/m6_llama70b_original5_20260415_195536/m6/eval/m6_l70b_two_pass_two__sr__stereotype_replacement/bbq/bbq_metrics.csv,IT,2,"Stereotype replacement, matched IT checkpoint"
bbq,BBQ Disambig.,base,Base Model Inference,Bias_score_disambig,Bias score disambig.,0,0.388,0.388,results/new_results/m6_llama70b_original5/m6_llama70b_original5_20260415_195536/plain_direct/bbq/bbq_metrics_llama70b_plain_base_bbq.csv,Base,,"Stereotype replacement, matched IT checkpoint"
bbq,BBQ Disambig.,icl,ICL,Bias_score_disambig,Bias score disambig.,0,0.761,0.761,results/new_results/m4_base_icl_zero/m4_base_icl_zero_allmodels_20260514_005736/llama70b/bbq/bbq_metrics_m4_baseicl_zero_llama70b_sr_bbq.csv,ICL,0,"Stereotype replacement, matched IT checkpoint"
bbq,BBQ Disambig.,it,DIY IT,Bias_score_disambig,Bias score disambig.,0,0.657,0.657,results/new_results/m3_finetune_llama70b_ms500/bbq/bbq_metrics_m3_llama70b_ms500_sr_bbq.csv,DIY IT,,"Stereotype replacement, matched IT checkpoint"
bbq,BBQ Disambig.,no_it_0,No IT 0,Bias_score_disambig,Bias score disambig.,0,0.323,0.323,results/new_results/m6_llama70b_original5/m6_llama70b_original5_20260415_195536/m6/eval/m6_l70b_two_pass_zero__base_stereotype_replacement__stereotype_replacement/bbq/bbq_metrics.csv,No IT,0,"Stereotype replacement, matched IT checkpoint"
bbq,BBQ Disambig.,no_it_1,No IT 1,Bias_score_disambig,Bias score disambig.,0,2.01,2.01,results/new_results/m6_llama70b_original5/m6_llama70b_original5_20260415_195536/m6/eval/m6_l70b_two_pass_one__base_stereotype_replacement__stereotype_replacement/bbq/bbq_metrics.csv,No IT,1,"Stereotype replacement, matched IT checkpoint"
bbq,BBQ Disambig.,no_it_2,No IT 2,Bias_score_disambig,Bias score disambig.,0,1.184,1.184,results/new_results/m6_llama70b_original5/m6_llama70b_original5_20260415_195536/m6/eval/m6_l70b_two_pass_two__base_stereotype_replacement__stereotype_replacement/bbq/bbq_metrics.csv,No IT,2,"Stereotype replacement, matched IT checkpoint"
bbq,BBQ Disambig.,it_0,IT 0,Bias_score_disambig,Bias score disambig.,0,2.903,2.903,results/new_results/m6_llama70b_original5/m6_llama70b_original5_20260415_195536/m6/eval/m6_l70b_two_pass_zero__sr__stereotype_replacement/bbq/bbq_metrics.csv,IT,0,"Stereotype replacement, matched IT checkpoint"
bbq,BBQ Disambig.,it_1,IT 1,Bias_score_disambig,Bias score disambig.,0,2.728,2.728,results/new_results/m6_llama70b_original5/m6_llama70b_original5_20260415_195536/m6/eval/m6_l70b_two_pass_one__sr__stereotype_replacement/bbq/bbq_metrics.csv,IT,1,"Stereotype replacement, matched IT checkpoint"
bbq,BBQ Disambig.,it_2,IT 2,Bias_score_disambig,Bias score disambig.,0,2.411,2.411,results/new_results/m6_llama70b_original5/m6_llama70b_original5_20260415_195536/m6/eval/m6_l70b_two_pass_two__sr__stereotype_replacement/bbq/bbq_metrics.csv,IT,2,"Stereotype replacement, matched IT checkpoint"
winobias,WinoBias,base,Base Model Inference,abs_pro_anti_gap,Abs. pro/anti gap,0,0.14393939,0.14393939,results/new_results/m6_llama70b_original5/m6_llama70b_original5_20260415_195536/plain_direct/evalshared/winobias/llama70b_plain_base_winobias/winobias_metrics_overall_llama70b_plain_base_winobias.csv,Base,,"Stereotype replacement, matched IT checkpoint"
winobias,WinoBias,icl,ICL,abs_pro_anti_gap,Abs. pro/anti gap,0,0.14393939,0.14393939,results/new_results/m4_base_icl_zero/m4_base_icl_zero_allmodels_20260514_005736/llama70b/evalshared/winobias/m4_baseicl_zero_llama70b_sr_winobias/winobias_metrics_overall_m4_baseicl_zero_llama70b_sr_winobias.csv,ICL,0,"Stereotype replacement, matched IT checkpoint"
winobias,WinoBias,it,DIY IT,abs_pro_anti_gap,Abs. pro/anti gap,0,0.13383838,0.13383838,results/new_results/m3_finetune_llama70b_ms500/evalshared/winobias/m3_llama70b_ms500_sr_winobias/winobias_metrics_overall_m3_llama70b_ms500_sr_winobias.csv,DIY IT,,"Stereotype replacement, matched IT checkpoint"
winobias,WinoBias,no_it_0,No IT 0,abs_pro_anti_gap,Abs. pro/anti gap,0,0.065656566,0.065656566,results/new_results/m6_llama70b_original5/m6_llama70b_original5_20260415_195536/m6/eval/m6_l70b_two_pass_zero__base_stereotype_replacement__stereotype_replacement/winobias/winobias/m6_l70b_two_pass_zero__base_stereotype_replacement__stereotype_replacement_self_debias_two_pass_stereotype_replacement/winobias_metrics_overall_m6_l70b_two_pass_zero__base_stereotype_replacement__stereotype_replacement_self_debias_two_pass_stereotype_replacement.csv,No IT,0,"Stereotype replacement, matched IT checkpoint"
winobias,WinoBias,no_it_1,No IT 1,abs_pro_anti_gap,Abs. pro/anti gap,0,0.056818182,0.056818182,results/new_results/m6_llama70b_original5/m6_llama70b_original5_20260415_195536/m6/eval/m6_l70b_two_pass_one__base_stereotype_replacement__stereotype_replacement/winobias/winobias/m6_l70b_two_pass_one__base_stereotype_replacement__stereotype_replacement_self_debias_two_pass_stereotype_replacement/winobias_metrics_overall_m6_l70b_two_pass_one__base_stereotype_replacement__stereotype_replacement_self_debias_two_pass_stereotype_replacement.csv,No IT,1,"Stereotype replacement, matched IT checkpoint"
winobias,WinoBias,no_it_2,No IT 2,abs_pro_anti_gap,Abs. pro/anti gap,0,0.065656566,0.065656566,results/new_results/m6_llama70b_original5/m6_llama70b_original5_20260415_195536/m6/eval/m6_l70b_two_pass_two__base_stereotype_replacement__stereotype_replacement/winobias/winobias/m6_l70b_two_pass_two__base_stereotype_replacement__stereotype_replacement_self_debias_two_pass_stereotype_replacement/winobias_metrics_overall_m6_l70b_two_pass_two__base_stereotype_replacement__stereotype_replacement_self_debias_two_pass_stereotype_replacement.csv,No IT,2,"Stereotype replacement, matched IT checkpoint"
winobias,WinoBias,it_0,IT 0,abs_pro_anti_gap,Abs. pro/anti gap,0,0.055555556,0.055555556,results/new_results/m6_llama70b_original5/m6_llama70b_original5_20260415_195536/m6/eval/m6_l70b_two_pass_zero__sr__stereotype_replacement/winobias/winobias/m6_l70b_two_pass_zero__sr__stereotype_replacement_self_debias_two_pass_stereotype_replacement/winobias_metrics_overall_m6_l70b_two_pass_zero__sr__stereotype_replacement_self_debias_two_pass_stereotype_replacement.csv,IT,0,"Stereotype replacement, matched IT checkpoint"
winobias,WinoBias,it_1,IT 1,abs_pro_anti_gap,Abs. pro/anti gap,0,0.060606061,0.060606061,results/new_results/m6_llama70b_original5/m6_llama70b_original5_20260415_195536/m6/eval/m6_l70b_two_pass_one__sr__stereotype_replacement/winobias/winobias/m6_l70b_two_pass_one__sr__stereotype_replacement_self_debias_two_pass_stereotype_replacement/winobias_metrics_overall_m6_l70b_two_pass_one__sr__stereotype_replacement_self_debias_two_pass_stereotype_replacement.csv,IT,1,"Stereotype replacement, matched IT checkpoint"
winogender,WinoGender,base,Base Model Inference,male_female_pair_disagreement_rate,Male/female pair disagreement,0,0.070833333,0.070833333,results/new_results/m6_llama70b_original5/m6_llama70b_original5_20260415_195536/plain_direct/evalshared/winogender/llama70b_plain_base_winogender/winogender_metrics_overall_llama70b_plain_base_winogender.csv,Base,,"Stereotype replacement, matched IT checkpoint"
winogender,WinoGender,icl,ICL,male_female_pair_disagreement_rate,Male/female pair disagreement,0,0.0625,0.0625,results/new_results/m4_base_icl_zero/m4_base_icl_zero_allmodels_20260514_005736/llama70b/evalshared/winogender/m4_baseicl_zero_llama70b_sr_winogender/winogender_metrics_overall_m4_baseicl_zero_llama70b_sr_winogender.csv,ICL,0,"Stereotype replacement, matched IT checkpoint"
winogender,WinoGender,it,DIY IT,male_female_pair_disagreement_rate,Male/female pair disagreement,0,0.070833333,0.070833333,results/new_results/m3_finetune_llama70b_ms500/evalshared/winogender/m3_llama70b_ms500_sr_winogender/winogender_metrics_overall_m3_llama70b_ms500_sr_winogender.csv,DIY IT,,"Stereotype replacement, matched IT checkpoint"
winogender,WinoGender,no_it_0,No IT 0,male_female_pair_disagreement_rate,Male/female pair disagreement,0,0.054166667,0.054166667,results/new_results/m6_llama70b_original5/m6_llama70b_original5_20260415_195536/m6/eval/m6_l70b_two_pass_zero__base_stereotype_replacement__stereotype_replacement/winogender/winogender/m6_l70b_two_pass_zero__base_stereotype_replacement__stereotype_replacement_self_debias_two_pass_stereotype_replacement/winogender_metrics_overall_m6_l70b_two_pass_zero__base_stereotype_replacement__stereotype_replacement_self_debias_two_pass_stereotype_replacement.csv,No IT,0,"Stereotype replacement, matched IT checkpoint"
winogender,WinoGender,no_it_1,No IT 1,male_female_pair_disagreement_rate,Male/female pair disagreement,0,0.0625,0.0625,results/new_results/m6_llama70b_original5/m6_llama70b_original5_20260415_195536/m6/eval/m6_l70b_two_pass_one__base_stereotype_replacement__stereotype_replacement/winogender/winogender/m6_l70b_two_pass_one__base_stereotype_replacement__stereotype_replacement_self_debias_two_pass_stereotype_replacement/winogender_metrics_overall_m6_l70b_two_pass_one__base_stereotype_replacement__stereotype_replacement_self_debias_two_pass_stereotype_replacement.csv,No IT,1,"Stereotype replacement, matched IT checkpoint"
winogender,WinoGender,no_it_2,No IT 2,male_female_pair_disagreement_rate,Male/female pair disagreement,0,0.070833333,0.070833333,results/new_results/m6_llama70b_original5/m6_llama70b_original5_20260415_195536/m6/eval/m6_l70b_two_pass_two__base_stereotype_replacement__stereotype_replacement/winogender/winogender/m6_l70b_two_pass_two__base_stereotype_replacement__stereotype_replacement_self_debias_two_pass_stereotype_replacement/winogender_metrics_overall_m6_l70b_two_pass_two__base_stereotype_replacement__stereotype_replacement_self_debias_two_pass_stereotype_replacement.csv,No IT,2,"Stereotype replacement, matched IT checkpoint"
winogender,WinoGender,it_0,IT 0,male_female_pair_disagreement_rate,Male/female pair disagreement,0,0.083333333,0.083333333,results/new_results/m6_llama70b_original5/m6_llama70b_original5_20260415_195536/m6/eval/m6_l70b_two_pass_zero__sr__stereotype_replacement/winogender/winogender/m6_l70b_two_pass_zero__sr__stereotype_replacement_self_debias_two_pass_stereotype_replacement/winogender_metrics_overall_m6_l70b_two_pass_zero__sr__stereotype_replacement_self_debias_two_pass_stereotype_replacement.csv,IT,0,"Stereotype replacement, matched IT checkpoint"
winogender,WinoGender,it_1,IT 1,male_female_pair_disagreement_rate,Male/female pair disagreement,0,0.058333333,0.058333333,results/new_results/m6_llama70b_original5/m6_llama70b_original5_20260415_195536/m6/eval/m6_l70b_two_pass_one__sr__stereotype_replacement/winogender/winogender/m6_l70b_two_pass_one__sr__stereotype_replacement_self_debias_two_pass_stereotype_replacement/winogender_metrics_overall_m6_l70b_two_pass_one__sr__stereotype_replacement_self_debias_two_pass_stereotype_replacement.csv,IT,1,"Stereotype replacement, matched IT checkpoint"
winogender,WinoGender,it_2,IT 2,male_female_pair_disagreement_rate,Male/female pair disagreement,0,0.079166667,0.079166667,results/new_results/m6_llama70b_original5/m6_llama70b_original5_20260415_195536/m6/eval/m6_l70b_two_pass_two__sr__stereotype_replacement/winogender/winogender/m6_l70b_two_pass_two__sr__stereotype_replacement_self_debias_two_pass_stereotype_replacement/winogender_metrics_overall_m6_l70b_two_pass_two__sr__stereotype_replacement_self_debias_two_pass_stereotype_replacement.csv,IT,2,"Stereotype replacement, matched IT checkpoint"
crowspairs,CrowS-Pairs,base,Base Model Inference,stereotype_preference_pct,Stereotype preference %,50,66.11,16.11,results/new_results/m6_llama70b_original5/m6_llama70b_original5_20260415_195536/plain_direct/evalshared/crows_pairs_metrics_overall_llama70b_plain_base_crowspairs.csv,Base,,"Individuation, matched IT checkpoint"
crowspairs,CrowS-Pairs,icl,ICL,stereotype_preference_pct,Stereotype preference %,50,68.57,18.57,results/new_results/m4_base_icl_zero/m4_base_icl_zero_allmodels_20260514_005736/llama70b/evalshared/crows_pairs_metrics_overall_m4_baseicl_zero_llama70b_ind_crowspairs.csv,ICL,0,"Individuation, matched IT checkpoint"
crowspairs,CrowS-Pairs,it,DIY IT,stereotype_preference_pct,Stereotype preference %,50,66.18,16.18,results/new_results/m3_finetune_llama70b_ms500/evalshared/crows_pairs_metrics_overall_m3_llama70b_ms500_ind_crowspairs.csv,DIY IT,,"Individuation, matched IT checkpoint"
crowspairs,CrowS-Pairs,no_it_0,No IT 0,stereotype_preference_pct,Stereotype preference %,50,48.34,1.66,results/new_results/m6_llama70b_original5/m6_llama70b_original5_20260415_195536/m6/eval/m6_l70b_two_pass_zero__base_individuating__individuating/crowspairs/crows_pairs_metrics_overall_m6_l70b_two_pass_zero__base_individuating__individuating_self_debias_two_pass_individuating.csv,No IT,0,"Individuation, matched IT checkpoint"
crowspairs,CrowS-Pairs,no_it_1,No IT 1,stereotype_preference_pct,Stereotype preference %,50,47.41,2.59,results/new_results/m6_llama70b_original5/m6_llama70b_original5_20260415_195536/m6/eval/m6_l70b_two_pass_one__base_individuating__individuating/crowspairs/crows_pairs_metrics_overall_m6_l70b_two_pass_one__base_individuating__individuating_self_debias_two_pass_individuating.csv,No IT,1,"Individuation, matched IT checkpoint"
crowspairs,CrowS-Pairs,it_0,IT 0,stereotype_preference_pct,Stereotype preference %,50,45.89,4.11,results/new_results/m6_llama70b_original5/m6_llama70b_original5_20260415_195536/m6/eval/m6_l70b_two_pass_zero__ind__individuating/crowspairs/crows_pairs_metrics_overall_m6_l70b_two_pass_zero__ind__individuating_self_debias_two_pass_individuating.csv,IT,0,"Individuation, matched IT checkpoint"
crowspairs,CrowS-Pairs,it_1,IT 1,stereotype_preference_pct,Stereotype preference %,50,44.69,5.31,results/new_results/m6_llama70b_original5/m6_llama70b_original5_20260415_195536/m6/eval/m6_l70b_two_pass_one__ind__individuating/crowspairs/crows_pairs_metrics_overall_m6_l70b_two_pass_one__ind__individuating_self_debias_two_pass_individuating.csv,IT,1,"Individuation, matched IT checkpoint"
stereoset,StereoSet,base,Base Model Inference,SS Score,SS Score overall,50,59.9998,9.9997996,results/new_results/m6_llama70b_original5/m6_llama70b_original5_20260415_195536/plain_direct/evalshared/stereoset_metrics_llama70b_plain_base_stereoset.csv,Base,,"Individuation, matched IT checkpoint"
stereoset,StereoSet,icl,ICL,SS Score,SS Score overall,50,60.414598,10.414598,results/new_results/m4_base_icl_zero/m4_base_icl_zero_allmodels_20260514_005736/llama70b/evalshared/stereoset_metrics_m4_baseicl_zero_llama70b_ind_stereoset.csv,ICL,0,"Individuation, matched IT checkpoint"
stereoset,StereoSet,it,DIY IT,SS Score,SS Score overall,50,60.425805,10.425805,results/new_results/m3_finetune_llama70b_ms500/evalshared/stereoset_metrics_m3_llama70b_ms500_ind_stereoset.csv,DIY IT,,"Individuation, matched IT checkpoint"
stereoset,StereoSet,no_it_0,No IT 0,SS Score,SS Score overall,50,45.499678,4.5003224,results/new_results/m6_llama70b_original5/m6_llama70b_original5_20260415_195536/m6/eval/m6_l70b_two_pass_zero__base_individuating__individuating/stereoset/stereoset_metrics_m6_l70b_two_pass_zero__base_individuating__individuating_self_debias_two_pass_individuating.csv,No IT,0,"Individuation, matched IT checkpoint"
stereoset,StereoSet,no_it_1,No IT 1,SS Score,SS Score overall,50,47.557108,2.4428924,results/new_results/m6_llama70b_original5/m6_llama70b_original5_20260415_195536/m6/eval/m6_l70b_two_pass_one__base_individuating__individuating/stereoset/stereoset_metrics_m6_l70b_two_pass_one__base_individuating__individuating_self_debias_two_pass_individuating.csv,No IT,1,"Individuation, matched IT checkpoint"
stereoset,StereoSet,it_0,IT 0,SS Score,SS Score overall,50,46.889094,3.1109064,results/new_results/m6_llama70b_original5/m6_llama70b_original5_20260415_195536/m6/eval/m6_l70b_two_pass_zero__ind__individuating/stereoset/stereoset_metrics_m6_l70b_two_pass_zero__ind__individuating_self_debias_two_pass_individuating.csv,IT,0,"Individuation, matched IT checkpoint"
stereoset,StereoSet,it_1,IT 1,SS Score,SS Score overall,50,47.779432,2.2205681,results/new_results/m6_llama70b_original5/m6_llama70b_original5_20260415_195536/m6/eval/m6_l70b_two_pass_one__ind__individuating/stereoset/stereoset_metrics_m6_l70b_two_pass_one__ind__individuating_self_debias_two_pass_individuating.csv,IT,1,"Individuation, matched IT checkpoint"
bbq,BBQ Ambig.,base,Base Model Inference,Bias_score_ambig,Bias score ambig.,0,7.046,7.046,results/new_results/m6_llama70b_original5/m6_llama70b_original5_20260415_195536/plain_direct/bbq/bbq_metrics_llama70b_plain_base_bbq.csv,Base,,"Individuation, matched IT checkpoint"
bbq,BBQ Ambig.,icl,ICL,Bias_score_ambig,Bias score ambig.,0,5.353,5.353,results/new_results/m4_base_icl_zero/m4_base_icl_zero_allmodels_20260514_005736/llama70b/bbq/bbq_metrics_m4_baseicl_zero_llama70b_ind_bbq.csv,ICL,0,"Individuation, matched IT checkpoint"
bbq,BBQ Ambig.,it,DIY IT,Bias_score_ambig,Bias score ambig.,0,7.463,7.463,results/new_results/m3_finetune_llama70b_ms500/bbq/bbq_metrics_m3_llama70b_ms500_ind_bbq.csv,DIY IT,,"Individuation, matched IT checkpoint"
bbq,BBQ Ambig.,no_it_0,No IT 0,Bias_score_ambig,Bias score ambig.,0,5.568,5.568,results/new_results/m6_llama70b_original5/m6_llama70b_original5_20260415_195536/m6/eval/m6_l70b_two_pass_zero__base_individuating__individuating/bbq/bbq_metrics.csv,No IT,0,"Individuation, matched IT checkpoint"
bbq,BBQ Ambig.,no_it_1,No IT 1,Bias_score_ambig,Bias score ambig.,0,5.719,5.719,results/new_results/m6_llama70b_original5/m6_llama70b_original5_20260415_195536/m6/eval/m6_l70b_two_pass_one__base_individuating__individuating/bbq/bbq_metrics.csv,No IT,1,"Individuation, matched IT checkpoint"
bbq,BBQ Ambig.,it_0,IT 0,Bias_score_ambig,Bias score ambig.,0,5.349,5.349,results/new_results/m6_llama70b_original5/m6_llama70b_original5_20260415_195536/m6/eval/m6_l70b_two_pass_zero__ind__individuating/bbq/bbq_metrics.csv,IT,0,"Individuation, matched IT checkpoint"
bbq,BBQ Ambig.,it_1,IT 1,Bias_score_ambig,Bias score ambig.,0,5.373,5.373,results/new_results/m6_llama70b_original5/m6_llama70b_original5_20260415_195536/m6/eval/m6_l70b_two_pass_one__ind__individuating/bbq/bbq_metrics.csv,IT,1,"Individuation, matched IT checkpoint"
bbq,BBQ Disambig.,base,Base Model Inference,Bias_score_disambig,Bias score disambig.,0,0.388,0.388,results/new_results/m6_llama70b_original5/m6_llama70b_original5_20260415_195536/plain_direct/bbq/bbq_metrics_llama70b_plain_base_bbq.csv,Base,,"Individuation, matched IT checkpoint"
bbq,BBQ Disambig.,icl,ICL,Bias_score_disambig,Bias score disambig.,0,0.599,0.599,results/new_results/m4_base_icl_zero/m4_base_icl_zero_allmodels_20260514_005736/llama70b/bbq/bbq_metrics_m4_baseicl_zero_llama70b_ind_bbq.csv,ICL,0,"Individuation, matched IT checkpoint"
bbq,BBQ Disambig.,it,DIY IT,Bias_score_disambig,Bias score disambig.,0,0.648,0.648,results/new_results/m3_finetune_llama70b_ms500/bbq/bbq_metrics_m3_llama70b_ms500_ind_bbq.csv,DIY IT,,"Individuation, matched IT checkpoint"
bbq,BBQ Disambig.,no_it_0,No IT 0,Bias_score_disambig,Bias score disambig.,0,-0.107,0.107,results/new_results/m6_llama70b_original5/m6_llama70b_original5_20260415_195536/m6/eval/m6_l70b_two_pass_zero__base_individuating__individuating/bbq/bbq_metrics.csv,No IT,0,"Individuation, matched IT checkpoint"
bbq,BBQ Disambig.,no_it_1,No IT 1,Bias_score_disambig,Bias score disambig.,0,0.928,0.928,results/new_results/m6_llama70b_original5/m6_llama70b_original5_20260415_195536/m6/eval/m6_l70b_two_pass_one__base_individuating__individuating/bbq/bbq_metrics.csv,No IT,1,"Individuation, matched IT checkpoint"
bbq,BBQ Disambig.,it_0,IT 0,Bias_score_disambig,Bias score disambig.,0,1.588,1.588,results/new_results/m6_llama70b_original5/m6_llama70b_original5_20260415_195536/m6/eval/m6_l70b_two_pass_zero__ind__individuating/bbq/bbq_metrics.csv,IT,0,"Individuation, matched IT checkpoint"
bbq,BBQ Disambig.,it_1,IT 1,Bias_score_disambig,Bias score disambig.,0,2.018,2.018,results/new_results/m6_llama70b_original5/m6_llama70b_original5_20260415_195536/m6/eval/m6_l70b_two_pass_one__ind__individuating/bbq/bbq_metrics.csv,IT,1,"Individuation, matched IT checkpoint"
winobias,WinoBias,base,Base Model Inference,abs_pro_anti_gap,Abs. pro/anti gap,0,0.14393939,0.14393939,results/new_results/m6_llama70b_original5/m6_llama70b_original5_20260415_195536/plain_direct/evalshared/winobias/llama70b_plain_base_winobias/winobias_metrics_overall_llama70b_plain_base_winobias.csv,Base,,"Individuation, matched IT checkpoint"
winobias,WinoBias,icl,ICL,abs_pro_anti_gap,Abs. pro/anti gap,0,0.14393939,0.14393939,results/new_results/m4_base_icl_zero/m4_base_icl_zero_allmodels_20260514_005736/llama70b/evalshared/winobias/m4_baseicl_zero_llama70b_ind_winobias/winobias_metrics_overall_m4_baseicl_zero_llama70b_ind_winobias.csv,ICL,0,"Individuation, matched IT checkpoint"
winobias,WinoBias,it,DIY IT,abs_pro_anti_gap,Abs. pro/anti gap,0,0.14141414,0.14141414,results/new_results/m3_finetune_llama70b_ms500/evalshared/winobias/m3_llama70b_ms500_ind_winobias/winobias_metrics_overall_m3_llama70b_ms500_ind_winobias.csv,DIY IT,,"Individuation, matched IT checkpoint"
winobias,WinoBias,no_it_0,No IT 0,abs_pro_anti_gap,Abs. pro/anti gap,0,0.073232323,0.073232323,results/new_results/m6_llama70b_original5/m6_llama70b_original5_20260415_195536/m6/eval/m6_l70b_two_pass_zero__base_individuating__individuating/winobias/winobias/m6_l70b_two_pass_zero__base_individuating__individuating_self_debias_two_pass_individuating/winobias_metrics_overall_m6_l70b_two_pass_zero__base_individuating__individuating_self_debias_two_pass_individuating.csv,No IT,0,"Individuation, matched IT checkpoint"
winobias,WinoBias,no_it_1,No IT 1,abs_pro_anti_gap,Abs. pro/anti gap,0,0.071969697,0.071969697,results/new_results/m6_llama70b_original5/m6_llama70b_original5_20260415_195536/m6/eval/m6_l70b_two_pass_one__base_individuating__individuating/winobias/winobias/m6_l70b_two_pass_one__base_individuating__individuating_self_debias_two_pass_individuating/winobias_metrics_overall_m6_l70b_two_pass_one__base_individuating__individuating_self_debias_two_pass_individuating.csv,No IT,1,"Individuation, matched IT checkpoint"
winobias,WinoBias,no_it_2,No IT 2,abs_pro_anti_gap,Abs. pro/anti gap,0,0.061868687,0.061868687,results/new_results/m6_llama70b_original5/m6_llama70b_original5_20260415_195536/m6/eval/m6_l70b_two_pass_two__base_individuating__individuating/winobias/winobias/m6_l70b_two_pass_two__base_individuating__individuating_self_debias_two_pass_individuating/winobias_metrics_overall_m6_l70b_two_pass_two__base_individuating__individuating_self_debias_two_pass_individuating.csv,No IT,2,"Individuation, matched IT checkpoint"
winobias,WinoBias,it_0,IT 0,abs_pro_anti_gap,Abs. pro/anti gap,0,0.071969697,0.071969697,results/new_results/m6_llama70b_original5/m6_llama70b_original5_20260415_195536/m6/eval/m6_l70b_two_pass_zero__ind__individuating/winobias/winobias/m6_l70b_two_pass_zero__ind__individuating_self_debias_two_pass_individuating/winobias_metrics_overall_m6_l70b_two_pass_zero__ind__individuating_self_debias_two_pass_individuating.csv,IT,0,"Individuation, matched IT checkpoint"
winobias,WinoBias,it_1,IT 1,abs_pro_anti_gap,Abs. pro/anti gap,0,0.078282828,0.078282828,results/new_results/m6_llama70b_original5/m6_llama70b_original5_20260415_195536/m6/eval/m6_l70b_two_pass_one__ind__individuating/winobias/winobias/m6_l70b_two_pass_one__ind__individuating_self_debias_two_pass_individuating/winobias_metrics_overall_m6_l70b_two_pass_one__ind__individuating_self_debias_two_pass_individuating.csv,IT,1,"Individuation, matched IT checkpoint"
winobias,WinoBias,it_2,IT 2,abs_pro_anti_gap,Abs. pro/anti gap,0,0.10227273,0.10227273,results/new_results/m6_llama70b_original5/m6_llama70b_original5_20260415_195536/m6/eval/m6_l70b_two_pass_two__ind__individuating/winobias/winobias/m6_l70b_two_pass_two__ind__individuating_self_debias_two_pass_individuating/winobias_metrics_overall_m6_l70b_two_pass_two__ind__individuating_self_debias_two_pass_individuating.csv,IT,2,"Individuation, matched IT checkpoint"
winogender,WinoGender,base,Base Model Inference,male_female_pair_disagreement_rate,Male/female pair disagreement,0,0.070833333,0.070833333,results/new_results/m6_llama70b_original5/m6_llama70b_original5_20260415_195536/plain_direct/evalshared/winogender/llama70b_plain_base_winogender/winogender_metrics_overall_llama70b_plain_base_winogender.csv,Base,,"Individuation, matched IT checkpoint"
winogender,WinoGender,icl,ICL,male_female_pair_disagreement_rate,Male/female pair disagreement,0,0.0625,0.0625,results/new_results/m4_base_icl_zero/m4_base_icl_zero_allmodels_20260514_005736/llama70b/evalshared/winogender/m4_baseicl_zero_llama70b_ind_winogender/winogender_metrics_overall_m4_baseicl_zero_llama70b_ind_winogender.csv,ICL,0,"Individuation, matched IT checkpoint"
winogender,WinoGender,it,DIY IT,male_female_pair_disagreement_rate,Male/female pair disagreement,0,0.0875,0.0875,results/new_results/m3_finetune_llama70b_ms500/evalshared/winogender/m3_llama70b_ms500_ind_winogender/winogender_metrics_overall_m3_llama70b_ms500_ind_winogender.csv,DIY IT,,"Individuation, matched IT checkpoint"
winogender,WinoGender,no_it_0,No IT 0,male_female_pair_disagreement_rate,Male/female pair disagreement,0,0.058333333,0.058333333,results/new_results/m6_llama70b_original5/m6_llama70b_original5_20260415_195536/m6/eval/m6_l70b_two_pass_zero__base_individuating__individuating/winogender/winogender/m6_l70b_two_pass_zero__base_individuating__individuating_self_debias_two_pass_individuating/winogender_metrics_overall_m6_l70b_two_pass_zero__base_individuating__individuating_self_debias_two_pass_individuating.csv,No IT,0,"Individuation, matched IT checkpoint"
winogender,WinoGender,no_it_1,No IT 1,male_female_pair_disagreement_rate,Male/female pair disagreement,0,0.0375,0.0375,results/new_results/m6_llama70b_original5/m6_llama70b_original5_20260415_195536/m6/eval/m6_l70b_two_pass_one__base_individuating__individuating/winogender/winogender/m6_l70b_two_pass_one__base_individuating__individuating_self_debias_two_pass_individuating/winogender_metrics_overall_m6_l70b_two_pass_one__base_individuating__individuating_self_debias_two_pass_individuating.csv,No IT,1,"Individuation, matched IT checkpoint"
winogender,WinoGender,it_0,IT 0,male_female_pair_disagreement_rate,Male/female pair disagreement,0,0.058333333,0.058333333,results/new_results/m6_llama70b_original5/m6_llama70b_original5_20260415_195536/m6/eval/m6_l70b_two_pass_zero__ind__individuating/winogender/winogender/m6_l70b_two_pass_zero__ind__individuating_self_debias_two_pass_individuating/winogender_metrics_overall_m6_l70b_two_pass_zero__ind__individuating_self_debias_two_pass_individuating.csv,IT,0,"Individuation, matched IT checkpoint"
winogender,WinoGender,it_1,IT 1,male_female_pair_disagreement_rate,Male/female pair disagreement,0,0.066666667,0.066666667,results/new_results/m6_llama70b_original5/m6_llama70b_original5_20260415_195536/m6/eval/m6_l70b_two_pass_one__ind__individuating/winogender/winogender/m6_l70b_two_pass_one__ind__individuating_self_debias_two_pass_individuating/winogender_metrics_overall_m6_l70b_two_pass_one__ind__individuating_self_debias_two_pass_individuating.csv,IT,1,"Individuation, matched IT checkpoint"
crowspairs,CrowS-Pairs,base,Base Model Inference,stereotype_preference_pct,Stereotype preference %,50,66.11,16.11,results/new_results/m6_llama70b_original5/m6_llama70b_original5_20260415_195536/plain_direct/evalshared/crows_pairs_metrics_overall_llama70b_plain_base_crowspairs.csv,Base,,"Perspective-taking, matched IT checkpoint"
crowspairs,CrowS-Pairs,icl,ICL,stereotype_preference_pct,Stereotype preference %,50,68.97,18.97,results/new_results/m4_base_icl_zero/m4_base_icl_zero_allmodels_20260514_005736/llama70b/evalshared/crows_pairs_metrics_overall_m4_baseicl_zero_llama70b_pt_crowspairs.csv,ICL,0,"Perspective-taking, matched IT checkpoint"
crowspairs,CrowS-Pairs,it,DIY IT,stereotype_preference_pct,Stereotype preference %,50,66.64,16.64,results/new_results/m3_finetune_llama70b_ms500/evalshared/crows_pairs_metrics_overall_m3_llama70b_ms500_pt_crowspairs.csv,DIY IT,,"Perspective-taking, matched IT checkpoint"
crowspairs,CrowS-Pairs,no_it_0,No IT 0,stereotype_preference_pct,Stereotype preference %,50,49.67,0.33,results/new_results/m6_llama70b_original5/m6_llama70b_original5_20260415_195536/m6/eval/m6_l70b_two_pass_zero__base_perspective_taking__perspective_taking/crowspairs/crows_pairs_metrics_overall_m6_l70b_two_pass_zero__base_perspective_taking__perspective_taking_self_debias_two_pass_perspective_taking.csv,No IT,0,"Perspective-taking, matched IT checkpoint"
crowspairs,CrowS-Pairs,no_it_1,No IT 1,stereotype_preference_pct,Stereotype preference %,50,49.87,0.13,results/new_results/m6_llama70b_original5/m6_llama70b_original5_20260415_195536/m6/eval/m6_l70b_two_pass_one__base_perspective_taking__perspective_taking/crowspairs/crows_pairs_metrics_overall_m6_l70b_two_pass_one__base_perspective_taking__perspective_taking_self_debias_two_pass_perspective_taking.csv,No IT,1,"Perspective-taking, matched IT checkpoint"
crowspairs,CrowS-Pairs,no_it_2,No IT 2,stereotype_preference_pct,Stereotype preference %,50,47.94,2.06,results/new_results/m6_llama70b_original5/m6_llama70b_original5_20260415_195536/m6/eval/m6_l70b_two_pass_two__base_perspective_taking__perspective_taking/crowspairs/crows_pairs_metrics_overall_m6_l70b_two_pass_two__base_perspective_taking__perspective_taking_self_debias_two_pass_perspective_taking.csv,No IT,2,"Perspective-taking, matched IT checkpoint"
crowspairs,CrowS-Pairs,it_0,IT 0,stereotype_preference_pct,Stereotype preference %,50,45.69,4.31,results/new_results/m6_llama70b_original5/m6_llama70b_original5_20260415_195536/m6/eval/m6_l70b_two_pass_zero__pt__perspective_taking/crowspairs/crows_pairs_metrics_overall_m6_l70b_two_pass_zero__pt__perspective_taking_self_debias_two_pass_perspective_taking.csv,IT,0,"Perspective-taking, matched IT checkpoint"
crowspairs,CrowS-Pairs,it_1,IT 1,stereotype_preference_pct,Stereotype preference %,50,47.41,2.59,results/new_results/m6_llama70b_original5/m6_llama70b_original5_20260415_195536/m6/eval/m6_l70b_two_pass_one__pt__perspective_taking/crowspairs/crows_pairs_metrics_overall_m6_l70b_two_pass_one__pt__perspective_taking_self_debias_two_pass_perspective_taking.csv,IT,1,"Perspective-taking, matched IT checkpoint"
crowspairs,CrowS-Pairs,it_2,IT 2,stereotype_preference_pct,Stereotype preference %,50,48.41,1.59,results/new_results/m6_llama70b_original5/m6_llama70b_original5_20260415_195536/m6/eval/m6_l70b_two_pass_two__pt__perspective_taking/crowspairs/crows_pairs_metrics_overall_m6_l70b_two_pass_two__pt__perspective_taking_self_debias_two_pass_perspective_taking.csv,IT,2,"Perspective-taking, matched IT checkpoint"
stereoset,StereoSet,base,Base Model Inference,SS Score,SS Score overall,50,59.9998,9.9997996,results/new_results/m6_llama70b_original5/m6_llama70b_original5_20260415_195536/plain_direct/evalshared/stereoset_metrics_llama70b_plain_base_stereoset.csv,Base,,"Perspective-taking, matched IT checkpoint"
stereoset,StereoSet,icl,ICL,SS Score,SS Score overall,50,61.370991,11.370991,results/new_results/m4_base_icl_zero/m4_base_icl_zero_allmodels_20260514_005736/llama70b/evalshared/stereoset_metrics_m4_baseicl_zero_llama70b_pt_stereoset.csv,ICL,0,"Perspective-taking, matched IT checkpoint"
stereoset,StereoSet,it,DIY IT,SS Score,SS Score overall,50,60.631089,10.631089,results/new_results/m3_finetune_llama70b_ms500/evalshared/stereoset_metrics_m3_llama70b_ms500_pt_stereoset.csv,DIY IT,,"Perspective-taking, matched IT checkpoint"
stereoset,StereoSet,no_it_0,No IT 0,SS Score,SS Score overall,50,45.914407,4.0855935,results/new_results/m6_llama70b_original5/m6_llama70b_original5_20260415_195536/m6/eval/m6_l70b_two_pass_zero__base_perspective_taking__perspective_taking/stereoset/stereoset_metrics_m6_l70b_two_pass_zero__base_perspective_taking__perspective_taking_self_debias_two_pass_perspective_taking.csv,No IT,0,"Perspective-taking, matched IT checkpoint"
stereoset,StereoSet,no_it_1,No IT 1,SS Score,SS Score overall,50,49.205917,0.79408283,results/new_results/m6_llama70b_original5/m6_llama70b_original5_20260415_195536/m6/eval/m6_l70b_two_pass_one__base_perspective_taking__perspective_taking/stereoset/stereoset_metrics_m6_l70b_two_pass_one__base_perspective_taking__perspective_taking_self_debias_two_pass_perspective_taking.csv,No IT,1,"Perspective-taking, matched IT checkpoint"
stereoset,StereoSet,it_0,IT 0,SS Score,SS Score overall,50,46.372962,3.6270384,results/new_results/m6_llama70b_original5/m6_llama70b_original5_20260415_195536/m6/eval/m6_l70b_two_pass_zero__pt__perspective_taking/stereoset/stereoset_metrics_m6_l70b_two_pass_zero__pt__perspective_taking_self_debias_two_pass_perspective_taking.csv,IT,0,"Perspective-taking, matched IT checkpoint"
stereoset,StereoSet,it_1,IT 1,SS Score,SS Score overall,50,48.048002,1.9519982,results/new_results/m6_llama70b_original5/m6_llama70b_original5_20260415_195536/m6/eval/m6_l70b_two_pass_one__pt__perspective_taking/stereoset/stereoset_metrics_m6_l70b_two_pass_one__pt__perspective_taking_self_debias_two_pass_perspective_taking.csv,IT,1,"Perspective-taking, matched IT checkpoint"
bbq,BBQ Ambig.,base,Base Model Inference,Bias_score_ambig,Bias score ambig.,0,7.046,7.046,results/new_results/m6_llama70b_original5/m6_llama70b_original5_20260415_195536/plain_direct/bbq/bbq_metrics_llama70b_plain_base_bbq.csv,Base,,"Perspective-taking, matched IT checkpoint"
bbq,BBQ Ambig.,icl,ICL,Bias_score_ambig,Bias score ambig.,0,6.659,6.659,results/new_results/m4_base_icl_zero/m4_base_icl_zero_allmodels_20260514_005736/llama70b/bbq/bbq_metrics_m4_baseicl_zero_llama70b_pt_bbq.csv,ICL,0,"Perspective-taking, matched IT checkpoint"
bbq,BBQ Ambig.,it,DIY IT,Bias_score_ambig,Bias score ambig.,0,7.035,7.035,results/new_results/m3_finetune_llama70b_ms500/bbq/bbq_metrics_m3_llama70b_ms500_pt_bbq.csv,DIY IT,,"Perspective-taking, matched IT checkpoint"
bbq,BBQ Ambig.,no_it_0,No IT 0,Bias_score_ambig,Bias score ambig.,0,5.435,5.435,results/new_results/m6_llama70b_original5/m6_llama70b_original5_20260415_195536/m6/eval/m6_l70b_two_pass_zero__base_perspective_taking__perspective_taking/bbq/bbq_metrics.csv,No IT,0,"Perspective-taking, matched IT checkpoint"
bbq,BBQ Ambig.,no_it_1,No IT 1,Bias_score_ambig,Bias score ambig.,0,6.009,6.009,results/new_results/m6_llama70b_original5/m6_llama70b_original5_20260415_195536/m6/eval/m6_l70b_two_pass_one__base_perspective_taking__perspective_taking/bbq/bbq_metrics.csv,No IT,1,"Perspective-taking, matched IT checkpoint"
bbq,BBQ Ambig.,no_it_2,No IT 2,Bias_score_ambig,Bias score ambig.,0,7.417,7.417,results/new_results/m6_llama70b_original5/m6_llama70b_original5_20260415_195536/m6/eval/m6_l70b_two_pass_two__base_perspective_taking__perspective_taking/bbq/bbq_metrics.csv,No IT,2,"Perspective-taking, matched IT checkpoint"
bbq,BBQ Ambig.,it_0,IT 0,Bias_score_ambig,Bias score ambig.,0,7.585,7.585,results/new_results/m6_llama70b_original5/m6_llama70b_original5_20260415_195536/m6/eval/m6_l70b_two_pass_zero__pt__perspective_taking/bbq/bbq_metrics.csv,IT,0,"Perspective-taking, matched IT checkpoint"
bbq,BBQ Ambig.,it_1,IT 1,Bias_score_ambig,Bias score ambig.,0,7.988,7.988,results/new_results/m6_llama70b_original5/m6_llama70b_original5_20260415_195536/m6/eval/m6_l70b_two_pass_one__pt__perspective_taking/bbq/bbq_metrics.csv,IT,1,"Perspective-taking, matched IT checkpoint"
bbq,BBQ Ambig.,it_2,IT 2,Bias_score_ambig,Bias score ambig.,0,8.989,8.989,results/new_results/m6_llama70b_original5/m6_llama70b_original5_20260415_195536/m6/eval/m6_l70b_two_pass_two__pt__perspective_taking/bbq/bbq_metrics.csv,IT,2,"Perspective-taking, matched IT checkpoint"
bbq,BBQ Disambig.,base,Base Model Inference,Bias_score_disambig,Bias score disambig.,0,0.388,0.388,results/new_results/m6_llama70b_original5/m6_llama70b_original5_20260415_195536/plain_direct/bbq/bbq_metrics_llama70b_plain_base_bbq.csv,Base,,"Perspective-taking, matched IT checkpoint"
bbq,BBQ Disambig.,icl,ICL,Bias_score_disambig,Bias score disambig.,0,0.495,0.495,results/new_results/m4_base_icl_zero/m4_base_icl_zero_allmodels_20260514_005736/llama70b/bbq/bbq_metrics_m4_baseicl_zero_llama70b_pt_bbq.csv,ICL,0,"Perspective-taking, matched IT checkpoint"
bbq,BBQ Disambig.,it,DIY IT,Bias_score_disambig,Bias score disambig.,0,0.766,0.766,results/new_results/m3_finetune_llama70b_ms500/bbq/bbq_metrics_m3_llama70b_ms500_pt_bbq.csv,DIY IT,,"Perspective-taking, matched IT checkpoint"
bbq,BBQ Disambig.,no_it_0,No IT 0,Bias_score_disambig,Bias score disambig.,0,-0.324,0.324,results/new_results/m6_llama70b_original5/m6_llama70b_original5_20260415_195536/m6/eval/m6_l70b_two_pass_zero__base_perspective_taking__perspective_taking/bbq/bbq_metrics.csv,No IT,0,"Perspective-taking, matched IT checkpoint"
bbq,BBQ Disambig.,no_it_1,No IT 1,Bias_score_disambig,Bias score disambig.,0,0.4,0.4,results/new_results/m6_llama70b_original5/m6_llama70b_original5_20260415_195536/m6/eval/m6_l70b_two_pass_one__base_perspective_taking__perspective_taking/bbq/bbq_metrics.csv,No IT,1,"Perspective-taking, matched IT checkpoint"
bbq,BBQ Disambig.,no_it_2,No IT 2,Bias_score_disambig,Bias score disambig.,0,1.535,1.535,results/new_results/m6_llama70b_original5/m6_llama70b_original5_20260415_195536/m6/eval/m6_l70b_two_pass_two__base_perspective_taking__perspective_taking/bbq/bbq_metrics.csv,No IT,2,"Perspective-taking, matched IT checkpoint"
bbq,BBQ Disambig.,it_0,IT 0,Bias_score_disambig,Bias score disambig.,0,1.408,1.408,results/new_results/m6_llama70b_original5/m6_llama70b_original5_20260415_195536/m6/eval/m6_l70b_two_pass_zero__pt__perspective_taking/bbq/bbq_metrics.csv,IT,0,"Perspective-taking, matched IT checkpoint"
bbq,BBQ Disambig.,it_1,IT 1,Bias_score_disambig,Bias score disambig.,0,2.211,2.211,results/new_results/m6_llama70b_original5/m6_llama70b_original5_20260415_195536/m6/eval/m6_l70b_two_pass_one__pt__perspective_taking/bbq/bbq_metrics.csv,IT,1,"Perspective-taking, matched IT checkpoint"
bbq,BBQ Disambig.,it_2,IT 2,Bias_score_disambig,Bias score disambig.,0,2.459,2.459,results/new_results/m6_llama70b_original5/m6_llama70b_original5_20260415_195536/m6/eval/m6_l70b_two_pass_two__pt__perspective_taking/bbq/bbq_metrics.csv,IT,2,"Perspective-taking, matched IT checkpoint"
winobias,WinoBias,base,Base Model Inference,abs_pro_anti_gap,Abs. pro/anti gap,0,0.14393939,0.14393939,results/new_results/m6_llama70b_original5/m6_llama70b_original5_20260415_195536/plain_direct/evalshared/winobias/llama70b_plain_base_winobias/winobias_metrics_overall_llama70b_plain_base_winobias.csv,Base,,"Perspective-taking, matched IT checkpoint"
winobias,WinoBias,icl,ICL,abs_pro_anti_gap,Abs. pro/anti gap,0,0.14393939,0.14393939,results/new_results/m4_base_icl_zero/m4_base_icl_zero_allmodels_20260514_005736/llama70b/evalshared/winobias/m4_baseicl_zero_llama70b_pt_winobias/winobias_metrics_overall_m4_baseicl_zero_llama70b_pt_winobias.csv,ICL,0,"Perspective-taking, matched IT checkpoint"
winobias,WinoBias,it,DIY IT,abs_pro_anti_gap,Abs. pro/anti gap,0,0.13636364,0.13636364,results/new_results/m3_finetune_llama70b_ms500/evalshared/winobias/m3_llama70b_ms500_pt_winobias/winobias_metrics_overall_m3_llama70b_ms500_pt_winobias.csv,DIY IT,,"Perspective-taking, matched IT checkpoint"
winobias,WinoBias,no_it_0,No IT 0,abs_pro_anti_gap,Abs. pro/anti gap,0,0.053030303,0.053030303,results/new_results/m6_llama70b_original5/m6_llama70b_original5_20260415_195536/m6/eval/m6_l70b_two_pass_zero__base_perspective_taking__perspective_taking/winobias/winobias/m6_l70b_two_pass_zero__base_perspective_taking__perspective_taking_self_debias_two_pass_perspective_taking/winobias_metrics_overall_m6_l70b_two_pass_zero__base_perspective_taking__perspective_taking_self_debias_two_pass_perspective_taking.csv,No IT,0,"Perspective-taking, matched IT checkpoint"
winobias,WinoBias,no_it_1,No IT 1,abs_pro_anti_gap,Abs. pro/anti gap,0,0.053030303,0.053030303,results/new_results/m6_llama70b_original5/m6_llama70b_original5_20260415_195536/m6/eval/m6_l70b_two_pass_one__base_perspective_taking__perspective_taking/winobias/winobias/m6_l70b_two_pass_one__base_perspective_taking__perspective_taking_self_debias_two_pass_perspective_taking/winobias_metrics_overall_m6_l70b_two_pass_one__base_perspective_taking__perspective_taking_self_debias_two_pass_perspective_taking.csv,No IT,1,"Perspective-taking, matched IT checkpoint"
winobias,WinoBias,no_it_2,No IT 2,abs_pro_anti_gap,Abs. pro/anti gap,0,0.083333333,0.083333333,results/new_results/m6_llama70b_original5/m6_llama70b_original5_20260415_195536/m6/eval/m6_l70b_two_pass_two__base_perspective_taking__perspective_taking/winobias/winobias/m6_l70b_two_pass_two__base_perspective_taking__perspective_taking_self_debias_two_pass_perspective_taking/winobias_metrics_overall_m6_l70b_two_pass_two__base_perspective_taking__perspective_taking_self_debias_two_pass_perspective_taking.csv,No IT,2,"Perspective-taking, matched IT checkpoint"
winobias,WinoBias,it_0,IT 0,abs_pro_anti_gap,Abs. pro/anti gap,0,0.095959596,0.095959596,results/new_results/m6_llama70b_original5/m6_llama70b_original5_20260415_195536/m6/eval/m6_l70b_two_pass_zero__pt__perspective_taking/winobias/winobias/m6_l70b_two_pass_zero__pt__perspective_taking_self_debias_two_pass_perspective_taking/winobias_metrics_overall_m6_l70b_two_pass_zero__pt__perspective_taking_self_debias_two_pass_perspective_taking.csv,IT,0,"Perspective-taking, matched IT checkpoint"
winobias,WinoBias,it_1,IT 1,abs_pro_anti_gap,Abs. pro/anti gap,0,0.073232323,0.073232323,results/new_results/m6_llama70b_original5/m6_llama70b_original5_20260415_195536/m6/eval/m6_l70b_two_pass_one__pt__perspective_taking/winobias/winobias/m6_l70b_two_pass_one__pt__perspective_taking_self_debias_two_pass_perspective_taking/winobias_metrics_overall_m6_l70b_two_pass_one__pt__perspective_taking_self_debias_two_pass_perspective_taking.csv,IT,1,"Perspective-taking, matched IT checkpoint"
winogender,WinoGender,base,Base Model Inference,male_female_pair_disagreement_rate,Male/female pair disagreement,0,0.070833333,0.070833333,results/new_results/m6_llama70b_original5/m6_llama70b_original5_20260415_195536/plain_direct/evalshared/winogender/llama70b_plain_base_winogender/winogender_metrics_overall_llama70b_plain_base_winogender.csv,Base,,"Perspective-taking, matched IT checkpoint"
winogender,WinoGender,icl,ICL,male_female_pair_disagreement_rate,Male/female pair disagreement,0,0.0625,0.0625,results/new_results/m4_base_icl_zero/m4_base_icl_zero_allmodels_20260514_005736/llama70b/evalshared/winogender/m4_baseicl_zero_llama70b_pt_winogender/winogender_metrics_overall_m4_baseicl_zero_llama70b_pt_winogender.csv,ICL,0,"Perspective-taking, matched IT checkpoint"
winogender,WinoGender,it,DIY IT,male_female_pair_disagreement_rate,Male/female pair disagreement,0,0.079166667,0.079166667,results/new_results/m3_finetune_llama70b_ms500/evalshared/winogender/m3_llama70b_ms500_pt_winogender/winogender_metrics_overall_m3_llama70b_ms500_pt_winogender.csv,DIY IT,,"Perspective-taking, matched IT checkpoint"
winogender,WinoGender,no_it_0,No IT 0,male_female_pair_disagreement_rate,Male/female pair disagreement,0,0.041666667,0.041666667,results/new_results/m6_llama70b_original5/m6_llama70b_original5_20260415_195536/m6/eval/m6_l70b_two_pass_zero__base_perspective_taking__perspective_taking/winogender/winogender/m6_l70b_two_pass_zero__base_perspective_taking__perspective_taking_self_debias_two_pass_perspective_taking/winogender_metrics_overall_m6_l70b_two_pass_zero__base_perspective_taking__perspective_taking_self_debias_two_pass_perspective_taking.csv,No IT,0,"Perspective-taking, matched IT checkpoint"
winogender,WinoGender,no_it_1,No IT 1,male_female_pair_disagreement_rate,Male/female pair disagreement,0,0.058333333,0.058333333,results/new_results/m6_llama70b_original5/m6_llama70b_original5_20260415_195536/m6/eval/m6_l70b_two_pass_one__base_perspective_taking__perspective_taking/winogender/winogender/m6_l70b_two_pass_one__base_perspective_taking__perspective_taking_self_debias_two_pass_perspective_taking/winogender_metrics_overall_m6_l70b_two_pass_one__base_perspective_taking__perspective_taking_self_debias_two_pass_perspective_taking.csv,No IT,1,"Perspective-taking, matched IT checkpoint"
winogender,WinoGender,no_it_2,No IT 2,male_female_pair_disagreement_rate,Male/female pair disagreement,0,0.041666667,0.041666667,results/new_results/m6_llama70b_original5/m6_llama70b_original5_20260415_195536/m6/eval/m6_l70b_two_pass_two__base_perspective_taking__perspective_taking/winogender/winogender/m6_l70b_two_pass_two__base_perspective_taking__perspective_taking_self_debias_two_pass_perspective_taking/winogender_metrics_overall_m6_l70b_two_pass_two__base_perspective_taking__perspective_taking_self_debias_two_pass_perspective_taking.csv,No IT,2,"Perspective-taking, matched IT checkpoint"
winogender,WinoGender,it_0,IT 0,male_female_pair_disagreement_rate,Male/female pair disagreement,0,0.091666667,0.091666667,results/new_results/m6_llama70b_original5/m6_llama70b_original5_20260415_195536/m6/eval/m6_l70b_two_pass_zero__pt__perspective_taking/winogender/winogender/m6_l70b_two_pass_zero__pt__perspective_taking_self_debias_two_pass_perspective_taking/winogender_metrics_overall_m6_l70b_two_pass_zero__pt__perspective_taking_self_debias_two_pass_perspective_taking.csv,IT,0,"Perspective-taking, matched IT checkpoint"
winogender,WinoGender,it_1,IT 1,male_female_pair_disagreement_rate,Male/female pair disagreement,0,0.045833333,0.045833333,results/new_results/m6_llama70b_original5/m6_llama70b_original5_20260415_195536/m6/eval/m6_l70b_two_pass_one__pt__perspective_taking/winogender/winogender/m6_l70b_two_pass_one__pt__perspective_taking_self_debias_two_pass_perspective_taking/winogender_metrics_overall_m6_l70b_two_pass_one__pt__perspective_taking_self_debias_two_pass_perspective_taking.csv,IT,1,"Perspective-taking, matched IT checkpoint"
winogender,WinoGender,it_2,IT 2,male_female_pair_disagreement_rate,Male/female pair disagreement,0,0.0875,0.0875,results/new_results/m6_llama70b_original5/m6_llama70b_original5_20260415_195536/m6/eval/m6_l70b_two_pass_two__pt__perspective_taking/winogender/winogender/m6_l70b_two_pass_two__pt__perspective_taking_self_debias_two_pass_perspective_taking/winogender_metrics_overall_m6_l70b_two_pass_two__pt__perspective_taking_self_debias_two_pass_perspective_taking.csv,IT,2,"Perspective-taking, matched IT checkpoint"
crowspairs,CrowS-Pairs,base,Base Model Inference,stereotype_preference_pct,Stereotype preference %,50,66.11,16.11,results/new_results/m6_llama70b_original5/m6_llama70b_original5_20260415_195536/plain_direct/evalshared/crows_pairs_metrics_overall_llama70b_plain_base_crowspairs.csv,Base,,"Counter-stereotypic imaging, matched IT checkpoint"
crowspairs,CrowS-Pairs,icl,ICL,stereotype_preference_pct,Stereotype preference %,50,67.84,17.84,results/new_results/m4_base_icl_zero/m4_base_icl_zero_allmodels_20260514_005736/llama70b/evalshared/crows_pairs_metrics_overall_m4_baseicl_zero_llama70b_ci_crowspairs.csv,ICL,0,"Counter-stereotypic imaging, matched IT checkpoint"
crowspairs,CrowS-Pairs,it,DIY IT,stereotype_preference_pct,Stereotype preference %,50,66.38,16.38,results/new_results/m3_finetune_llama70b_ms500/evalshared/crows_pairs_metrics_overall_m3_llama70b_ms500_ci_crowspairs.csv,DIY IT,,"Counter-stereotypic imaging, matched IT checkpoint"
crowspairs,CrowS-Pairs,no_it_0,No IT 0,stereotype_preference_pct,Stereotype preference %,50,47.88,2.12,results/new_results/m6_llama70b_original5/m6_llama70b_original5_20260415_195536/m6/eval/m6_l70b_two_pass_zero__base_counter_imaging__counter_imaging/crowspairs/crows_pairs_metrics_overall_m6_l70b_two_pass_zero__base_counter_imaging__counter_imaging_self_debias_two_pass_counter_imaging.csv,No IT,0,"Counter-stereotypic imaging, matched IT checkpoint"
crowspairs,CrowS-Pairs,no_it_1,No IT 1,stereotype_preference_pct,Stereotype preference %,50,48.41,1.59,results/new_results/m6_llama70b_original5/m6_llama70b_original5_20260415_195536/m6/eval/m6_l70b_two_pass_one__base_counter_imaging__counter_imaging/crowspairs/crows_pairs_metrics_overall_m6_l70b_two_pass_one__base_counter_imaging__counter_imaging_self_debias_two_pass_counter_imaging.csv,No IT,1,"Counter-stereotypic imaging, matched IT checkpoint"
crowspairs,CrowS-Pairs,no_it_2,No IT 2,stereotype_preference_pct,Stereotype preference %,50,47.28,2.72,results/new_results/m6_llama70b_original5/m6_llama70b_original5_20260415_195536/m6/eval/m6_l70b_two_pass_two__base_counter_imaging__counter_imaging/crowspairs/crows_pairs_metrics_overall_m6_l70b_two_pass_two__base_counter_imaging__counter_imaging_self_debias_two_pass_counter_imaging.csv,No IT,2,"Counter-stereotypic imaging, matched IT checkpoint"
crowspairs,CrowS-Pairs,it_0,IT 0,stereotype_preference_pct,Stereotype preference %,50,45.95,4.05,results/new_results/m6_llama70b_original5/m6_llama70b_original5_20260415_195536/m6/eval/m6_l70b_two_pass_zero__ci__counter_imaging/crowspairs/crows_pairs_metrics_overall_m6_l70b_two_pass_zero__ci__counter_imaging_self_debias_two_pass_counter_imaging.csv,IT,0,"Counter-stereotypic imaging, matched IT checkpoint"
crowspairs,CrowS-Pairs,it_1,IT 1,stereotype_preference_pct,Stereotype preference %,50,44.43,5.57,results/new_results/m6_llama70b_original5/m6_llama70b_original5_20260415_195536/m6/eval/m6_l70b_two_pass_one__ci__counter_imaging/crowspairs/crows_pairs_metrics_overall_m6_l70b_two_pass_one__ci__counter_imaging_self_debias_two_pass_counter_imaging.csv,IT,1,"Counter-stereotypic imaging, matched IT checkpoint"
stereoset,StereoSet,base,Base Model Inference,SS Score,SS Score overall,50,59.9998,9.9997996,results/new_results/m6_llama70b_original5/m6_llama70b_original5_20260415_195536/plain_direct/evalshared/stereoset_metrics_llama70b_plain_base_stereoset.csv,Base,,"Counter-stereotypic imaging, matched IT checkpoint"
stereoset,StereoSet,icl,ICL,SS Score,SS Score overall,50,62.167214,12.167214,results/new_results/m4_base_icl_zero/m4_base_icl_zero_allmodels_20260514_005736/llama70b/evalshared/stereoset_metrics_m4_baseicl_zero_llama70b_ci_stereoset.csv,ICL,0,"Counter-stereotypic imaging, matched IT checkpoint"
stereoset,StereoSet,it,DIY IT,SS Score,SS Score overall,50,60.182895,10.182895,results/new_results/m3_finetune_llama70b_ms500/evalshared/stereoset_metrics_m3_llama70b_ms500_ci_stereoset.csv,DIY IT,,"Counter-stereotypic imaging, matched IT checkpoint"
stereoset,StereoSet,no_it_0,No IT 0,SS Score,SS Score overall,50,45.047949,4.9520508,results/new_results/m6_llama70b_original5/m6_llama70b_original5_20260415_195536/m6/eval/m6_l70b_two_pass_zero__base_counter_imaging__counter_imaging/stereoset/stereoset_metrics_m6_l70b_two_pass_zero__base_counter_imaging__counter_imaging_self_debias_two_pass_counter_imaging.csv,No IT,0,"Counter-stereotypic imaging, matched IT checkpoint"
stereoset,StereoSet,no_it_1,No IT 1,SS Score,SS Score overall,50,46.29931,3.70069,results/new_results/m6_llama70b_original5/m6_llama70b_original5_20260415_195536/m6/eval/m6_l70b_two_pass_one__base_counter_imaging__counter_imaging/stereoset/stereoset_metrics_m6_l70b_two_pass_one__base_counter_imaging__counter_imaging_self_debias_two_pass_counter_imaging.csv,No IT,1,"Counter-stereotypic imaging, matched IT checkpoint"
stereoset,StereoSet,no_it_2,No IT 2,SS Score,SS Score overall,50,46.364081,3.6359186,results/new_results/m6_llama70b_original5/m6_llama70b_original5_20260415_195536/m6/eval/m6_l70b_two_pass_two__base_counter_imaging__counter_imaging/stereoset/stereoset_metrics_m6_l70b_two_pass_two__base_counter_imaging__counter_imaging_self_debias_two_pass_counter_imaging.csv,No IT,2,"Counter-stereotypic imaging, matched IT checkpoint"
stereoset,StereoSet,it_0,IT 0,SS Score,SS Score overall,50,43.839284,6.1607161,results/new_results/m6_llama70b_original5/m6_llama70b_original5_20260415_195536/m6/eval/m6_l70b_two_pass_zero__ci__counter_imaging/stereoset/stereoset_metrics_m6_l70b_two_pass_zero__ci__counter_imaging_self_debias_two_pass_counter_imaging.csv,IT,0,"Counter-stereotypic imaging, matched IT checkpoint"
stereoset,StereoSet,it_1,IT 1,SS Score,SS Score overall,50,46.645444,3.3545556,results/new_results/m6_llama70b_original5/m6_llama70b_original5_20260415_195536/m6/eval/m6_l70b_two_pass_one__ci__counter_imaging/stereoset/stereoset_metrics_m6_l70b_two_pass_one__ci__counter_imaging_self_debias_two_pass_counter_imaging.csv,IT,1,"Counter-stereotypic imaging, matched IT checkpoint"
stereoset,StereoSet,it_2,IT 2,SS Score,SS Score overall,50,45.998148,4.0018521,results/new_results/m6_llama70b_original5/m6_llama70b_original5_20260415_195536/m6/eval/m6_l70b_two_pass_two__ci__counter_imaging/stereoset/stereoset_metrics_m6_l70b_two_pass_two__ci__counter_imaging_self_debias_two_pass_counter_imaging.csv,IT,2,"Counter-stereotypic imaging, matched IT checkpoint"
bbq,BBQ Ambig.,base,Base Model Inference,Bias_score_ambig,Bias score ambig.,0,7.046,7.046,results/new_results/m6_llama70b_original5/m6_llama70b_original5_20260415_195536/plain_direct/bbq/bbq_metrics_llama70b_plain_base_bbq.csv,Base,,"Counter-stereotypic imaging, matched IT checkpoint"
bbq,BBQ Ambig.,icl,ICL,Bias_score_ambig,Bias score ambig.,0,6.55,6.55,results/new_results/m4_base_icl_zero/m4_base_icl_zero_allmodels_20260514_005736/llama70b/bbq/bbq_metrics_m4_baseicl_zero_llama70b_ci_bbq.csv,ICL,0,"Counter-stereotypic imaging, matched IT checkpoint"
bbq,BBQ Ambig.,it,DIY IT,Bias_score_ambig,Bias score ambig.,0,6.762,6.762,results/new_results/m3_finetune_llama70b_ms500/bbq/bbq_metrics_m3_llama70b_ms500_ci_bbq.csv,DIY IT,,"Counter-stereotypic imaging, matched IT checkpoint"
bbq,BBQ Ambig.,no_it_0,No IT 0,Bias_score_ambig,Bias score ambig.,0,3.988,3.988,results/new_results/m6_llama70b_original5/m6_llama70b_original5_20260415_195536/m6/eval/m6_l70b_two_pass_zero__base_counter_imaging__counter_imaging/bbq/bbq_metrics.csv,No IT,0,"Counter-stereotypic imaging, matched IT checkpoint"
bbq,BBQ Ambig.,no_it_1,No IT 1,Bias_score_ambig,Bias score ambig.,0,4.231,4.231,results/new_results/m6_llama70b_original5/m6_llama70b_original5_20260415_195536/m6/eval/m6_l70b_two_pass_one__base_counter_imaging__counter_imaging/bbq/bbq_metrics.csv,No IT,1,"Counter-stereotypic imaging, matched IT checkpoint"
bbq,BBQ Ambig.,no_it_2,No IT 2,Bias_score_ambig,Bias score ambig.,0,4.172,4.172,results/new_results/m6_llama70b_original5/m6_llama70b_original5_20260415_195536/m6/eval/m6_l70b_two_pass_two__base_counter_imaging__counter_imaging/bbq/bbq_metrics.csv,No IT,2,"Counter-stereotypic imaging, matched IT checkpoint"
bbq,BBQ Ambig.,it_0,IT 0,Bias_score_ambig,Bias score ambig.,0,6.662,6.662,results/new_results/m6_llama70b_original5/m6_llama70b_original5_20260415_195536/m6/eval/m6_l70b_two_pass_zero__ci__counter_imaging/bbq/bbq_metrics.csv,IT,0,"Counter-stereotypic imaging, matched IT checkpoint"
bbq,BBQ Ambig.,it_1,IT 1,Bias_score_ambig,Bias score ambig.,0,7.755,7.755,results/new_results/m6_llama70b_original5/m6_llama70b_original5_20260415_195536/m6/eval/m6_l70b_two_pass_one__ci__counter_imaging/bbq/bbq_metrics.csv,IT,1,"Counter-stereotypic imaging, matched IT checkpoint"
bbq,BBQ Ambig.,it_2,IT 2,Bias_score_ambig,Bias score ambig.,0,8.152,8.152,results/new_results/m6_llama70b_original5/m6_llama70b_original5_20260415_195536/m6/eval/m6_l70b_two_pass_two__ci__counter_imaging/bbq/bbq_metrics.csv,IT,2,"Counter-stereotypic imaging, matched IT checkpoint"
bbq,BBQ Disambig.,base,Base Model Inference,Bias_score_disambig,Bias score disambig.,0,0.388,0.388,results/new_results/m6_llama70b_original5/m6_llama70b_original5_20260415_195536/plain_direct/bbq/bbq_metrics_llama70b_plain_base_bbq.csv,Base,,"Counter-stereotypic imaging, matched IT checkpoint"
bbq,BBQ Disambig.,icl,ICL,Bias_score_disambig,Bias score disambig.,0,0.664,0.664,results/new_results/m4_base_icl_zero/m4_base_icl_zero_allmodels_20260514_005736/llama70b/bbq/bbq_metrics_m4_baseicl_zero_llama70b_ci_bbq.csv,ICL,0,"Counter-stereotypic imaging, matched IT checkpoint"
bbq,BBQ Disambig.,it,DIY IT,Bias_score_disambig,Bias score disambig.,0,0.717,0.717,results/new_results/m3_finetune_llama70b_ms500/bbq/bbq_metrics_m3_llama70b_ms500_ci_bbq.csv,DIY IT,,"Counter-stereotypic imaging, matched IT checkpoint"
bbq,BBQ Disambig.,no_it_0,No IT 0,Bias_score_disambig,Bias score disambig.,0,-0.435,0.435,results/new_results/m6_llama70b_original5/m6_llama70b_original5_20260415_195536/m6/eval/m6_l70b_two_pass_zero__base_counter_imaging__counter_imaging/bbq/bbq_metrics.csv,No IT,0,"Counter-stereotypic imaging, matched IT checkpoint"
bbq,BBQ Disambig.,no_it_1,No IT 1,Bias_score_disambig,Bias score disambig.,0,0.646,0.646,results/new_results/m6_llama70b_original5/m6_llama70b_original5_20260415_195536/m6/eval/m6_l70b_two_pass_one__base_counter_imaging__counter_imaging/bbq/bbq_metrics.csv,No IT,1,"Counter-stereotypic imaging, matched IT checkpoint"
bbq,BBQ Disambig.,no_it_2,No IT 2,Bias_score_disambig,Bias score disambig.,0,0.932,0.932,results/new_results/m6_llama70b_original5/m6_llama70b_original5_20260415_195536/m6/eval/m6_l70b_two_pass_two__base_counter_imaging__counter_imaging/bbq/bbq_metrics.csv,No IT,2,"Counter-stereotypic imaging, matched IT checkpoint"
bbq,BBQ Disambig.,it_0,IT 0,Bias_score_disambig,Bias score disambig.,0,0.453,0.453,results/new_results/m6_llama70b_original5/m6_llama70b_original5_20260415_195536/m6/eval/m6_l70b_two_pass_zero__ci__counter_imaging/bbq/bbq_metrics.csv,IT,0,"Counter-stereotypic imaging, matched IT checkpoint"
bbq,BBQ Disambig.,it_1,IT 1,Bias_score_disambig,Bias score disambig.,0,1.348,1.348,results/new_results/m6_llama70b_original5/m6_llama70b_original5_20260415_195536/m6/eval/m6_l70b_two_pass_one__ci__counter_imaging/bbq/bbq_metrics.csv,IT,1,"Counter-stereotypic imaging, matched IT checkpoint"
bbq,BBQ Disambig.,it_2,IT 2,Bias_score_disambig,Bias score disambig.,0,1.729,1.729,results/new_results/m6_llama70b_original5/m6_llama70b_original5_20260415_195536/m6/eval/m6_l70b_two_pass_two__ci__counter_imaging/bbq/bbq_metrics.csv,IT,2,"Counter-stereotypic imaging, matched IT checkpoint"
winobias,WinoBias,base,Base Model Inference,abs_pro_anti_gap,Abs. pro/anti gap,0,0.14393939,0.14393939,results/new_results/m6_llama70b_original5/m6_llama70b_original5_20260415_195536/plain_direct/evalshared/winobias/llama70b_plain_base_winobias/winobias_metrics_overall_llama70b_plain_base_winobias.csv,Base,,"Counter-stereotypic imaging, matched IT checkpoint"
winobias,WinoBias,icl,ICL,abs_pro_anti_gap,Abs. pro/anti gap,0,0.14393939,0.14393939,results/new_results/m4_base_icl_zero/m4_base_icl_zero_allmodels_20260514_005736/llama70b/evalshared/winobias/m4_baseicl_zero_llama70b_ci_winobias/winobias_metrics_overall_m4_baseicl_zero_llama70b_ci_winobias.csv,ICL,0,"Counter-stereotypic imaging, matched IT checkpoint"
winobias,WinoBias,it,DIY IT,abs_pro_anti_gap,Abs. pro/anti gap,0,0.13636364,0.13636364,results/new_results/m3_finetune_llama70b_ms500/evalshared/winobias/m3_llama70b_ms500_ci_winobias/winobias_metrics_overall_m3_llama70b_ms500_ci_winobias.csv,DIY IT,,"Counter-stereotypic imaging, matched IT checkpoint"
winobias,WinoBias,no_it_0,No IT 0,abs_pro_anti_gap,Abs. pro/anti gap,0,0.060606061,0.060606061,results/new_results/m6_llama70b_original5/m6_llama70b_original5_20260415_195536/m6/eval/m6_l70b_two_pass_zero__base_counter_imaging__counter_imaging/winobias/winobias/m6_l70b_two_pass_zero__base_counter_imaging__counter_imaging_self_debias_two_pass_counter_imaging/winobias_metrics_overall_m6_l70b_two_pass_zero__base_counter_imaging__counter_imaging_self_debias_two_pass_counter_imaging.csv,No IT,0,"Counter-stereotypic imaging, matched IT checkpoint"
winobias,WinoBias,no_it_1,No IT 1,abs_pro_anti_gap,Abs. pro/anti gap,0,0.063131313,0.063131313,results/new_results/m6_llama70b_original5/m6_llama70b_original5_20260415_195536/m6/eval/m6_l70b_two_pass_one__base_counter_imaging__counter_imaging/winobias/winobias/m6_l70b_two_pass_one__base_counter_imaging__counter_imaging_self_debias_two_pass_counter_imaging/winobias_metrics_overall_m6_l70b_two_pass_one__base_counter_imaging__counter_imaging_self_debias_two_pass_counter_imaging.csv,No IT,1,"Counter-stereotypic imaging, matched IT checkpoint"
winobias,WinoBias,it_0,IT 0,abs_pro_anti_gap,Abs. pro/anti gap,0,0.095959596,0.095959596,results/new_results/m6_llama70b_original5/m6_llama70b_original5_20260415_195536/m6/eval/m6_l70b_two_pass_zero__ci__counter_imaging/winobias/winobias/m6_l70b_two_pass_zero__ci__counter_imaging_self_debias_two_pass_counter_imaging/winobias_metrics_overall_m6_l70b_two_pass_zero__ci__counter_imaging_self_debias_two_pass_counter_imaging.csv,IT,0,"Counter-stereotypic imaging, matched IT checkpoint"
winobias,WinoBias,it_1,IT 1,abs_pro_anti_gap,Abs. pro/anti gap,0,0.082070707,0.082070707,results/new_results/m6_llama70b_original5/m6_llama70b_original5_20260415_195536/m6/eval/m6_l70b_two_pass_one__ci__counter_imaging/winobias/winobias/m6_l70b_two_pass_one__ci__counter_imaging_self_debias_two_pass_counter_imaging/winobias_metrics_overall_m6_l70b_two_pass_one__ci__counter_imaging_self_debias_two_pass_counter_imaging.csv,IT,1,"Counter-stereotypic imaging, matched IT checkpoint"
winogender,WinoGender,base,Base Model Inference,male_female_pair_disagreement_rate,Male/female pair disagreement,0,0.070833333,0.070833333,results/new_results/m6_llama70b_original5/m6_llama70b_original5_20260415_195536/plain_direct/evalshared/winogender/llama70b_plain_base_winogender/winogender_metrics_overall_llama70b_plain_base_winogender.csv,Base,,"Counter-stereotypic imaging, matched IT checkpoint"
winogender,WinoGender,icl,ICL,male_female_pair_disagreement_rate,Male/female pair disagreement,0,0.0625,0.0625,results/new_results/m4_base_icl_zero/m4_base_icl_zero_allmodels_20260514_005736/llama70b/evalshared/winogender/m4_baseicl_zero_llama70b_ci_winogender/winogender_metrics_overall_m4_baseicl_zero_llama70b_ci_winogender.csv,ICL,0,"Counter-stereotypic imaging, matched IT checkpoint"
winogender,WinoGender,it,DIY IT,male_female_pair_disagreement_rate,Male/female pair disagreement,0,0.0625,0.0625,results/new_results/m3_finetune_llama70b_ms500/evalshared/winogender/m3_llama70b_ms500_ci_winogender/winogender_metrics_overall_m3_llama70b_ms500_ci_winogender.csv,DIY IT,,"Counter-stereotypic imaging, matched IT checkpoint"
winogender,WinoGender,no_it_0,No IT 0,male_female_pair_disagreement_rate,Male/female pair disagreement,0,0.058333333,0.058333333,results/new_results/m6_llama70b_original5/m6_llama70b_original5_20260415_195536/m6/eval/m6_l70b_two_pass_zero__base_counter_imaging__counter_imaging/winogender/winogender/m6_l70b_two_pass_zero__base_counter_imaging__counter_imaging_self_debias_two_pass_counter_imaging/winogender_metrics_overall_m6_l70b_two_pass_zero__base_counter_imaging__counter_imaging_self_debias_two_pass_counter_imaging.csv,No IT,0,"Counter-stereotypic imaging, matched IT checkpoint"
winogender,WinoGender,no_it_1,No IT 1,male_female_pair_disagreement_rate,Male/female pair disagreement,0,0.079166667,0.079166667,results/new_results/m6_llama70b_original5/m6_llama70b_original5_20260415_195536/m6/eval/m6_l70b_two_pass_one__base_counter_imaging__counter_imaging/winogender/winogender/m6_l70b_two_pass_one__base_counter_imaging__counter_imaging_self_debias_two_pass_counter_imaging/winogender_metrics_overall_m6_l70b_two_pass_one__base_counter_imaging__counter_imaging_self_debias_two_pass_counter_imaging.csv,No IT,1,"Counter-stereotypic imaging, matched IT checkpoint"
winogender,WinoGender,no_it_2,No IT 2,male_female_pair_disagreement_rate,Male/female pair disagreement,0,0.075,0.075,results/new_results/m6_llama70b_original5/m6_llama70b_original5_20260415_195536/m6/eval/m6_l70b_two_pass_two__base_counter_imaging__counter_imaging/winogender/winogender/m6_l70b_two_pass_two__base_counter_imaging__counter_imaging_self_debias_two_pass_counter_imaging/winogender_metrics_overall_m6_l70b_two_pass_two__base_counter_imaging__counter_imaging_self_debias_two_pass_counter_imaging.csv,No IT,2,"Counter-stereotypic imaging, matched IT checkpoint"
winogender,WinoGender,it_0,IT 0,male_female_pair_disagreement_rate,Male/female pair disagreement,0,0.0625,0.0625,results/new_results/m6_llama70b_original5/m6_llama70b_original5_20260415_195536/m6/eval/m6_l70b_two_pass_zero__ci__counter_imaging/winogender/winogender/m6_l70b_two_pass_zero__ci__counter_imaging_self_debias_two_pass_counter_imaging/winogender_metrics_overall_m6_l70b_two_pass_zero__ci__counter_imaging_self_debias_two_pass_counter_imaging.csv,IT,0,"Counter-stereotypic imaging, matched IT checkpoint"
winogender,WinoGender,it_1,IT 1,male_female_pair_disagreement_rate,Male/female pair disagreement,0,0.058333333,0.058333333,results/new_results/m6_llama70b_original5/m6_llama70b_original5_20260415_195536/m6/eval/m6_l70b_two_pass_one__ci__counter_imaging/winogender/winogender/m6_l70b_two_pass_one__ci__counter_imaging_self_debias_two_pass_counter_imaging/winogender_metrics_overall_m6_l70b_two_pass_one__ci__counter_imaging_self_debias_two_pass_counter_imaging.csv,IT,1,"Counter-stereotypic imaging, matched IT checkpoint"
crowspairs,CrowS-Pairs,base,Base Model Inference,stereotype_preference_pct,Stereotype preference %,50,66.11,16.11,results/new_results/m6_llama70b_original5/m6_llama70b_original5_20260415_195536/plain_direct/evalshared/crows_pairs_metrics_overall_llama70b_plain_base_crowspairs.csv,Base,,"Positive contact, matched IT checkpoint"
crowspairs,CrowS-Pairs,icl,ICL,stereotype_preference_pct,Stereotype preference %,50,69.23,19.23,results/new_results/m4_base_icl_zero/m4_base_icl_zero_allmodels_20260514_005736/llama70b/evalshared/crows_pairs_metrics_overall_m4_baseicl_zero_llama70b_pc_crowspairs.csv,ICL,0,"Positive contact, matched IT checkpoint"
crowspairs,CrowS-Pairs,it,DIY IT,stereotype_preference_pct,Stereotype preference %,50,64.66,14.66,results/new_results/m3_finetune_llama70b_ms500/evalshared/crows_pairs_metrics_overall_m3_llama70b_ms500_pc_crowspairs.csv,DIY IT,,"Positive contact, matched IT checkpoint"
crowspairs,CrowS-Pairs,no_it_0,No IT 0,stereotype_preference_pct,Stereotype preference %,50,48.94,1.06,results/new_results/m6_llama70b_original5/m6_llama70b_original5_20260415_195536/m6/eval/m6_l70b_two_pass_zero__base_positive_contact__positive_contact/crowspairs/crows_pairs_metrics_overall_m6_l70b_two_pass_zero__base_positive_contact__positive_contact_self_debias_two_pass_positive_contact.csv,No IT,0,"Positive contact, matched IT checkpoint"
crowspairs,CrowS-Pairs,no_it_1,No IT 1,stereotype_preference_pct,Stereotype preference %,50,50.27,0.27,results/new_results/m6_llama70b_original5/m6_llama70b_original5_20260415_195536/m6/eval/m6_l70b_two_pass_one__base_positive_contact__positive_contact/crowspairs/crows_pairs_metrics_overall_m6_l70b_two_pass_one__base_positive_contact__positive_contact_self_debias_two_pass_positive_contact.csv,No IT,1,"Positive contact, matched IT checkpoint"
crowspairs,CrowS-Pairs,no_it_2,No IT 2,stereotype_preference_pct,Stereotype preference %,50,48.47,1.53,results/new_results/m6_llama70b_original5/m6_llama70b_original5_20260415_195536/m6/eval/m6_l70b_two_pass_two__base_positive_contact__positive_contact/crowspairs/crows_pairs_metrics_overall_m6_l70b_two_pass_two__base_positive_contact__positive_contact_self_debias_two_pass_positive_contact.csv,No IT,2,"Positive contact, matched IT checkpoint"
crowspairs,CrowS-Pairs,it_0,IT 0,stereotype_preference_pct,Stereotype preference %,50,44.5,5.5,results/new_results/m6_llama70b_original5/m6_llama70b_original5_20260415_195536/m6/eval/m6_l70b_two_pass_zero__pc__positive_contact/crowspairs/crows_pairs_metrics_overall_m6_l70b_two_pass_zero__pc__positive_contact_self_debias_two_pass_positive_contact.csv,IT,0,"Positive contact, matched IT checkpoint"
crowspairs,CrowS-Pairs,it_1,IT 1,stereotype_preference_pct,Stereotype preference %,50,47.41,2.59,results/new_results/m6_llama70b_original5/m6_llama70b_original5_20260415_195536/m6/eval/m6_l70b_two_pass_one__pc__positive_contact/crowspairs/crows_pairs_metrics_overall_m6_l70b_two_pass_one__pc__positive_contact_self_debias_two_pass_positive_contact.csv,IT,1,"Positive contact, matched IT checkpoint"
stereoset,StereoSet,base,Base Model Inference,SS Score,SS Score overall,50,59.9998,9.9997996,results/new_results/m6_llama70b_original5/m6_llama70b_original5_20260415_195536/plain_direct/evalshared/stereoset_metrics_llama70b_plain_base_stereoset.csv,Base,,"Positive contact, matched IT checkpoint"
stereoset,StereoSet,icl,ICL,SS Score,SS Score overall,50,60.621927,10.621927,results/new_results/m4_base_icl_zero/m4_base_icl_zero_allmodels_20260514_005736/llama70b/evalshared/stereoset_metrics_m4_baseicl_zero_llama70b_pc_stereoset.csv,ICL,0,"Positive contact, matched IT checkpoint"
stereoset,StereoSet,it,DIY IT,SS Score,SS Score overall,50,60.400221,10.400221,results/new_results/m3_finetune_llama70b_ms500/evalshared/stereoset_metrics_m3_llama70b_ms500_pc_stereoset.csv,DIY IT,,"Positive contact, matched IT checkpoint"
stereoset,StereoSet,no_it_0,No IT 0,SS Score,SS Score overall,50,44.206692,5.7933076,results/new_results/m6_llama70b_original5/m6_llama70b_original5_20260415_195536/m6/eval/m6_l70b_two_pass_zero__base_positive_contact__positive_contact/stereoset/stereoset_metrics_m6_l70b_two_pass_zero__base_positive_contact__positive_contact_self_debias_two_pass_positive_contact.csv,No IT,0,"Positive contact, matched IT checkpoint"
stereoset,StereoSet,no_it_1,No IT 1,SS Score,SS Score overall,50,47.925891,2.074109,results/new_results/m6_llama70b_original5/m6_llama70b_original5_20260415_195536/m6/eval/m6_l70b_two_pass_one__base_positive_contact__positive_contact/stereoset/stereoset_metrics_m6_l70b_two_pass_one__base_positive_contact__positive_contact_self_debias_two_pass_positive_contact.csv,No IT,1,"Positive contact, matched IT checkpoint"
stereoset,StereoSet,no_it_2,No IT 2,SS Score,SS Score overall,50,47.90238,2.0976201,results/new_results/m6_llama70b_original5/m6_llama70b_original5_20260415_195536/m6/eval/m6_l70b_two_pass_two__base_positive_contact__positive_contact/stereoset/stereoset_metrics_m6_l70b_two_pass_two__base_positive_contact__positive_contact_self_debias_two_pass_positive_contact.csv,No IT,2,"Positive contact, matched IT checkpoint"
stereoset,StereoSet,it_0,IT 0,SS Score,SS Score overall,50,43.344304,6.6556957,results/new_results/m6_llama70b_original5/m6_llama70b_original5_20260415_195536/m6/eval/m6_l70b_two_pass_zero__pc__positive_contact/stereoset/stereoset_metrics_m6_l70b_two_pass_zero__pc__positive_contact_self_debias_two_pass_positive_contact.csv,IT,0,"Positive contact, matched IT checkpoint"
stereoset,StereoSet,it_1,IT 1,SS Score,SS Score overall,50,45.619449,4.3805506,results/new_results/m6_llama70b_original5/m6_llama70b_original5_20260415_195536/m6/eval/m6_l70b_two_pass_one__pc__positive_contact/stereoset/stereoset_metrics_m6_l70b_two_pass_one__pc__positive_contact_self_debias_two_pass_positive_contact.csv,IT,1,"Positive contact, matched IT checkpoint"
stereoset,StereoSet,it_2,IT 2,SS Score,SS Score overall,50,45.777578,4.2224215,results/new_results/m6_llama70b_original5/m6_llama70b_original5_20260415_195536/m6/eval/m6_l70b_two_pass_two__pc__positive_contact/stereoset/stereoset_metrics_m6_l70b_two_pass_two__pc__positive_contact_self_debias_two_pass_positive_contact.csv,IT,2,"Positive contact, matched IT checkpoint"
bbq,BBQ Ambig.,base,Base Model Inference,Bias_score_ambig,Bias score ambig.,0,7.046,7.046,results/new_results/m6_llama70b_original5/m6_llama70b_original5_20260415_195536/plain_direct/bbq/bbq_metrics_llama70b_plain_base_bbq.csv,Base,,"Positive contact, matched IT checkpoint"
bbq,BBQ Ambig.,icl,ICL,Bias_score_ambig,Bias score ambig.,0,6.386,6.386,results/new_results/m4_base_icl_zero/m4_base_icl_zero_allmodels_20260514_005736/llama70b/bbq/bbq_metrics_m4_baseicl_zero_llama70b_pc_bbq.csv,ICL,0,"Positive contact, matched IT checkpoint"
bbq,BBQ Ambig.,it,DIY IT,Bias_score_ambig,Bias score ambig.,0,7.052,7.052,results/new_results/m3_finetune_llama70b_ms500/bbq/bbq_metrics_m3_llama70b_ms500_pc_bbq.csv,DIY IT,,"Positive contact, matched IT checkpoint"
bbq,BBQ Ambig.,no_it_0,No IT 0,Bias_score_ambig,Bias score ambig.,0,5.39,5.39,results/new_results/m6_llama70b_original5/m6_llama70b_original5_20260415_195536/m6/eval/m6_l70b_two_pass_zero__base_positive_contact__positive_contact/bbq/bbq_metrics.csv,No IT,0,"Positive contact, matched IT checkpoint"
bbq,BBQ Ambig.,no_it_1,No IT 1,Bias_score_ambig,Bias score ambig.,0,5.749,5.749,results/new_results/m6_llama70b_original5/m6_llama70b_original5_20260415_195536/m6/eval/m6_l70b_two_pass_one__base_positive_contact__positive_contact/bbq/bbq_metrics.csv,No IT,1,"Positive contact, matched IT checkpoint"
bbq,BBQ Ambig.,no_it_2,No IT 2,Bias_score_ambig,Bias score ambig.,0,6.235,6.235,results/new_results/m6_llama70b_original5/m6_llama70b_original5_20260415_195536/m6/eval/m6_l70b_two_pass_two__base_positive_contact__positive_contact/bbq/bbq_metrics.csv,No IT,2,"Positive contact, matched IT checkpoint"
bbq,BBQ Ambig.,it_0,IT 0,Bias_score_ambig,Bias score ambig.,0,8.066,8.066,results/new_results/m6_llama70b_original5/m6_llama70b_original5_20260415_195536/m6/eval/m6_l70b_two_pass_zero__pc__positive_contact/bbq/bbq_metrics.csv,IT,0,"Positive contact, matched IT checkpoint"
bbq,BBQ Ambig.,it_1,IT 1,Bias_score_ambig,Bias score ambig.,0,9.334,9.334,results/new_results/m6_llama70b_original5/m6_llama70b_original5_20260415_195536/m6/eval/m6_l70b_two_pass_one__pc__positive_contact/bbq/bbq_metrics.csv,IT,1,"Positive contact, matched IT checkpoint"
bbq,BBQ Ambig.,it_2,IT 2,Bias_score_ambig,Bias score ambig.,0,9.956,9.956,results/new_results/m6_llama70b_original5/m6_llama70b_original5_20260415_195536/m6/eval/m6_l70b_two_pass_two__pc__positive_contact/bbq/bbq_metrics.csv,IT,2,"Positive contact, matched IT checkpoint"
bbq,BBQ Disambig.,base,Base Model Inference,Bias_score_disambig,Bias score disambig.,0,0.388,0.388,results/new_results/m6_llama70b_original5/m6_llama70b_original5_20260415_195536/plain_direct/bbq/bbq_metrics_llama70b_plain_base_bbq.csv,Base,,"Positive contact, matched IT checkpoint"
bbq,BBQ Disambig.,icl,ICL,Bias_score_disambig,Bias score disambig.,0,0.445,0.445,results/new_results/m4_base_icl_zero/m4_base_icl_zero_allmodels_20260514_005736/llama70b/bbq/bbq_metrics_m4_baseicl_zero_llama70b_pc_bbq.csv,ICL,0,"Positive contact, matched IT checkpoint"
bbq,BBQ Disambig.,it,DIY IT,Bias_score_disambig,Bias score disambig.,0,0.714,0.714,results/new_results/m3_finetune_llama70b_ms500/bbq/bbq_metrics_m3_llama70b_ms500_pc_bbq.csv,DIY IT,,"Positive contact, matched IT checkpoint"
bbq,BBQ Disambig.,no_it_0,No IT 0,Bias_score_disambig,Bias score disambig.,0,-0.472,0.472,results/new_results/m6_llama70b_original5/m6_llama70b_original5_20260415_195536/m6/eval/m6_l70b_two_pass_zero__base_positive_contact__positive_contact/bbq/bbq_metrics.csv,No IT,0,"Positive contact, matched IT checkpoint"
bbq,BBQ Disambig.,no_it_1,No IT 1,Bias_score_disambig,Bias score disambig.,0,0.589,0.589,results/new_results/m6_llama70b_original5/m6_llama70b_original5_20260415_195536/m6/eval/m6_l70b_two_pass_one__base_positive_contact__positive_contact/bbq/bbq_metrics.csv,No IT,1,"Positive contact, matched IT checkpoint"
bbq,BBQ Disambig.,no_it_2,No IT 2,Bias_score_disambig,Bias score disambig.,0,0.383,0.383,results/new_results/m6_llama70b_original5/m6_llama70b_original5_20260415_195536/m6/eval/m6_l70b_two_pass_two__base_positive_contact__positive_contact/bbq/bbq_metrics.csv,No IT,2,"Positive contact, matched IT checkpoint"
bbq,BBQ Disambig.,it_0,IT 0,Bias_score_disambig,Bias score disambig.,0,0.388,0.388,results/new_results/m6_llama70b_original5/m6_llama70b_original5_20260415_195536/m6/eval/m6_l70b_two_pass_zero__pc__positive_contact/bbq/bbq_metrics.csv,IT,0,"Positive contact, matched IT checkpoint"
bbq,BBQ Disambig.,it_1,IT 1,Bias_score_disambig,Bias score disambig.,0,1.291,1.291,results/new_results/m6_llama70b_original5/m6_llama70b_original5_20260415_195536/m6/eval/m6_l70b_two_pass_one__pc__positive_contact/bbq/bbq_metrics.csv,IT,1,"Positive contact, matched IT checkpoint"
bbq,BBQ Disambig.,it_2,IT 2,Bias_score_disambig,Bias score disambig.,0,1.656,1.656,results/new_results/m6_llama70b_original5/m6_llama70b_original5_20260415_195536/m6/eval/m6_l70b_two_pass_two__pc__positive_contact/bbq/bbq_metrics.csv,IT,2,"Positive contact, matched IT checkpoint"
winobias,WinoBias,base,Base Model Inference,abs_pro_anti_gap,Abs. pro/anti gap,0,0.14393939,0.14393939,results/new_results/m6_llama70b_original5/m6_llama70b_original5_20260415_195536/plain_direct/evalshared/winobias/llama70b_plain_base_winobias/winobias_metrics_overall_llama70b_plain_base_winobias.csv,Base,,"Positive contact, matched IT checkpoint"
winobias,WinoBias,icl,ICL,abs_pro_anti_gap,Abs. pro/anti gap,0,0.14393939,0.14393939,results/new_results/m4_base_icl_zero/m4_base_icl_zero_allmodels_20260514_005736/llama70b/evalshared/winobias/m4_baseicl_zero_llama70b_pc_winobias/winobias_metrics_overall_m4_baseicl_zero_llama70b_pc_winobias.csv,ICL,0,"Positive contact, matched IT checkpoint"
winobias,WinoBias,it,DIY IT,abs_pro_anti_gap,Abs. pro/anti gap,0,0.14141414,0.14141414,results/new_results/m3_finetune_llama70b_ms500/evalshared/winobias/m3_llama70b_ms500_pc_winobias/winobias_metrics_overall_m3_llama70b_ms500_pc_winobias.csv,DIY IT,,"Positive contact, matched IT checkpoint"
winobias,WinoBias,no_it_0,No IT 0,abs_pro_anti_gap,Abs. pro/anti gap,0,0.041666667,0.041666667,results/new_results/m6_llama70b_original5/m6_llama70b_original5_20260415_195536/m6/eval/m6_l70b_two_pass_zero__base_positive_contact__positive_contact/winobias/winobias/m6_l70b_two_pass_zero__base_positive_contact__positive_contact_self_debias_two_pass_positive_contact/winobias_metrics_overall_m6_l70b_two_pass_zero__base_positive_contact__positive_contact_self_debias_two_pass_positive_contact.csv,No IT,0,"Positive contact, matched IT checkpoint"
winobias,WinoBias,no_it_1,No IT 1,abs_pro_anti_gap,Abs. pro/anti gap,0,0.055555556,0.055555556,results/new_results/m6_llama70b_original5/m6_llama70b_original5_20260415_195536/m6/eval/m6_l70b_two_pass_one__base_positive_contact__positive_contact/winobias/winobias/m6_l70b_two_pass_one__base_positive_contact__positive_contact_self_debias_two_pass_positive_contact/winobias_metrics_overall_m6_l70b_two_pass_one__base_positive_contact__positive_contact_self_debias_two_pass_positive_contact.csv,No IT,1,"Positive contact, matched IT checkpoint"
winobias,WinoBias,it_0,IT 0,abs_pro_anti_gap,Abs. pro/anti gap,0,0.089646465,0.089646465,results/new_results/m6_llama70b_original5/m6_llama70b_original5_20260415_195536/m6/eval/m6_l70b_two_pass_zero__pc__positive_contact/winobias/winobias/m6_l70b_two_pass_zero__pc__positive_contact_self_debias_two_pass_positive_contact/winobias_metrics_overall_m6_l70b_two_pass_zero__pc__positive_contact_self_debias_two_pass_positive_contact.csv,IT,0,"Positive contact, matched IT checkpoint"
winobias,WinoBias,it_1,IT 1,abs_pro_anti_gap,Abs. pro/anti gap,0,0.070707071,0.070707071,results/new_results/m6_llama70b_original5/m6_llama70b_original5_20260415_195536/m6/eval/m6_l70b_two_pass_one__pc__positive_contact/winobias/winobias/m6_l70b_two_pass_one__pc__positive_contact_self_debias_two_pass_positive_contact/winobias_metrics_overall_m6_l70b_two_pass_one__pc__positive_contact_self_debias_two_pass_positive_contact.csv,IT,1,"Positive contact, matched IT checkpoint"
winogender,WinoGender,base,Base Model Inference,male_female_pair_disagreement_rate,Male/female pair disagreement,0,0.070833333,0.070833333,results/new_results/m6_llama70b_original5/m6_llama70b_original5_20260415_195536/plain_direct/evalshared/winogender/llama70b_plain_base_winogender/winogender_metrics_overall_llama70b_plain_base_winogender.csv,Base,,"Positive contact, matched IT checkpoint"
winogender,WinoGender,icl,ICL,male_female_pair_disagreement_rate,Male/female pair disagreement,0,0.0625,0.0625,results/new_results/m4_base_icl_zero/m4_base_icl_zero_allmodels_20260514_005736/llama70b/evalshared/winogender/m4_baseicl_zero_llama70b_pc_winogender/winogender_metrics_overall_m4_baseicl_zero_llama70b_pc_winogender.csv,ICL,0,"Positive contact, matched IT checkpoint"
winogender,WinoGender,it,DIY IT,male_female_pair_disagreement_rate,Male/female pair disagreement,0,0.079166667,0.079166667,results/new_results/m3_finetune_llama70b_ms500/evalshared/winogender/m3_llama70b_ms500_pc_winogender/winogender_metrics_overall_m3_llama70b_ms500_pc_winogender.csv,DIY IT,,"Positive contact, matched IT checkpoint"
winogender,WinoGender,no_it_0,No IT 0,male_female_pair_disagreement_rate,Male/female pair disagreement,0,0.066666667,0.066666667,results/new_results/m6_llama70b_original5/m6_llama70b_original5_20260415_195536/m6/eval/m6_l70b_two_pass_zero__base_positive_contact__positive_contact/winogender/winogender/m6_l70b_two_pass_zero__base_positive_contact__positive_contact_self_debias_two_pass_positive_contact/winogender_metrics_overall_m6_l70b_two_pass_zero__base_positive_contact__positive_contact_self_debias_two_pass_positive_contact.csv,No IT,0,"Positive contact, matched IT checkpoint"
winogender,WinoGender,no_it_1,No IT 1,male_female_pair_disagreement_rate,Male/female pair disagreement,0,0.058333333,0.058333333,results/new_results/m6_llama70b_original5/m6_llama70b_original5_20260415_195536/m6/eval/m6_l70b_two_pass_one__base_positive_contact__positive_contact/winogender/winogender/m6_l70b_two_pass_one__base_positive_contact__positive_contact_self_debias_two_pass_positive_contact/winogender_metrics_overall_m6_l70b_two_pass_one__base_positive_contact__positive_contact_self_debias_two_pass_positive_contact.csv,No IT,1,"Positive contact, matched IT checkpoint"
winogender,WinoGender,no_it_2,No IT 2,male_female_pair_disagreement_rate,Male/female pair disagreement,0,0.054166667,0.054166667,results/new_results/m6_llama70b_original5/m6_llama70b_original5_20260415_195536/m6/eval/m6_l70b_two_pass_two__base_positive_contact__positive_contact/winogender/winogender/m6_l70b_two_pass_two__base_positive_contact__positive_contact_self_debias_two_pass_positive_contact/winogender_metrics_overall_m6_l70b_two_pass_two__base_positive_contact__positive_contact_self_debias_two_pass_positive_contact.csv,No IT,2,"Positive contact, matched IT checkpoint"
winogender,WinoGender,it_0,IT 0,male_female_pair_disagreement_rate,Male/female pair disagreement,0,0.083333333,0.083333333,results/new_results/m6_llama70b_original5/m6_llama70b_original5_20260415_195536/m6/eval/m6_l70b_two_pass_zero__pc__positive_contact/winogender/winogender/m6_l70b_two_pass_zero__pc__positive_contact_self_debias_two_pass_positive_contact/winogender_metrics_overall_m6_l70b_two_pass_zero__pc__positive_contact_self_debias_two_pass_positive_contact.csv,IT,0,"Positive contact, matched IT checkpoint"
winogender,WinoGender,it_1,IT 1,male_female_pair_disagreement_rate,Male/female pair disagreement,0,0.079166667,0.079166667,results/new_results/m6_llama70b_original5/m6_llama70b_original5_20260415_195536/m6/eval/m6_l70b_two_pass_one__pc__positive_contact/winogender/winogender/m6_l70b_two_pass_one__pc__positive_contact_self_debias_two_pass_positive_contact/winogender_metrics_overall_m6_l70b_two_pass_one__pc__positive_contact_self_debias_two_pass_positive_contact.csv,IT,1,"Positive contact, matched IT checkpoint"
