model_key,model,figure,dataset_key,panel_label,method_key,method,method_label,intervention_key,intervention_label,metric,point,ci_low,ci_high,n_units,n_bootstrap,metric_source_file,row_files,status,reason,ci_note,ideal_value,metric_label,native_value,normalized_bias_error_plotted,point_recomputed,reference_metric_source_file,reference_row_files
llama70b,Llama 70B,intervention_ablation,crowspairs,CrowS-Pairs,base,Base Model,Base Model,__base__,Base Model,stereotype_preference_pct,0.0,0.0,0.0,,200,results/new_results/m6_llama70b_original5/m6_llama70b_original5_20260415_195536/plain_direct/evalshared/crows_pairs_metrics_overall_llama70b_plain_base_crowspairs.csv,,base,,,50,Stereotype preference %,66.11,16.11,,,
llama70b,Llama 70B,intervention_ablation,crowspairs,CrowS-Pairs,icl_stereotype_replacement,ICL,ICL,stereotype_replacement,Stereotype replacement,stereotype_preference_pct,nan,-15.743084777306816,-6.785125752238184,1310,200,results/new_results/m4_base_icl_zero/m4_base_icl_zero_allmodels_20260514_005736/llama70b/evalshared/crows_pairs_metrics_overall_m4_baseicl_zero_llama70b_sr_crowspairs.csv,outputs/new_outputs/m4_base_icl_zero/m4_base_icl_zero_allmodels_20260514_005736/llama70b/evalshared/crows_pairs_scored_m4_baseicl_zero_llama70b_sr_crowspairs.csv,ok,,bootstrap row CIs propagated as base_low-method_high/base_high-method_low,50,Stereotype preference %,67.64,17.64,-1.5300000000000011,results/new_results/m6_llama70b_original5/m6_llama70b_original5_20260415_195536/plain_direct/evalshared/crows_pairs_metrics_overall_llama70b_plain_base_crowspairs.csv,outputs/new_outputs/m6_llama70b_original5/m6_llama70b_original5_20260415_195536/plain_direct/evalshared/crows_pairs_scored_llama70b_plain_base_crowspairs.csv
llama70b,Llama 70B,intervention_ablation,crowspairs,CrowS-Pairs,diy_it_stereotype_replacement,DIY IT,DIY IT,stereotype_replacement,Stereotype replacement,stereotype_preference_pct,nan,-4.1612243251830705,5.058935489146732,1493,200,results/new_results/m3_finetune_llama70b_ms500/evalshared/crows_pairs_metrics_overall_m3_llama70b_ms500_sr_crowspairs.csv,outputs/new_outputs/m3_finetune_llama70b_ms500/evalshared/crows_pairs_scored_m3_llama70b_ms500_sr_crowspairs.csv,ok,,bootstrap row CIs propagated as base_low-method_high/base_high-method_low,50,Stereotype preference %,66.11,16.11,0.0,results/new_results/m6_llama70b_original5/m6_llama70b_original5_20260415_195536/plain_direct/evalshared/crows_pairs_metrics_overall_llama70b_plain_base_crowspairs.csv,outputs/new_outputs/m6_llama70b_original5/m6_llama70b_original5_20260415_195536/plain_direct/evalshared/crows_pairs_scored_llama70b_plain_base_crowspairs.csv
llama70b,Llama 70B,intervention_ablation,crowspairs,CrowS-Pairs,diy_twopass_no_it_stereotype_replacement,DIY Two Pass (No IT),DIY Two Pass (No IT),stereotype_replacement,Stereotype replacement,stereotype_preference_pct,nan,9.305001235236249,18.265460743121686,1493,200,results/new_results/m6_llama70b_original5/m6_llama70b_original5_20260415_195536/m6/eval/m6_l70b_two_pass_zero__base_stereotype_replacement__stereotype_replacement/crowspairs/crows_pairs_metrics_overall_m6_l70b_two_pass_zero__base_stereotype_replacement__stereotype_replacement_self_debias_two_pass_stereotype_replacement.csv,outputs/new_outputs/m6_llama70b_original5/m6_llama70b_original5_20260415_195536/m6/eval/m6_l70b_two_pass_zero__base_stereotype_replacement__stereotype_replacement/crowspairs/crows_pairs_scored_m6_l70b_two_pass_zero__base_stereotype_replacement__stereotype_replacement_self_debias_two_pass_stereotype_replacement.csv,ok,,bootstrap row CIs propagated as base_low-method_high/base_high-method_low,50,Stereotype preference %,46.95,3.05,13.059999999999999,results/new_results/m6_llama70b_original5/m6_llama70b_original5_20260415_195536/plain_direct/evalshared/crows_pairs_metrics_overall_llama70b_plain_base_crowspairs.csv,outputs/new_outputs/m6_llama70b_original5/m6_llama70b_original5_20260415_195536/plain_direct/evalshared/crows_pairs_scored_llama70b_plain_base_crowspairs.csv
llama70b,Llama 70B,intervention_ablation,crowspairs,CrowS-Pairs,diy_twopass_it_stereotype_replacement,DIY Two Pass (IT),DIY Two Pass (IT),stereotype_replacement,Stereotype replacement,stereotype_preference_pct,nan,6.886897405868563,16.478728364830634,1491,200,results/new_results/m6_llama70b_original5/m6_llama70b_original5_20260415_195536/m6/eval/m6_l70b_two_pass_zero__sr__stereotype_replacement/crowspairs/crows_pairs_metrics_overall_m6_l70b_two_pass_zero__sr__stereotype_replacement_self_debias_two_pass_stereotype_replacement.csv,outputs/new_outputs/m6_llama70b_original5/m6_llama70b_original5_20260415_195536/m6/eval/m6_l70b_two_pass_zero__sr__stereotype_replacement/crowspairs/crows_pairs_scored_m6_l70b_two_pass_zero__sr__stereotype_replacement_self_debias_two_pass_stereotype_replacement.csv,ok,,bootstrap row CIs propagated as base_low-method_high/base_high-method_low,50,Stereotype preference %,44.5,5.5,10.61,results/new_results/m6_llama70b_original5/m6_llama70b_original5_20260415_195536/plain_direct/evalshared/crows_pairs_metrics_overall_llama70b_plain_base_crowspairs.csv,outputs/new_outputs/m6_llama70b_original5/m6_llama70b_original5_20260415_195536/plain_direct/evalshared/crows_pairs_scored_llama70b_plain_base_crowspairs.csv
llama70b,Llama 70B,intervention_ablation,crowspairs,CrowS-Pairs,icl_individuating,ICL,ICL,individuating,Individuation,stereotype_preference_pct,nan,-16.22358782900308,-7.599854751177485,1317,200,results/new_results/m4_base_icl_zero/m4_base_icl_zero_allmodels_20260514_005736/llama70b/evalshared/crows_pairs_metrics_overall_m4_baseicl_zero_llama70b_ind_crowspairs.csv,outputs/new_outputs/m4_base_icl_zero/m4_base_icl_zero_allmodels_20260514_005736/llama70b/evalshared/crows_pairs_scored_m4_baseicl_zero_llama70b_ind_crowspairs.csv,ok,,bootstrap row CIs propagated as base_low-method_high/base_high-method_low,50,Stereotype preference %,68.57,18.57,-2.460000000000001,results/new_results/m6_llama70b_original5/m6_llama70b_original5_20260415_195536/plain_direct/evalshared/crows_pairs_metrics_overall_llama70b_plain_base_crowspairs.csv,outputs/new_outputs/m6_llama70b_original5/m6_llama70b_original5_20260415_195536/plain_direct/evalshared/crows_pairs_scored_llama70b_plain_base_crowspairs.csv
llama70b,Llama 70B,intervention_ablation,crowspairs,CrowS-Pairs,diy_it_individuating,DIY IT,DIY IT,individuating,Individuation,stereotype_preference_pct,nan,-3.9406712015147605,4.545420796384006,1493,200,results/new_results/m3_finetune_llama70b_ms500/evalshared/crows_pairs_metrics_overall_m3_llama70b_ms500_ind_crowspairs.csv,outputs/new_outputs/m3_finetune_llama70b_ms500/evalshared/crows_pairs_scored_m3_llama70b_ms500_ind_crowspairs.csv,ok,,bootstrap row CIs propagated as base_low-method_high/base_high-method_low,50,Stereotype preference %,66.18,16.18,-0.07000000000000028,results/new_results/m6_llama70b_original5/m6_llama70b_original5_20260415_195536/plain_direct/evalshared/crows_pairs_metrics_overall_llama70b_plain_base_crowspairs.csv,outputs/new_outputs/m6_llama70b_original5/m6_llama70b_original5_20260415_195536/plain_direct/evalshared/crows_pairs_scored_llama70b_plain_base_crowspairs.csv
llama70b,Llama 70B,intervention_ablation,crowspairs,CrowS-Pairs,diy_twopass_no_it_individuating,DIY Two Pass (No IT),DIY Two Pass (No IT),individuating,Individuation,stereotype_preference_pct,nan,10.703137054144365,18.72484822647722,1493,200,results/new_results/m6_llama70b_original5/m6_llama70b_original5_20260415_195536/m6/eval/m6_l70b_two_pass_zero__base_individuating__individuating/crowspairs/crows_pairs_metrics_overall_m6_l70b_two_pass_zero__base_individuating__individuating_self_debias_two_pass_individuating.csv,outputs/new_outputs/m6_llama70b_original5/m6_llama70b_original5_20260415_195536/m6/eval/m6_l70b_two_pass_zero__base_individuating__individuating/crowspairs/crows_pairs_scored_m6_l70b_two_pass_zero__base_individuating__individuating_self_debias_two_pass_individuating.csv,ok,,bootstrap row CIs propagated as base_low-method_high/base_high-method_low,50,Stereotype preference %,48.34,1.66,14.45,results/new_results/m6_llama70b_original5/m6_llama70b_original5_20260415_195536/plain_direct/evalshared/crows_pairs_metrics_overall_llama70b_plain_base_crowspairs.csv,outputs/new_outputs/m6_llama70b_original5/m6_llama70b_original5_20260415_195536/plain_direct/evalshared/crows_pairs_scored_llama70b_plain_base_crowspairs.csv
llama70b,Llama 70B,intervention_ablation,crowspairs,CrowS-Pairs,diy_twopass_it_individuating,DIY Two Pass (IT),DIY Two Pass (IT),individuating,Individuation,stereotype_preference_pct,nan,8.22619487291383,17.260874512746163,1493,200,results/new_results/m6_llama70b_original5/m6_llama70b_original5_20260415_195536/m6/eval/m6_l70b_two_pass_zero__ind__individuating/crowspairs/crows_pairs_metrics_overall_m6_l70b_two_pass_zero__ind__individuating_self_debias_two_pass_individuating.csv,outputs/new_outputs/m6_llama70b_original5/m6_llama70b_original5_20260415_195536/m6/eval/m6_l70b_two_pass_zero__ind__individuating/crowspairs/crows_pairs_scored_m6_l70b_two_pass_zero__ind__individuating_self_debias_two_pass_individuating.csv,ok,,bootstrap row CIs propagated as base_low-method_high/base_high-method_low,50,Stereotype preference %,45.89,4.11,12.0,results/new_results/m6_llama70b_original5/m6_llama70b_original5_20260415_195536/plain_direct/evalshared/crows_pairs_metrics_overall_llama70b_plain_base_crowspairs.csv,outputs/new_outputs/m6_llama70b_original5/m6_llama70b_original5_20260415_195536/plain_direct/evalshared/crows_pairs_scored_llama70b_plain_base_crowspairs.csv
llama70b,Llama 70B,intervention_ablation,crowspairs,CrowS-Pairs,icl_perspective_taking,ICL,ICL,perspective_taking,Perspective-taking,stereotype_preference_pct,nan,-16.650647253723974,-8.174315372880791,1315,200,results/new_results/m4_base_icl_zero/m4_base_icl_zero_allmodels_20260514_005736/llama70b/evalshared/crows_pairs_metrics_overall_m4_baseicl_zero_llama70b_pt_crowspairs.csv,outputs/new_outputs/m4_base_icl_zero/m4_base_icl_zero_allmodels_20260514_005736/llama70b/evalshared/crows_pairs_scored_m4_baseicl_zero_llama70b_pt_crowspairs.csv,ok,,bootstrap row CIs propagated as base_low-method_high/base_high-method_low,50,Stereotype preference %,68.97,18.97,-2.8599999999999994,results/new_results/m6_llama70b_original5/m6_llama70b_original5_20260415_195536/plain_direct/evalshared/crows_pairs_metrics_overall_llama70b_plain_base_crowspairs.csv,outputs/new_outputs/m6_llama70b_original5/m6_llama70b_original5_20260415_195536/plain_direct/evalshared/crows_pairs_scored_llama70b_plain_base_crowspairs.csv
llama70b,Llama 70B,intervention_ablation,crowspairs,CrowS-Pairs,diy_it_perspective_taking,DIY IT,DIY IT,perspective_taking,Perspective-taking,stereotype_preference_pct,nan,-4.565349408350087,4.263004018754172,1493,200,results/new_results/m3_finetune_llama70b_ms500/evalshared/crows_pairs_metrics_overall_m3_llama70b_ms500_pt_crowspairs.csv,outputs/new_outputs/m3_finetune_llama70b_ms500/evalshared/crows_pairs_scored_m3_llama70b_ms500_pt_crowspairs.csv,ok,,bootstrap row CIs propagated as base_low-method_high/base_high-method_low,50,Stereotype preference %,66.64,16.64,-0.5300000000000011,results/new_results/m6_llama70b_original5/m6_llama70b_original5_20260415_195536/plain_direct/evalshared/crows_pairs_metrics_overall_llama70b_plain_base_crowspairs.csv,outputs/new_outputs/m6_llama70b_original5/m6_llama70b_original5_20260415_195536/plain_direct/evalshared/crows_pairs_scored_llama70b_plain_base_crowspairs.csv
llama70b,Llama 70B,intervention_ablation,crowspairs,CrowS-Pairs,diy_twopass_no_it_perspective_taking,DIY Two Pass (No IT),DIY Two Pass (No IT),perspective_taking,Perspective-taking,stereotype_preference_pct,nan,11.575962648387502,18.85800401875418,1493,200,results/new_results/m6_llama70b_original5/m6_llama70b_original5_20260415_195536/m6/eval/m6_l70b_two_pass_zero__base_perspective_taking__perspective_taking/crowspairs/crows_pairs_metrics_overall_m6_l70b_two_pass_zero__base_perspective_taking__perspective_taking_self_debias_two_pass_perspective_taking.csv,outputs/new_outputs/m6_llama70b_original5/m6_llama70b_original5_20260415_195536/m6/eval/m6_l70b_two_pass_zero__base_perspective_taking__perspective_taking/crowspairs/crows_pairs_scored_m6_l70b_two_pass_zero__base_perspective_taking__perspective_taking_self_debias_two_pass_perspective_taking.csv,ok,,bootstrap row CIs propagated as base_low-method_high/base_high-method_low,50,Stereotype preference %,49.67,0.33,15.78,results/new_results/m6_llama70b_original5/m6_llama70b_original5_20260415_195536/plain_direct/evalshared/crows_pairs_metrics_overall_llama70b_plain_base_crowspairs.csv,outputs/new_outputs/m6_llama70b_original5/m6_llama70b_original5_20260415_195536/plain_direct/evalshared/crows_pairs_scored_llama70b_plain_base_crowspairs.csv
llama70b,Llama 70B,intervention_ablation,crowspairs,CrowS-Pairs,diy_twopass_it_perspective_taking,DIY Two Pass (IT),DIY Two Pass (IT),perspective_taking,Perspective-taking,stereotype_preference_pct,nan,8.49823208058352,17.419372228009713,1491,200,results/new_results/m6_llama70b_original5/m6_llama70b_original5_20260415_195536/m6/eval/m6_l70b_two_pass_zero__pt__perspective_taking/crowspairs/crows_pairs_metrics_overall_m6_l70b_two_pass_zero__pt__perspective_taking_self_debias_two_pass_perspective_taking.csv,outputs/new_outputs/m6_llama70b_original5/m6_llama70b_original5_20260415_195536/m6/eval/m6_l70b_two_pass_zero__pt__perspective_taking/crowspairs/crows_pairs_scored_m6_l70b_two_pass_zero__pt__perspective_taking_self_debias_two_pass_perspective_taking.csv,ok,,bootstrap row CIs propagated as base_low-method_high/base_high-method_low,50,Stereotype preference %,45.69,4.31,11.8,results/new_results/m6_llama70b_original5/m6_llama70b_original5_20260415_195536/plain_direct/evalshared/crows_pairs_metrics_overall_llama70b_plain_base_crowspairs.csv,outputs/new_outputs/m6_llama70b_original5/m6_llama70b_original5_20260415_195536/plain_direct/evalshared/crows_pairs_scored_llama70b_plain_base_crowspairs.csv
llama70b,Llama 70B,intervention_ablation,crowspairs,CrowS-Pairs,icl_counter_imaging,ICL,ICL,counter_imaging,Counter-stereotypic imaging,stereotype_preference_pct,nan,-15.051787938134623,-6.577357197975864,1315,200,results/new_results/m4_base_icl_zero/m4_base_icl_zero_allmodels_20260514_005736/llama70b/evalshared/crows_pairs_metrics_overall_m4_baseicl_zero_llama70b_ci_crowspairs.csv,outputs/new_outputs/m4_base_icl_zero/m4_base_icl_zero_allmodels_20260514_005736/llama70b/evalshared/crows_pairs_scored_m4_baseicl_zero_llama70b_ci_crowspairs.csv,ok,,bootstrap row CIs propagated as base_low-method_high/base_high-method_low,50,Stereotype preference %,67.84,17.84,-1.7300000000000004,results/new_results/m6_llama70b_original5/m6_llama70b_original5_20260415_195536/plain_direct/evalshared/crows_pairs_metrics_overall_llama70b_plain_base_crowspairs.csv,outputs/new_outputs/m6_llama70b_original5/m6_llama70b_original5_20260415_195536/plain_direct/evalshared/crows_pairs_scored_llama70b_plain_base_crowspairs.csv
llama70b,Llama 70B,intervention_ablation,crowspairs,CrowS-Pairs,diy_it_counter_imaging,DIY IT,DIY IT,counter_imaging,Counter-stereotypic imaging,stereotype_preference_pct,nan,-4.613136822181524,4.423380936699466,1493,200,results/new_results/m3_finetune_llama70b_ms500/evalshared/crows_pairs_metrics_overall_m3_llama70b_ms500_ci_crowspairs.csv,outputs/new_outputs/m3_finetune_llama70b_ms500/evalshared/crows_pairs_scored_m3_llama70b_ms500_ci_crowspairs.csv,ok,,bootstrap row CIs propagated as base_low-method_high/base_high-method_low,50,Stereotype preference %,66.38,16.38,-0.2699999999999996,results/new_results/m6_llama70b_original5/m6_llama70b_original5_20260415_195536/plain_direct/evalshared/crows_pairs_metrics_overall_llama70b_plain_base_crowspairs.csv,outputs/new_outputs/m6_llama70b_original5/m6_llama70b_original5_20260415_195536/plain_direct/evalshared/crows_pairs_scored_llama70b_plain_base_crowspairs.csv
llama70b,Llama 70B,intervention_ablation,crowspairs,CrowS-Pairs,diy_twopass_no_it_counter_imaging,DIY Two Pass (No IT),DIY Two Pass (No IT),counter_imaging,Counter-stereotypic imaging,stereotype_preference_pct,nan,10.338110338822242,18.75820361955258,1493,200,results/new_results/m6_llama70b_original5/m6_llama70b_original5_20260415_195536/m6/eval/m6_l70b_two_pass_zero__base_counter_imaging__counter_imaging/crowspairs/crows_pairs_metrics_overall_m6_l70b_two_pass_zero__base_counter_imaging__counter_imaging_self_debias_two_pass_counter_imaging.csv,outputs/new_outputs/m6_llama70b_original5/m6_llama70b_original5_20260415_195536/m6/eval/m6_l70b_two_pass_zero__base_counter_imaging__counter_imaging/crowspairs/crows_pairs_scored_m6_l70b_two_pass_zero__base_counter_imaging__counter_imaging_self_debias_two_pass_counter_imaging.csv,ok,,bootstrap row CIs propagated as base_low-method_high/base_high-method_low,50,Stereotype preference %,47.88,2.12,13.989999999999998,results/new_results/m6_llama70b_original5/m6_llama70b_original5_20260415_195536/plain_direct/evalshared/crows_pairs_metrics_overall_llama70b_plain_base_crowspairs.csv,outputs/new_outputs/m6_llama70b_original5/m6_llama70b_original5_20260415_195536/plain_direct/evalshared/crows_pairs_scored_llama70b_plain_base_crowspairs.csv
llama70b,Llama 70B,intervention_ablation,crowspairs,CrowS-Pairs,diy_twopass_it_counter_imaging,DIY Two Pass (IT),DIY Two Pass (IT),counter_imaging,Counter-stereotypic imaging,stereotype_preference_pct,nan,8.522167191915523,17.197977458329213,1493,200,results/new_results/m6_llama70b_original5/m6_llama70b_original5_20260415_195536/m6/eval/m6_l70b_two_pass_zero__ci__counter_imaging/crowspairs/crows_pairs_metrics_overall_m6_l70b_two_pass_zero__ci__counter_imaging_self_debias_two_pass_counter_imaging.csv,outputs/new_outputs/m6_llama70b_original5/m6_llama70b_original5_20260415_195536/m6/eval/m6_l70b_two_pass_zero__ci__counter_imaging/crowspairs/crows_pairs_scored_m6_l70b_two_pass_zero__ci__counter_imaging_self_debias_two_pass_counter_imaging.csv,ok,,bootstrap row CIs propagated as base_low-method_high/base_high-method_low,50,Stereotype preference %,45.95,4.05,12.059999999999999,results/new_results/m6_llama70b_original5/m6_llama70b_original5_20260415_195536/plain_direct/evalshared/crows_pairs_metrics_overall_llama70b_plain_base_crowspairs.csv,outputs/new_outputs/m6_llama70b_original5/m6_llama70b_original5_20260415_195536/plain_direct/evalshared/crows_pairs_scored_llama70b_plain_base_crowspairs.csv
llama70b,Llama 70B,intervention_ablation,crowspairs,CrowS-Pairs,icl_positive_contact,ICL,ICL,positive_contact,Positive contact,stereotype_preference_pct,nan,-16.929372570485025,-7.499624380037371,1324,200,results/new_results/m4_base_icl_zero/m4_base_icl_zero_allmodels_20260514_005736/llama70b/evalshared/crows_pairs_metrics_overall_m4_baseicl_zero_llama70b_pc_crowspairs.csv,outputs/new_outputs/m4_base_icl_zero/m4_base_icl_zero_allmodels_20260514_005736/llama70b/evalshared/crows_pairs_scored_m4_baseicl_zero_llama70b_pc_crowspairs.csv,ok,,bootstrap row CIs propagated as base_low-method_high/base_high-method_low,50,Stereotype preference %,69.23,19.23,-3.120000000000001,results/new_results/m6_llama70b_original5/m6_llama70b_original5_20260415_195536/plain_direct/evalshared/crows_pairs_metrics_overall_llama70b_plain_base_crowspairs.csv,outputs/new_outputs/m6_llama70b_original5/m6_llama70b_original5_20260415_195536/plain_direct/evalshared/crows_pairs_scored_llama70b_plain_base_crowspairs.csv
llama70b,Llama 70B,intervention_ablation,crowspairs,CrowS-Pairs,diy_it_positive_contact,DIY IT,DIY IT,positive_contact,Positive contact,stereotype_preference_pct,nan,-2.633682741683419,6.459670685420848,1493,200,results/new_results/m3_finetune_llama70b_ms500/evalshared/crows_pairs_metrics_overall_m3_llama70b_ms500_pc_crowspairs.csv,outputs/new_outputs/m3_finetune_llama70b_ms500/evalshared/crows_pairs_scored_m3_llama70b_ms500_pc_crowspairs.csv,ok,,bootstrap row CIs propagated as base_low-method_high/base_high-method_low,50,Stereotype preference %,64.66,14.66,1.4499999999999993,results/new_results/m6_llama70b_original5/m6_llama70b_original5_20260415_195536/plain_direct/evalshared/crows_pairs_metrics_overall_llama70b_plain_base_crowspairs.csv,outputs/new_outputs/m6_llama70b_original5/m6_llama70b_original5_20260415_195536/plain_direct/evalshared/crows_pairs_scored_llama70b_plain_base_crowspairs.csv
llama70b,Llama 70B,intervention_ablation,crowspairs,CrowS-Pairs,diy_twopass_no_it_positive_contact,DIY Two Pass (No IT),DIY Two Pass (No IT),positive_contact,Positive contact,stereotype_preference_pct,nan,11.563978584529309,18.85800401875418,1493,200,results/new_results/m6_llama70b_original5/m6_llama70b_original5_20260415_195536/m6/eval/m6_l70b_two_pass_zero__base_positive_contact__positive_contact/crowspairs/crows_pairs_metrics_overall_m6_l70b_two_pass_zero__base_positive_contact__positive_contact_self_debias_two_pass_positive_contact.csv,outputs/new_outputs/m6_llama70b_original5/m6_llama70b_original5_20260415_195536/m6/eval/m6_l70b_two_pass_zero__base_positive_contact__positive_contact/crowspairs/crows_pairs_scored_m6_l70b_two_pass_zero__base_positive_contact__positive_contact_self_debias_two_pass_positive_contact.csv,ok,,bootstrap row CIs propagated as base_low-method_high/base_high-method_low,50,Stereotype preference %,48.94,1.06,15.049999999999999,results/new_results/m6_llama70b_original5/m6_llama70b_original5_20260415_195536/plain_direct/evalshared/crows_pairs_metrics_overall_llama70b_plain_base_crowspairs.csv,outputs/new_outputs/m6_llama70b_original5/m6_llama70b_original5_20260415_195536/plain_direct/evalshared/crows_pairs_scored_llama70b_plain_base_crowspairs.csv
llama70b,Llama 70B,intervention_ablation,crowspairs,CrowS-Pairs,diy_twopass_it_positive_contact,DIY Two Pass (IT),DIY Two Pass (IT),positive_contact,Positive contact,stereotype_preference_pct,nan,6.567983924983253,16.05967068542084,1493,200,results/new_results/m6_llama70b_original5/m6_llama70b_original5_20260415_195536/m6/eval/m6_l70b_two_pass_zero__pc__positive_contact/crowspairs/crows_pairs_metrics_overall_m6_l70b_two_pass_zero__pc__positive_contact_self_debias_two_pass_positive_contact.csv,outputs/new_outputs/m6_llama70b_original5/m6_llama70b_original5_20260415_195536/m6/eval/m6_l70b_two_pass_zero__pc__positive_contact/crowspairs/crows_pairs_scored_m6_l70b_two_pass_zero__pc__positive_contact_self_debias_two_pass_positive_contact.csv,ok,,bootstrap row CIs propagated as base_low-method_high/base_high-method_low,50,Stereotype preference %,44.5,5.5,10.61,results/new_results/m6_llama70b_original5/m6_llama70b_original5_20260415_195536/plain_direct/evalshared/crows_pairs_metrics_overall_llama70b_plain_base_crowspairs.csv,outputs/new_outputs/m6_llama70b_original5/m6_llama70b_original5_20260415_195536/plain_direct/evalshared/crows_pairs_scored_llama70b_plain_base_crowspairs.csv
llama70b,Llama 70B,intervention_ablation,stereoset,StereoSet,base,Base Model,Base Model,__base__,Base Model,SS Score,0.0,0.0,0.0,,200,results/new_results/m6_llama70b_original5/m6_llama70b_original5_20260415_195536/plain_direct/evalshared/stereoset_metrics_llama70b_plain_base_stereoset.csv,,base,,,50,SS Score overall,59.9998,9.9997996,,,
llama70b,Llama 70B,intervention_ablation,stereoset,StereoSet,icl_stereotype_replacement,ICL,ICL,stereotype_replacement,Stereotype replacement,SS Score,nan,-3.9270513123669843,2.1819579096713113,4229,200,results/new_results/m4_base_icl_zero/m4_base_icl_zero_allmodels_20260514_005736/llama70b/evalshared/stereoset_metrics_m4_baseicl_zero_llama70b_sr_stereoset.csv,outputs/new_outputs/m4_base_icl_zero/m4_base_icl_zero_allmodels_20260514_005736/llama70b/evalshared/stereoset_sentence_scores_m4_baseicl_zero_llama70b_sr_stereoset.csv,ok,,bootstrap row CIs propagated as base_low-method_high/base_high-method_low,50,SS Score overall,60.785277,10.785277,-0.7854774000000013,results/new_results/m6_llama70b_original5/m6_llama70b_original5_20260415_195536/plain_direct/evalshared/stereoset_metrics_llama70b_plain_base_stereoset.csv,outputs/new_outputs/m6_llama70b_original5/m6_llama70b_original5_20260415_195536/plain_direct/evalshared/stereoset_sentence_scores_llama70b_plain_base_stereoset.csv
llama70b,Llama 70B,intervention_ablation,stereoset,StereoSet,diy_it_stereotype_replacement,DIY IT,DIY IT,stereotype_replacement,Stereotype replacement,SS Score,nan,-3.1703712461574796,2.795578150863081,4229,200,results/new_results/m3_finetune_llama70b_ms500/evalshared/stereoset_metrics_m3_llama70b_ms500_sr_stereoset.csv,outputs/new_outputs/m3_finetune_llama70b_ms500/evalshared/stereoset_sentence_scores_m3_llama70b_ms500_sr_stereoset.csv,ok,,bootstrap row CIs propagated as base_low-method_high/base_high-method_low,50,SS Score overall,60.457447,10.457447,-0.4576474000000008,results/new_results/m6_llama70b_original5/m6_llama70b_original5_20260415_195536/plain_direct/evalshared/stereoset_metrics_llama70b_plain_base_stereoset.csv,outputs/new_outputs/m6_llama70b_original5/m6_llama70b_original5_20260415_195536/plain_direct/evalshared/stereoset_sentence_scores_llama70b_plain_base_stereoset.csv
llama70b,Llama 70B,intervention_ablation,stereoset,StereoSet,diy_twopass_no_it_stereotype_replacement,DIY Two Pass (No IT),DIY Two Pass (No IT),stereotype_replacement,Stereotype replacement,SS Score,nan,1.321234334358011,7.241664696145653,4229,200,results/new_results/m6_llama70b_original5/m6_llama70b_original5_20260415_195536/m6/eval/m6_l70b_two_pass_zero__base_stereotype_replacement__stereotype_replacement/stereoset/stereoset_metrics_m6_l70b_two_pass_zero__base_stereotype_replacement__stereotype_replacement_self_debias_two_pass_stereotype_replacement.csv,outputs/new_outputs/m6_llama70b_original5/m6_llama70b_original5_20260415_195536/m6/eval/m6_l70b_two_pass_zero__base_stereotype_replacement__stereotype_replacement/stereoset/stereoset_sentence_scores_m6_l70b_two_pass_zero__base_stereotype_replacement__stereotype_replacement_self_debias_two_pass_stereotype_replacement.csv,ok,,bootstrap row CIs propagated as base_low-method_high/base_high-method_low,50,SS Score overall,44.476752,5.5232479,4.476551699999999,results/new_results/m6_llama70b_original5/m6_llama70b_original5_20260415_195536/plain_direct/evalshared/stereoset_metrics_llama70b_plain_base_stereoset.csv,outputs/new_outputs/m6_llama70b_original5/m6_llama70b_original5_20260415_195536/plain_direct/evalshared/stereoset_sentence_scores_llama70b_plain_base_stereoset.csv
llama70b,Llama 70B,intervention_ablation,stereoset,StereoSet,diy_twopass_it_stereotype_replacement,DIY Two Pass (IT),DIY Two Pass (IT),stereotype_replacement,Stereotype replacement,SS Score,nan,3.1904705604161796,9.084890044927874,4229,200,results/new_results/m6_llama70b_original5/m6_llama70b_original5_20260415_195536/m6/eval/m6_l70b_two_pass_zero__sr__stereotype_replacement/stereoset/stereoset_metrics_m6_l70b_two_pass_zero__sr__stereotype_replacement_self_debias_two_pass_stereotype_replacement.csv,outputs/new_outputs/m6_llama70b_original5/m6_llama70b_original5_20260415_195536/m6/eval/m6_l70b_two_pass_zero__sr__stereotype_replacement/stereoset/stereoset_sentence_scores_m6_l70b_two_pass_zero__sr__stereotype_replacement_self_debias_two_pass_stereotype_replacement.csv,ok,,bootstrap row CIs propagated as base_low-method_high/base_high-method_low,50,SS Score overall,46.332936,3.6670643,6.3327352999999995,results/new_results/m6_llama70b_original5/m6_llama70b_original5_20260415_195536/plain_direct/evalshared/stereoset_metrics_llama70b_plain_base_stereoset.csv,outputs/new_outputs/m6_llama70b_original5/m6_llama70b_original5_20260415_195536/plain_direct/evalshared/stereoset_sentence_scores_llama70b_plain_base_stereoset.csv
llama70b,Llama 70B,intervention_ablation,stereoset,StereoSet,icl_individuating,ICL,ICL,individuating,Individuation,SS Score,nan,-3.1461338377866976,3.0858358950106286,4229,200,results/new_results/m4_base_icl_zero/m4_base_icl_zero_allmodels_20260514_005736/llama70b/evalshared/stereoset_metrics_m4_baseicl_zero_llama70b_ind_stereoset.csv,outputs/new_outputs/m4_base_icl_zero/m4_base_icl_zero_allmodels_20260514_005736/llama70b/evalshared/stereoset_sentence_scores_m4_baseicl_zero_llama70b_ind_stereoset.csv,ok,,bootstrap row CIs propagated as base_low-method_high/base_high-method_low,50,SS Score overall,60.414598,10.414598,-0.41479840000000046,results/new_results/m6_llama70b_original5/m6_llama70b_original5_20260415_195536/plain_direct/evalshared/stereoset_metrics_llama70b_plain_base_stereoset.csv,outputs/new_outputs/m6_llama70b_original5/m6_llama70b_original5_20260415_195536/plain_direct/evalshared/stereoset_sentence_scores_llama70b_plain_base_stereoset.csv
llama70b,Llama 70B,intervention_ablation,stereoset,StereoSet,diy_it_individuating,DIY IT,DIY IT,individuating,Individuation,SS Score,nan,-3.2176637502955785,2.5354693781035653,4229,200,results/new_results/m3_finetune_llama70b_ms500/evalshared/stereoset_metrics_m3_llama70b_ms500_ind_stereoset.csv,outputs/new_outputs/m3_finetune_llama70b_ms500/evalshared/stereoset_sentence_scores_m3_llama70b_ms500_ind_stereoset.csv,ok,,bootstrap row CIs propagated as base_low-method_high/base_high-method_low,50,SS Score overall,60.425805,10.425805,-0.4260054000000011,results/new_results/m6_llama70b_original5/m6_llama70b_original5_20260415_195536/plain_direct/evalshared/stereoset_metrics_llama70b_plain_base_stereoset.csv,outputs/new_outputs/m6_llama70b_original5/m6_llama70b_original5_20260415_195536/plain_direct/evalshared/stereoset_sentence_scores_llama70b_plain_base_stereoset.csv
llama70b,Llama 70B,intervention_ablation,stereoset,StereoSet,diy_twopass_no_it_individuating,DIY Two Pass (No IT),DIY Two Pass (No IT),individuating,Individuation,SS Score,nan,2.5277843461811393,8.565263655710563,4229,200,results/new_results/m6_llama70b_original5/m6_llama70b_original5_20260415_195536/m6/eval/m6_l70b_two_pass_zero__base_individuating__individuating/stereoset/stereoset_metrics_m6_l70b_two_pass_zero__base_individuating__individuating_self_debias_two_pass_individuating.csv,outputs/new_outputs/m6_llama70b_original5/m6_llama70b_original5_20260415_195536/m6/eval/m6_l70b_two_pass_zero__base_individuating__individuating/stereoset/stereoset_sentence_scores_m6_l70b_two_pass_zero__base_individuating__individuating_self_debias_two_pass_individuating.csv,ok,,bootstrap row CIs propagated as base_low-method_high/base_high-method_low,50,SS Score overall,45.499678,4.5003224,5.499477199999999,results/new_results/m6_llama70b_original5/m6_llama70b_original5_20260415_195536/plain_direct/evalshared/stereoset_metrics_llama70b_plain_base_stereoset.csv,outputs/new_outputs/m6_llama70b_original5/m6_llama70b_original5_20260415_195536/plain_direct/evalshared/stereoset_sentence_scores_llama70b_plain_base_stereoset.csv
llama70b,Llama 70B,intervention_ablation,stereoset,StereoSet,diy_twopass_it_individuating,DIY Two Pass (IT),DIY Two Pass (IT),individuating,Individuation,SS Score,nan,3.710096949633485,9.866398675809874,4229,200,results/new_results/m6_llama70b_original5/m6_llama70b_original5_20260415_195536/m6/eval/m6_l70b_two_pass_zero__ind__individuating/stereoset/stereoset_metrics_m6_l70b_two_pass_zero__ind__individuating_self_debias_two_pass_individuating.csv,outputs/new_outputs/m6_llama70b_original5/m6_llama70b_original5_20260415_195536/m6/eval/m6_l70b_two_pass_zero__ind__individuating/stereoset/stereoset_sentence_scores_m6_l70b_two_pass_zero__ind__individuating_self_debias_two_pass_individuating.csv,ok,,bootstrap row CIs propagated as base_low-method_high/base_high-method_low,50,SS Score overall,46.889094,3.1109064,6.888893199999999,results/new_results/m6_llama70b_original5/m6_llama70b_original5_20260415_195536/plain_direct/evalshared/stereoset_metrics_llama70b_plain_base_stereoset.csv,outputs/new_outputs/m6_llama70b_original5/m6_llama70b_original5_20260415_195536/plain_direct/evalshared/stereoset_sentence_scores_llama70b_plain_base_stereoset.csv
llama70b,Llama 70B,intervention_ablation,stereoset,StereoSet,icl_perspective_taking,ICL,ICL,perspective_taking,Perspective-taking,SS Score,nan,-4.378694726885781,1.6853866162213222,4229,200,results/new_results/m4_base_icl_zero/m4_base_icl_zero_allmodels_20260514_005736/llama70b/evalshared/stereoset_metrics_m4_baseicl_zero_llama70b_pt_stereoset.csv,outputs/new_outputs/m4_base_icl_zero/m4_base_icl_zero_allmodels_20260514_005736/llama70b/evalshared/stereoset_sentence_scores_m4_baseicl_zero_llama70b_pt_stereoset.csv,ok,,bootstrap row CIs propagated as base_low-method_high/base_high-method_low,50,SS Score overall,61.370991,11.370991,-1.3711914000000007,results/new_results/m6_llama70b_original5/m6_llama70b_original5_20260415_195536/plain_direct/evalshared/stereoset_metrics_llama70b_plain_base_stereoset.csv,outputs/new_outputs/m6_llama70b_original5/m6_llama70b_original5_20260415_195536/plain_direct/evalshared/stereoset_sentence_scores_llama70b_plain_base_stereoset.csv
llama70b,Llama 70B,intervention_ablation,stereoset,StereoSet,diy_it_perspective_taking,DIY IT,DIY IT,perspective_taking,Perspective-taking,SS Score,nan,-3.2886025065027145,2.371719082525413,4229,200,results/new_results/m3_finetune_llama70b_ms500/evalshared/stereoset_metrics_m3_llama70b_ms500_pt_stereoset.csv,outputs/new_outputs/m3_finetune_llama70b_ms500/evalshared/stereoset_sentence_scores_m3_llama70b_ms500_pt_stereoset.csv,ok,,bootstrap row CIs propagated as base_low-method_high/base_high-method_low,50,SS Score overall,60.631089,10.631089,-0.6312894,results/new_results/m6_llama70b_original5/m6_llama70b_original5_20260415_195536/plain_direct/evalshared/stereoset_metrics_llama70b_plain_base_stereoset.csv,outputs/new_outputs/m6_llama70b_original5/m6_llama70b_original5_20260415_195536/plain_direct/evalshared/stereoset_sentence_scores_llama70b_plain_base_stereoset.csv
llama70b,Llama 70B,intervention_ablation,stereoset,StereoSet,diy_twopass_no_it_perspective_taking,DIY Two Pass (No IT),DIY Two Pass (No IT),perspective_taking,Perspective-taking,SS Score,nan,3.1177583353038596,9.157011113738461,4229,200,results/new_results/m6_llama70b_original5/m6_llama70b_original5_20260415_195536/m6/eval/m6_l70b_two_pass_zero__base_perspective_taking__perspective_taking/stereoset/stereoset_metrics_m6_l70b_two_pass_zero__base_perspective_taking__perspective_taking_self_debias_two_pass_perspective_taking.csv,outputs/new_outputs/m6_llama70b_original5/m6_llama70b_original5_20260415_195536/m6/eval/m6_l70b_two_pass_zero__base_perspective_taking__perspective_taking/stereoset/stereoset_sentence_scores_m6_l70b_two_pass_zero__base_perspective_taking__perspective_taking_self_debias_two_pass_perspective_taking.csv,ok,,bootstrap row CIs propagated as base_low-method_high/base_high-method_low,50,SS Score overall,45.914407,4.0855935,5.9142060999999995,results/new_results/m6_llama70b_original5/m6_llama70b_original5_20260415_195536/plain_direct/evalshared/stereoset_metrics_llama70b_plain_base_stereoset.csv,outputs/new_outputs/m6_llama70b_original5/m6_llama70b_original5_20260415_195536/plain_direct/evalshared/stereoset_sentence_scores_llama70b_plain_base_stereoset.csv
llama70b,Llama 70B,intervention_ablation,stereoset,StereoSet,diy_twopass_it_perspective_taking,DIY Two Pass (IT),DIY Two Pass (IT),perspective_taking,Perspective-taking,SS Score,nan,3.2383542208559977,9.629344998817682,4229,200,results/new_results/m6_llama70b_original5/m6_llama70b_original5_20260415_195536/m6/eval/m6_l70b_two_pass_zero__pt__perspective_taking/stereoset/stereoset_metrics_m6_l70b_two_pass_zero__pt__perspective_taking_self_debias_two_pass_perspective_taking.csv,outputs/new_outputs/m6_llama70b_original5/m6_llama70b_original5_20260415_195536/m6/eval/m6_l70b_two_pass_zero__pt__perspective_taking/stereoset/stereoset_sentence_scores_m6_l70b_two_pass_zero__pt__perspective_taking_self_debias_two_pass_perspective_taking.csv,ok,,bootstrap row CIs propagated as base_low-method_high/base_high-method_low,50,SS Score overall,46.372962,3.6270384,6.372761199999999,results/new_results/m6_llama70b_original5/m6_llama70b_original5_20260415_195536/plain_direct/evalshared/stereoset_metrics_llama70b_plain_base_stereoset.csv,outputs/new_outputs/m6_llama70b_original5/m6_llama70b_original5_20260415_195536/plain_direct/evalshared/stereoset_sentence_scores_llama70b_plain_base_stereoset.csv
llama70b,Llama 70B,intervention_ablation,stereoset,StereoSet,icl_counter_imaging,ICL,ICL,counter_imaging,Counter-stereotypic imaging,SS Score,nan,-5.064436036888145,1.2822180184440661,4229,200,results/new_results/m4_base_icl_zero/m4_base_icl_zero_allmodels_20260514_005736/llama70b/evalshared/stereoset_metrics_m4_baseicl_zero_llama70b_ci_stereoset.csv,outputs/new_outputs/m4_base_icl_zero/m4_base_icl_zero_allmodels_20260514_005736/llama70b/evalshared/stereoset_sentence_scores_m4_baseicl_zero_llama70b_ci_stereoset.csv,ok,,bootstrap row CIs propagated as base_low-method_high/base_high-method_low,50,SS Score overall,62.167214,12.167214,-2.1674144,results/new_results/m6_llama70b_original5/m6_llama70b_original5_20260415_195536/plain_direct/evalshared/stereoset_metrics_llama70b_plain_base_stereoset.csv,outputs/new_outputs/m6_llama70b_original5/m6_llama70b_original5_20260415_195536/plain_direct/evalshared/stereoset_sentence_scores_llama70b_plain_base_stereoset.csv
llama70b,Llama 70B,intervention_ablation,stereoset,StereoSet,diy_it_counter_imaging,DIY IT,DIY IT,counter_imaging,Counter-stereotypic imaging,SS Score,nan,-3.098841333648613,2.961101915346406,4229,200,results/new_results/m3_finetune_llama70b_ms500/evalshared/stereoset_metrics_m3_llama70b_ms500_ci_stereoset.csv,outputs/new_outputs/m3_finetune_llama70b_ms500/evalshared/stereoset_sentence_scores_m3_llama70b_ms500_ci_stereoset.csv,ok,,bootstrap row CIs propagated as base_low-method_high/base_high-method_low,50,SS Score overall,60.182895,10.182895,-0.1830954000000009,results/new_results/m6_llama70b_original5/m6_llama70b_original5_20260415_195536/plain_direct/evalshared/stereoset_metrics_llama70b_plain_base_stereoset.csv,outputs/new_outputs/m6_llama70b_original5/m6_llama70b_original5_20260415_195536/plain_direct/evalshared/stereoset_sentence_scores_llama70b_plain_base_stereoset.csv
llama70b,Llama 70B,intervention_ablation,stereoset,StereoSet,diy_twopass_no_it_counter_imaging,DIY Two Pass (No IT),DIY Two Pass (No IT),counter_imaging,Counter-stereotypic imaging,SS Score,nan,1.8189879404114526,8.163277370536765,4229,200,results/new_results/m6_llama70b_original5/m6_llama70b_original5_20260415_195536/m6/eval/m6_l70b_two_pass_zero__base_counter_imaging__counter_imaging/stereoset/stereoset_metrics_m6_l70b_two_pass_zero__base_counter_imaging__counter_imaging_self_debias_two_pass_counter_imaging.csv,outputs/new_outputs/m6_llama70b_original5/m6_llama70b_original5_20260415_195536/m6/eval/m6_l70b_two_pass_zero__base_counter_imaging__counter_imaging/stereoset/stereoset_sentence_scores_m6_l70b_two_pass_zero__base_counter_imaging__counter_imaging_self_debias_two_pass_counter_imaging.csv,ok,,bootstrap row CIs propagated as base_low-method_high/base_high-method_low,50,SS Score overall,45.047949,4.9520508,5.047748799999999,results/new_results/m6_llama70b_original5/m6_llama70b_original5_20260415_195536/plain_direct/evalshared/stereoset_metrics_llama70b_plain_base_stereoset.csv,outputs/new_outputs/m6_llama70b_original5/m6_llama70b_original5_20260415_195536/plain_direct/evalshared/stereoset_sentence_scores_llama70b_plain_base_stereoset.csv
llama70b,Llama 70B,intervention_ablation,stereoset,StereoSet,diy_twopass_it_counter_imaging,DIY Two Pass (IT),DIY Two Pass (IT),counter_imaging,Counter-stereotypic imaging,SS Score,nan,0.6100733033814185,6.817214471506265,4229,200,results/new_results/m6_llama70b_original5/m6_llama70b_original5_20260415_195536/m6/eval/m6_l70b_two_pass_zero__ci__counter_imaging/stereoset/stereoset_metrics_m6_l70b_two_pass_zero__ci__counter_imaging_self_debias_two_pass_counter_imaging.csv,outputs/new_outputs/m6_llama70b_original5/m6_llama70b_original5_20260415_195536/m6/eval/m6_l70b_two_pass_zero__ci__counter_imaging/stereoset/stereoset_sentence_scores_m6_l70b_two_pass_zero__ci__counter_imaging_self_debias_two_pass_counter_imaging.csv,ok,,bootstrap row CIs propagated as base_low-method_high/base_high-method_low,50,SS Score overall,43.839284,6.1607161,3.839083499999999,results/new_results/m6_llama70b_original5/m6_llama70b_original5_20260415_195536/plain_direct/evalshared/stereoset_metrics_llama70b_plain_base_stereoset.csv,outputs/new_outputs/m6_llama70b_original5/m6_llama70b_original5_20260415_195536/plain_direct/evalshared/stereoset_sentence_scores_llama70b_plain_base_stereoset.csv
llama70b,Llama 70B,intervention_ablation,stereoset,StereoSet,icl_positive_contact,ICL,ICL,positive_contact,Positive contact,SS Score,nan,-3.5960037834003273,2.416646961456607,4229,200,results/new_results/m4_base_icl_zero/m4_base_icl_zero_allmodels_20260514_005736/llama70b/evalshared/stereoset_metrics_m4_baseicl_zero_llama70b_pc_stereoset.csv,outputs/new_outputs/m4_base_icl_zero/m4_base_icl_zero_allmodels_20260514_005736/llama70b/evalshared/stereoset_sentence_scores_m4_baseicl_zero_llama70b_pc_stereoset.csv,ok,,bootstrap row CIs propagated as base_low-method_high/base_high-method_low,50,SS Score overall,60.621927,10.621927,-0.6221274000000001,results/new_results/m6_llama70b_original5/m6_llama70b_original5_20260415_195536/plain_direct/evalshared/stereoset_metrics_llama70b_plain_base_stereoset.csv,outputs/new_outputs/m6_llama70b_original5/m6_llama70b_original5_20260415_195536/plain_direct/evalshared/stereoset_sentence_scores_llama70b_plain_base_stereoset.csv
llama70b,Llama 70B,intervention_ablation,stereoset,StereoSet,diy_it_positive_contact,DIY IT,DIY IT,positive_contact,Positive contact,SS Score,nan,-3.176873965476469,2.748285646724989,4229,200,results/new_results/m3_finetune_llama70b_ms500/evalshared/stereoset_metrics_m3_llama70b_ms500_pc_stereoset.csv,outputs/new_outputs/m3_finetune_llama70b_ms500/evalshared/stereoset_sentence_scores_m3_llama70b_ms500_pc_stereoset.csv,ok,,bootstrap row CIs propagated as base_low-method_high/base_high-method_low,50,SS Score overall,60.400221,10.400221,-0.4004214000000008,results/new_results/m6_llama70b_original5/m6_llama70b_original5_20260415_195536/plain_direct/evalshared/stereoset_metrics_llama70b_plain_base_stereoset.csv,outputs/new_outputs/m6_llama70b_original5/m6_llama70b_original5_20260415_195536/plain_direct/evalshared/stereoset_sentence_scores_llama70b_plain_base_stereoset.csv
llama70b,Llama 70B,intervention_ablation,stereoset,StereoSet,diy_twopass_no_it_positive_contact,DIY Two Pass (No IT),DIY Two Pass (No IT),positive_contact,Positive contact,SS Score,nan,1.0865452825727164,7.051312366989826,4229,200,results/new_results/m6_llama70b_original5/m6_llama70b_original5_20260415_195536/m6/eval/m6_l70b_two_pass_zero__base_positive_contact__positive_contact/stereoset/stereoset_metrics_m6_l70b_two_pass_zero__base_positive_contact__positive_contact_self_debias_two_pass_positive_contact.csv,outputs/new_outputs/m6_llama70b_original5/m6_llama70b_original5_20260415_195536/m6/eval/m6_l70b_two_pass_zero__base_positive_contact__positive_contact/stereoset/stereoset_sentence_scores_m6_l70b_two_pass_zero__base_positive_contact__positive_contact_self_debias_two_pass_positive_contact.csv,ok,,bootstrap row CIs propagated as base_low-method_high/base_high-method_low,50,SS Score overall,44.206692,5.7933076,4.206491999999999,results/new_results/m6_llama70b_original5/m6_llama70b_original5_20260415_195536/plain_direct/evalshared/stereoset_metrics_llama70b_plain_base_stereoset.csv,outputs/new_outputs/m6_llama70b_original5/m6_llama70b_original5_20260415_195536/plain_direct/evalshared/stereoset_sentence_scores_llama70b_plain_base_stereoset.csv
llama70b,Llama 70B,intervention_ablation,stereoset,StereoSet,diy_twopass_it_positive_contact,DIY Two Pass (IT),DIY Two Pass (IT),positive_contact,Positive contact,SS Score,nan,0.2340978954835755,6.318869709151097,4229,200,results/new_results/m6_llama70b_original5/m6_llama70b_original5_20260415_195536/m6/eval/m6_l70b_two_pass_zero__pc__positive_contact/stereoset/stereoset_metrics_m6_l70b_two_pass_zero__pc__positive_contact_self_debias_two_pass_positive_contact.csv,outputs/new_outputs/m6_llama70b_original5/m6_llama70b_original5_20260415_195536/m6/eval/m6_l70b_two_pass_zero__pc__positive_contact/stereoset/stereoset_sentence_scores_m6_l70b_two_pass_zero__pc__positive_contact_self_debias_two_pass_positive_contact.csv,ok,,bootstrap row CIs propagated as base_low-method_high/base_high-method_low,50,SS Score overall,43.344304,6.6556957,3.3441038999999995,results/new_results/m6_llama70b_original5/m6_llama70b_original5_20260415_195536/plain_direct/evalshared/stereoset_metrics_llama70b_plain_base_stereoset.csv,outputs/new_outputs/m6_llama70b_original5/m6_llama70b_original5_20260415_195536/plain_direct/evalshared/stereoset_sentence_scores_llama70b_plain_base_stereoset.csv
llama70b,Llama 70B,intervention_ablation,bbq,BBQ Ambig.,base,Base Model,Base Model,__base__,Base Model,Bias_score_ambig,0.0,0.0,0.0,,200,results/new_results/m6_llama70b_original5/m6_llama70b_original5_20260415_195536/plain_direct/bbq/bbq_metrics_llama70b_plain_base_bbq.csv,,base,,,0,Bias score ambig.,7.046,7.046,,,
llama70b,Llama 70B,intervention_ablation,bbq,BBQ Ambig.,icl_stereotype_replacement,ICL,ICL,stereotype_replacement,Stereotype replacement,Bias_score_ambig,nan,-0.4866953964019407,3.285963472193721,29238,200,results/new_results/m4_base_icl_zero/m4_base_icl_zero_allmodels_20260514_005736/llama70b/bbq/bbq_metrics_m4_baseicl_zero_llama70b_sr_bbq.csv,outputs/new_outputs/m4_base_icl_zero/m4_base_icl_zero_allmodels_20260514_005736/llama70b/bbq/m4_baseicl_zero_llama70b_allstrat_bbq/bbq_preds_m4_baseicl_zero_llama70b_allstrat_bbq_instr_all_strategies_ALL.csv;outputs/new_outputs/m4_base_icl_zero/m4_base_icl_zero_allmodels_20260514_005736/llama70b/bbq/m4_baseicl_zero_llama70b_ci_bbq/bbq_preds_m4_baseicl_zero_llama70b_ci_bbq_instr_counter_imaging_ALL.csv;outputs/new_outputs/m4_base_icl_zero/m4_base_icl_zero_allmodels_20260514_005736/llama70b/bbq/m4_baseicl_zero_llama70b_ind_bbq/bbq_preds_m4_baseicl_zero_llama70b_ind_bbq_instr_individuating_ALL.csv;outputs/new_outputs/m4_base_icl_zero/m4_base_icl_zero_allmodels_20260514_005736/llama70b/bbq/m4_baseicl_zero_llama70b_pc_bbq/bbq_preds_m4_baseicl_zero_llama70b_pc_bbq_instr_positive_contact_ALL.csv;outputs/new_outputs/m4_base_icl_zero/m4_base_icl_zero_allmodels_20260514_005736/llama70b/bbq/m4_baseicl_zero_llama70b_pt_bbq/bbq_preds_m4_baseicl_zero_llama70b_pt_bbq_instr_perspective_taking_ALL.csv;outputs/new_outputs/m4_base_icl_zero/m4_base_icl_zero_allmodels_20260514_005736/llama70b/bbq/m4_baseicl_zero_llama70b_sr_bbq/bbq_preds_m4_baseicl_zero_llama70b_sr_bbq_instr_stereotype_replacement_ALL.csv,ok,,bootstrap row CIs propagated as base_low-method_high/base_high-method_low,0,Bias score ambig.,5.654,5.654,1.3920000000000003,results/new_results/m6_llama70b_original5/m6_llama70b_original5_20260415_195536/plain_direct/bbq/bbq_metrics_llama70b_plain_base_bbq.csv,outputs/new_outputs/m6_llama70b_original5/m6_llama70b_original5_20260415_195536/plain_direct/bbq/llama70b_plain_base_bbq/bbq_preds_llama70b_plain_base_bbq_instr_off_ALL.csv
llama70b,Llama 70B,intervention_ablation,bbq,BBQ Ambig.,diy_it_stereotype_replacement,DIY IT,DIY IT,stereotype_replacement,Stereotype replacement,Bias_score_ambig,nan,-1.9478931527464214,1.8996682399616907,29238,200,results/new_results/m3_finetune_llama70b_ms500/bbq/bbq_metrics_m3_llama70b_ms500_sr_bbq.csv,outputs/new_outputs/m3_finetune_llama70b_ms500/bbq/m3_llama70b_ms500_all_action_bbq/bbq_preds_m3_llama70b_ms500_all_action_bbq_instr_off_ALL.csv;outputs/new_outputs/m3_finetune_llama70b_ms500/bbq/m3_llama70b_ms500_all_allversions_bbq/bbq_preds_m3_llama70b_ms500_all_allversions_bbq_instr_off_ALL.csv;outputs/new_outputs/m3_finetune_llama70b_ms500/bbq/m3_llama70b_ms500_all_event_bbq/bbq_preds_m3_llama70b_ms500_all_event_bbq_instr_off_ALL.csv;outputs/new_outputs/m3_finetune_llama70b_ms500/bbq/m3_llama70b_ms500_all_opinion_bbq/bbq_preds_m3_llama70b_ms500_all_opinion_bbq_instr_off_ALL.csv;outputs/new_outputs/m3_finetune_llama70b_ms500/bbq/m3_llama70b_ms500_ci_bbq/bbq_preds_m3_llama70b_ms500_ci_bbq_instr_off_ALL.csv;outputs/new_outputs/m3_finetune_llama70b_ms500/bbq/m3_llama70b_ms500_ind_bbq/bbq_preds_m3_llama70b_ms500_ind_bbq_instr_off_ALL.csv;outputs/new_outputs/m3_finetune_llama70b_ms500/bbq/m3_llama70b_ms500_pc_bbq/bbq_preds_m3_llama70b_ms500_pc_bbq_instr_off_ALL.csv;outputs/new_outputs/m3_finetune_llama70b_ms500/bbq/m3_llama70b_ms500_pt_bbq/bbq_preds_m3_llama70b_ms500_pt_bbq_instr_off_ALL.csv;outputs/new_outputs/m3_finetune_llama70b_ms500/bbq/m3_llama70b_ms500_sr_bbq/bbq_preds_m3_llama70b_ms500_sr_bbq_instr_off_ALL.csv,ok,,bootstrap row CIs propagated as base_low-method_high/base_high-method_low,0,Bias score ambig.,7.104,7.104,-0.05799999999999983,results/new_results/m6_llama70b_original5/m6_llama70b_original5_20260415_195536/plain_direct/bbq/bbq_metrics_llama70b_plain_base_bbq.csv,outputs/new_outputs/m6_llama70b_original5/m6_llama70b_original5_20260415_195536/plain_direct/bbq/llama70b_plain_base_bbq/bbq_preds_llama70b_plain_base_bbq_instr_off_ALL.csv
llama70b,Llama 70B,intervention_ablation,bbq,BBQ Ambig.,diy_twopass_no_it_stereotype_replacement,DIY Two Pass (No IT),DIY Two Pass (No IT),stereotype_replacement,Stereotype replacement,Bias_score_ambig,nan,-1.468722210821527,2.7121383131541084,29238,200,results/new_results/m6_llama70b_original5/m6_llama70b_original5_20260415_195536/m6/eval/m6_l70b_two_pass_zero__base_stereotype_replacement__stereotype_replacement/bbq/bbq_metrics.csv,outputs/new_outputs/m6_llama70b_original5/m6_llama70b_original5_20260415_195536/m6/eval/m6_l70b_two_pass_zero__base_stereotype_replacement__stereotype_replacement/bbq/bbq_preds_m6_l70b_two_pass_zero__base_stereotype_replacement__stereotype_replacement_self_debias_two_pass_stereotype_replacement_bbq_firstpass_base_llama70b_instr_off_ALL.csv,ok,,bootstrap row CIs propagated as base_low-method_high/base_high-method_low,0,Bias score ambig.,6.437,6.437,0.609,results/new_results/m6_llama70b_original5/m6_llama70b_original5_20260415_195536/plain_direct/bbq/bbq_metrics_llama70b_plain_base_bbq.csv,outputs/new_outputs/m6_llama70b_original5/m6_llama70b_original5_20260415_195536/plain_direct/bbq/llama70b_plain_base_bbq/bbq_preds_llama70b_plain_base_bbq_instr_off_ALL.csv
llama70b,Llama 70B,intervention_ablation,bbq,BBQ Ambig.,diy_twopass_it_stereotype_replacement,DIY Two Pass (IT),DIY Two Pass (IT),stereotype_replacement,Stereotype replacement,Bias_score_ambig,nan,-2.7873828579246185,1.3084855325261593,29238,200,results/new_results/m6_llama70b_original5/m6_llama70b_original5_20260415_195536/m6/eval/m6_l70b_two_pass_zero__sr__stereotype_replacement/bbq/bbq_metrics.csv,outputs/new_outputs/m6_llama70b_original5/m6_llama70b_original5_20260415_195536/m6/eval/m6_l70b_two_pass_zero__sr__stereotype_replacement/bbq/bbq_preds_m6_l70b_two_pass_zero__sr__stereotype_replacement_self_debias_two_pass_stereotype_replacement_bbq_firstpass_sr_instr_off_ALL.csv,ok,,bootstrap row CIs propagated as base_low-method_high/base_high-method_low,0,Bias score ambig.,7.827,7.827,-0.7809999999999997,results/new_results/m6_llama70b_original5/m6_llama70b_original5_20260415_195536/plain_direct/bbq/bbq_metrics_llama70b_plain_base_bbq.csv,outputs/new_outputs/m6_llama70b_original5/m6_llama70b_original5_20260415_195536/plain_direct/bbq/llama70b_plain_base_bbq/bbq_preds_llama70b_plain_base_bbq_instr_off_ALL.csv
llama70b,Llama 70B,intervention_ablation,bbq,BBQ Ambig.,icl_individuating,ICL,ICL,individuating,Individuation,Bias_score_ambig,nan,-0.6167487516245878,3.285877967029207,29238,200,results/new_results/m4_base_icl_zero/m4_base_icl_zero_allmodels_20260514_005736/llama70b/bbq/bbq_metrics_m4_baseicl_zero_llama70b_ind_bbq.csv,outputs/new_outputs/m4_base_icl_zero/m4_base_icl_zero_allmodels_20260514_005736/llama70b/bbq/m4_baseicl_zero_llama70b_allstrat_bbq/bbq_preds_m4_baseicl_zero_llama70b_allstrat_bbq_instr_all_strategies_ALL.csv;outputs/new_outputs/m4_base_icl_zero/m4_base_icl_zero_allmodels_20260514_005736/llama70b/bbq/m4_baseicl_zero_llama70b_ci_bbq/bbq_preds_m4_baseicl_zero_llama70b_ci_bbq_instr_counter_imaging_ALL.csv;outputs/new_outputs/m4_base_icl_zero/m4_base_icl_zero_allmodels_20260514_005736/llama70b/bbq/m4_baseicl_zero_llama70b_ind_bbq/bbq_preds_m4_baseicl_zero_llama70b_ind_bbq_instr_individuating_ALL.csv;outputs/new_outputs/m4_base_icl_zero/m4_base_icl_zero_allmodels_20260514_005736/llama70b/bbq/m4_baseicl_zero_llama70b_pc_bbq/bbq_preds_m4_baseicl_zero_llama70b_pc_bbq_instr_positive_contact_ALL.csv;outputs/new_outputs/m4_base_icl_zero/m4_base_icl_zero_allmodels_20260514_005736/llama70b/bbq/m4_baseicl_zero_llama70b_pt_bbq/bbq_preds_m4_baseicl_zero_llama70b_pt_bbq_instr_perspective_taking_ALL.csv;outputs/new_outputs/m4_base_icl_zero/m4_base_icl_zero_allmodels_20260514_005736/llama70b/bbq/m4_baseicl_zero_llama70b_sr_bbq/bbq_preds_m4_baseicl_zero_llama70b_sr_bbq_instr_stereotype_replacement_ALL.csv,ok,,bootstrap row CIs propagated as base_low-method_high/base_high-method_low,0,Bias score ambig.,5.353,5.353,1.6930000000000005,results/new_results/m6_llama70b_original5/m6_llama70b_original5_20260415_195536/plain_direct/bbq/bbq_metrics_llama70b_plain_base_bbq.csv,outputs/new_outputs/m6_llama70b_original5/m6_llama70b_original5_20260415_195536/plain_direct/bbq/llama70b_plain_base_bbq/bbq_preds_llama70b_plain_base_bbq_instr_off_ALL.csv
llama70b,Llama 70B,intervention_ablation,bbq,BBQ Ambig.,diy_it_individuating,DIY IT,DIY IT,individuating,Individuation,Bias_score_ambig,nan,-2.057681783979741,1.7316505916957343,29238,200,results/new_results/m3_finetune_llama70b_ms500/bbq/bbq_metrics_m3_llama70b_ms500_ind_bbq.csv,outputs/new_outputs/m3_finetune_llama70b_ms500/bbq/m3_llama70b_ms500_all_action_bbq/bbq_preds_m3_llama70b_ms500_all_action_bbq_instr_off_ALL.csv;outputs/new_outputs/m3_finetune_llama70b_ms500/bbq/m3_llama70b_ms500_all_allversions_bbq/bbq_preds_m3_llama70b_ms500_all_allversions_bbq_instr_off_ALL.csv;outputs/new_outputs/m3_finetune_llama70b_ms500/bbq/m3_llama70b_ms500_all_event_bbq/bbq_preds_m3_llama70b_ms500_all_event_bbq_instr_off_ALL.csv;outputs/new_outputs/m3_finetune_llama70b_ms500/bbq/m3_llama70b_ms500_all_opinion_bbq/bbq_preds_m3_llama70b_ms500_all_opinion_bbq_instr_off_ALL.csv;outputs/new_outputs/m3_finetune_llama70b_ms500/bbq/m3_llama70b_ms500_ci_bbq/bbq_preds_m3_llama70b_ms500_ci_bbq_instr_off_ALL.csv;outputs/new_outputs/m3_finetune_llama70b_ms500/bbq/m3_llama70b_ms500_ind_bbq/bbq_preds_m3_llama70b_ms500_ind_bbq_instr_off_ALL.csv;outputs/new_outputs/m3_finetune_llama70b_ms500/bbq/m3_llama70b_ms500_pc_bbq/bbq_preds_m3_llama70b_ms500_pc_bbq_instr_off_ALL.csv;outputs/new_outputs/m3_finetune_llama70b_ms500/bbq/m3_llama70b_ms500_pt_bbq/bbq_preds_m3_llama70b_ms500_pt_bbq_instr_off_ALL.csv;outputs/new_outputs/m3_finetune_llama70b_ms500/bbq/m3_llama70b_ms500_sr_bbq/bbq_preds_m3_llama70b_ms500_sr_bbq_instr_off_ALL.csv,ok,,bootstrap row CIs propagated as base_low-method_high/base_high-method_low,0,Bias score ambig.,7.463,7.463,-0.4169999999999998,results/new_results/m6_llama70b_original5/m6_llama70b_original5_20260415_195536/plain_direct/bbq/bbq_metrics_llama70b_plain_base_bbq.csv,outputs/new_outputs/m6_llama70b_original5/m6_llama70b_original5_20260415_195536/plain_direct/bbq/llama70b_plain_base_bbq/bbq_preds_llama70b_plain_base_bbq_instr_off_ALL.csv
llama70b,Llama 70B,intervention_ablation,bbq,BBQ Ambig.,diy_twopass_no_it_individuating,DIY Two Pass (No IT),DIY Two Pass (No IT),individuating,Individuation,Bias_score_ambig,nan,-0.5184178124358736,3.745297215951843,29238,200,results/new_results/m6_llama70b_original5/m6_llama70b_original5_20260415_195536/m6/eval/m6_l70b_two_pass_zero__base_individuating__individuating/bbq/bbq_metrics.csv,outputs/new_outputs/m6_llama70b_original5/m6_llama70b_original5_20260415_195536/m6/eval/m6_l70b_two_pass_zero__base_individuating__individuating/bbq/bbq_preds_m6_l70b_two_pass_zero__base_individuating__individuating_self_debias_two_pass_individuating_bbq_firstpass_base_llama70b_instr_off_ALL.csv,ok,,bootstrap row CIs propagated as base_low-method_high/base_high-method_low,0,Bias score ambig.,5.568,5.568,1.4780000000000006,results/new_results/m6_llama70b_original5/m6_llama70b_original5_20260415_195536/plain_direct/bbq/bbq_metrics_llama70b_plain_base_bbq.csv,outputs/new_outputs/m6_llama70b_original5/m6_llama70b_original5_20260415_195536/plain_direct/bbq/llama70b_plain_base_bbq/bbq_preds_llama70b_plain_base_bbq_instr_off_ALL.csv
llama70b,Llama 70B,intervention_ablation,bbq,BBQ Ambig.,diy_twopass_it_individuating,DIY Two Pass (IT),DIY Two Pass (IT),individuating,Individuation,Bias_score_ambig,nan,-0.19597783706135097,3.585915589301581,29238,200,results/new_results/m6_llama70b_original5/m6_llama70b_original5_20260415_195536/m6/eval/m6_l70b_two_pass_zero__ind__individuating/bbq/bbq_metrics.csv,outputs/new_outputs/m6_llama70b_original5/m6_llama70b_original5_20260415_195536/m6/eval/m6_l70b_two_pass_zero__ind__individuating/bbq/bbq_preds_m6_l70b_two_pass_zero__ind__individuating_self_debias_two_pass_individuating_bbq_firstpass_base_llama70b_instr_off_ALL.csv,ok,,bootstrap row CIs propagated as base_low-method_high/base_high-method_low,0,Bias score ambig.,5.349,5.349,1.697,results/new_results/m6_llama70b_original5/m6_llama70b_original5_20260415_195536/plain_direct/bbq/bbq_metrics_llama70b_plain_base_bbq.csv,outputs/new_outputs/m6_llama70b_original5/m6_llama70b_original5_20260415_195536/plain_direct/bbq/llama70b_plain_base_bbq/bbq_preds_llama70b_plain_base_bbq_instr_off_ALL.csv
llama70b,Llama 70B,intervention_ablation,bbq,BBQ Ambig.,icl_perspective_taking,ICL,ICL,perspective_taking,Perspective-taking,Bias_score_ambig,nan,-0.5108933579588157,3.195926533962642,29238,200,results/new_results/m4_base_icl_zero/m4_base_icl_zero_allmodels_20260514_005736/llama70b/bbq/bbq_metrics_m4_baseicl_zero_llama70b_pt_bbq.csv,outputs/new_outputs/m4_base_icl_zero/m4_base_icl_zero_allmodels_20260514_005736/llama70b/bbq/m4_baseicl_zero_llama70b_allstrat_bbq/bbq_preds_m4_baseicl_zero_llama70b_allstrat_bbq_instr_all_strategies_ALL.csv;outputs/new_outputs/m4_base_icl_zero/m4_base_icl_zero_allmodels_20260514_005736/llama70b/bbq/m4_baseicl_zero_llama70b_ci_bbq/bbq_preds_m4_baseicl_zero_llama70b_ci_bbq_instr_counter_imaging_ALL.csv;outputs/new_outputs/m4_base_icl_zero/m4_base_icl_zero_allmodels_20260514_005736/llama70b/bbq/m4_baseicl_zero_llama70b_ind_bbq/bbq_preds_m4_baseicl_zero_llama70b_ind_bbq_instr_individuating_ALL.csv;outputs/new_outputs/m4_base_icl_zero/m4_base_icl_zero_allmodels_20260514_005736/llama70b/bbq/m4_baseicl_zero_llama70b_pc_bbq/bbq_preds_m4_baseicl_zero_llama70b_pc_bbq_instr_positive_contact_ALL.csv;outputs/new_outputs/m4_base_icl_zero/m4_base_icl_zero_allmodels_20260514_005736/llama70b/bbq/m4_baseicl_zero_llama70b_pt_bbq/bbq_preds_m4_baseicl_zero_llama70b_pt_bbq_instr_perspective_taking_ALL.csv;outputs/new_outputs/m4_base_icl_zero/m4_base_icl_zero_allmodels_20260514_005736/llama70b/bbq/m4_baseicl_zero_llama70b_sr_bbq/bbq_preds_m4_baseicl_zero_llama70b_sr_bbq_instr_stereotype_replacement_ALL.csv,ok,,bootstrap row CIs propagated as base_low-method_high/base_high-method_low,0,Bias score ambig.,6.659,6.659,0.38700000000000045,results/new_results/m6_llama70b_original5/m6_llama70b_original5_20260415_195536/plain_direct/bbq/bbq_metrics_llama70b_plain_base_bbq.csv,outputs/new_outputs/m6_llama70b_original5/m6_llama70b_original5_20260415_195536/plain_direct/bbq/llama70b_plain_base_bbq/bbq_preds_llama70b_plain_base_bbq_instr_off_ALL.csv
llama70b,Llama 70B,intervention_ablation,bbq,BBQ Ambig.,diy_it_perspective_taking,DIY IT,DIY IT,perspective_taking,Perspective-taking,Bias_score_ambig,nan,-1.851186811683415,1.8420377590806503,29238,200,results/new_results/m3_finetune_llama70b_ms500/bbq/bbq_metrics_m3_llama70b_ms500_pt_bbq.csv,outputs/new_outputs/m3_finetune_llama70b_ms500/bbq/m3_llama70b_ms500_all_action_bbq/bbq_preds_m3_llama70b_ms500_all_action_bbq_instr_off_ALL.csv;outputs/new_outputs/m3_finetune_llama70b_ms500/bbq/m3_llama70b_ms500_all_allversions_bbq/bbq_preds_m3_llama70b_ms500_all_allversions_bbq_instr_off_ALL.csv;outputs/new_outputs/m3_finetune_llama70b_ms500/bbq/m3_llama70b_ms500_all_event_bbq/bbq_preds_m3_llama70b_ms500_all_event_bbq_instr_off_ALL.csv;outputs/new_outputs/m3_finetune_llama70b_ms500/bbq/m3_llama70b_ms500_all_opinion_bbq/bbq_preds_m3_llama70b_ms500_all_opinion_bbq_instr_off_ALL.csv;outputs/new_outputs/m3_finetune_llama70b_ms500/bbq/m3_llama70b_ms500_ci_bbq/bbq_preds_m3_llama70b_ms500_ci_bbq_instr_off_ALL.csv;outputs/new_outputs/m3_finetune_llama70b_ms500/bbq/m3_llama70b_ms500_ind_bbq/bbq_preds_m3_llama70b_ms500_ind_bbq_instr_off_ALL.csv;outputs/new_outputs/m3_finetune_llama70b_ms500/bbq/m3_llama70b_ms500_pc_bbq/bbq_preds_m3_llama70b_ms500_pc_bbq_instr_off_ALL.csv;outputs/new_outputs/m3_finetune_llama70b_ms500/bbq/m3_llama70b_ms500_pt_bbq/bbq_preds_m3_llama70b_ms500_pt_bbq_instr_off_ALL.csv;outputs/new_outputs/m3_finetune_llama70b_ms500/bbq/m3_llama70b_ms500_sr_bbq/bbq_preds_m3_llama70b_ms500_sr_bbq_instr_off_ALL.csv,ok,,bootstrap row CIs propagated as base_low-method_high/base_high-method_low,0,Bias score ambig.,7.035,7.035,0.01100000000000012,results/new_results/m6_llama70b_original5/m6_llama70b_original5_20260415_195536/plain_direct/bbq/bbq_metrics_llama70b_plain_base_bbq.csv,outputs/new_outputs/m6_llama70b_original5/m6_llama70b_original5_20260415_195536/plain_direct/bbq/llama70b_plain_base_bbq/bbq_preds_llama70b_plain_base_bbq_instr_off_ALL.csv
llama70b,Llama 70B,intervention_ablation,bbq,BBQ Ambig.,diy_twopass_no_it_perspective_taking,DIY Two Pass (No IT),DIY Two Pass (No IT),perspective_taking,Perspective-taking,Bias_score_ambig,nan,-0.38066899240712804,3.644144606334218,29238,200,results/new_results/m6_llama70b_original5/m6_llama70b_original5_20260415_195536/m6/eval/m6_l70b_two_pass_zero__base_perspective_taking__perspective_taking/bbq/bbq_metrics.csv,outputs/new_outputs/m6_llama70b_original5/m6_llama70b_original5_20260415_195536/m6/eval/m6_l70b_two_pass_zero__base_perspective_taking__perspective_taking/bbq/bbq_preds_m6_l70b_two_pass_zero__base_perspective_taking__perspective_taking_self_debias_two_pass_perspective_taking_bbq_firstpass_base_llama70b_instr_off_ALL.csv,ok,,bootstrap row CIs propagated as base_low-method_high/base_high-method_low,0,Bias score ambig.,5.435,5.435,1.6110000000000007,results/new_results/m6_llama70b_original5/m6_llama70b_original5_20260415_195536/plain_direct/bbq/bbq_metrics_llama70b_plain_base_bbq.csv,outputs/new_outputs/m6_llama70b_original5/m6_llama70b_original5_20260415_195536/plain_direct/bbq/llama70b_plain_base_bbq/bbq_preds_llama70b_plain_base_bbq_instr_off_ALL.csv
llama70b,Llama 70B,intervention_ablation,bbq,BBQ Ambig.,diy_twopass_it_perspective_taking,DIY Two Pass (IT),DIY Two Pass (IT),perspective_taking,Perspective-taking,Bias_score_ambig,nan,-2.5625042752582265,1.4836856146111241,29238,200,results/new_results/m6_llama70b_original5/m6_llama70b_original5_20260415_195536/m6/eval/m6_l70b_two_pass_zero__pt__perspective_taking/bbq/bbq_metrics.csv,outputs/new_outputs/m6_llama70b_original5/m6_llama70b_original5_20260415_195536/m6/eval/m6_l70b_two_pass_zero__pt__perspective_taking/bbq/bbq_preds_m6_l70b_two_pass_zero__pt__perspective_taking_self_debias_two_pass_perspective_taking_bbq_firstpass_pt_instr_off_ALL.csv,ok,,bootstrap row CIs propagated as base_low-method_high/base_high-method_low,0,Bias score ambig.,7.585,7.585,-0.5389999999999997,results/new_results/m6_llama70b_original5/m6_llama70b_original5_20260415_195536/plain_direct/bbq/bbq_metrics_llama70b_plain_base_bbq.csv,outputs/new_outputs/m6_llama70b_original5/m6_llama70b_original5_20260415_195536/plain_direct/bbq/llama70b_plain_base_bbq/bbq_preds_llama70b_plain_base_bbq_instr_off_ALL.csv
llama70b,Llama 70B,intervention_ablation,bbq,BBQ Ambig.,icl_counter_imaging,ICL,ICL,counter_imaging,Counter-stereotypic imaging,Bias_score_ambig,nan,-0.4645495587933528,3.340173746494279,29238,200,results/new_results/m4_base_icl_zero/m4_base_icl_zero_allmodels_20260514_005736/llama70b/bbq/bbq_metrics_m4_baseicl_zero_llama70b_ci_bbq.csv,outputs/new_outputs/m4_base_icl_zero/m4_base_icl_zero_allmodels_20260514_005736/llama70b/bbq/m4_baseicl_zero_llama70b_allstrat_bbq/bbq_preds_m4_baseicl_zero_llama70b_allstrat_bbq_instr_all_strategies_ALL.csv;outputs/new_outputs/m4_base_icl_zero/m4_base_icl_zero_allmodels_20260514_005736/llama70b/bbq/m4_baseicl_zero_llama70b_ci_bbq/bbq_preds_m4_baseicl_zero_llama70b_ci_bbq_instr_counter_imaging_ALL.csv;outputs/new_outputs/m4_base_icl_zero/m4_base_icl_zero_allmodels_20260514_005736/llama70b/bbq/m4_baseicl_zero_llama70b_ind_bbq/bbq_preds_m4_baseicl_zero_llama70b_ind_bbq_instr_individuating_ALL.csv;outputs/new_outputs/m4_base_icl_zero/m4_base_icl_zero_allmodels_20260514_005736/llama70b/bbq/m4_baseicl_zero_llama70b_pc_bbq/bbq_preds_m4_baseicl_zero_llama70b_pc_bbq_instr_positive_contact_ALL.csv;outputs/new_outputs/m4_base_icl_zero/m4_base_icl_zero_allmodels_20260514_005736/llama70b/bbq/m4_baseicl_zero_llama70b_pt_bbq/bbq_preds_m4_baseicl_zero_llama70b_pt_bbq_instr_perspective_taking_ALL.csv;outputs/new_outputs/m4_base_icl_zero/m4_base_icl_zero_allmodels_20260514_005736/llama70b/bbq/m4_baseicl_zero_llama70b_sr_bbq/bbq_preds_m4_baseicl_zero_llama70b_sr_bbq_instr_stereotype_replacement_ALL.csv,ok,,bootstrap row CIs propagated as base_low-method_high/base_high-method_low,0,Bias score ambig.,6.55,6.55,0.49600000000000044,results/new_results/m6_llama70b_original5/m6_llama70b_original5_20260415_195536/plain_direct/bbq/bbq_metrics_llama70b_plain_base_bbq.csv,outputs/new_outputs/m6_llama70b_original5/m6_llama70b_original5_20260415_195536/plain_direct/bbq/llama70b_plain_base_bbq/bbq_preds_llama70b_plain_base_bbq_instr_off_ALL.csv
llama70b,Llama 70B,intervention_ablation,bbq,BBQ Ambig.,diy_it_counter_imaging,DIY IT,DIY IT,counter_imaging,Counter-stereotypic imaging,Bias_score_ambig,nan,-2.0705075586565362,1.9070216841097132,29238,200,results/new_results/m3_finetune_llama70b_ms500/bbq/bbq_metrics_m3_llama70b_ms500_ci_bbq.csv,outputs/new_outputs/m3_finetune_llama70b_ms500/bbq/m3_llama70b_ms500_all_action_bbq/bbq_preds_m3_llama70b_ms500_all_action_bbq_instr_off_ALL.csv;outputs/new_outputs/m3_finetune_llama70b_ms500/bbq/m3_llama70b_ms500_all_allversions_bbq/bbq_preds_m3_llama70b_ms500_all_allversions_bbq_instr_off_ALL.csv;outputs/new_outputs/m3_finetune_llama70b_ms500/bbq/m3_llama70b_ms500_all_event_bbq/bbq_preds_m3_llama70b_ms500_all_event_bbq_instr_off_ALL.csv;outputs/new_outputs/m3_finetune_llama70b_ms500/bbq/m3_llama70b_ms500_all_opinion_bbq/bbq_preds_m3_llama70b_ms500_all_opinion_bbq_instr_off_ALL.csv;outputs/new_outputs/m3_finetune_llama70b_ms500/bbq/m3_llama70b_ms500_ci_bbq/bbq_preds_m3_llama70b_ms500_ci_bbq_instr_off_ALL.csv;outputs/new_outputs/m3_finetune_llama70b_ms500/bbq/m3_llama70b_ms500_ind_bbq/bbq_preds_m3_llama70b_ms500_ind_bbq_instr_off_ALL.csv;outputs/new_outputs/m3_finetune_llama70b_ms500/bbq/m3_llama70b_ms500_pc_bbq/bbq_preds_m3_llama70b_ms500_pc_bbq_instr_off_ALL.csv;outputs/new_outputs/m3_finetune_llama70b_ms500/bbq/m3_llama70b_ms500_pt_bbq/bbq_preds_m3_llama70b_ms500_pt_bbq_instr_off_ALL.csv;outputs/new_outputs/m3_finetune_llama70b_ms500/bbq/m3_llama70b_ms500_sr_bbq/bbq_preds_m3_llama70b_ms500_sr_bbq_instr_off_ALL.csv,ok,,bootstrap row CIs propagated as base_low-method_high/base_high-method_low,0,Bias score ambig.,6.762,6.762,0.2840000000000007,results/new_results/m6_llama70b_original5/m6_llama70b_original5_20260415_195536/plain_direct/bbq/bbq_metrics_llama70b_plain_base_bbq.csv,outputs/new_outputs/m6_llama70b_original5/m6_llama70b_original5_20260415_195536/plain_direct/bbq/llama70b_plain_base_bbq/bbq_preds_llama70b_plain_base_bbq_instr_off_ALL.csv
llama70b,Llama 70B,intervention_ablation,bbq,BBQ Ambig.,diy_twopass_no_it_counter_imaging,DIY Two Pass (No IT),DIY Two Pass (No IT),counter_imaging,Counter-stereotypic imaging,Bias_score_ambig,nan,1.056159792051445,5.025822559682606,29238,200,results/new_results/m6_llama70b_original5/m6_llama70b_original5_20260415_195536/m6/eval/m6_l70b_two_pass_zero__base_counter_imaging__counter_imaging/bbq/bbq_metrics.csv,outputs/new_outputs/m6_llama70b_original5/m6_llama70b_original5_20260415_195536/m6/eval/m6_l70b_two_pass_zero__base_counter_imaging__counter_imaging/bbq/bbq_preds_m6_l70b_two_pass_zero__base_counter_imaging__counter_imaging_self_debias_two_pass_counter_imaging_bbq_firstpass_base_llama70b_instr_off_ALL.csv,ok,,bootstrap row CIs propagated as base_low-method_high/base_high-method_low,0,Bias score ambig.,3.988,3.988,3.0580000000000003,results/new_results/m6_llama70b_original5/m6_llama70b_original5_20260415_195536/plain_direct/bbq/bbq_metrics_llama70b_plain_base_bbq.csv,outputs/new_outputs/m6_llama70b_original5/m6_llama70b_original5_20260415_195536/plain_direct/bbq/llama70b_plain_base_bbq/bbq_preds_llama70b_plain_base_bbq_instr_off_ALL.csv
llama70b,Llama 70B,intervention_ablation,bbq,BBQ Ambig.,diy_twopass_it_counter_imaging,DIY Two Pass (IT),DIY Two Pass (IT),counter_imaging,Counter-stereotypic imaging,Bias_score_ambig,nan,-1.4647034680894588,2.58644572132157,29238,200,results/new_results/m6_llama70b_original5/m6_llama70b_original5_20260415_195536/m6/eval/m6_l70b_two_pass_zero__ci__counter_imaging/bbq/bbq_metrics.csv,outputs/new_outputs/m6_llama70b_original5/m6_llama70b_original5_20260415_195536/m6/eval/m6_l70b_two_pass_zero__ci__counter_imaging/bbq/bbq_preds_m6_l70b_two_pass_zero__ci__counter_imaging_self_debias_two_pass_counter_imaging_bbq_firstpass_ci_instr_off_ALL.csv,ok,,bootstrap row CIs propagated as base_low-method_high/base_high-method_low,0,Bias score ambig.,6.662,6.662,0.38400000000000034,results/new_results/m6_llama70b_original5/m6_llama70b_original5_20260415_195536/plain_direct/bbq/bbq_metrics_llama70b_plain_base_bbq.csv,outputs/new_outputs/m6_llama70b_original5/m6_llama70b_original5_20260415_195536/plain_direct/bbq/llama70b_plain_base_bbq/bbq_preds_llama70b_plain_base_bbq_instr_off_ALL.csv
llama70b,Llama 70B,intervention_ablation,bbq,BBQ Ambig.,icl_positive_contact,ICL,ICL,positive_contact,Positive contact,Bias_score_ambig,nan,-0.4150420685409415,3.3193104863533787,29238,200,results/new_results/m4_base_icl_zero/m4_base_icl_zero_allmodels_20260514_005736/llama70b/bbq/bbq_metrics_m4_baseicl_zero_llama70b_pc_bbq.csv,outputs/new_outputs/m4_base_icl_zero/m4_base_icl_zero_allmodels_20260514_005736/llama70b/bbq/m4_baseicl_zero_llama70b_allstrat_bbq/bbq_preds_m4_baseicl_zero_llama70b_allstrat_bbq_instr_all_strategies_ALL.csv;outputs/new_outputs/m4_base_icl_zero/m4_base_icl_zero_allmodels_20260514_005736/llama70b/bbq/m4_baseicl_zero_llama70b_ci_bbq/bbq_preds_m4_baseicl_zero_llama70b_ci_bbq_instr_counter_imaging_ALL.csv;outputs/new_outputs/m4_base_icl_zero/m4_base_icl_zero_allmodels_20260514_005736/llama70b/bbq/m4_baseicl_zero_llama70b_ind_bbq/bbq_preds_m4_baseicl_zero_llama70b_ind_bbq_instr_individuating_ALL.csv;outputs/new_outputs/m4_base_icl_zero/m4_base_icl_zero_allmodels_20260514_005736/llama70b/bbq/m4_baseicl_zero_llama70b_pc_bbq/bbq_preds_m4_baseicl_zero_llama70b_pc_bbq_instr_positive_contact_ALL.csv;outputs/new_outputs/m4_base_icl_zero/m4_base_icl_zero_allmodels_20260514_005736/llama70b/bbq/m4_baseicl_zero_llama70b_pt_bbq/bbq_preds_m4_baseicl_zero_llama70b_pt_bbq_instr_perspective_taking_ALL.csv;outputs/new_outputs/m4_base_icl_zero/m4_base_icl_zero_allmodels_20260514_005736/llama70b/bbq/m4_baseicl_zero_llama70b_sr_bbq/bbq_preds_m4_baseicl_zero_llama70b_sr_bbq_instr_stereotype_replacement_ALL.csv,ok,,bootstrap row CIs propagated as base_low-method_high/base_high-method_low,0,Bias score ambig.,6.386,6.386,0.6600000000000001,results/new_results/m6_llama70b_original5/m6_llama70b_original5_20260415_195536/plain_direct/bbq/bbq_metrics_llama70b_plain_base_bbq.csv,outputs/new_outputs/m6_llama70b_original5/m6_llama70b_original5_20260415_195536/plain_direct/bbq/llama70b_plain_base_bbq/bbq_preds_llama70b_plain_base_bbq_instr_off_ALL.csv
llama70b,Llama 70B,intervention_ablation,bbq,BBQ Ambig.,diy_it_positive_contact,DIY IT,DIY IT,positive_contact,Positive contact,Bias_score_ambig,nan,-2.0192044599493757,1.989192147205694,29238,200,results/new_results/m3_finetune_llama70b_ms500/bbq/bbq_metrics_m3_llama70b_ms500_pc_bbq.csv,outputs/new_outputs/m3_finetune_llama70b_ms500/bbq/m3_llama70b_ms500_all_action_bbq/bbq_preds_m3_llama70b_ms500_all_action_bbq_instr_off_ALL.csv;outputs/new_outputs/m3_finetune_llama70b_ms500/bbq/m3_llama70b_ms500_all_allversions_bbq/bbq_preds_m3_llama70b_ms500_all_allversions_bbq_instr_off_ALL.csv;outputs/new_outputs/m3_finetune_llama70b_ms500/bbq/m3_llama70b_ms500_all_event_bbq/bbq_preds_m3_llama70b_ms500_all_event_bbq_instr_off_ALL.csv;outputs/new_outputs/m3_finetune_llama70b_ms500/bbq/m3_llama70b_ms500_all_opinion_bbq/bbq_preds_m3_llama70b_ms500_all_opinion_bbq_instr_off_ALL.csv;outputs/new_outputs/m3_finetune_llama70b_ms500/bbq/m3_llama70b_ms500_ci_bbq/bbq_preds_m3_llama70b_ms500_ci_bbq_instr_off_ALL.csv;outputs/new_outputs/m3_finetune_llama70b_ms500/bbq/m3_llama70b_ms500_ind_bbq/bbq_preds_m3_llama70b_ms500_ind_bbq_instr_off_ALL.csv;outputs/new_outputs/m3_finetune_llama70b_ms500/bbq/m3_llama70b_ms500_pc_bbq/bbq_preds_m3_llama70b_ms500_pc_bbq_instr_off_ALL.csv;outputs/new_outputs/m3_finetune_llama70b_ms500/bbq/m3_llama70b_ms500_pt_bbq/bbq_preds_m3_llama70b_ms500_pt_bbq_instr_off_ALL.csv;outputs/new_outputs/m3_finetune_llama70b_ms500/bbq/m3_llama70b_ms500_sr_bbq/bbq_preds_m3_llama70b_ms500_sr_bbq_instr_off_ALL.csv,ok,,bootstrap row CIs propagated as base_low-method_high/base_high-method_low,0,Bias score ambig.,7.052,7.052,-0.005999999999999339,results/new_results/m6_llama70b_original5/m6_llama70b_original5_20260415_195536/plain_direct/bbq/bbq_metrics_llama70b_plain_base_bbq.csv,outputs/new_outputs/m6_llama70b_original5/m6_llama70b_original5_20260415_195536/plain_direct/bbq/llama70b_plain_base_bbq/bbq_preds_llama70b_plain_base_bbq_instr_off_ALL.csv
llama70b,Llama 70B,intervention_ablation,bbq,BBQ Ambig.,diy_twopass_no_it_positive_contact,DIY Two Pass (No IT),DIY Two Pass (No IT),positive_contact,Positive contact,Bias_score_ambig,nan,-0.16536698816608553,3.87329844722621,29238,200,results/new_results/m6_llama70b_original5/m6_llama70b_original5_20260415_195536/m6/eval/m6_l70b_two_pass_zero__base_positive_contact__positive_contact/bbq/bbq_metrics.csv,outputs/new_outputs/m6_llama70b_original5/m6_llama70b_original5_20260415_195536/m6/eval/m6_l70b_two_pass_zero__base_positive_contact__positive_contact/bbq/bbq_preds_m6_l70b_two_pass_zero__base_positive_contact__positive_contact_self_debias_two_pass_positive_contact_bbq_firstpass_base_llama70b_instr_off_ALL.csv,ok,,bootstrap row CIs propagated as base_low-method_high/base_high-method_low,0,Bias score ambig.,5.39,5.39,1.6560000000000006,results/new_results/m6_llama70b_original5/m6_llama70b_original5_20260415_195536/plain_direct/bbq/bbq_metrics_llama70b_plain_base_bbq.csv,outputs/new_outputs/m6_llama70b_original5/m6_llama70b_original5_20260415_195536/plain_direct/bbq/llama70b_plain_base_bbq/bbq_preds_llama70b_plain_base_bbq_instr_off_ALL.csv
llama70b,Llama 70B,intervention_ablation,bbq,BBQ Ambig.,diy_twopass_it_positive_contact,DIY Two Pass (IT),DIY Two Pass (IT),positive_contact,Positive contact,Bias_score_ambig,nan,-3.0164511936520855,1.1477358232437194,29238,200,results/new_results/m6_llama70b_original5/m6_llama70b_original5_20260415_195536/m6/eval/m6_l70b_two_pass_zero__pc__positive_contact/bbq/bbq_metrics.csv,outputs/new_outputs/m6_llama70b_original5/m6_llama70b_original5_20260415_195536/m6/eval/m6_l70b_two_pass_zero__pc__positive_contact/bbq/bbq_preds_m6_l70b_two_pass_zero__pc__positive_contact_self_debias_two_pass_positive_contact_bbq_firstpass_pc_instr_off_ALL.csv,ok,,bootstrap row CIs propagated as base_low-method_high/base_high-method_low,0,Bias score ambig.,8.066,8.066,-1.0200000000000005,results/new_results/m6_llama70b_original5/m6_llama70b_original5_20260415_195536/plain_direct/bbq/bbq_metrics_llama70b_plain_base_bbq.csv,outputs/new_outputs/m6_llama70b_original5/m6_llama70b_original5_20260415_195536/plain_direct/bbq/llama70b_plain_base_bbq/bbq_preds_llama70b_plain_base_bbq_instr_off_ALL.csv
llama70b,Llama 70B,intervention_ablation,bbq,BBQ Disambig.,base,Base Model,Base Model,__base__,Base Model,Bias_score_disambig,0.0,0.0,0.0,,200,results/new_results/m6_llama70b_original5/m6_llama70b_original5_20260415_195536/plain_direct/bbq/bbq_metrics_llama70b_plain_base_bbq.csv,,base,,,0,Bias score disambig.,0.388,0.388,,,
llama70b,Llama 70B,intervention_ablation,bbq,BBQ Disambig.,icl_stereotype_replacement,ICL,ICL,stereotype_replacement,Stereotype replacement,Bias_score_disambig,nan,-2.1688411673069816,1.488392995583346,29238,200,results/new_results/m4_base_icl_zero/m4_base_icl_zero_allmodels_20260514_005736/llama70b/bbq/bbq_metrics_m4_baseicl_zero_llama70b_sr_bbq.csv,outputs/new_outputs/m4_base_icl_zero/m4_base_icl_zero_allmodels_20260514_005736/llama70b/bbq/m4_baseicl_zero_llama70b_allstrat_bbq/bbq_preds_m4_baseicl_zero_llama70b_allstrat_bbq_instr_all_strategies_ALL.csv;outputs/new_outputs/m4_base_icl_zero/m4_base_icl_zero_allmodels_20260514_005736/llama70b/bbq/m4_baseicl_zero_llama70b_ci_bbq/bbq_preds_m4_baseicl_zero_llama70b_ci_bbq_instr_counter_imaging_ALL.csv;outputs/new_outputs/m4_base_icl_zero/m4_base_icl_zero_allmodels_20260514_005736/llama70b/bbq/m4_baseicl_zero_llama70b_ind_bbq/bbq_preds_m4_baseicl_zero_llama70b_ind_bbq_instr_individuating_ALL.csv;outputs/new_outputs/m4_base_icl_zero/m4_base_icl_zero_allmodels_20260514_005736/llama70b/bbq/m4_baseicl_zero_llama70b_pc_bbq/bbq_preds_m4_baseicl_zero_llama70b_pc_bbq_instr_positive_contact_ALL.csv;outputs/new_outputs/m4_base_icl_zero/m4_base_icl_zero_allmodels_20260514_005736/llama70b/bbq/m4_baseicl_zero_llama70b_pt_bbq/bbq_preds_m4_baseicl_zero_llama70b_pt_bbq_instr_perspective_taking_ALL.csv;outputs/new_outputs/m4_base_icl_zero/m4_base_icl_zero_allmodels_20260514_005736/llama70b/bbq/m4_baseicl_zero_llama70b_sr_bbq/bbq_preds_m4_baseicl_zero_llama70b_sr_bbq_instr_stereotype_replacement_ALL.csv,ok,,bootstrap row CIs propagated as base_low-method_high/base_high-method_low,0,Bias score disambig.,0.761,0.761,-0.373,results/new_results/m6_llama70b_original5/m6_llama70b_original5_20260415_195536/plain_direct/bbq/bbq_metrics_llama70b_plain_base_bbq.csv,outputs/new_outputs/m6_llama70b_original5/m6_llama70b_original5_20260415_195536/plain_direct/bbq/llama70b_plain_base_bbq/bbq_preds_llama70b_plain_base_bbq_instr_off_ALL.csv
llama70b,Llama 70B,intervention_ablation,bbq,BBQ Disambig.,diy_it_stereotype_replacement,DIY IT,DIY IT,stereotype_replacement,Stereotype replacement,Bias_score_disambig,nan,-1.6619509580875493,1.5212528921449513,29238,200,results/new_results/m3_finetune_llama70b_ms500/bbq/bbq_metrics_m3_llama70b_ms500_sr_bbq.csv,outputs/new_outputs/m3_finetune_llama70b_ms500/bbq/m3_llama70b_ms500_all_action_bbq/bbq_preds_m3_llama70b_ms500_all_action_bbq_instr_off_ALL.csv;outputs/new_outputs/m3_finetune_llama70b_ms500/bbq/m3_llama70b_ms500_all_allversions_bbq/bbq_preds_m3_llama70b_ms500_all_allversions_bbq_instr_off_ALL.csv;outputs/new_outputs/m3_finetune_llama70b_ms500/bbq/m3_llama70b_ms500_all_event_bbq/bbq_preds_m3_llama70b_ms500_all_event_bbq_instr_off_ALL.csv;outputs/new_outputs/m3_finetune_llama70b_ms500/bbq/m3_llama70b_ms500_all_opinion_bbq/bbq_preds_m3_llama70b_ms500_all_opinion_bbq_instr_off_ALL.csv;outputs/new_outputs/m3_finetune_llama70b_ms500/bbq/m3_llama70b_ms500_ci_bbq/bbq_preds_m3_llama70b_ms500_ci_bbq_instr_off_ALL.csv;outputs/new_outputs/m3_finetune_llama70b_ms500/bbq/m3_llama70b_ms500_ind_bbq/bbq_preds_m3_llama70b_ms500_ind_bbq_instr_off_ALL.csv;outputs/new_outputs/m3_finetune_llama70b_ms500/bbq/m3_llama70b_ms500_pc_bbq/bbq_preds_m3_llama70b_ms500_pc_bbq_instr_off_ALL.csv;outputs/new_outputs/m3_finetune_llama70b_ms500/bbq/m3_llama70b_ms500_pt_bbq/bbq_preds_m3_llama70b_ms500_pt_bbq_instr_off_ALL.csv;outputs/new_outputs/m3_finetune_llama70b_ms500/bbq/m3_llama70b_ms500_sr_bbq/bbq_preds_m3_llama70b_ms500_sr_bbq_instr_off_ALL.csv,ok,,bootstrap row CIs propagated as base_low-method_high/base_high-method_low,0,Bias score disambig.,0.657,0.657,-0.269,results/new_results/m6_llama70b_original5/m6_llama70b_original5_20260415_195536/plain_direct/bbq/bbq_metrics_llama70b_plain_base_bbq.csv,outputs/new_outputs/m6_llama70b_original5/m6_llama70b_original5_20260415_195536/plain_direct/bbq/llama70b_plain_base_bbq/bbq_preds_llama70b_plain_base_bbq_instr_off_ALL.csv
llama70b,Llama 70B,intervention_ablation,bbq,BBQ Disambig.,diy_twopass_no_it_stereotype_replacement,DIY Two Pass (No IT),DIY Two Pass (No IT),stereotype_replacement,Stereotype replacement,Bias_score_disambig,nan,-1.337544981331104,1.5340439871723246,29238,200,results/new_results/m6_llama70b_original5/m6_llama70b_original5_20260415_195536/m6/eval/m6_l70b_two_pass_zero__base_stereotype_replacement__stereotype_replacement/bbq/bbq_metrics.csv,outputs/new_outputs/m6_llama70b_original5/m6_llama70b_original5_20260415_195536/m6/eval/m6_l70b_two_pass_zero__base_stereotype_replacement__stereotype_replacement/bbq/bbq_preds_m6_l70b_two_pass_zero__base_stereotype_replacement__stereotype_replacement_self_debias_two_pass_stereotype_replacement_bbq_firstpass_base_llama70b_instr_off_ALL.csv,ok,,bootstrap row CIs propagated as base_low-method_high/base_high-method_low,0,Bias score disambig.,0.323,0.323,0.065,results/new_results/m6_llama70b_original5/m6_llama70b_original5_20260415_195536/plain_direct/bbq/bbq_metrics_llama70b_plain_base_bbq.csv,outputs/new_outputs/m6_llama70b_original5/m6_llama70b_original5_20260415_195536/plain_direct/bbq/llama70b_plain_base_bbq/bbq_preds_llama70b_plain_base_bbq_instr_off_ALL.csv
llama70b,Llama 70B,intervention_ablation,bbq,BBQ Disambig.,diy_twopass_it_stereotype_replacement,DIY Two Pass (IT),DIY Two Pass (IT),stereotype_replacement,Stereotype replacement,Bias_score_disambig,nan,-3.9482761171771457,-0.015729855715785224,29238,200,results/new_results/m6_llama70b_original5/m6_llama70b_original5_20260415_195536/m6/eval/m6_l70b_two_pass_zero__sr__stereotype_replacement/bbq/bbq_metrics.csv,outputs/new_outputs/m6_llama70b_original5/m6_llama70b_original5_20260415_195536/m6/eval/m6_l70b_two_pass_zero__sr__stereotype_replacement/bbq/bbq_preds_m6_l70b_two_pass_zero__sr__stereotype_replacement_self_debias_two_pass_stereotype_replacement_bbq_firstpass_sr_instr_off_ALL.csv,ok,,bootstrap row CIs propagated as base_low-method_high/base_high-method_low,0,Bias score disambig.,2.903,2.903,-2.515,results/new_results/m6_llama70b_original5/m6_llama70b_original5_20260415_195536/plain_direct/bbq/bbq_metrics_llama70b_plain_base_bbq.csv,outputs/new_outputs/m6_llama70b_original5/m6_llama70b_original5_20260415_195536/plain_direct/bbq/llama70b_plain_base_bbq/bbq_preds_llama70b_plain_base_bbq_instr_off_ALL.csv
llama70b,Llama 70B,intervention_ablation,bbq,BBQ Disambig.,icl_individuating,ICL,ICL,individuating,Individuation,Bias_score_disambig,nan,-1.9081710035696418,1.4667400586180557,29238,200,results/new_results/m4_base_icl_zero/m4_base_icl_zero_allmodels_20260514_005736/llama70b/bbq/bbq_metrics_m4_baseicl_zero_llama70b_ind_bbq.csv,outputs/new_outputs/m4_base_icl_zero/m4_base_icl_zero_allmodels_20260514_005736/llama70b/bbq/m4_baseicl_zero_llama70b_allstrat_bbq/bbq_preds_m4_baseicl_zero_llama70b_allstrat_bbq_instr_all_strategies_ALL.csv;outputs/new_outputs/m4_base_icl_zero/m4_base_icl_zero_allmodels_20260514_005736/llama70b/bbq/m4_baseicl_zero_llama70b_ci_bbq/bbq_preds_m4_baseicl_zero_llama70b_ci_bbq_instr_counter_imaging_ALL.csv;outputs/new_outputs/m4_base_icl_zero/m4_base_icl_zero_allmodels_20260514_005736/llama70b/bbq/m4_baseicl_zero_llama70b_ind_bbq/bbq_preds_m4_baseicl_zero_llama70b_ind_bbq_instr_individuating_ALL.csv;outputs/new_outputs/m4_base_icl_zero/m4_base_icl_zero_allmodels_20260514_005736/llama70b/bbq/m4_baseicl_zero_llama70b_pc_bbq/bbq_preds_m4_baseicl_zero_llama70b_pc_bbq_instr_positive_contact_ALL.csv;outputs/new_outputs/m4_base_icl_zero/m4_base_icl_zero_allmodels_20260514_005736/llama70b/bbq/m4_baseicl_zero_llama70b_pt_bbq/bbq_preds_m4_baseicl_zero_llama70b_pt_bbq_instr_perspective_taking_ALL.csv;outputs/new_outputs/m4_base_icl_zero/m4_base_icl_zero_allmodels_20260514_005736/llama70b/bbq/m4_baseicl_zero_llama70b_sr_bbq/bbq_preds_m4_baseicl_zero_llama70b_sr_bbq_instr_stereotype_replacement_ALL.csv,ok,,bootstrap row CIs propagated as base_low-method_high/base_high-method_low,0,Bias score disambig.,0.599,0.599,-0.21099999999999997,results/new_results/m6_llama70b_original5/m6_llama70b_original5_20260415_195536/plain_direct/bbq/bbq_metrics_llama70b_plain_base_bbq.csv,outputs/new_outputs/m6_llama70b_original5/m6_llama70b_original5_20260415_195536/plain_direct/bbq/llama70b_plain_base_bbq/bbq_preds_llama70b_plain_base_bbq_instr_off_ALL.csv
llama70b,Llama 70B,intervention_ablation,bbq,BBQ Disambig.,diy_it_individuating,DIY IT,DIY IT,individuating,Individuation,Bias_score_disambig,nan,-1.694572968834494,1.508755932950088,29238,200,results/new_results/m3_finetune_llama70b_ms500/bbq/bbq_metrics_m3_llama70b_ms500_ind_bbq.csv,outputs/new_outputs/m3_finetune_llama70b_ms500/bbq/m3_llama70b_ms500_all_action_bbq/bbq_preds_m3_llama70b_ms500_all_action_bbq_instr_off_ALL.csv;outputs/new_outputs/m3_finetune_llama70b_ms500/bbq/m3_llama70b_ms500_all_allversions_bbq/bbq_preds_m3_llama70b_ms500_all_allversions_bbq_instr_off_ALL.csv;outputs/new_outputs/m3_finetune_llama70b_ms500/bbq/m3_llama70b_ms500_all_event_bbq/bbq_preds_m3_llama70b_ms500_all_event_bbq_instr_off_ALL.csv;outputs/new_outputs/m3_finetune_llama70b_ms500/bbq/m3_llama70b_ms500_all_opinion_bbq/bbq_preds_m3_llama70b_ms500_all_opinion_bbq_instr_off_ALL.csv;outputs/new_outputs/m3_finetune_llama70b_ms500/bbq/m3_llama70b_ms500_ci_bbq/bbq_preds_m3_llama70b_ms500_ci_bbq_instr_off_ALL.csv;outputs/new_outputs/m3_finetune_llama70b_ms500/bbq/m3_llama70b_ms500_ind_bbq/bbq_preds_m3_llama70b_ms500_ind_bbq_instr_off_ALL.csv;outputs/new_outputs/m3_finetune_llama70b_ms500/bbq/m3_llama70b_ms500_pc_bbq/bbq_preds_m3_llama70b_ms500_pc_bbq_instr_off_ALL.csv;outputs/new_outputs/m3_finetune_llama70b_ms500/bbq/m3_llama70b_ms500_pt_bbq/bbq_preds_m3_llama70b_ms500_pt_bbq_instr_off_ALL.csv;outputs/new_outputs/m3_finetune_llama70b_ms500/bbq/m3_llama70b_ms500_sr_bbq/bbq_preds_m3_llama70b_ms500_sr_bbq_instr_off_ALL.csv,ok,,bootstrap row CIs propagated as base_low-method_high/base_high-method_low,0,Bias score disambig.,0.648,0.648,-0.26,results/new_results/m6_llama70b_original5/m6_llama70b_original5_20260415_195536/plain_direct/bbq/bbq_metrics_llama70b_plain_base_bbq.csv,outputs/new_outputs/m6_llama70b_original5/m6_llama70b_original5_20260415_195536/plain_direct/bbq/llama70b_plain_base_bbq/bbq_preds_llama70b_plain_base_bbq_instr_off_ALL.csv
llama70b,Llama 70B,intervention_ablation,bbq,BBQ Disambig.,diy_twopass_no_it_individuating,DIY Two Pass (No IT),DIY Two Pass (No IT),individuating,Individuation,Bias_score_disambig,nan,-1.1705443534416073,1.5375778616501616,29238,200,results/new_results/m6_llama70b_original5/m6_llama70b_original5_20260415_195536/m6/eval/m6_l70b_two_pass_zero__base_individuating__individuating/bbq/bbq_metrics.csv,outputs/new_outputs/m6_llama70b_original5/m6_llama70b_original5_20260415_195536/m6/eval/m6_l70b_two_pass_zero__base_individuating__individuating/bbq/bbq_preds_m6_l70b_two_pass_zero__base_individuating__individuating_self_debias_two_pass_individuating_bbq_firstpass_base_llama70b_instr_off_ALL.csv,ok,,bootstrap row CIs propagated as base_low-method_high/base_high-method_low,0,Bias score disambig.,-0.107,0.107,0.281,results/new_results/m6_llama70b_original5/m6_llama70b_original5_20260415_195536/plain_direct/bbq/bbq_metrics_llama70b_plain_base_bbq.csv,outputs/new_outputs/m6_llama70b_original5/m6_llama70b_original5_20260415_195536/plain_direct/bbq/llama70b_plain_base_bbq/bbq_preds_llama70b_plain_base_bbq_instr_off_ALL.csv
llama70b,Llama 70B,intervention_ablation,bbq,BBQ Disambig.,diy_twopass_it_individuating,DIY Two Pass (IT),DIY Two Pass (IT),individuating,Individuation,Bias_score_disambig,nan,-2.5906415697365452,1.238563680746176,29238,200,results/new_results/m6_llama70b_original5/m6_llama70b_original5_20260415_195536/m6/eval/m6_l70b_two_pass_zero__ind__individuating/bbq/bbq_metrics.csv,outputs/new_outputs/m6_llama70b_original5/m6_llama70b_original5_20260415_195536/m6/eval/m6_l70b_two_pass_zero__ind__individuating/bbq/bbq_preds_m6_l70b_two_pass_zero__ind__individuating_self_debias_two_pass_individuating_bbq_firstpass_base_llama70b_instr_off_ALL.csv,ok,,bootstrap row CIs propagated as base_low-method_high/base_high-method_low,0,Bias score disambig.,1.588,1.588,-1.2000000000000002,results/new_results/m6_llama70b_original5/m6_llama70b_original5_20260415_195536/plain_direct/bbq/bbq_metrics_llama70b_plain_base_bbq.csv,outputs/new_outputs/m6_llama70b_original5/m6_llama70b_original5_20260415_195536/plain_direct/bbq/llama70b_plain_base_bbq/bbq_preds_llama70b_plain_base_bbq_instr_off_ALL.csv
llama70b,Llama 70B,intervention_ablation,bbq,BBQ Disambig.,icl_perspective_taking,ICL,ICL,perspective_taking,Perspective-taking,Bias_score_disambig,nan,-2.1591194866072265,1.4660364358000024,29238,200,results/new_results/m4_base_icl_zero/m4_base_icl_zero_allmodels_20260514_005736/llama70b/bbq/bbq_metrics_m4_baseicl_zero_llama70b_pt_bbq.csv,outputs/new_outputs/m4_base_icl_zero/m4_base_icl_zero_allmodels_20260514_005736/llama70b/bbq/m4_baseicl_zero_llama70b_allstrat_bbq/bbq_preds_m4_baseicl_zero_llama70b_allstrat_bbq_instr_all_strategies_ALL.csv;outputs/new_outputs/m4_base_icl_zero/m4_base_icl_zero_allmodels_20260514_005736/llama70b/bbq/m4_baseicl_zero_llama70b_ci_bbq/bbq_preds_m4_baseicl_zero_llama70b_ci_bbq_instr_counter_imaging_ALL.csv;outputs/new_outputs/m4_base_icl_zero/m4_base_icl_zero_allmodels_20260514_005736/llama70b/bbq/m4_baseicl_zero_llama70b_ind_bbq/bbq_preds_m4_baseicl_zero_llama70b_ind_bbq_instr_individuating_ALL.csv;outputs/new_outputs/m4_base_icl_zero/m4_base_icl_zero_allmodels_20260514_005736/llama70b/bbq/m4_baseicl_zero_llama70b_pc_bbq/bbq_preds_m4_baseicl_zero_llama70b_pc_bbq_instr_positive_contact_ALL.csv;outputs/new_outputs/m4_base_icl_zero/m4_base_icl_zero_allmodels_20260514_005736/llama70b/bbq/m4_baseicl_zero_llama70b_pt_bbq/bbq_preds_m4_baseicl_zero_llama70b_pt_bbq_instr_perspective_taking_ALL.csv;outputs/new_outputs/m4_base_icl_zero/m4_base_icl_zero_allmodels_20260514_005736/llama70b/bbq/m4_baseicl_zero_llama70b_sr_bbq/bbq_preds_m4_baseicl_zero_llama70b_sr_bbq_instr_stereotype_replacement_ALL.csv,ok,,bootstrap row CIs propagated as base_low-method_high/base_high-method_low,0,Bias score disambig.,0.495,0.495,-0.10699999999999998,results/new_results/m6_llama70b_original5/m6_llama70b_original5_20260415_195536/plain_direct/bbq/bbq_metrics_llama70b_plain_base_bbq.csv,outputs/new_outputs/m6_llama70b_original5/m6_llama70b_original5_20260415_195536/plain_direct/bbq/llama70b_plain_base_bbq/bbq_preds_llama70b_plain_base_bbq_instr_off_ALL.csv
llama70b,Llama 70B,intervention_ablation,bbq,BBQ Disambig.,diy_it_perspective_taking,DIY IT,DIY IT,perspective_taking,Perspective-taking,Bias_score_disambig,nan,-1.9018385902727717,1.5293081072279473,29238,200,results/new_results/m3_finetune_llama70b_ms500/bbq/bbq_metrics_m3_llama70b_ms500_pt_bbq.csv,outputs/new_outputs/m3_finetune_llama70b_ms500/bbq/m3_llama70b_ms500_all_action_bbq/bbq_preds_m3_llama70b_ms500_all_action_bbq_instr_off_ALL.csv;outputs/new_outputs/m3_finetune_llama70b_ms500/bbq/m3_llama70b_ms500_all_allversions_bbq/bbq_preds_m3_llama70b_ms500_all_allversions_bbq_instr_off_ALL.csv;outputs/new_outputs/m3_finetune_llama70b_ms500/bbq/m3_llama70b_ms500_all_event_bbq/bbq_preds_m3_llama70b_ms500_all_event_bbq_instr_off_ALL.csv;outputs/new_outputs/m3_finetune_llama70b_ms500/bbq/m3_llama70b_ms500_all_opinion_bbq/bbq_preds_m3_llama70b_ms500_all_opinion_bbq_instr_off_ALL.csv;outputs/new_outputs/m3_finetune_llama70b_ms500/bbq/m3_llama70b_ms500_ci_bbq/bbq_preds_m3_llama70b_ms500_ci_bbq_instr_off_ALL.csv;outputs/new_outputs/m3_finetune_llama70b_ms500/bbq/m3_llama70b_ms500_ind_bbq/bbq_preds_m3_llama70b_ms500_ind_bbq_instr_off_ALL.csv;outputs/new_outputs/m3_finetune_llama70b_ms500/bbq/m3_llama70b_ms500_pc_bbq/bbq_preds_m3_llama70b_ms500_pc_bbq_instr_off_ALL.csv;outputs/new_outputs/m3_finetune_llama70b_ms500/bbq/m3_llama70b_ms500_pt_bbq/bbq_preds_m3_llama70b_ms500_pt_bbq_instr_off_ALL.csv;outputs/new_outputs/m3_finetune_llama70b_ms500/bbq/m3_llama70b_ms500_sr_bbq/bbq_preds_m3_llama70b_ms500_sr_bbq_instr_off_ALL.csv,ok,,bootstrap row CIs propagated as base_low-method_high/base_high-method_low,0,Bias score disambig.,0.766,0.766,-0.378,results/new_results/m6_llama70b_original5/m6_llama70b_original5_20260415_195536/plain_direct/bbq/bbq_metrics_llama70b_plain_base_bbq.csv,outputs/new_outputs/m6_llama70b_original5/m6_llama70b_original5_20260415_195536/plain_direct/bbq/llama70b_plain_base_bbq/bbq_preds_llama70b_plain_base_bbq_instr_off_ALL.csv
llama70b,Llama 70B,intervention_ablation,bbq,BBQ Disambig.,diy_twopass_no_it_perspective_taking,DIY Two Pass (No IT),DIY Two Pass (No IT),perspective_taking,Perspective-taking,Bias_score_disambig,nan,-1.4444132684541253,1.5411547142408628,29238,200,results/new_results/m6_llama70b_original5/m6_llama70b_original5_20260415_195536/m6/eval/m6_l70b_two_pass_zero__base_perspective_taking__perspective_taking/bbq/bbq_metrics.csv,outputs/new_outputs/m6_llama70b_original5/m6_llama70b_original5_20260415_195536/m6/eval/m6_l70b_two_pass_zero__base_perspective_taking__perspective_taking/bbq/bbq_preds_m6_l70b_two_pass_zero__base_perspective_taking__perspective_taking_self_debias_two_pass_perspective_taking_bbq_firstpass_base_llama70b_instr_off_ALL.csv,ok,,bootstrap row CIs propagated as base_low-method_high/base_high-method_low,0,Bias score disambig.,-0.324,0.324,0.064,results/new_results/m6_llama70b_original5/m6_llama70b_original5_20260415_195536/plain_direct/bbq/bbq_metrics_llama70b_plain_base_bbq.csv,outputs/new_outputs/m6_llama70b_original5/m6_llama70b_original5_20260415_195536/plain_direct/bbq/llama70b_plain_base_bbq/bbq_preds_llama70b_plain_base_bbq_instr_off_ALL.csv
llama70b,Llama 70B,intervention_ablation,bbq,BBQ Disambig.,diy_twopass_it_perspective_taking,DIY Two Pass (IT),DIY Two Pass (IT),perspective_taking,Perspective-taking,Bias_score_disambig,nan,-2.385276906922779,1.3285644261116087,29238,200,results/new_results/m6_llama70b_original5/m6_llama70b_original5_20260415_195536/m6/eval/m6_l70b_two_pass_zero__pt__perspective_taking/bbq/bbq_metrics.csv,outputs/new_outputs/m6_llama70b_original5/m6_llama70b_original5_20260415_195536/m6/eval/m6_l70b_two_pass_zero__pt__perspective_taking/bbq/bbq_preds_m6_l70b_two_pass_zero__pt__perspective_taking_self_debias_two_pass_perspective_taking_bbq_firstpass_pt_instr_off_ALL.csv,ok,,bootstrap row CIs propagated as base_low-method_high/base_high-method_low,0,Bias score disambig.,1.408,1.408,-1.02,results/new_results/m6_llama70b_original5/m6_llama70b_original5_20260415_195536/plain_direct/bbq/bbq_metrics_llama70b_plain_base_bbq.csv,outputs/new_outputs/m6_llama70b_original5/m6_llama70b_original5_20260415_195536/plain_direct/bbq/llama70b_plain_base_bbq/bbq_preds_llama70b_plain_base_bbq_instr_off_ALL.csv
llama70b,Llama 70B,intervention_ablation,bbq,BBQ Disambig.,icl_counter_imaging,ICL,ICL,counter_imaging,Counter-stereotypic imaging,Bias_score_disambig,nan,-2.0005038224588447,1.531882183285434,29238,200,results/new_results/m4_base_icl_zero/m4_base_icl_zero_allmodels_20260514_005736/llama70b/bbq/bbq_metrics_m4_baseicl_zero_llama70b_ci_bbq.csv,outputs/new_outputs/m4_base_icl_zero/m4_base_icl_zero_allmodels_20260514_005736/llama70b/bbq/m4_baseicl_zero_llama70b_allstrat_bbq/bbq_preds_m4_baseicl_zero_llama70b_allstrat_bbq_instr_all_strategies_ALL.csv;outputs/new_outputs/m4_base_icl_zero/m4_base_icl_zero_allmodels_20260514_005736/llama70b/bbq/m4_baseicl_zero_llama70b_ci_bbq/bbq_preds_m4_baseicl_zero_llama70b_ci_bbq_instr_counter_imaging_ALL.csv;outputs/new_outputs/m4_base_icl_zero/m4_base_icl_zero_allmodels_20260514_005736/llama70b/bbq/m4_baseicl_zero_llama70b_ind_bbq/bbq_preds_m4_baseicl_zero_llama70b_ind_bbq_instr_individuating_ALL.csv;outputs/new_outputs/m4_base_icl_zero/m4_base_icl_zero_allmodels_20260514_005736/llama70b/bbq/m4_baseicl_zero_llama70b_pc_bbq/bbq_preds_m4_baseicl_zero_llama70b_pc_bbq_instr_positive_contact_ALL.csv;outputs/new_outputs/m4_base_icl_zero/m4_base_icl_zero_allmodels_20260514_005736/llama70b/bbq/m4_baseicl_zero_llama70b_pt_bbq/bbq_preds_m4_baseicl_zero_llama70b_pt_bbq_instr_perspective_taking_ALL.csv;outputs/new_outputs/m4_base_icl_zero/m4_base_icl_zero_allmodels_20260514_005736/llama70b/bbq/m4_baseicl_zero_llama70b_sr_bbq/bbq_preds_m4_baseicl_zero_llama70b_sr_bbq_instr_stereotype_replacement_ALL.csv,ok,,bootstrap row CIs propagated as base_low-method_high/base_high-method_low,0,Bias score disambig.,0.664,0.664,-0.276,results/new_results/m6_llama70b_original5/m6_llama70b_original5_20260415_195536/plain_direct/bbq/bbq_metrics_llama70b_plain_base_bbq.csv,outputs/new_outputs/m6_llama70b_original5/m6_llama70b_original5_20260415_195536/plain_direct/bbq/llama70b_plain_base_bbq/bbq_preds_llama70b_plain_base_bbq_instr_off_ALL.csv
llama70b,Llama 70B,intervention_ablation,bbq,BBQ Disambig.,diy_it_counter_imaging,DIY IT,DIY IT,counter_imaging,Counter-stereotypic imaging,Bias_score_disambig,nan,-1.7951754471696288,1.5052175012858797,29238,200,results/new_results/m3_finetune_llama70b_ms500/bbq/bbq_metrics_m3_llama70b_ms500_ci_bbq.csv,outputs/new_outputs/m3_finetune_llama70b_ms500/bbq/m3_llama70b_ms500_all_action_bbq/bbq_preds_m3_llama70b_ms500_all_action_bbq_instr_off_ALL.csv;outputs/new_outputs/m3_finetune_llama70b_ms500/bbq/m3_llama70b_ms500_all_allversions_bbq/bbq_preds_m3_llama70b_ms500_all_allversions_bbq_instr_off_ALL.csv;outputs/new_outputs/m3_finetune_llama70b_ms500/bbq/m3_llama70b_ms500_all_event_bbq/bbq_preds_m3_llama70b_ms500_all_event_bbq_instr_off_ALL.csv;outputs/new_outputs/m3_finetune_llama70b_ms500/bbq/m3_llama70b_ms500_all_opinion_bbq/bbq_preds_m3_llama70b_ms500_all_opinion_bbq_instr_off_ALL.csv;outputs/new_outputs/m3_finetune_llama70b_ms500/bbq/m3_llama70b_ms500_ci_bbq/bbq_preds_m3_llama70b_ms500_ci_bbq_instr_off_ALL.csv;outputs/new_outputs/m3_finetune_llama70b_ms500/bbq/m3_llama70b_ms500_ind_bbq/bbq_preds_m3_llama70b_ms500_ind_bbq_instr_off_ALL.csv;outputs/new_outputs/m3_finetune_llama70b_ms500/bbq/m3_llama70b_ms500_pc_bbq/bbq_preds_m3_llama70b_ms500_pc_bbq_instr_off_ALL.csv;outputs/new_outputs/m3_finetune_llama70b_ms500/bbq/m3_llama70b_ms500_pt_bbq/bbq_preds_m3_llama70b_ms500_pt_bbq_instr_off_ALL.csv;outputs/new_outputs/m3_finetune_llama70b_ms500/bbq/m3_llama70b_ms500_sr_bbq/bbq_preds_m3_llama70b_ms500_sr_bbq_instr_off_ALL.csv,ok,,bootstrap row CIs propagated as base_low-method_high/base_high-method_low,0,Bias score disambig.,0.717,0.717,-0.32899999999999996,results/new_results/m6_llama70b_original5/m6_llama70b_original5_20260415_195536/plain_direct/bbq/bbq_metrics_llama70b_plain_base_bbq.csv,outputs/new_outputs/m6_llama70b_original5/m6_llama70b_original5_20260415_195536/plain_direct/bbq/llama70b_plain_base_bbq/bbq_preds_llama70b_plain_base_bbq_instr_off_ALL.csv
llama70b,Llama 70B,intervention_ablation,bbq,BBQ Disambig.,diy_twopass_no_it_counter_imaging,DIY Two Pass (No IT),DIY Two Pass (No IT),counter_imaging,Counter-stereotypic imaging,Bias_score_disambig,nan,-1.7117317184184966,1.547915810266948,29238,200,results/new_results/m6_llama70b_original5/m6_llama70b_original5_20260415_195536/m6/eval/m6_l70b_two_pass_zero__base_counter_imaging__counter_imaging/bbq/bbq_metrics.csv,outputs/new_outputs/m6_llama70b_original5/m6_llama70b_original5_20260415_195536/m6/eval/m6_l70b_two_pass_zero__base_counter_imaging__counter_imaging/bbq/bbq_preds_m6_l70b_two_pass_zero__base_counter_imaging__counter_imaging_self_debias_two_pass_counter_imaging_bbq_firstpass_base_llama70b_instr_off_ALL.csv,ok,,bootstrap row CIs propagated as base_low-method_high/base_high-method_low,0,Bias score disambig.,-0.435,0.435,-0.046999999999999986,results/new_results/m6_llama70b_original5/m6_llama70b_original5_20260415_195536/plain_direct/bbq/bbq_metrics_llama70b_plain_base_bbq.csv,outputs/new_outputs/m6_llama70b_original5/m6_llama70b_original5_20260415_195536/plain_direct/bbq/llama70b_plain_base_bbq/bbq_preds_llama70b_plain_base_bbq_instr_off_ALL.csv
llama70b,Llama 70B,intervention_ablation,bbq,BBQ Disambig.,diy_twopass_it_counter_imaging,DIY Two Pass (IT),DIY Two Pass (IT),counter_imaging,Counter-stereotypic imaging,Bias_score_disambig,nan,-1.509196244020175,1.537957363535424,29238,200,results/new_results/m6_llama70b_original5/m6_llama70b_original5_20260415_195536/m6/eval/m6_l70b_two_pass_zero__ci__counter_imaging/bbq/bbq_metrics.csv,outputs/new_outputs/m6_llama70b_original5/m6_llama70b_original5_20260415_195536/m6/eval/m6_l70b_two_pass_zero__ci__counter_imaging/bbq/bbq_preds_m6_l70b_two_pass_zero__ci__counter_imaging_self_debias_two_pass_counter_imaging_bbq_firstpass_ci_instr_off_ALL.csv,ok,,bootstrap row CIs propagated as base_low-method_high/base_high-method_low,0,Bias score disambig.,0.453,0.453,-0.065,results/new_results/m6_llama70b_original5/m6_llama70b_original5_20260415_195536/plain_direct/bbq/bbq_metrics_llama70b_plain_base_bbq.csv,outputs/new_outputs/m6_llama70b_original5/m6_llama70b_original5_20260415_195536/plain_direct/bbq/llama70b_plain_base_bbq/bbq_preds_llama70b_plain_base_bbq_instr_off_ALL.csv
llama70b,Llama 70B,intervention_ablation,bbq,BBQ Disambig.,icl_positive_contact,ICL,ICL,positive_contact,Positive contact,Bias_score_disambig,nan,-1.894906337303053,1.5185075086209872,29238,200,results/new_results/m4_base_icl_zero/m4_base_icl_zero_allmodels_20260514_005736/llama70b/bbq/bbq_metrics_m4_baseicl_zero_llama70b_pc_bbq.csv,outputs/new_outputs/m4_base_icl_zero/m4_base_icl_zero_allmodels_20260514_005736/llama70b/bbq/m4_baseicl_zero_llama70b_allstrat_bbq/bbq_preds_m4_baseicl_zero_llama70b_allstrat_bbq_instr_all_strategies_ALL.csv;outputs/new_outputs/m4_base_icl_zero/m4_base_icl_zero_allmodels_20260514_005736/llama70b/bbq/m4_baseicl_zero_llama70b_ci_bbq/bbq_preds_m4_baseicl_zero_llama70b_ci_bbq_instr_counter_imaging_ALL.csv;outputs/new_outputs/m4_base_icl_zero/m4_base_icl_zero_allmodels_20260514_005736/llama70b/bbq/m4_baseicl_zero_llama70b_ind_bbq/bbq_preds_m4_baseicl_zero_llama70b_ind_bbq_instr_individuating_ALL.csv;outputs/new_outputs/m4_base_icl_zero/m4_base_icl_zero_allmodels_20260514_005736/llama70b/bbq/m4_baseicl_zero_llama70b_pc_bbq/bbq_preds_m4_baseicl_zero_llama70b_pc_bbq_instr_positive_contact_ALL.csv;outputs/new_outputs/m4_base_icl_zero/m4_base_icl_zero_allmodels_20260514_005736/llama70b/bbq/m4_baseicl_zero_llama70b_pt_bbq/bbq_preds_m4_baseicl_zero_llama70b_pt_bbq_instr_perspective_taking_ALL.csv;outputs/new_outputs/m4_base_icl_zero/m4_base_icl_zero_allmodels_20260514_005736/llama70b/bbq/m4_baseicl_zero_llama70b_sr_bbq/bbq_preds_m4_baseicl_zero_llama70b_sr_bbq_instr_stereotype_replacement_ALL.csv,ok,,bootstrap row CIs propagated as base_low-method_high/base_high-method_low,0,Bias score disambig.,0.445,0.445,-0.056999999999999995,results/new_results/m6_llama70b_original5/m6_llama70b_original5_20260415_195536/plain_direct/bbq/bbq_metrics_llama70b_plain_base_bbq.csv,outputs/new_outputs/m6_llama70b_original5/m6_llama70b_original5_20260415_195536/plain_direct/bbq/llama70b_plain_base_bbq/bbq_preds_llama70b_plain_base_bbq_instr_off_ALL.csv
llama70b,Llama 70B,intervention_ablation,bbq,BBQ Disambig.,diy_it_positive_contact,DIY IT,DIY IT,positive_contact,Positive contact,Bias_score_disambig,nan,-1.918335905488454,1.5089805384720913,29238,200,results/new_results/m3_finetune_llama70b_ms500/bbq/bbq_metrics_m3_llama70b_ms500_pc_bbq.csv,outputs/new_outputs/m3_finetune_llama70b_ms500/bbq/m3_llama70b_ms500_all_action_bbq/bbq_preds_m3_llama70b_ms500_all_action_bbq_instr_off_ALL.csv;outputs/new_outputs/m3_finetune_llama70b_ms500/bbq/m3_llama70b_ms500_all_allversions_bbq/bbq_preds_m3_llama70b_ms500_all_allversions_bbq_instr_off_ALL.csv;outputs/new_outputs/m3_finetune_llama70b_ms500/bbq/m3_llama70b_ms500_all_event_bbq/bbq_preds_m3_llama70b_ms500_all_event_bbq_instr_off_ALL.csv;outputs/new_outputs/m3_finetune_llama70b_ms500/bbq/m3_llama70b_ms500_all_opinion_bbq/bbq_preds_m3_llama70b_ms500_all_opinion_bbq_instr_off_ALL.csv;outputs/new_outputs/m3_finetune_llama70b_ms500/bbq/m3_llama70b_ms500_ci_bbq/bbq_preds_m3_llama70b_ms500_ci_bbq_instr_off_ALL.csv;outputs/new_outputs/m3_finetune_llama70b_ms500/bbq/m3_llama70b_ms500_ind_bbq/bbq_preds_m3_llama70b_ms500_ind_bbq_instr_off_ALL.csv;outputs/new_outputs/m3_finetune_llama70b_ms500/bbq/m3_llama70b_ms500_pc_bbq/bbq_preds_m3_llama70b_ms500_pc_bbq_instr_off_ALL.csv;outputs/new_outputs/m3_finetune_llama70b_ms500/bbq/m3_llama70b_ms500_pt_bbq/bbq_preds_m3_llama70b_ms500_pt_bbq_instr_off_ALL.csv;outputs/new_outputs/m3_finetune_llama70b_ms500/bbq/m3_llama70b_ms500_sr_bbq/bbq_preds_m3_llama70b_ms500_sr_bbq_instr_off_ALL.csv,ok,,bootstrap row CIs propagated as base_low-method_high/base_high-method_low,0,Bias score disambig.,0.714,0.714,-0.32599999999999996,results/new_results/m6_llama70b_original5/m6_llama70b_original5_20260415_195536/plain_direct/bbq/bbq_metrics_llama70b_plain_base_bbq.csv,outputs/new_outputs/m6_llama70b_original5/m6_llama70b_original5_20260415_195536/plain_direct/bbq/llama70b_plain_base_bbq/bbq_preds_llama70b_plain_base_bbq_instr_off_ALL.csv
llama70b,Llama 70B,intervention_ablation,bbq,BBQ Disambig.,diy_twopass_no_it_positive_contact,DIY Two Pass (No IT),DIY Two Pass (No IT),positive_contact,Positive contact,Bias_score_disambig,nan,-1.5354160087818325,1.55139727303803,29238,200,results/new_results/m6_llama70b_original5/m6_llama70b_original5_20260415_195536/m6/eval/m6_l70b_two_pass_zero__base_positive_contact__positive_contact/bbq/bbq_metrics.csv,outputs/new_outputs/m6_llama70b_original5/m6_llama70b_original5_20260415_195536/m6/eval/m6_l70b_two_pass_zero__base_positive_contact__positive_contact/bbq/bbq_preds_m6_l70b_two_pass_zero__base_positive_contact__positive_contact_self_debias_two_pass_positive_contact_bbq_firstpass_base_llama70b_instr_off_ALL.csv,ok,,bootstrap row CIs propagated as base_low-method_high/base_high-method_low,0,Bias score disambig.,-0.472,0.472,-0.08399999999999996,results/new_results/m6_llama70b_original5/m6_llama70b_original5_20260415_195536/plain_direct/bbq/bbq_metrics_llama70b_plain_base_bbq.csv,outputs/new_outputs/m6_llama70b_original5/m6_llama70b_original5_20260415_195536/plain_direct/bbq/llama70b_plain_base_bbq/bbq_preds_llama70b_plain_base_bbq_instr_off_ALL.csv
llama70b,Llama 70B,intervention_ablation,bbq,BBQ Disambig.,diy_twopass_it_positive_contact,DIY Two Pass (IT),DIY Two Pass (IT),positive_contact,Positive contact,Bias_score_disambig,nan,-1.304835995698548,1.5343834908527878,29238,200,results/new_results/m6_llama70b_original5/m6_llama70b_original5_20260415_195536/m6/eval/m6_l70b_two_pass_zero__pc__positive_contact/bbq/bbq_metrics.csv,outputs/new_outputs/m6_llama70b_original5/m6_llama70b_original5_20260415_195536/m6/eval/m6_l70b_two_pass_zero__pc__positive_contact/bbq/bbq_preds_m6_l70b_two_pass_zero__pc__positive_contact_self_debias_two_pass_positive_contact_bbq_firstpass_pc_instr_off_ALL.csv,ok,,bootstrap row CIs propagated as base_low-method_high/base_high-method_low,0,Bias score disambig.,0.388,0.388,0.0,results/new_results/m6_llama70b_original5/m6_llama70b_original5_20260415_195536/plain_direct/bbq/bbq_metrics_llama70b_plain_base_bbq.csv,outputs/new_outputs/m6_llama70b_original5/m6_llama70b_original5_20260415_195536/plain_direct/bbq/llama70b_plain_base_bbq/bbq_preds_llama70b_plain_base_bbq_instr_off_ALL.csv
llama70b,Llama 70B,intervention_ablation,winobias,WinoBias,base,Base Model,Base Model,__base__,Base Model,abs_pro_anti_gap,0.0,0.0,0.0,,200,results/new_results/m6_llama70b_original5/m6_llama70b_original5_20260415_195536/plain_direct/evalshared/winobias/llama70b_plain_base_winobias/winobias_metrics_overall_llama70b_plain_base_winobias.csv,,base,,,0,Abs. pro/anti gap,0.14393939,0.14393939,,,
llama70b,Llama 70B,intervention_ablation,winobias,WinoBias,icl_stereotype_replacement,ICL,ICL,stereotype_replacement,Stereotype replacement,abs_pro_anti_gap,nan,-0.05364673216791502,0.05941238285015843,1584,200,results/new_results/m4_base_icl_zero/m4_base_icl_zero_allmodels_20260514_005736/llama70b/evalshared/winobias/m4_baseicl_zero_llama70b_sr_winobias/winobias_metrics_overall_m4_baseicl_zero_llama70b_sr_winobias.csv,outputs/new_outputs/m4_base_icl_zero/m4_base_icl_zero_allmodels_20260514_005736/llama70b/evalshared/winobias/m4_baseicl_zero_llama70b_sr_winobias/winobias_predictions_m4_baseicl_zero_llama70b_sr_winobias.csv,ok,,bootstrap row CIs propagated as base_low-method_high/base_high-method_low,0,Abs. pro/anti gap,0.14393939,0.14393939,0.0,results/new_results/m6_llama70b_original5/m6_llama70b_original5_20260415_195536/plain_direct/evalshared/winobias/llama70b_plain_base_winobias/winobias_metrics_overall_llama70b_plain_base_winobias.csv,outputs/new_outputs/m6_llama70b_original5/m6_llama70b_original5_20260415_195536/plain_direct/evalshared/winobias/llama70b_plain_base_winobias/winobias_predictions_llama70b_plain_base_winobias.csv
llama70b,Llama 70B,intervention_ablation,winobias,WinoBias,diy_it_stereotype_replacement,DIY IT,DIY IT,stereotype_replacement,Stereotype replacement,abs_pro_anti_gap,nan,-0.045962326064779985,0.06869025737153828,1584,200,results/new_results/m3_finetune_llama70b_ms500/evalshared/winobias/m3_llama70b_ms500_sr_winobias/winobias_metrics_overall_m3_llama70b_ms500_sr_winobias.csv,outputs/new_outputs/m3_finetune_llama70b_ms500/evalshared/winobias/m3_llama70b_ms500_sr_winobias/winobias_predictions_m3_llama70b_ms500_sr_winobias.csv,ok,,bootstrap row CIs propagated as base_low-method_high/base_high-method_low,0,Abs. pro/anti gap,0.13383838,0.13383838,0.010101009999999994,results/new_results/m6_llama70b_original5/m6_llama70b_original5_20260415_195536/plain_direct/evalshared/winobias/llama70b_plain_base_winobias/winobias_metrics_overall_llama70b_plain_base_winobias.csv,outputs/new_outputs/m6_llama70b_original5/m6_llama70b_original5_20260415_195536/plain_direct/evalshared/winobias/llama70b_plain_base_winobias/winobias_predictions_llama70b_plain_base_winobias.csv
llama70b,Llama 70B,intervention_ablation,winobias,WinoBias,diy_twopass_no_it_stereotype_replacement,DIY Two Pass (No IT),DIY Two Pass (No IT),stereotype_replacement,Stereotype replacement,abs_pro_anti_gap,nan,-0.0021710356194643426,0.1518246943941162,1584,200,results/new_results/m6_llama70b_original5/m6_llama70b_original5_20260415_195536/m6/eval/m6_l70b_two_pass_zero__base_stereotype_replacement__stereotype_replacement/winobias/winobias/m6_l70b_two_pass_zero__base_stereotype_replacement__stereotype_replacement_self_debias_two_pass_stereotype_replacement/winobias_metrics_overall_m6_l70b_two_pass_zero__base_stereotype_replacement__stereotype_replacement_self_debias_two_pass_stereotype_replacement.csv,outputs/new_outputs/m6_llama70b_original5/m6_llama70b_original5_20260415_195536/m6/eval/m6_l70b_two_pass_zero__base_stereotype_replacement__stereotype_replacement/winobias/winobias/m6_l70b_two_pass_zero__base_stereotype_replacement__stereotype_replacement_self_debias_two_pass_stereotype_replacement/winobias_predictions_m6_l70b_two_pass_zero__base_stereotype_replacement__stereotype_replacement_self_debias_two_pass_stereotype_replacement.csv,ok,,bootstrap row CIs propagated as base_low-method_high/base_high-method_low,0,Abs. pro/anti gap,0.065656566,0.065656566,0.078282824,results/new_results/m6_llama70b_original5/m6_llama70b_original5_20260415_195536/plain_direct/evalshared/winobias/llama70b_plain_base_winobias/winobias_metrics_overall_llama70b_plain_base_winobias.csv,outputs/new_outputs/m6_llama70b_original5/m6_llama70b_original5_20260415_195536/plain_direct/evalshared/winobias/llama70b_plain_base_winobias/winobias_predictions_llama70b_plain_base_winobias.csv
llama70b,Llama 70B,intervention_ablation,winobias,WinoBias,diy_twopass_it_stereotype_replacement,DIY Two Pass (IT),DIY Two Pass (IT),stereotype_replacement,Stereotype replacement,abs_pro_anti_gap,nan,0.017060251762213444,0.16067293282978867,1584,200,results/new_results/m6_llama70b_original5/m6_llama70b_original5_20260415_195536/m6/eval/m6_l70b_two_pass_zero__sr__stereotype_replacement/winobias/winobias/m6_l70b_two_pass_zero__sr__stereotype_replacement_self_debias_two_pass_stereotype_replacement/winobias_metrics_overall_m6_l70b_two_pass_zero__sr__stereotype_replacement_self_debias_two_pass_stereotype_replacement.csv,outputs/new_outputs/m6_llama70b_original5/m6_llama70b_original5_20260415_195536/m6/eval/m6_l70b_two_pass_zero__sr__stereotype_replacement/winobias/winobias/m6_l70b_two_pass_zero__sr__stereotype_replacement_self_debias_two_pass_stereotype_replacement/winobias_predictions_m6_l70b_two_pass_zero__sr__stereotype_replacement_self_debias_two_pass_stereotype_replacement.csv,ok,,bootstrap row CIs propagated as base_low-method_high/base_high-method_low,0,Abs. pro/anti gap,0.055555556,0.055555556,0.088383834,results/new_results/m6_llama70b_original5/m6_llama70b_original5_20260415_195536/plain_direct/evalshared/winobias/llama70b_plain_base_winobias/winobias_metrics_overall_llama70b_plain_base_winobias.csv,outputs/new_outputs/m6_llama70b_original5/m6_llama70b_original5_20260415_195536/plain_direct/evalshared/winobias/llama70b_plain_base_winobias/winobias_predictions_llama70b_plain_base_winobias.csv
llama70b,Llama 70B,intervention_ablation,winobias,WinoBias,icl_individuating,ICL,ICL,individuating,Individuation,abs_pro_anti_gap,nan,-0.053317374550534924,0.05817986540665726,1584,200,results/new_results/m4_base_icl_zero/m4_base_icl_zero_allmodels_20260514_005736/llama70b/evalshared/winobias/m4_baseicl_zero_llama70b_ind_winobias/winobias_metrics_overall_m4_baseicl_zero_llama70b_ind_winobias.csv,outputs/new_outputs/m4_base_icl_zero/m4_base_icl_zero_allmodels_20260514_005736/llama70b/evalshared/winobias/m4_baseicl_zero_llama70b_ind_winobias/winobias_predictions_m4_baseicl_zero_llama70b_ind_winobias.csv,ok,,bootstrap row CIs propagated as base_low-method_high/base_high-method_low,0,Abs. pro/anti gap,0.14393939,0.14393939,0.0,results/new_results/m6_llama70b_original5/m6_llama70b_original5_20260415_195536/plain_direct/evalshared/winobias/llama70b_plain_base_winobias/winobias_metrics_overall_llama70b_plain_base_winobias.csv,outputs/new_outputs/m6_llama70b_original5/m6_llama70b_original5_20260415_195536/plain_direct/evalshared/winobias/llama70b_plain_base_winobias/winobias_predictions_llama70b_plain_base_winobias.csv
llama70b,Llama 70B,intervention_ablation,winobias,WinoBias,diy_it_individuating,DIY IT,DIY IT,individuating,Individuation,abs_pro_anti_gap,nan,-0.05317743924508045,0.0631263997304484,1584,200,results/new_results/m3_finetune_llama70b_ms500/evalshared/winobias/m3_llama70b_ms500_ind_winobias/winobias_metrics_overall_m3_llama70b_ms500_ind_winobias.csv,outputs/new_outputs/m3_finetune_llama70b_ms500/evalshared/winobias/m3_llama70b_ms500_ind_winobias/winobias_predictions_m3_llama70b_ms500_ind_winobias.csv,ok,,bootstrap row CIs propagated as base_low-method_high/base_high-method_low,0,Abs. pro/anti gap,0.14141414,0.14141414,0.0025252500000000067,results/new_results/m6_llama70b_original5/m6_llama70b_original5_20260415_195536/plain_direct/evalshared/winobias/llama70b_plain_base_winobias/winobias_metrics_overall_llama70b_plain_base_winobias.csv,outputs/new_outputs/m6_llama70b_original5/m6_llama70b_original5_20260415_195536/plain_direct/evalshared/winobias/llama70b_plain_base_winobias/winobias_predictions_llama70b_plain_base_winobias.csv
llama70b,Llama 70B,intervention_ablation,winobias,WinoBias,diy_twopass_no_it_individuating,DIY Two Pass (No IT),DIY Two Pass (No IT),individuating,Individuation,abs_pro_anti_gap,nan,-0.005723895759166278,0.1473350819480421,1584,200,results/new_results/m6_llama70b_original5/m6_llama70b_original5_20260415_195536/m6/eval/m6_l70b_two_pass_zero__base_individuating__individuating/winobias/winobias/m6_l70b_two_pass_zero__base_individuating__individuating_self_debias_two_pass_individuating/winobias_metrics_overall_m6_l70b_two_pass_zero__base_individuating__individuating_self_debias_two_pass_individuating.csv,outputs/new_outputs/m6_llama70b_original5/m6_llama70b_original5_20260415_195536/m6/eval/m6_l70b_two_pass_zero__base_individuating__individuating/winobias/winobias/m6_l70b_two_pass_zero__base_individuating__individuating_self_debias_two_pass_individuating/winobias_predictions_m6_l70b_two_pass_zero__base_individuating__individuating_self_debias_two_pass_individuating.csv,ok,,bootstrap row CIs propagated as base_low-method_high/base_high-method_low,0,Abs. pro/anti gap,0.073232323,0.073232323,0.070707067,results/new_results/m6_llama70b_original5/m6_llama70b_original5_20260415_195536/plain_direct/evalshared/winobias/llama70b_plain_base_winobias/winobias_metrics_overall_llama70b_plain_base_winobias.csv,outputs/new_outputs/m6_llama70b_original5/m6_llama70b_original5_20260415_195536/plain_direct/evalshared/winobias/llama70b_plain_base_winobias/winobias_predictions_llama70b_plain_base_winobias.csv
llama70b,Llama 70B,intervention_ablation,winobias,WinoBias,diy_twopass_it_individuating,DIY Two Pass (IT),DIY Two Pass (IT),individuating,Individuation,abs_pro_anti_gap,nan,-0.00414061308374733,0.14744300346236952,1584,200,results/new_results/m6_llama70b_original5/m6_llama70b_original5_20260415_195536/m6/eval/m6_l70b_two_pass_zero__ind__individuating/winobias/winobias/m6_l70b_two_pass_zero__ind__individuating_self_debias_two_pass_individuating/winobias_metrics_overall_m6_l70b_two_pass_zero__ind__individuating_self_debias_two_pass_individuating.csv,outputs/new_outputs/m6_llama70b_original5/m6_llama70b_original5_20260415_195536/m6/eval/m6_l70b_two_pass_zero__ind__individuating/winobias/winobias/m6_l70b_two_pass_zero__ind__individuating_self_debias_two_pass_individuating/winobias_predictions_m6_l70b_two_pass_zero__ind__individuating_self_debias_two_pass_individuating.csv,ok,,bootstrap row CIs propagated as base_low-method_high/base_high-method_low,0,Abs. pro/anti gap,0.071969697,0.071969697,0.071969693,results/new_results/m6_llama70b_original5/m6_llama70b_original5_20260415_195536/plain_direct/evalshared/winobias/llama70b_plain_base_winobias/winobias_metrics_overall_llama70b_plain_base_winobias.csv,outputs/new_outputs/m6_llama70b_original5/m6_llama70b_original5_20260415_195536/plain_direct/evalshared/winobias/llama70b_plain_base_winobias/winobias_predictions_llama70b_plain_base_winobias.csv
llama70b,Llama 70B,intervention_ablation,winobias,WinoBias,icl_perspective_taking,ICL,ICL,perspective_taking,Perspective-taking,abs_pro_anti_gap,nan,-0.05010544956175206,0.053192670969484754,1584,200,results/new_results/m4_base_icl_zero/m4_base_icl_zero_allmodels_20260514_005736/llama70b/evalshared/winobias/m4_baseicl_zero_llama70b_pt_winobias/winobias_metrics_overall_m4_baseicl_zero_llama70b_pt_winobias.csv,outputs/new_outputs/m4_base_icl_zero/m4_base_icl_zero_allmodels_20260514_005736/llama70b/evalshared/winobias/m4_baseicl_zero_llama70b_pt_winobias/winobias_predictions_m4_baseicl_zero_llama70b_pt_winobias.csv,ok,,bootstrap row CIs propagated as base_low-method_high/base_high-method_low,0,Abs. pro/anti gap,0.14393939,0.14393939,0.0,results/new_results/m6_llama70b_original5/m6_llama70b_original5_20260415_195536/plain_direct/evalshared/winobias/llama70b_plain_base_winobias/winobias_metrics_overall_llama70b_plain_base_winobias.csv,outputs/new_outputs/m6_llama70b_original5/m6_llama70b_original5_20260415_195536/plain_direct/evalshared/winobias/llama70b_plain_base_winobias/winobias_predictions_llama70b_plain_base_winobias.csv
llama70b,Llama 70B,intervention_ablation,winobias,WinoBias,diy_it_perspective_taking,DIY IT,DIY IT,perspective_taking,Perspective-taking,abs_pro_anti_gap,nan,-0.0493022082788106,0.07051899878220591,1584,200,results/new_results/m3_finetune_llama70b_ms500/evalshared/winobias/m3_llama70b_ms500_pt_winobias/winobias_metrics_overall_m3_llama70b_ms500_pt_winobias.csv,outputs/new_outputs/m3_finetune_llama70b_ms500/evalshared/winobias/m3_llama70b_ms500_pt_winobias/winobias_predictions_m3_llama70b_ms500_pt_winobias.csv,ok,,bootstrap row CIs propagated as base_low-method_high/base_high-method_low,0,Abs. pro/anti gap,0.13636364,0.13636364,0.007575749999999992,results/new_results/m6_llama70b_original5/m6_llama70b_original5_20260415_195536/plain_direct/evalshared/winobias/llama70b_plain_base_winobias/winobias_metrics_overall_llama70b_plain_base_winobias.csv,outputs/new_outputs/m6_llama70b_original5/m6_llama70b_original5_20260415_195536/plain_direct/evalshared/winobias/llama70b_plain_base_winobias/winobias_predictions_llama70b_plain_base_winobias.csv
llama70b,Llama 70B,intervention_ablation,winobias,WinoBias,diy_twopass_no_it_perspective_taking,DIY Two Pass (No IT),DIY Two Pass (No IT),perspective_taking,Perspective-taking,abs_pro_anti_gap,nan,0.018287017575480485,0.16527308622741943,1584,200,results/new_results/m6_llama70b_original5/m6_llama70b_original5_20260415_195536/m6/eval/m6_l70b_two_pass_zero__base_perspective_taking__perspective_taking/winobias/winobias/m6_l70b_two_pass_zero__base_perspective_taking__perspective_taking_self_debias_two_pass_perspective_taking/winobias_metrics_overall_m6_l70b_two_pass_zero__base_perspective_taking__perspective_taking_self_debias_two_pass_perspective_taking.csv,outputs/new_outputs/m6_llama70b_original5/m6_llama70b_original5_20260415_195536/m6/eval/m6_l70b_two_pass_zero__base_perspective_taking__perspective_taking/winobias/winobias/m6_l70b_two_pass_zero__base_perspective_taking__perspective_taking_self_debias_two_pass_perspective_taking/winobias_predictions_m6_l70b_two_pass_zero__base_perspective_taking__perspective_taking_self_debias_two_pass_perspective_taking.csv,ok,,bootstrap row CIs propagated as base_low-method_high/base_high-method_low,0,Abs. pro/anti gap,0.053030303,0.053030303,0.090909087,results/new_results/m6_llama70b_original5/m6_llama70b_original5_20260415_195536/plain_direct/evalshared/winobias/llama70b_plain_base_winobias/winobias_metrics_overall_llama70b_plain_base_winobias.csv,outputs/new_outputs/m6_llama70b_original5/m6_llama70b_original5_20260415_195536/plain_direct/evalshared/winobias/llama70b_plain_base_winobias/winobias_predictions_llama70b_plain_base_winobias.csv
llama70b,Llama 70B,intervention_ablation,winobias,WinoBias,diy_twopass_it_perspective_taking,DIY Two Pass (IT),DIY Two Pass (IT),perspective_taking,Perspective-taking,abs_pro_anti_gap,nan,-0.02505038191477757,0.11270430530028314,1584,200,results/new_results/m6_llama70b_original5/m6_llama70b_original5_20260415_195536/m6/eval/m6_l70b_two_pass_zero__pt__perspective_taking/winobias/winobias/m6_l70b_two_pass_zero__pt__perspective_taking_self_debias_two_pass_perspective_taking/winobias_metrics_overall_m6_l70b_two_pass_zero__pt__perspective_taking_self_debias_two_pass_perspective_taking.csv,outputs/new_outputs/m6_llama70b_original5/m6_llama70b_original5_20260415_195536/m6/eval/m6_l70b_two_pass_zero__pt__perspective_taking/winobias/winobias/m6_l70b_two_pass_zero__pt__perspective_taking_self_debias_two_pass_perspective_taking/winobias_predictions_m6_l70b_two_pass_zero__pt__perspective_taking_self_debias_two_pass_perspective_taking.csv,ok,,bootstrap row CIs propagated as base_low-method_high/base_high-method_low,0,Abs. pro/anti gap,0.095959596,0.095959596,0.047979794000000006,results/new_results/m6_llama70b_original5/m6_llama70b_original5_20260415_195536/plain_direct/evalshared/winobias/llama70b_plain_base_winobias/winobias_metrics_overall_llama70b_plain_base_winobias.csv,outputs/new_outputs/m6_llama70b_original5/m6_llama70b_original5_20260415_195536/plain_direct/evalshared/winobias/llama70b_plain_base_winobias/winobias_predictions_llama70b_plain_base_winobias.csv
llama70b,Llama 70B,intervention_ablation,winobias,WinoBias,icl_counter_imaging,ICL,ICL,counter_imaging,Counter-stereotypic imaging,abs_pro_anti_gap,nan,-0.05437072255873737,0.05906885994010774,1584,200,results/new_results/m4_base_icl_zero/m4_base_icl_zero_allmodels_20260514_005736/llama70b/evalshared/winobias/m4_baseicl_zero_llama70b_ci_winobias/winobias_metrics_overall_m4_baseicl_zero_llama70b_ci_winobias.csv,outputs/new_outputs/m4_base_icl_zero/m4_base_icl_zero_allmodels_20260514_005736/llama70b/evalshared/winobias/m4_baseicl_zero_llama70b_ci_winobias/winobias_predictions_m4_baseicl_zero_llama70b_ci_winobias.csv,ok,,bootstrap row CIs propagated as base_low-method_high/base_high-method_low,0,Abs. pro/anti gap,0.14393939,0.14393939,0.0,results/new_results/m6_llama70b_original5/m6_llama70b_original5_20260415_195536/plain_direct/evalshared/winobias/llama70b_plain_base_winobias/winobias_metrics_overall_llama70b_plain_base_winobias.csv,outputs/new_outputs/m6_llama70b_original5/m6_llama70b_original5_20260415_195536/plain_direct/evalshared/winobias/llama70b_plain_base_winobias/winobias_predictions_llama70b_plain_base_winobias.csv
llama70b,Llama 70B,intervention_ablation,winobias,WinoBias,diy_it_counter_imaging,DIY IT,DIY IT,counter_imaging,Counter-stereotypic imaging,abs_pro_anti_gap,nan,-0.052160115419861736,0.06227624378302929,1584,200,results/new_results/m3_finetune_llama70b_ms500/evalshared/winobias/m3_llama70b_ms500_ci_winobias/winobias_metrics_overall_m3_llama70b_ms500_ci_winobias.csv,outputs/new_outputs/m3_finetune_llama70b_ms500/evalshared/winobias/m3_llama70b_ms500_ci_winobias/winobias_predictions_m3_llama70b_ms500_ci_winobias.csv,ok,,bootstrap row CIs propagated as base_low-method_high/base_high-method_low,0,Abs. pro/anti gap,0.13636364,0.13636364,0.007575749999999992,results/new_results/m6_llama70b_original5/m6_llama70b_original5_20260415_195536/plain_direct/evalshared/winobias/llama70b_plain_base_winobias/winobias_metrics_overall_llama70b_plain_base_winobias.csv,outputs/new_outputs/m6_llama70b_original5/m6_llama70b_original5_20260415_195536/plain_direct/evalshared/winobias/llama70b_plain_base_winobias/winobias_predictions_llama70b_plain_base_winobias.csv
llama70b,Llama 70B,intervention_ablation,winobias,WinoBias,diy_twopass_no_it_counter_imaging,DIY Two Pass (No IT),DIY Two Pass (No IT),counter_imaging,Counter-stereotypic imaging,abs_pro_anti_gap,nan,0.01289403524343044,0.16168511146345152,1584,200,results/new_results/m6_llama70b_original5/m6_llama70b_original5_20260415_195536/m6/eval/m6_l70b_two_pass_zero__base_counter_imaging__counter_imaging/winobias/winobias/m6_l70b_two_pass_zero__base_counter_imaging__counter_imaging_self_debias_two_pass_counter_imaging/winobias_metrics_overall_m6_l70b_two_pass_zero__base_counter_imaging__counter_imaging_self_debias_two_pass_counter_imaging.csv,outputs/new_outputs/m6_llama70b_original5/m6_llama70b_original5_20260415_195536/m6/eval/m6_l70b_two_pass_zero__base_counter_imaging__counter_imaging/winobias/winobias/m6_l70b_two_pass_zero__base_counter_imaging__counter_imaging_self_debias_two_pass_counter_imaging/winobias_predictions_m6_l70b_two_pass_zero__base_counter_imaging__counter_imaging_self_debias_two_pass_counter_imaging.csv,ok,,bootstrap row CIs propagated as base_low-method_high/base_high-method_low,0,Abs. pro/anti gap,0.060606061,0.060606061,0.083333329,results/new_results/m6_llama70b_original5/m6_llama70b_original5_20260415_195536/plain_direct/evalshared/winobias/llama70b_plain_base_winobias/winobias_metrics_overall_llama70b_plain_base_winobias.csv,outputs/new_outputs/m6_llama70b_original5/m6_llama70b_original5_20260415_195536/plain_direct/evalshared/winobias/llama70b_plain_base_winobias/winobias_predictions_llama70b_plain_base_winobias.csv
llama70b,Llama 70B,intervention_ablation,winobias,WinoBias,diy_twopass_it_counter_imaging,DIY Two Pass (IT),DIY Two Pass (IT),counter_imaging,Counter-stereotypic imaging,abs_pro_anti_gap,nan,-0.02327093503010011,0.12396252801620439,1584,200,results/new_results/m6_llama70b_original5/m6_llama70b_original5_20260415_195536/m6/eval/m6_l70b_two_pass_zero__ci__counter_imaging/winobias/winobias/m6_l70b_two_pass_zero__ci__counter_imaging_self_debias_two_pass_counter_imaging/winobias_metrics_overall_m6_l70b_two_pass_zero__ci__counter_imaging_self_debias_two_pass_counter_imaging.csv,outputs/new_outputs/m6_llama70b_original5/m6_llama70b_original5_20260415_195536/m6/eval/m6_l70b_two_pass_zero__ci__counter_imaging/winobias/winobias/m6_l70b_two_pass_zero__ci__counter_imaging_self_debias_two_pass_counter_imaging/winobias_predictions_m6_l70b_two_pass_zero__ci__counter_imaging_self_debias_two_pass_counter_imaging.csv,ok,,bootstrap row CIs propagated as base_low-method_high/base_high-method_low,0,Abs. pro/anti gap,0.095959596,0.095959596,0.047979794000000006,results/new_results/m6_llama70b_original5/m6_llama70b_original5_20260415_195536/plain_direct/evalshared/winobias/llama70b_plain_base_winobias/winobias_metrics_overall_llama70b_plain_base_winobias.csv,outputs/new_outputs/m6_llama70b_original5/m6_llama70b_original5_20260415_195536/plain_direct/evalshared/winobias/llama70b_plain_base_winobias/winobias_predictions_llama70b_plain_base_winobias.csv
llama70b,Llama 70B,intervention_ablation,winobias,WinoBias,icl_positive_contact,ICL,ICL,positive_contact,Positive contact,abs_pro_anti_gap,nan,-0.05035155879281472,0.060961814080064486,1584,200,results/new_results/m4_base_icl_zero/m4_base_icl_zero_allmodels_20260514_005736/llama70b/evalshared/winobias/m4_baseicl_zero_llama70b_pc_winobias/winobias_metrics_overall_m4_baseicl_zero_llama70b_pc_winobias.csv,outputs/new_outputs/m4_base_icl_zero/m4_base_icl_zero_allmodels_20260514_005736/llama70b/evalshared/winobias/m4_baseicl_zero_llama70b_pc_winobias/winobias_predictions_m4_baseicl_zero_llama70b_pc_winobias.csv,ok,,bootstrap row CIs propagated as base_low-method_high/base_high-method_low,0,Abs. pro/anti gap,0.14393939,0.14393939,0.0,results/new_results/m6_llama70b_original5/m6_llama70b_original5_20260415_195536/plain_direct/evalshared/winobias/llama70b_plain_base_winobias/winobias_metrics_overall_llama70b_plain_base_winobias.csv,outputs/new_outputs/m6_llama70b_original5/m6_llama70b_original5_20260415_195536/plain_direct/evalshared/winobias/llama70b_plain_base_winobias/winobias_predictions_llama70b_plain_base_winobias.csv
llama70b,Llama 70B,intervention_ablation,winobias,WinoBias,diy_it_positive_contact,DIY IT,DIY IT,positive_contact,Positive contact,abs_pro_anti_gap,nan,-0.05708501366983018,0.06381186227631487,1584,200,results/new_results/m3_finetune_llama70b_ms500/evalshared/winobias/m3_llama70b_ms500_pc_winobias/winobias_metrics_overall_m3_llama70b_ms500_pc_winobias.csv,outputs/new_outputs/m3_finetune_llama70b_ms500/evalshared/winobias/m3_llama70b_ms500_pc_winobias/winobias_predictions_m3_llama70b_ms500_pc_winobias.csv,ok,,bootstrap row CIs propagated as base_low-method_high/base_high-method_low,0,Abs. pro/anti gap,0.14141414,0.14141414,0.0025252500000000067,results/new_results/m6_llama70b_original5/m6_llama70b_original5_20260415_195536/plain_direct/evalshared/winobias/llama70b_plain_base_winobias/winobias_metrics_overall_llama70b_plain_base_winobias.csv,outputs/new_outputs/m6_llama70b_original5/m6_llama70b_original5_20260415_195536/plain_direct/evalshared/winobias/llama70b_plain_base_winobias/winobias_predictions_llama70b_plain_base_winobias.csv
llama70b,Llama 70B,intervention_ablation,winobias,WinoBias,diy_twopass_no_it_positive_contact,DIY Two Pass (No IT),DIY Two Pass (No IT),positive_contact,Positive contact,abs_pro_anti_gap,nan,0.021094766031466206,0.17097159331312273,1584,200,results/new_results/m6_llama70b_original5/m6_llama70b_original5_20260415_195536/m6/eval/m6_l70b_two_pass_zero__base_positive_contact__positive_contact/winobias/winobias/m6_l70b_two_pass_zero__base_positive_contact__positive_contact_self_debias_two_pass_positive_contact/winobias_metrics_overall_m6_l70b_two_pass_zero__base_positive_contact__positive_contact_self_debias_two_pass_positive_contact.csv,outputs/new_outputs/m6_llama70b_original5/m6_llama70b_original5_20260415_195536/m6/eval/m6_l70b_two_pass_zero__base_positive_contact__positive_contact/winobias/winobias/m6_l70b_two_pass_zero__base_positive_contact__positive_contact_self_debias_two_pass_positive_contact/winobias_predictions_m6_l70b_two_pass_zero__base_positive_contact__positive_contact_self_debias_two_pass_positive_contact.csv,ok,,bootstrap row CIs propagated as base_low-method_high/base_high-method_low,0,Abs. pro/anti gap,0.041666667,0.041666667,0.10227272300000001,results/new_results/m6_llama70b_original5/m6_llama70b_original5_20260415_195536/plain_direct/evalshared/winobias/llama70b_plain_base_winobias/winobias_metrics_overall_llama70b_plain_base_winobias.csv,outputs/new_outputs/m6_llama70b_original5/m6_llama70b_original5_20260415_195536/plain_direct/evalshared/winobias/llama70b_plain_base_winobias/winobias_predictions_llama70b_plain_base_winobias.csv
llama70b,Llama 70B,intervention_ablation,winobias,WinoBias,diy_twopass_it_positive_contact,DIY Two Pass (IT),DIY Two Pass (IT),positive_contact,Positive contact,abs_pro_anti_gap,nan,-0.02290940259757912,0.1166852340369956,1584,200,results/new_results/m6_llama70b_original5/m6_llama70b_original5_20260415_195536/m6/eval/m6_l70b_two_pass_zero__pc__positive_contact/winobias/winobias/m6_l70b_two_pass_zero__pc__positive_contact_self_debias_two_pass_positive_contact/winobias_metrics_overall_m6_l70b_two_pass_zero__pc__positive_contact_self_debias_two_pass_positive_contact.csv,outputs/new_outputs/m6_llama70b_original5/m6_llama70b_original5_20260415_195536/m6/eval/m6_l70b_two_pass_zero__pc__positive_contact/winobias/winobias/m6_l70b_two_pass_zero__pc__positive_contact_self_debias_two_pass_positive_contact/winobias_predictions_m6_l70b_two_pass_zero__pc__positive_contact_self_debias_two_pass_positive_contact.csv,ok,,bootstrap row CIs propagated as base_low-method_high/base_high-method_low,0,Abs. pro/anti gap,0.089646465,0.089646465,0.054292925000000006,results/new_results/m6_llama70b_original5/m6_llama70b_original5_20260415_195536/plain_direct/evalshared/winobias/llama70b_plain_base_winobias/winobias_metrics_overall_llama70b_plain_base_winobias.csv,outputs/new_outputs/m6_llama70b_original5/m6_llama70b_original5_20260415_195536/plain_direct/evalshared/winobias/llama70b_plain_base_winobias/winobias_predictions_llama70b_plain_base_winobias.csv
llama70b,Llama 70B,intervention_ablation,winogender,WinoGender,base,Base Model,Base Model,__base__,Base Model,male_female_pair_disagreement_rate,0.0,0.0,0.0,,200,results/new_results/m6_llama70b_original5/m6_llama70b_original5_20260415_195536/plain_direct/evalshared/winogender/llama70b_plain_base_winogender/winogender_metrics_overall_llama70b_plain_base_winogender.csv,,base,,,0,Male/female pair disagreement,0.070833333,0.070833333,,,
llama70b,Llama 70B,intervention_ablation,winogender,WinoGender,icl_stereotype_replacement,ICL,ICL,stereotype_replacement,Stereotype replacement,male_female_pair_disagreement_rate,nan,-0.05833333333333334,0.0751041666666667,240,200,results/new_results/m4_base_icl_zero/m4_base_icl_zero_allmodels_20260514_005736/llama70b/evalshared/winogender/m4_baseicl_zero_llama70b_sr_winogender/winogender_metrics_overall_m4_baseicl_zero_llama70b_sr_winogender.csv,outputs/new_outputs/m4_base_icl_zero/m4_base_icl_zero_allmodels_20260514_005736/llama70b/evalshared/winogender/m4_baseicl_zero_llama70b_sr_winogender/winogender_preds_m4_baseicl_zero_llama70b_sr_winogender.csv,ok,,bootstrap row CIs propagated as base_low-method_high/base_high-method_low,0,Male/female pair disagreement,0.0625,0.0625,0.008333332999999998,results/new_results/m6_llama70b_original5/m6_llama70b_original5_20260415_195536/plain_direct/evalshared/winogender/llama70b_plain_base_winogender/winogender_metrics_overall_llama70b_plain_base_winogender.csv,outputs/new_outputs/m6_llama70b_original5/m6_llama70b_original5_20260415_195536/plain_direct/evalshared/winogender/llama70b_plain_base_winogender/winogender_preds_llama70b_plain_base_winogender.csv
llama70b,Llama 70B,intervention_ablation,winogender,WinoGender,diy_it_stereotype_replacement,DIY IT,DIY IT,stereotype_replacement,Stereotype replacement,male_female_pair_disagreement_rate,nan,-0.06666666666666668,0.06677083333333336,240,200,results/new_results/m3_finetune_llama70b_ms500/evalshared/winogender/m3_llama70b_ms500_sr_winogender/winogender_metrics_overall_m3_llama70b_ms500_sr_winogender.csv,outputs/new_outputs/m3_finetune_llama70b_ms500/evalshared/winogender/m3_llama70b_ms500_sr_winogender/winogender_preds_m3_llama70b_ms500_sr_winogender.csv,ok,,bootstrap row CIs propagated as base_low-method_high/base_high-method_low,0,Male/female pair disagreement,0.070833333,0.070833333,0.0,results/new_results/m6_llama70b_original5/m6_llama70b_original5_20260415_195536/plain_direct/evalshared/winogender/llama70b_plain_base_winogender/winogender_metrics_overall_llama70b_plain_base_winogender.csv,outputs/new_outputs/m6_llama70b_original5/m6_llama70b_original5_20260415_195536/plain_direct/evalshared/winogender/llama70b_plain_base_winogender/winogender_preds_llama70b_plain_base_winogender.csv
llama70b,Llama 70B,intervention_ablation,winogender,WinoGender,diy_twopass_no_it_stereotype_replacement,DIY Two Pass (No IT),DIY Two Pass (No IT),stereotype_replacement,Stereotype replacement,male_female_pair_disagreement_rate,nan,-0.04583333333333333,0.08343750000000003,240,200,results/new_results/m6_llama70b_original5/m6_llama70b_original5_20260415_195536/m6/eval/m6_l70b_two_pass_zero__base_stereotype_replacement__stereotype_replacement/winogender/winogender/m6_l70b_two_pass_zero__base_stereotype_replacement__stereotype_replacement_self_debias_two_pass_stereotype_replacement/winogender_metrics_overall_m6_l70b_two_pass_zero__base_stereotype_replacement__stereotype_replacement_self_debias_two_pass_stereotype_replacement.csv,outputs/new_outputs/m6_llama70b_original5/m6_llama70b_original5_20260415_195536/m6/eval/m6_l70b_two_pass_zero__base_stereotype_replacement__stereotype_replacement/winogender/winogender/m6_l70b_two_pass_zero__base_stereotype_replacement__stereotype_replacement_self_debias_two_pass_stereotype_replacement/winogender_preds_m6_l70b_two_pass_zero__base_stereotype_replacement__stereotype_replacement_self_debias_two_pass_stereotype_replacement.csv,ok,,bootstrap row CIs propagated as base_low-method_high/base_high-method_low,0,Male/female pair disagreement,0.054166667,0.054166667,0.016666665999999997,results/new_results/m6_llama70b_original5/m6_llama70b_original5_20260415_195536/plain_direct/evalshared/winogender/llama70b_plain_base_winogender/winogender_metrics_overall_llama70b_plain_base_winogender.csv,outputs/new_outputs/m6_llama70b_original5/m6_llama70b_original5_20260415_195536/plain_direct/evalshared/winogender/llama70b_plain_base_winogender/winogender_preds_llama70b_plain_base_winogender.csv
llama70b,Llama 70B,intervention_ablation,winogender,WinoGender,diy_twopass_it_stereotype_replacement,DIY Two Pass (IT),DIY Two Pass (IT),stereotype_replacement,Stereotype replacement,male_female_pair_disagreement_rate,nan,-0.07916666666666666,0.05854166666666669,240,200,results/new_results/m6_llama70b_original5/m6_llama70b_original5_20260415_195536/m6/eval/m6_l70b_two_pass_zero__sr__stereotype_replacement/winogender/winogender/m6_l70b_two_pass_zero__sr__stereotype_replacement_self_debias_two_pass_stereotype_replacement/winogender_metrics_overall_m6_l70b_two_pass_zero__sr__stereotype_replacement_self_debias_two_pass_stereotype_replacement.csv,outputs/new_outputs/m6_llama70b_original5/m6_llama70b_original5_20260415_195536/m6/eval/m6_l70b_two_pass_zero__sr__stereotype_replacement/winogender/winogender/m6_l70b_two_pass_zero__sr__stereotype_replacement_self_debias_two_pass_stereotype_replacement/winogender_preds_m6_l70b_two_pass_zero__sr__stereotype_replacement_self_debias_two_pass_stereotype_replacement.csv,ok,,bootstrap row CIs propagated as base_low-method_high/base_high-method_low,0,Male/female pair disagreement,0.083333333,0.083333333,-0.012499999999999997,results/new_results/m6_llama70b_original5/m6_llama70b_original5_20260415_195536/plain_direct/evalshared/winogender/llama70b_plain_base_winogender/winogender_metrics_overall_llama70b_plain_base_winogender.csv,outputs/new_outputs/m6_llama70b_original5/m6_llama70b_original5_20260415_195536/plain_direct/evalshared/winogender/llama70b_plain_base_winogender/winogender_preds_llama70b_plain_base_winogender.csv
llama70b,Llama 70B,intervention_ablation,winogender,WinoGender,icl_individuating,ICL,ICL,individuating,Individuation,male_female_pair_disagreement_rate,nan,-0.05854166666666672,0.0710416666666667,240,200,results/new_results/m4_base_icl_zero/m4_base_icl_zero_allmodels_20260514_005736/llama70b/evalshared/winogender/m4_baseicl_zero_llama70b_ind_winogender/winogender_metrics_overall_m4_baseicl_zero_llama70b_ind_winogender.csv,outputs/new_outputs/m4_base_icl_zero/m4_base_icl_zero_allmodels_20260514_005736/llama70b/evalshared/winogender/m4_baseicl_zero_llama70b_ind_winogender/winogender_preds_m4_baseicl_zero_llama70b_ind_winogender.csv,ok,,bootstrap row CIs propagated as base_low-method_high/base_high-method_low,0,Male/female pair disagreement,0.0625,0.0625,0.008333332999999998,results/new_results/m6_llama70b_original5/m6_llama70b_original5_20260415_195536/plain_direct/evalshared/winogender/llama70b_plain_base_winogender/winogender_metrics_overall_llama70b_plain_base_winogender.csv,outputs/new_outputs/m6_llama70b_original5/m6_llama70b_original5_20260415_195536/plain_direct/evalshared/winogender/llama70b_plain_base_winogender/winogender_preds_llama70b_plain_base_winogender.csv
llama70b,Llama 70B,intervention_ablation,winogender,WinoGender,diy_it_individuating,DIY IT,DIY IT,individuating,Individuation,male_female_pair_disagreement_rate,nan,-0.08333333333333334,0.054270833333333365,240,200,results/new_results/m3_finetune_llama70b_ms500/evalshared/winogender/m3_llama70b_ms500_ind_winogender/winogender_metrics_overall_m3_llama70b_ms500_ind_winogender.csv,outputs/new_outputs/m3_finetune_llama70b_ms500/evalshared/winogender/m3_llama70b_ms500_ind_winogender/winogender_preds_m3_llama70b_ms500_ind_winogender.csv,ok,,bootstrap row CIs propagated as base_low-method_high/base_high-method_low,0,Male/female pair disagreement,0.0875,0.0875,-0.016666666999999996,results/new_results/m6_llama70b_original5/m6_llama70b_original5_20260415_195536/plain_direct/evalshared/winogender/llama70b_plain_base_winogender/winogender_metrics_overall_llama70b_plain_base_winogender.csv,outputs/new_outputs/m6_llama70b_original5/m6_llama70b_original5_20260415_195536/plain_direct/evalshared/winogender/llama70b_plain_base_winogender/winogender_preds_llama70b_plain_base_winogender.csv
llama70b,Llama 70B,intervention_ablation,winogender,WinoGender,diy_twopass_no_it_individuating,DIY Two Pass (No IT),DIY Two Pass (No IT),individuating,Individuation,male_female_pair_disagreement_rate,nan,-0.05010416666666669,0.07927083333333337,240,200,results/new_results/m6_llama70b_original5/m6_llama70b_original5_20260415_195536/m6/eval/m6_l70b_two_pass_zero__base_individuating__individuating/winogender/winogender/m6_l70b_two_pass_zero__base_individuating__individuating_self_debias_two_pass_individuating/winogender_metrics_overall_m6_l70b_two_pass_zero__base_individuating__individuating_self_debias_two_pass_individuating.csv,outputs/new_outputs/m6_llama70b_original5/m6_llama70b_original5_20260415_195536/m6/eval/m6_l70b_two_pass_zero__base_individuating__individuating/winogender/winogender/m6_l70b_two_pass_zero__base_individuating__individuating_self_debias_two_pass_individuating/winogender_preds_m6_l70b_two_pass_zero__base_individuating__individuating_self_debias_two_pass_individuating.csv,ok,,bootstrap row CIs propagated as base_low-method_high/base_high-method_low,0,Male/female pair disagreement,0.058333333,0.058333333,0.012499999999999997,results/new_results/m6_llama70b_original5/m6_llama70b_original5_20260415_195536/plain_direct/evalshared/winogender/llama70b_plain_base_winogender/winogender_metrics_overall_llama70b_plain_base_winogender.csv,outputs/new_outputs/m6_llama70b_original5/m6_llama70b_original5_20260415_195536/plain_direct/evalshared/winogender/llama70b_plain_base_winogender/winogender_preds_llama70b_plain_base_winogender.csv
llama70b,Llama 70B,intervention_ablation,winogender,WinoGender,diy_twopass_it_individuating,DIY Two Pass (IT),DIY Two Pass (IT),individuating,Individuation,male_female_pair_disagreement_rate,nan,-0.05416666666666666,0.07927083333333337,240,200,results/new_results/m6_llama70b_original5/m6_llama70b_original5_20260415_195536/m6/eval/m6_l70b_two_pass_zero__ind__individuating/winogender/winogender/m6_l70b_two_pass_zero__ind__individuating_self_debias_two_pass_individuating/winogender_metrics_overall_m6_l70b_two_pass_zero__ind__individuating_self_debias_two_pass_individuating.csv,outputs/new_outputs/m6_llama70b_original5/m6_llama70b_original5_20260415_195536/m6/eval/m6_l70b_two_pass_zero__ind__individuating/winogender/winogender/m6_l70b_two_pass_zero__ind__individuating_self_debias_two_pass_individuating/winogender_preds_m6_l70b_two_pass_zero__ind__individuating_self_debias_two_pass_individuating.csv,ok,,bootstrap row CIs propagated as base_low-method_high/base_high-method_low,0,Male/female pair disagreement,0.058333333,0.058333333,0.012499999999999997,results/new_results/m6_llama70b_original5/m6_llama70b_original5_20260415_195536/plain_direct/evalshared/winogender/llama70b_plain_base_winogender/winogender_metrics_overall_llama70b_plain_base_winogender.csv,outputs/new_outputs/m6_llama70b_original5/m6_llama70b_original5_20260415_195536/plain_direct/evalshared/winogender/llama70b_plain_base_winogender/winogender_preds_llama70b_plain_base_winogender.csv
llama70b,Llama 70B,intervention_ablation,winogender,WinoGender,icl_perspective_taking,ICL,ICL,perspective_taking,Perspective-taking,male_female_pair_disagreement_rate,nan,-0.05843750000000004,0.0710416666666667,240,200,results/new_results/m4_base_icl_zero/m4_base_icl_zero_allmodels_20260514_005736/llama70b/evalshared/winogender/m4_baseicl_zero_llama70b_pt_winogender/winogender_metrics_overall_m4_baseicl_zero_llama70b_pt_winogender.csv,outputs/new_outputs/m4_base_icl_zero/m4_base_icl_zero_allmodels_20260514_005736/llama70b/evalshared/winogender/m4_baseicl_zero_llama70b_pt_winogender/winogender_preds_m4_baseicl_zero_llama70b_pt_winogender.csv,ok,,bootstrap row CIs propagated as base_low-method_high/base_high-method_low,0,Male/female pair disagreement,0.0625,0.0625,0.008333332999999998,results/new_results/m6_llama70b_original5/m6_llama70b_original5_20260415_195536/plain_direct/evalshared/winogender/llama70b_plain_base_winogender/winogender_metrics_overall_llama70b_plain_base_winogender.csv,outputs/new_outputs/m6_llama70b_original5/m6_llama70b_original5_20260415_195536/plain_direct/evalshared/winogender/llama70b_plain_base_winogender/winogender_preds_llama70b_plain_base_winogender.csv
llama70b,Llama 70B,intervention_ablation,winogender,WinoGender,diy_it_perspective_taking,DIY IT,DIY IT,perspective_taking,Perspective-taking,male_female_pair_disagreement_rate,nan,-0.08333333333333334,0.054270833333333365,240,200,results/new_results/m3_finetune_llama70b_ms500/evalshared/winogender/m3_llama70b_ms500_pt_winogender/winogender_metrics_overall_m3_llama70b_ms500_pt_winogender.csv,outputs/new_outputs/m3_finetune_llama70b_ms500/evalshared/winogender/m3_llama70b_ms500_pt_winogender/winogender_preds_m3_llama70b_ms500_pt_winogender.csv,ok,,bootstrap row CIs propagated as base_low-method_high/base_high-method_low,0,Male/female pair disagreement,0.079166667,0.079166667,-0.008333333999999998,results/new_results/m6_llama70b_original5/m6_llama70b_original5_20260415_195536/plain_direct/evalshared/winogender/llama70b_plain_base_winogender/winogender_metrics_overall_llama70b_plain_base_winogender.csv,outputs/new_outputs/m6_llama70b_original5/m6_llama70b_original5_20260415_195536/plain_direct/evalshared/winogender/llama70b_plain_base_winogender/winogender_preds_llama70b_plain_base_winogender.csv
llama70b,Llama 70B,intervention_ablation,winogender,WinoGender,diy_twopass_no_it_perspective_taking,DIY Two Pass (No IT),DIY Two Pass (No IT),perspective_taking,Perspective-taking,male_female_pair_disagreement_rate,nan,-0.03333333333333333,0.0876041666666667,240,200,results/new_results/m6_llama70b_original5/m6_llama70b_original5_20260415_195536/m6/eval/m6_l70b_two_pass_zero__base_perspective_taking__perspective_taking/winogender/winogender/m6_l70b_two_pass_zero__base_perspective_taking__perspective_taking_self_debias_two_pass_perspective_taking/winogender_metrics_overall_m6_l70b_two_pass_zero__base_perspective_taking__perspective_taking_self_debias_two_pass_perspective_taking.csv,outputs/new_outputs/m6_llama70b_original5/m6_llama70b_original5_20260415_195536/m6/eval/m6_l70b_two_pass_zero__base_perspective_taking__perspective_taking/winogender/winogender/m6_l70b_two_pass_zero__base_perspective_taking__perspective_taking_self_debias_two_pass_perspective_taking/winogender_preds_m6_l70b_two_pass_zero__base_perspective_taking__perspective_taking_self_debias_two_pass_perspective_taking.csv,ok,,bootstrap row CIs propagated as base_low-method_high/base_high-method_low,0,Male/female pair disagreement,0.041666667,0.041666667,0.029166666,results/new_results/m6_llama70b_original5/m6_llama70b_original5_20260415_195536/plain_direct/evalshared/winogender/llama70b_plain_base_winogender/winogender_metrics_overall_llama70b_plain_base_winogender.csv,outputs/new_outputs/m6_llama70b_original5/m6_llama70b_original5_20260415_195536/plain_direct/evalshared/winogender/llama70b_plain_base_winogender/winogender_preds_llama70b_plain_base_winogender.csv
llama70b,Llama 70B,intervention_ablation,winogender,WinoGender,diy_twopass_it_perspective_taking,DIY Two Pass (IT),DIY Two Pass (IT),perspective_taking,Perspective-taking,male_female_pair_disagreement_rate,nan,-0.0875,0.0501041666666667,240,200,results/new_results/m6_llama70b_original5/m6_llama70b_original5_20260415_195536/m6/eval/m6_l70b_two_pass_zero__pt__perspective_taking/winogender/winogender/m6_l70b_two_pass_zero__pt__perspective_taking_self_debias_two_pass_perspective_taking/winogender_metrics_overall_m6_l70b_two_pass_zero__pt__perspective_taking_self_debias_two_pass_perspective_taking.csv,outputs/new_outputs/m6_llama70b_original5/m6_llama70b_original5_20260415_195536/m6/eval/m6_l70b_two_pass_zero__pt__perspective_taking/winogender/winogender/m6_l70b_two_pass_zero__pt__perspective_taking_self_debias_two_pass_perspective_taking/winogender_preds_m6_l70b_two_pass_zero__pt__perspective_taking_self_debias_two_pass_perspective_taking.csv,ok,,bootstrap row CIs propagated as base_low-method_high/base_high-method_low,0,Male/female pair disagreement,0.091666667,0.091666667,-0.020833333999999995,results/new_results/m6_llama70b_original5/m6_llama70b_original5_20260415_195536/plain_direct/evalshared/winogender/llama70b_plain_base_winogender/winogender_metrics_overall_llama70b_plain_base_winogender.csv,outputs/new_outputs/m6_llama70b_original5/m6_llama70b_original5_20260415_195536/plain_direct/evalshared/winogender/llama70b_plain_base_winogender/winogender_preds_llama70b_plain_base_winogender.csv
llama70b,Llama 70B,intervention_ablation,winogender,WinoGender,icl_counter_imaging,ICL,ICL,counter_imaging,Counter-stereotypic imaging,male_female_pair_disagreement_rate,nan,-0.05833333333333334,0.07520833333333336,240,200,results/new_results/m4_base_icl_zero/m4_base_icl_zero_allmodels_20260514_005736/llama70b/evalshared/winogender/m4_baseicl_zero_llama70b_ci_winogender/winogender_metrics_overall_m4_baseicl_zero_llama70b_ci_winogender.csv,outputs/new_outputs/m4_base_icl_zero/m4_base_icl_zero_allmodels_20260514_005736/llama70b/evalshared/winogender/m4_baseicl_zero_llama70b_ci_winogender/winogender_preds_m4_baseicl_zero_llama70b_ci_winogender.csv,ok,,bootstrap row CIs propagated as base_low-method_high/base_high-method_low,0,Male/female pair disagreement,0.0625,0.0625,0.008333332999999998,results/new_results/m6_llama70b_original5/m6_llama70b_original5_20260415_195536/plain_direct/evalshared/winogender/llama70b_plain_base_winogender/winogender_metrics_overall_llama70b_plain_base_winogender.csv,outputs/new_outputs/m6_llama70b_original5/m6_llama70b_original5_20260415_195536/plain_direct/evalshared/winogender/llama70b_plain_base_winogender/winogender_preds_llama70b_plain_base_winogender.csv
llama70b,Llama 70B,intervention_ablation,winogender,WinoGender,diy_it_counter_imaging,DIY IT,DIY IT,counter_imaging,Counter-stereotypic imaging,male_female_pair_disagreement_rate,nan,-0.05833333333333334,0.07520833333333336,240,200,results/new_results/m3_finetune_llama70b_ms500/evalshared/winogender/m3_llama70b_ms500_ci_winogender/winogender_metrics_overall_m3_llama70b_ms500_ci_winogender.csv,outputs/new_outputs/m3_finetune_llama70b_ms500/evalshared/winogender/m3_llama70b_ms500_ci_winogender/winogender_preds_m3_llama70b_ms500_ci_winogender.csv,ok,,bootstrap row CIs propagated as base_low-method_high/base_high-method_low,0,Male/female pair disagreement,0.0625,0.0625,0.008333332999999998,results/new_results/m6_llama70b_original5/m6_llama70b_original5_20260415_195536/plain_direct/evalshared/winogender/llama70b_plain_base_winogender/winogender_metrics_overall_llama70b_plain_base_winogender.csv,outputs/new_outputs/m6_llama70b_original5/m6_llama70b_original5_20260415_195536/plain_direct/evalshared/winogender/llama70b_plain_base_winogender/winogender_preds_llama70b_plain_base_winogender.csv
llama70b,Llama 70B,intervention_ablation,winogender,WinoGender,diy_twopass_no_it_counter_imaging,DIY Two Pass (No IT),DIY Two Pass (No IT),counter_imaging,Counter-stereotypic imaging,male_female_pair_disagreement_rate,nan,-0.05010416666666669,0.07520833333333336,240,200,results/new_results/m6_llama70b_original5/m6_llama70b_original5_20260415_195536/m6/eval/m6_l70b_two_pass_zero__base_counter_imaging__counter_imaging/winogender/winogender/m6_l70b_two_pass_zero__base_counter_imaging__counter_imaging_self_debias_two_pass_counter_imaging/winogender_metrics_overall_m6_l70b_two_pass_zero__base_counter_imaging__counter_imaging_self_debias_two_pass_counter_imaging.csv,outputs/new_outputs/m6_llama70b_original5/m6_llama70b_original5_20260415_195536/m6/eval/m6_l70b_two_pass_zero__base_counter_imaging__counter_imaging/winogender/winogender/m6_l70b_two_pass_zero__base_counter_imaging__counter_imaging_self_debias_two_pass_counter_imaging/winogender_preds_m6_l70b_two_pass_zero__base_counter_imaging__counter_imaging_self_debias_two_pass_counter_imaging.csv,ok,,bootstrap row CIs propagated as base_low-method_high/base_high-method_low,0,Male/female pair disagreement,0.058333333,0.058333333,0.012499999999999997,results/new_results/m6_llama70b_original5/m6_llama70b_original5_20260415_195536/plain_direct/evalshared/winogender/llama70b_plain_base_winogender/winogender_metrics_overall_llama70b_plain_base_winogender.csv,outputs/new_outputs/m6_llama70b_original5/m6_llama70b_original5_20260415_195536/plain_direct/evalshared/winogender/llama70b_plain_base_winogender/winogender_preds_llama70b_plain_base_winogender.csv
llama70b,Llama 70B,intervention_ablation,winogender,WinoGender,diy_twopass_it_counter_imaging,DIY Two Pass (IT),DIY Two Pass (IT),counter_imaging,Counter-stereotypic imaging,male_female_pair_disagreement_rate,nan,-0.05416666666666666,0.07093750000000004,240,200,results/new_results/m6_llama70b_original5/m6_llama70b_original5_20260415_195536/m6/eval/m6_l70b_two_pass_zero__ci__counter_imaging/winogender/winogender/m6_l70b_two_pass_zero__ci__counter_imaging_self_debias_two_pass_counter_imaging/winogender_metrics_overall_m6_l70b_two_pass_zero__ci__counter_imaging_self_debias_two_pass_counter_imaging.csv,outputs/new_outputs/m6_llama70b_original5/m6_llama70b_original5_20260415_195536/m6/eval/m6_l70b_two_pass_zero__ci__counter_imaging/winogender/winogender/m6_l70b_two_pass_zero__ci__counter_imaging_self_debias_two_pass_counter_imaging/winogender_preds_m6_l70b_two_pass_zero__ci__counter_imaging_self_debias_two_pass_counter_imaging.csv,ok,,bootstrap row CIs propagated as base_low-method_high/base_high-method_low,0,Male/female pair disagreement,0.0625,0.0625,0.008333332999999998,results/new_results/m6_llama70b_original5/m6_llama70b_original5_20260415_195536/plain_direct/evalshared/winogender/llama70b_plain_base_winogender/winogender_metrics_overall_llama70b_plain_base_winogender.csv,outputs/new_outputs/m6_llama70b_original5/m6_llama70b_original5_20260415_195536/plain_direct/evalshared/winogender/llama70b_plain_base_winogender/winogender_preds_llama70b_plain_base_winogender.csv
llama70b,Llama 70B,intervention_ablation,winogender,WinoGender,icl_positive_contact,ICL,ICL,positive_contact,Positive contact,male_female_pair_disagreement_rate,nan,-0.05833333333333334,0.07093750000000004,240,200,results/new_results/m4_base_icl_zero/m4_base_icl_zero_allmodels_20260514_005736/llama70b/evalshared/winogender/m4_baseicl_zero_llama70b_pc_winogender/winogender_metrics_overall_m4_baseicl_zero_llama70b_pc_winogender.csv,outputs/new_outputs/m4_base_icl_zero/m4_base_icl_zero_allmodels_20260514_005736/llama70b/evalshared/winogender/m4_baseicl_zero_llama70b_pc_winogender/winogender_preds_m4_baseicl_zero_llama70b_pc_winogender.csv,ok,,bootstrap row CIs propagated as base_low-method_high/base_high-method_low,0,Male/female pair disagreement,0.0625,0.0625,0.008333332999999998,results/new_results/m6_llama70b_original5/m6_llama70b_original5_20260415_195536/plain_direct/evalshared/winogender/llama70b_plain_base_winogender/winogender_metrics_overall_llama70b_plain_base_winogender.csv,outputs/new_outputs/m6_llama70b_original5/m6_llama70b_original5_20260415_195536/plain_direct/evalshared/winogender/llama70b_plain_base_winogender/winogender_preds_llama70b_plain_base_winogender.csv
llama70b,Llama 70B,intervention_ablation,winogender,WinoGender,diy_it_positive_contact,DIY IT,DIY IT,positive_contact,Positive contact,male_female_pair_disagreement_rate,nan,-0.0751041666666667,0.06677083333333336,240,200,results/new_results/m3_finetune_llama70b_ms500/evalshared/winogender/m3_llama70b_ms500_pc_winogender/winogender_metrics_overall_m3_llama70b_ms500_pc_winogender.csv,outputs/new_outputs/m3_finetune_llama70b_ms500/evalshared/winogender/m3_llama70b_ms500_pc_winogender/winogender_preds_m3_llama70b_ms500_pc_winogender.csv,ok,,bootstrap row CIs propagated as base_low-method_high/base_high-method_low,0,Male/female pair disagreement,0.079166667,0.079166667,-0.008333333999999998,results/new_results/m6_llama70b_original5/m6_llama70b_original5_20260415_195536/plain_direct/evalshared/winogender/llama70b_plain_base_winogender/winogender_metrics_overall_llama70b_plain_base_winogender.csv,outputs/new_outputs/m6_llama70b_original5/m6_llama70b_original5_20260415_195536/plain_direct/evalshared/winogender/llama70b_plain_base_winogender/winogender_preds_llama70b_plain_base_winogender.csv
llama70b,Llama 70B,intervention_ablation,winogender,WinoGender,diy_twopass_no_it_positive_contact,DIY Two Pass (No IT),DIY Two Pass (No IT),positive_contact,Positive contact,male_female_pair_disagreement_rate,nan,-0.06260416666666671,0.06677083333333336,240,200,results/new_results/m6_llama70b_original5/m6_llama70b_original5_20260415_195536/m6/eval/m6_l70b_two_pass_zero__base_positive_contact__positive_contact/winogender/winogender/m6_l70b_two_pass_zero__base_positive_contact__positive_contact_self_debias_two_pass_positive_contact/winogender_metrics_overall_m6_l70b_two_pass_zero__base_positive_contact__positive_contact_self_debias_two_pass_positive_contact.csv,outputs/new_outputs/m6_llama70b_original5/m6_llama70b_original5_20260415_195536/m6/eval/m6_l70b_two_pass_zero__base_positive_contact__positive_contact/winogender/winogender/m6_l70b_two_pass_zero__base_positive_contact__positive_contact_self_debias_two_pass_positive_contact/winogender_preds_m6_l70b_two_pass_zero__base_positive_contact__positive_contact_self_debias_two_pass_positive_contact.csv,ok,,bootstrap row CIs propagated as base_low-method_high/base_high-method_low,0,Male/female pair disagreement,0.066666667,0.066666667,0.004166665999999999,results/new_results/m6_llama70b_original5/m6_llama70b_original5_20260415_195536/plain_direct/evalshared/winogender/llama70b_plain_base_winogender/winogender_metrics_overall_llama70b_plain_base_winogender.csv,outputs/new_outputs/m6_llama70b_original5/m6_llama70b_original5_20260415_195536/plain_direct/evalshared/winogender/llama70b_plain_base_winogender/winogender_preds_llama70b_plain_base_winogender.csv
llama70b,Llama 70B,intervention_ablation,winogender,WinoGender,diy_twopass_it_positive_contact,DIY Two Pass (IT),DIY Two Pass (IT),positive_contact,Positive contact,male_female_pair_disagreement_rate,nan,-0.07947916666666674,0.05020833333333336,240,200,results/new_results/m6_llama70b_original5/m6_llama70b_original5_20260415_195536/m6/eval/m6_l70b_two_pass_zero__pc__positive_contact/winogender/winogender/m6_l70b_two_pass_zero__pc__positive_contact_self_debias_two_pass_positive_contact/winogender_metrics_overall_m6_l70b_two_pass_zero__pc__positive_contact_self_debias_two_pass_positive_contact.csv,outputs/new_outputs/m6_llama70b_original5/m6_llama70b_original5_20260415_195536/m6/eval/m6_l70b_two_pass_zero__pc__positive_contact/winogender/winogender/m6_l70b_two_pass_zero__pc__positive_contact_self_debias_two_pass_positive_contact/winogender_preds_m6_l70b_two_pass_zero__pc__positive_contact_self_debias_two_pass_positive_contact.csv,ok,,bootstrap row CIs propagated as base_low-method_high/base_high-method_low,0,Male/female pair disagreement,0.083333333,0.083333333,-0.012499999999999997,results/new_results/m6_llama70b_original5/m6_llama70b_original5_20260415_195536/plain_direct/evalshared/winogender/llama70b_plain_base_winogender/winogender_metrics_overall_llama70b_plain_base_winogender.csv,outputs/new_outputs/m6_llama70b_original5/m6_llama70b_original5_20260415_195536/plain_direct/evalshared/winogender/llama70b_plain_base_winogender/winogender_preds_llama70b_plain_base_winogender.csv
