{"_timestamp":1.7628906949666348e+09,"train_samples_per_second":1.006,"total_flos":2.312974178766029e+16,"train/global_step":63,"_step":14,"train/loss":0.3589,"train_loss":0.4636569382652404,"step":60,"train/epoch":3,"_wandb":{"runtime":512},"eval/loss":0.4746825695037842,"train_runtime":494.977,"eval/runtime":11.5385,"train/grad_norm":0.11833317577838898,"eval/samples_per_second":3.64,"_runtime":512,"train_steps_per_second":0.127,"train/learning_rate":0.0003,"eval/steps_per_second":0.52}