figure_slug,figure_title,strategy_key,strategy_label,ft_checkpoint,dataset_key,panel_label,method,shot,metric,metric_label,ideal_value,native_value,normalized_bias_error_plotted,aggregate_score,aggregate_score_label,aggregate_direction,name,model,strategy,metric_source_file
all_strategies_all_versions,"All interventions, all-version IT checkpoint",all_strategies,All interventions,all-version,crowspairs,CrowS-Pairs,Base Model Inference,,stereotype_preference_pct,Stereotype preference %,50,65.19,15.19,65.19,metric_score,target50,llama_8b_base,llama_8b,,results/10_additional_benchmarks/baselines/baseline_evalshared_all_20260306_1249/crows_pairs_metrics_overall_llama_8b.csv
all_strategies_all_versions,"All interventions, all-version IT checkpoint",all_strategies,All interventions,all-version,crowspairs,CrowS-Pairs,ICL,,stereotype_preference_pct,Stereotype preference %,50,49.67,0.33,,,lower,m4_base_icl_zero,m4_baseicl_zero_llama8b,all_strategies,results/new_results/m4_base_icl_zero/m4_base_icl_zero_allmodels_20260514_005736/llama8b/evalshared/crows_pairs_metrics_overall_m4_baseicl_zero_llama8b_allstrat_crowspairs.csv
all_strategies_all_versions,"All interventions, all-version IT checkpoint",all_strategies,All interventions,all-version,crowspairs,CrowS-Pairs,DIY IT,,stereotype_preference_pct,Stereotype preference %,50,64.19,14.19,64.19,metric_score,target50,m3_finetune_llama_ms500,m3_finetune_allstrat,all_strategies,results/new_results/m3_finetune_llama_ms500/evalshared/crows_pairs_metrics_overall_m3_finetune_allstrat.csv
all_strategies_all_versions,"All interventions, all-version IT checkpoint",all_strategies,All interventions,all-version,crowspairs,CrowS-Pairs,"DIY Two Pass (No IT), 0-shot",0,stereotype_preference_pct,Stereotype preference %,50,45.82,4.18,45.82,metric_score,target50,m6_self_debiasing,m6_two_pass__base__all_strategies_self_debias_two_pass_all_strategies,all_strategies,results/new_results/m6_self_debiasing/m6sd_20260324_twopass_zero_allstrategies_truncfix/eval/m6_two_pass__base__all_strategies/crowspairs/crows_pairs_metrics_overall_m6_two_pass__base__all_strategies_self_debias_two_pass_all_strategies.csv
all_strategies_all_versions,"All interventions, all-version IT checkpoint",all_strategies,All interventions,all-version,crowspairs,CrowS-Pairs,"DIY Two Pass (No IT), 1-shot",1,stereotype_preference_pct,Stereotype preference %,50,45.82,4.18,45.82,metric_score,target50,m6_self_debiasing,m6_two_pass_one__base__all_strategies_self_debias_two_pass_all_strategies,all_strategies,results/new_results/m6_self_debiasing/m6sd_20260319_shot125_twopass_sep/eval/m6_two_pass_one__base__all_strategies/crowspairs/crows_pairs_metrics_overall_m6_two_pass_one__base__all_strategies_self_debias_two_pass_all_strategies.csv
all_strategies_all_versions,"All interventions, all-version IT checkpoint",all_strategies,All interventions,all-version,crowspairs,CrowS-Pairs,"DIY Two Pass (No IT), 2-shot",2,stereotype_preference_pct,Stereotype preference %,50,47.55,2.45,47.55,metric_score,target50,m6_self_debiasing,m6_two_pass_two__base__all_strategies_self_debias_two_pass_all_strategies,all_strategies,results/new_results/m6_self_debiasing/m6sd_20260326_twoshot_crows_stereoset_fix/eval/m6_two_pass_two__base__all_strategies/crowspairs/crows_pairs_metrics_overall_m6_two_pass_two__base__all_strategies_self_debias_two_pass_all_strategies.csv
all_strategies_all_versions,"All interventions, all-version IT checkpoint",all_strategies,All interventions,all-version,crowspairs,CrowS-Pairs,"DIY Two Pass (IT), 0-shot",0,stereotype_preference_pct,Stereotype preference %,50,49.14,0.86,49.14,metric_score,target50,m6_self_debiasing,m6_two_pass__finetuned_ms-500-allstrategies-opinion-action-event-allversions__all_strategies_self_debias_two_pass_all_strategies,all_strategies,results/new_results/m6_self_debiasing/m6sd_20260324_twopass_zero_allstrategies_truncfix/eval/m6_two_pass__finetuned_ms-500-allstrategies-opinion-action-event-allversions__all_strategies/crowspairs/crows_pairs_metrics_overall_m6_two_pass__finetuned_ms-500-allstrategies-opinion-action-event-allversions__all_strategies_self_debias_two_pass_all_strategies.csv
all_strategies_all_versions,"All interventions, all-version IT checkpoint",all_strategies,All interventions,all-version,crowspairs,CrowS-Pairs,"DIY Two Pass (IT), 1-shot",1,stereotype_preference_pct,Stereotype preference %,50,48.94,1.06,48.94,metric_score,target50,m6_self_debiasing,m6_two_pass_one__finetuned_ms-500-allstrategies-opinion-action-event-allversions__all_strategies_self_debias_two_pass_all_strategies,all_strategies,results/new_results/m6_self_debiasing/m6sd_20260324_twopass_one_allstrategies_truncfix/eval/m6_two_pass_one__finetuned_ms-500-allstrategies-opinion-action-event-allversions__all_strategies/crowspairs/crows_pairs_metrics_overall_m6_two_pass_one__finetuned_ms-500-allstrategies-opinion-action-event-allversions__all_strategies_self_debias_two_pass_all_strategies.csv
all_strategies_all_versions,"All interventions, all-version IT checkpoint",all_strategies,All interventions,all-version,crowspairs,CrowS-Pairs,"DIY Two Pass (IT), 2-shot",2,stereotype_preference_pct,Stereotype preference %,50,48.67,1.33,48.67,metric_score,target50,m6_self_debiasing,m6_two_pass_two__finetuned_ms-500-allstrategies-opinion-action-event-allversions__all_strategies_self_debias_two_pass_all_strategies,all_strategies,results/new_results/m6_self_debiasing/m6sd_20260326_twoshot_crows_stereoset_fix/eval/m6_two_pass_two__finetuned_ms-500-allstrategies-opinion-action-event-allversions__all_strategies/crowspairs/crows_pairs_metrics_overall_m6_two_pass_two__finetuned_ms-500-allstrategies-opinion-action-event-allversions__all_strategies_self_debias_two_pass_all_strategies.csv
all_strategies_all_versions,"All interventions, all-version IT checkpoint",all_strategies,All interventions,all-version,stereoset,StereoSet,Base Model Inference,,SS Score,SS Score overall,50,58.2905,8.29053,68.00223461,ICAT Score,higher,llama_8b_base,llama_8b,,results/10_additional_benchmarks/baselines/baseline_evalshared_all_20260306_1249/stereoset_metrics_llama_8b.csv
all_strategies_all_versions,"All interventions, all-version IT checkpoint",all_strategies,All interventions,all-version,stereoset,StereoSet,ICL,,SS Score,SS Score overall,50,50.2043,0.204296,,,lower,m4_base_icl_zero,m4_baseicl_zero_llama8b,all_strategies,results/new_results/m4_base_icl_zero/m4_base_icl_zero_allmodels_20260514_005736/llama8b/evalshared/stereoset_metrics_m4_baseicl_zero_llama8b_allstrat_stereoset.csv
all_strategies_all_versions,"All interventions, all-version IT checkpoint",all_strategies,All interventions,all-version,stereoset,StereoSet,DIY IT,,SS Score,SS Score overall,50,56.9223,6.92228,69.1819143,ICAT Score,higher,m3_finetune_llama_ms500,m3_finetune_allstrat,all_strategies,results/new_results/m3_finetune_llama_ms500/evalshared/stereoset_metrics_m3_finetune_allstrat.csv
all_strategies_all_versions,"All interventions, all-version IT checkpoint",all_strategies,All interventions,all-version,stereoset,StereoSet,"DIY Two Pass (No IT), 0-shot",0,SS Score,SS Score overall,50,45.1129,4.88712,43.71166185,ICAT Score,higher,m6_self_debiasing,m6_two_pass__base__all_strategies_self_debias_two_pass_all_strategies,all_strategies,results/new_results/m6_self_debiasing/m6sd_20260324_twopass_zero_allstrategies_truncfix/eval/m6_two_pass__base__all_strategies/stereoset/stereoset_metrics_m6_two_pass__base__all_strategies_self_debias_two_pass_all_strategies.csv
all_strategies_all_versions,"All interventions, all-version IT checkpoint",all_strategies,All interventions,all-version,stereoset,StereoSet,"DIY Two Pass (No IT), 1-shot",1,SS Score,SS Score overall,50,46.6576,3.34238,47.45986446,ICAT Score,higher,m6_self_debiasing,m6_two_pass_one__base__all_strategies_self_debias_two_pass_all_strategies,all_strategies,results/new_results/m6_self_debiasing/m6sd_20260319_shot125_twopass_sep/eval/m6_two_pass_one__base__all_strategies/stereoset/stereoset_metrics_m6_two_pass_one__base__all_strategies_self_debias_two_pass_all_strategies.csv
all_strategies_all_versions,"All interventions, all-version IT checkpoint",all_strategies,All interventions,all-version,stereoset,StereoSet,"DIY Two Pass (No IT), 2-shot",2,SS Score,SS Score overall,50,46.2478,3.75219,50.83153902,ICAT Score,higher,m6_self_debiasing,m6_two_pass_two__base__all_strategies_self_debias_two_pass_all_strategies,all_strategies,results/new_results/m6_self_debiasing/m6sd_20260326_twoshot_crows_stereoset_fix/eval/m6_two_pass_two__base__all_strategies/stereoset/stereoset_metrics_m6_two_pass_two__base__all_strategies_self_debias_two_pass_all_strategies.csv
all_strategies_all_versions,"All interventions, all-version IT checkpoint",all_strategies,All interventions,all-version,stereoset,StereoSet,"DIY Two Pass (IT), 0-shot",0,SS Score,SS Score overall,50,43.8702,6.12982,43.61039667,ICAT Score,higher,m6_self_debiasing,m6_two_pass__finetuned_ms-500-allstrategies-opinion-action-event-allversions__all_strategies_self_debias_two_pass_all_strategies,all_strategies,results/new_results/m6_self_debiasing/m6sd_20260324_twopass_zero_allstrategies_truncfix/eval/m6_two_pass__finetuned_ms-500-allstrategies-opinion-action-event-allversions__all_strategies/stereoset/stereoset_metrics_m6_two_pass__finetuned_ms-500-allstrategies-opinion-action-event-allversions__all_strategies_self_debias_two_pass_all_strategies.csv
all_strategies_all_versions,"All interventions, all-version IT checkpoint",all_strategies,All interventions,all-version,stereoset,StereoSet,"DIY Two Pass (IT), 1-shot",1,SS Score,SS Score overall,50,45.3879,4.61213,47.26451581,ICAT Score,higher,m6_self_debiasing,m6_two_pass_one__finetuned_ms-500-allstrategies-opinion-action-event-allversions__all_strategies_self_debias_two_pass_all_strategies,all_strategies,results/new_results/m6_self_debiasing/m6sd_20260324_twopass_one_allstrategies_truncfix/eval/m6_two_pass_one__finetuned_ms-500-allstrategies-opinion-action-event-allversions__all_strategies/stereoset/stereoset_metrics_m6_two_pass_one__finetuned_ms-500-allstrategies-opinion-action-event-allversions__all_strategies_self_debias_two_pass_all_strategies.csv
all_strategies_all_versions,"All interventions, all-version IT checkpoint",all_strategies,All interventions,all-version,stereoset,StereoSet,"DIY Two Pass (IT), 2-shot",2,SS Score,SS Score overall,50,44.6617,5.33827,47.88071899,ICAT Score,higher,m6_self_debiasing,m6_two_pass_two__finetuned_ms-500-allstrategies-opinion-action-event-allversions__all_strategies_self_debias_two_pass_all_strategies,all_strategies,results/new_results/m6_self_debiasing/m6sd_20260326_twoshot_crows_stereoset_fix/eval/m6_two_pass_two__finetuned_ms-500-allstrategies-opinion-action-event-allversions__all_strategies/stereoset/stereoset_metrics_m6_two_pass_two__finetuned_ms-500-allstrategies-opinion-action-event-allversions__all_strategies_self_debias_two_pass_all_strategies.csv
all_strategies_all_versions,"All interventions, all-version IT checkpoint",all_strategies,All interventions,all-version,bbq,BBQ Ambig.,Base Model Inference,,Bias_score_ambig,Bias score ambig.,0,7.39,7.39,3.047,mean_abs_bias_disambig,lower,llama_8b_base,llama_8b,,results/10_additional_benchmarks/baselines/baseline_evalshared_all_20260306_1249/bbq/bbq_metrics_baseline_evalshared_all_20260306_1249.csv
all_strategies_all_versions,"All interventions, all-version IT checkpoint",all_strategies,All interventions,all-version,bbq,BBQ Ambig.,ICL,,Bias_score_ambig,Bias score ambig.,0,4.056,4.056,,,lower,m4_base_icl_zero,m4_baseicl_zero_llama8b,all_strategies,results/new_results/m4_base_icl_zero/m4_base_icl_zero_allmodels_20260514_005736/llama8b/bbq/bbq_metrics_m4_baseicl_zero_llama8b_allstrat_bbq.csv
all_strategies_all_versions,"All interventions, all-version IT checkpoint",all_strategies,All interventions,all-version,bbq,BBQ Ambig.,DIY IT,,Bias_score_ambig,Bias score ambig.,0,4.448,4.448,0.797,mean_abs_bias_disambig,lower,m3_finetune_llama_ms500,m3_finetune_allstrat:m3_finetune_allstrat_instr_off_ALL,all_strategies,results/new_results/m3_finetune_llama_ms500/bbq/bbq_metrics_m3_finetune_allstrat.csv
all_strategies_all_versions,"All interventions, all-version IT checkpoint",all_strategies,All interventions,all-version,bbq,BBQ Ambig.,"DIY Two Pass (No IT), 0-shot",0,Bias_score_ambig,Bias score ambig.,0,2.281,2.281,0.675,mean_abs_bias_disambig,lower,m6_self_debiasing,m6_two_pass__base__all_strategies,all_strategies,recomputed_from_predictions:archive/m6_llama8b_dedup_apply_20260504_000252/outputs/new_outputs/m6_self_debiasing/m6sd_20260325_bbq_allstrategies_maxlenfix_zero/eval/m6_two_pass__base__all_strategies/bbq
all_strategies_all_versions,"All interventions, all-version IT checkpoint",all_strategies,All interventions,all-version,bbq,BBQ Ambig.,"DIY Two Pass (No IT), 1-shot",1,Bias_score_ambig,Bias score ambig.,0,3.744,3.744,0.96,mean_abs_bias_disambig,lower,m6_self_debiasing,m6_two_pass_one__base__all_strategies,all_strategies,results/new_results/m6_self_debiasing/m6sd_20260325_bbq_allstrategies_maxlenfix_one/eval/m6_two_pass_one__base__all_strategies/bbq/bbq_metrics.csv
all_strategies_all_versions,"All interventions, all-version IT checkpoint",all_strategies,All interventions,all-version,bbq,BBQ Ambig.,"DIY Two Pass (No IT), 2-shot",2,Bias_score_ambig,Bias score ambig.,0,4.356,4.356,0.888,mean_abs_bias_disambig,lower,m6_self_debiasing,m6_two_pass_two__base__all_strategies,all_strategies,results/new_results/m6_self_debiasing/m6sd_20260330_twoshot_bbq_allstrategies_fix/eval/m6_two_pass_two__base__all_strategies/bbq/bbq_metrics.csv
all_strategies_all_versions,"All interventions, all-version IT checkpoint",all_strategies,All interventions,all-version,bbq,BBQ Ambig.,"DIY Two Pass (IT), 0-shot",0,Bias_score_ambig,Bias score ambig.,0,1.604,1.604,0.886,mean_abs_bias_disambig,lower,m6_self_debiasing,m6_two_pass__finetuned_ms-500-allstrategies-opinion-action-event-allversions__all_strategies,all_strategies,recomputed_from_predictions:archive/m6_llama8b_dedup_apply_20260504_000252/outputs/new_outputs/m6_self_debiasing/m6sd_20260325_bbq_allstrategies_maxlenfix_zero/eval/m6_two_pass__finetuned_ms-500-allstrategies-opinion-action-event-allversions__all_strategies/bbq
all_strategies_all_versions,"All interventions, all-version IT checkpoint",all_strategies,All interventions,all-version,bbq,BBQ Ambig.,"DIY Two Pass (IT), 1-shot",1,Bias_score_ambig,Bias score ambig.,0,3.689,3.689,1.273,mean_abs_bias_disambig,lower,m6_self_debiasing,m6_two_pass_one__finetuned_ms-500-allstrategies-opinion-action-event-allversions__all_strategies,all_strategies,recomputed_from_predictions:archive/m6_llama8b_dedup_apply_20260504_000252/outputs/new_outputs/m6_self_debiasing/m6sd_20260325_bbq_allstrategies_maxlenfix_one/eval/m6_two_pass_one__finetuned_ms-500-allstrategies-opinion-action-event-allversions__all_strategies/bbq
all_strategies_all_versions,"All interventions, all-version IT checkpoint",all_strategies,All interventions,all-version,bbq,BBQ Ambig.,"DIY Two Pass (IT), 2-shot",2,Bias_score_ambig,Bias score ambig.,0,4.501,4.501,1.802,mean_abs_bias_disambig,lower,m6_self_debiasing,m6_two_pass_two__finetuned_ms-500-allstrategies-opinion-action-event-allversions__all_strategies,all_strategies,results/new_results/m6_self_debiasing/m6sd_20260330_twoshot_bbq_allstrategies_fix/eval/m6_two_pass_two__finetuned_ms-500-allstrategies-opinion-action-event-allversions__all_strategies/bbq/bbq_metrics.csv
all_strategies_all_versions,"All interventions, all-version IT checkpoint",all_strategies,All interventions,all-version,bbq,BBQ Disambig.,Base Model Inference,,Bias_score_disambig,Bias score disambig.,0,3.047,3.047,3.047,mean_abs_bias_disambig,lower,llama_8b_base,llama_8b,,results/10_additional_benchmarks/baselines/baseline_evalshared_all_20260306_1249/bbq/bbq_metrics_baseline_evalshared_all_20260306_1249.csv
all_strategies_all_versions,"All interventions, all-version IT checkpoint",all_strategies,All interventions,all-version,bbq,BBQ Disambig.,ICL,,Bias_score_disambig,Bias score disambig.,0,1.468,1.468,,,lower,m4_base_icl_zero,m4_baseicl_zero_llama8b,all_strategies,results/new_results/m4_base_icl_zero/m4_base_icl_zero_allmodels_20260514_005736/llama8b/bbq/bbq_metrics_m4_baseicl_zero_llama8b_allstrat_bbq.csv
all_strategies_all_versions,"All interventions, all-version IT checkpoint",all_strategies,All interventions,all-version,bbq,BBQ Disambig.,DIY IT,,Bias_score_disambig,Bias score disambig.,0,0.797,0.797,0.797,mean_abs_bias_disambig,lower,m3_finetune_llama_ms500,m3_finetune_allstrat:m3_finetune_allstrat_instr_off_ALL,all_strategies,results/new_results/m3_finetune_llama_ms500/bbq/bbq_metrics_m3_finetune_allstrat.csv
all_strategies_all_versions,"All interventions, all-version IT checkpoint",all_strategies,All interventions,all-version,bbq,BBQ Disambig.,"DIY Two Pass (No IT), 0-shot",0,Bias_score_disambig,Bias score disambig.,0,0.662,0.662,0.675,mean_abs_bias_disambig,lower,m6_self_debiasing,m6_two_pass__base__all_strategies,all_strategies,recomputed_from_predictions:archive/m6_llama8b_dedup_apply_20260504_000252/outputs/new_outputs/m6_self_debiasing/m6sd_20260325_bbq_allstrategies_maxlenfix_zero/eval/m6_two_pass__base__all_strategies/bbq
all_strategies_all_versions,"All interventions, all-version IT checkpoint",all_strategies,All interventions,all-version,bbq,BBQ Disambig.,"DIY Two Pass (No IT), 1-shot",1,Bias_score_disambig,Bias score disambig.,0,0.96,0.96,0.96,mean_abs_bias_disambig,lower,m6_self_debiasing,m6_two_pass_one__base__all_strategies,all_strategies,results/new_results/m6_self_debiasing/m6sd_20260325_bbq_allstrategies_maxlenfix_one/eval/m6_two_pass_one__base__all_strategies/bbq/bbq_metrics.csv
all_strategies_all_versions,"All interventions, all-version IT checkpoint",all_strategies,All interventions,all-version,bbq,BBQ Disambig.,"DIY Two Pass (No IT), 2-shot",2,Bias_score_disambig,Bias score disambig.,0,0.888,0.888,0.888,mean_abs_bias_disambig,lower,m6_self_debiasing,m6_two_pass_two__base__all_strategies,all_strategies,results/new_results/m6_self_debiasing/m6sd_20260330_twoshot_bbq_allstrategies_fix/eval/m6_two_pass_two__base__all_strategies/bbq/bbq_metrics.csv
all_strategies_all_versions,"All interventions, all-version IT checkpoint",all_strategies,All interventions,all-version,bbq,BBQ Disambig.,"DIY Two Pass (IT), 0-shot",0,Bias_score_disambig,Bias score disambig.,0,0.895,0.895,0.886,mean_abs_bias_disambig,lower,m6_self_debiasing,m6_two_pass__finetuned_ms-500-allstrategies-opinion-action-event-allversions__all_strategies,all_strategies,recomputed_from_predictions:archive/m6_llama8b_dedup_apply_20260504_000252/outputs/new_outputs/m6_self_debiasing/m6sd_20260325_bbq_allstrategies_maxlenfix_zero/eval/m6_two_pass__finetuned_ms-500-allstrategies-opinion-action-event-allversions__all_strategies/bbq
all_strategies_all_versions,"All interventions, all-version IT checkpoint",all_strategies,All interventions,all-version,bbq,BBQ Disambig.,"DIY Two Pass (IT), 1-shot",1,Bias_score_disambig,Bias score disambig.,0,1.283,1.283,1.273,mean_abs_bias_disambig,lower,m6_self_debiasing,m6_two_pass_one__finetuned_ms-500-allstrategies-opinion-action-event-allversions__all_strategies,all_strategies,recomputed_from_predictions:archive/m6_llama8b_dedup_apply_20260504_000252/outputs/new_outputs/m6_self_debiasing/m6sd_20260325_bbq_allstrategies_maxlenfix_one/eval/m6_two_pass_one__finetuned_ms-500-allstrategies-opinion-action-event-allversions__all_strategies/bbq
all_strategies_all_versions,"All interventions, all-version IT checkpoint",all_strategies,All interventions,all-version,bbq,BBQ Disambig.,"DIY Two Pass (IT), 2-shot",2,Bias_score_disambig,Bias score disambig.,0,1.802,1.802,1.802,mean_abs_bias_disambig,lower,m6_self_debiasing,m6_two_pass_two__finetuned_ms-500-allstrategies-opinion-action-event-allversions__all_strategies,all_strategies,results/new_results/m6_self_debiasing/m6sd_20260330_twoshot_bbq_allstrategies_fix/eval/m6_two_pass_two__finetuned_ms-500-allstrategies-opinion-action-event-allversions__all_strategies/bbq/bbq_metrics.csv
all_strategies_all_versions,"All interventions, all-version IT checkpoint",all_strategies,All interventions,all-version,winobias,WinoBias,Base Model Inference,,abs_pro_anti_gap,Abs. pro/anti gap,0,0.276515,0.276515,0.27651515,abs_pro_anti_gap,lower,llama_8b_base,llama_8b,,results/10_additional_benchmarks/baselines/baseline_evalshared_all_20260306_1249/winobias/llama_8b/winobias_metrics_overall_llama_8b.csv
all_strategies_all_versions,"All interventions, all-version IT checkpoint",all_strategies,All interventions,all-version,winobias,WinoBias,ICL,,abs_pro_anti_gap,Abs. pro/anti gap,0,0.277778,0.277778,,,lower,m4_base_icl_zero,m4_baseicl_zero_llama8b,all_strategies,results/new_results/m4_base_icl_zero/m4_base_icl_zero_allmodels_20260514_005736/llama8b/evalshared/winobias/m4_baseicl_zero_llama8b_allstrat_winobias/winobias_metrics_overall_m4_baseicl_zero_llama8b_allstrat_winobias.csv
all_strategies_all_versions,"All interventions, all-version IT checkpoint",all_strategies,All interventions,all-version,winobias,WinoBias,DIY IT,,abs_pro_anti_gap,Abs. pro/anti gap,0,0.261364,0.261364,0.26136364,abs_pro_anti_gap,lower,m3_finetune_llama_ms500,m3_finetune_allstrat_winobias,all_strategies,results/new_results/m3_finetune_llama_ms500/evalshared/winobias/m3_finetune_allstrat_winobias/winobias_metrics_overall_m3_finetune_allstrat_winobias.csv
all_strategies_all_versions,"All interventions, all-version IT checkpoint",all_strategies,All interventions,all-version,winobias,WinoBias,"DIY Two Pass (No IT), 0-shot",0,abs_pro_anti_gap,Abs. pro/anti gap,0,0.119949,0.119949,0.11994949,abs_pro_anti_gap,lower,m6_self_debiasing,m6_two_pass__base__all_strategies_self_debias_two_pass_all_strategies,all_strategies,results/new_results/m6_self_debiasing/m6sd_20260324_twopass_zero_allstrategies_truncfix/eval/m6_two_pass__base__all_strategies/winobias/winobias/m6_two_pass__base__all_strategies_self_debias_two_pass_all_strategies/winobias_metrics_overall_m6_two_pass__base__all_strategies_self_debias_two_pass_all_strategies.csv
all_strategies_all_versions,"All interventions, all-version IT checkpoint",all_strategies,All interventions,all-version,winobias,WinoBias,"DIY Two Pass (No IT), 1-shot",1,abs_pro_anti_gap,Abs. pro/anti gap,0,0.0833333,0.0833333,0.08333333,abs_pro_anti_gap,lower,m6_self_debiasing,m6_two_pass_one__base__all_strategies_self_debias_two_pass_all_strategies,all_strategies,results/new_results/m6_self_debiasing/m6sd_20260319_shot125_twopass_sep/eval/m6_two_pass_one__base__all_strategies/winobias/winobias/m6_two_pass_one__base__all_strategies_self_debias_two_pass_all_strategies/winobias_metrics_overall_m6_two_pass_one__base__all_strategies_self_debias_two_pass_all_strategies.csv
all_strategies_all_versions,"All interventions, all-version IT checkpoint",all_strategies,All interventions,all-version,winobias,WinoBias,"DIY Two Pass (No IT), 2-shot",2,abs_pro_anti_gap,Abs. pro/anti gap,0,0.0795455,0.0795455,0.07954545,abs_pro_anti_gap,lower,m6_self_debiasing,m6_two_pass_two__base__all_strategies_self_debias_two_pass_all_strategies,all_strategies,results/new_results/m6_self_debiasing/m6sd_20260326_twoshot_wino_allstrategies_fix/eval/m6_two_pass_two__base__all_strategies/winobias/winobias/m6_two_pass_two__base__all_strategies_self_debias_two_pass_all_strategies/winobias_metrics_overall_m6_two_pass_two__base__all_strategies_self_debias_two_pass_all_strategies.csv
all_strategies_all_versions,"All interventions, all-version IT checkpoint",all_strategies,All interventions,all-version,winobias,WinoBias,"DIY Two Pass (IT), 0-shot",0,abs_pro_anti_gap,Abs. pro/anti gap,0,0.0896465,0.0896465,0.08964646,abs_pro_anti_gap,lower,m6_self_debiasing,m6_two_pass__finetuned_ms-500-allstrategies-opinion-action-event-allversions__all_strategies_self_debias_two_pass_all_strategies,all_strategies,results/new_results/m6_self_debiasing/m6sd_20260324_twopass_zero_allstrategies_truncfix/eval/m6_two_pass__finetuned_ms-500-allstrategies-opinion-action-event-allversions__all_strategies/winobias/winobias/m6_two_pass__finetuned_ms-500-allstrategies-opinion-action-event-allversions__all_strategies_self_debias_two_pass_all_strategies/winobias_metrics_overall_m6_two_pass__finetuned_ms-500-allstrategies-opinion-action-event-allversions__all_strategies_self_debias_two_pass_all_strategies.csv
all_strategies_all_versions,"All interventions, all-version IT checkpoint",all_strategies,All interventions,all-version,winobias,WinoBias,"DIY Two Pass (IT), 1-shot",1,abs_pro_anti_gap,Abs. pro/anti gap,0,0.0707071,0.0707071,0.07070707,abs_pro_anti_gap,lower,m6_self_debiasing,m6_two_pass_one__finetuned_ms-500-allstrategies-opinion-action-event-allversions__all_strategies_self_debias_two_pass_all_strategies,all_strategies,results/new_results/m6_self_debiasing/m6sd_20260324_twopass_one_allstrategies_truncfix/eval/m6_two_pass_one__finetuned_ms-500-allstrategies-opinion-action-event-allversions__all_strategies/winobias/winobias/m6_two_pass_one__finetuned_ms-500-allstrategies-opinion-action-event-allversions__all_strategies_self_debias_two_pass_all_strategies/winobias_metrics_overall_m6_two_pass_one__finetuned_ms-500-allstrategies-opinion-action-event-allversions__all_strategies_self_debias_two_pass_all_strategies.csv
all_strategies_all_versions,"All interventions, all-version IT checkpoint",all_strategies,All interventions,all-version,winobias,WinoBias,"DIY Two Pass (IT), 2-shot",2,abs_pro_anti_gap,Abs. pro/anti gap,0,0.094697,0.094697,0.09469697,abs_pro_anti_gap,lower,m6_self_debiasing,m6_two_pass_two__finetuned_ms-500-allstrategies-opinion-action-event-allversions__all_strategies_self_debias_two_pass_all_strategies,all_strategies,results/new_results/m6_self_debiasing/m6sd_20260326_twoshot_wino_allstrategies_fix/eval/m6_two_pass_two__finetuned_ms-500-allstrategies-opinion-action-event-allversions__all_strategies/winobias/winobias/m6_two_pass_two__finetuned_ms-500-allstrategies-opinion-action-event-allversions__all_strategies_self_debias_two_pass_all_strategies/winobias_metrics_overall_m6_two_pass_two__finetuned_ms-500-allstrategies-opinion-action-event-allversions__all_strategies_self_debias_two_pass_all_strategies.csv
all_strategies_all_versions,"All interventions, all-version IT checkpoint",all_strategies,All interventions,all-version,winogender,WinoGender,Base Model Inference,,male_female_pair_disagreement_rate,Male/female pair disagreement,0,0.191667,0.191667,18.33333333,mean_abs_occupation_gender_bias_score,lower,llama_8b_base,llama_8b,,results/10_additional_benchmarks/baselines/baseline_evalshared_all_20260306_1249/winogender/llama_8b/winogender_metrics_overall_llama_8b.csv
all_strategies_all_versions,"All interventions, all-version IT checkpoint",all_strategies,All interventions,all-version,winogender,WinoGender,ICL,,male_female_pair_disagreement_rate,Male/female pair disagreement,0,0.179167,0.179167,,,lower,m4_base_icl_zero,m4_baseicl_zero_llama8b,all_strategies,results/new_results/m4_base_icl_zero/m4_base_icl_zero_allmodels_20260514_005736/llama8b/evalshared/winogender/m4_baseicl_zero_llama8b_allstrat_winogender/winogender_metrics_overall_m4_baseicl_zero_llama8b_allstrat_winogender.csv
all_strategies_all_versions,"All interventions, all-version IT checkpoint",all_strategies,All interventions,all-version,winogender,WinoGender,DIY IT,,male_female_pair_disagreement_rate,Male/female pair disagreement,0,0.225,0.225,20.83333333,mean_abs_occupation_gender_bias_score,lower,m3_finetune_llama_ms500,m3_finetune_allstrat_winogender,all_strategies,results/new_results/m3_finetune_llama_ms500/evalshared/winogender/m3_finetune_allstrat_winogender/winogender_metrics_overall_m3_finetune_allstrat_winogender.csv
all_strategies_all_versions,"All interventions, all-version IT checkpoint",all_strategies,All interventions,all-version,winogender,WinoGender,"DIY Two Pass (No IT), 0-shot",0,male_female_pair_disagreement_rate,Male/female pair disagreement,0,0.158333,0.158333,15.0,mean_abs_occupation_gender_bias_score,lower,m6_self_debiasing,m6_two_pass__base__all_strategies_self_debias_two_pass_all_strategies,all_strategies,results/new_results/m6_self_debiasing/m6sd_20260324_twopass_zero_allstrategies_truncfix/eval/m6_two_pass__base__all_strategies/winogender/winogender/m6_two_pass__base__all_strategies_self_debias_two_pass_all_strategies/winogender_metrics_overall_m6_two_pass__base__all_strategies_self_debias_two_pass_all_strategies.csv
all_strategies_all_versions,"All interventions, all-version IT checkpoint",all_strategies,All interventions,all-version,winogender,WinoGender,"DIY Two Pass (No IT), 1-shot",1,male_female_pair_disagreement_rate,Male/female pair disagreement,0,0.0916667,0.0916667,9.16666667,mean_abs_occupation_gender_bias_score,lower,m6_self_debiasing,m6_two_pass_one__base__all_strategies_self_debias_two_pass_all_strategies,all_strategies,results/new_results/m6_self_debiasing/m6sd_20260319_shot125_twopass_sep/eval/m6_two_pass_one__base__all_strategies/winogender/winogender/m6_two_pass_one__base__all_strategies_self_debias_two_pass_all_strategies/winogender_metrics_overall_m6_two_pass_one__base__all_strategies_self_debias_two_pass_all_strategies.csv
all_strategies_all_versions,"All interventions, all-version IT checkpoint",all_strategies,All interventions,all-version,winogender,WinoGender,"DIY Two Pass (No IT), 2-shot",2,male_female_pair_disagreement_rate,Male/female pair disagreement,0,0.133333,0.133333,13.33333333,mean_abs_occupation_gender_bias_score,lower,m6_self_debiasing,m6_two_pass_two__base__all_strategies_self_debias_two_pass_all_strategies,all_strategies,results/new_results/m6_self_debiasing/m6sd_20260326_twoshot_wino_allstrategies_fix/eval/m6_two_pass_two__base__all_strategies/winogender/winogender/m6_two_pass_two__base__all_strategies_self_debias_two_pass_all_strategies/winogender_metrics_overall_m6_two_pass_two__base__all_strategies_self_debias_two_pass_all_strategies.csv
all_strategies_all_versions,"All interventions, all-version IT checkpoint",all_strategies,All interventions,all-version,winogender,WinoGender,"DIY Two Pass (IT), 0-shot",0,male_female_pair_disagreement_rate,Male/female pair disagreement,0,0.141667,0.141667,14.16666667,mean_abs_occupation_gender_bias_score,lower,m6_self_debiasing,m6_two_pass__finetuned_ms-500-allstrategies-opinion-action-event-allversions__all_strategies_self_debias_two_pass_all_strategies,all_strategies,results/new_results/m6_self_debiasing/m6sd_20260324_twopass_zero_allstrategies_truncfix/eval/m6_two_pass__finetuned_ms-500-allstrategies-opinion-action-event-allversions__all_strategies/winogender/winogender/m6_two_pass__finetuned_ms-500-allstrategies-opinion-action-event-allversions__all_strategies_self_debias_two_pass_all_strategies/winogender_metrics_overall_m6_two_pass__finetuned_ms-500-allstrategies-opinion-action-event-allversions__all_strategies_self_debias_two_pass_all_strategies.csv
all_strategies_all_versions,"All interventions, all-version IT checkpoint",all_strategies,All interventions,all-version,winogender,WinoGender,"DIY Two Pass (IT), 1-shot",1,male_female_pair_disagreement_rate,Male/female pair disagreement,0,0.1,0.1,9.16666667,mean_abs_occupation_gender_bias_score,lower,m6_self_debiasing,m6_two_pass_one__finetuned_ms-500-allstrategies-opinion-action-event-allversions__all_strategies_self_debias_two_pass_all_strategies,all_strategies,results/new_results/m6_self_debiasing/m6sd_20260324_twopass_one_allstrategies_truncfix/eval/m6_two_pass_one__finetuned_ms-500-allstrategies-opinion-action-event-allversions__all_strategies/winogender/winogender/m6_two_pass_one__finetuned_ms-500-allstrategies-opinion-action-event-allversions__all_strategies_self_debias_two_pass_all_strategies/winogender_metrics_overall_m6_two_pass_one__finetuned_ms-500-allstrategies-opinion-action-event-allversions__all_strategies_self_debias_two_pass_all_strategies.csv
all_strategies_all_versions,"All interventions, all-version IT checkpoint",all_strategies,All interventions,all-version,winogender,WinoGender,"DIY Two Pass (IT), 2-shot",2,male_female_pair_disagreement_rate,Male/female pair disagreement,0,0.154167,0.154167,12.91666667,mean_abs_occupation_gender_bias_score,lower,m6_self_debiasing,m6_two_pass_two__finetuned_ms-500-allstrategies-opinion-action-event-allversions__all_strategies_self_debias_two_pass_all_strategies,all_strategies,results/new_results/m6_self_debiasing/m6sd_20260326_twoshot_wino_allstrategies_fix/eval/m6_two_pass_two__finetuned_ms-500-allstrategies-opinion-action-event-allversions__all_strategies/winogender/winogender/m6_two_pass_two__finetuned_ms-500-allstrategies-opinion-action-event-allversions__all_strategies_self_debias_two_pass_all_strategies/winogender_metrics_overall_m6_two_pass_two__finetuned_ms-500-allstrategies-opinion-action-event-allversions__all_strategies_self_debias_two_pass_all_strategies.csv
all_strategies_opinion,"All interventions, opinion IT checkpoint",all_strategies,All interventions,opinion,crowspairs,CrowS-Pairs,Base Model Inference,,stereotype_preference_pct,Stereotype preference %,50,65.19,15.19,65.19,metric_score,target50,llama_8b_base,llama_8b,,results/10_additional_benchmarks/baselines/baseline_evalshared_all_20260306_1249/crows_pairs_metrics_overall_llama_8b.csv
all_strategies_opinion,"All interventions, opinion IT checkpoint",all_strategies,All interventions,opinion,crowspairs,CrowS-Pairs,ICL,,stereotype_preference_pct,Stereotype preference %,50,49.67,0.33,,,lower,m4_base_icl_zero,m4_baseicl_zero_llama8b,all_strategies,results/new_results/m4_base_icl_zero/m4_base_icl_zero_allmodels_20260514_005736/llama8b/evalshared/crows_pairs_metrics_overall_m4_baseicl_zero_llama8b_allstrat_crowspairs.csv
all_strategies_opinion,"All interventions, opinion IT checkpoint",all_strategies,All interventions,opinion,crowspairs,CrowS-Pairs,DIY IT,,stereotype_preference_pct,Stereotype preference %,50,63.99,13.99,63.99,metric_score,target50,m3_finetune_llama_ms500,m3_finetune_allstrat_opinion_crowspairs,all_strategies,results/new_results/m3_finetune_llama_ms500/evalshared/crows_pairs_metrics_overall_m3_finetune_allstrat_opinion_crowspairs.csv
all_strategies_opinion,"All interventions, opinion IT checkpoint",all_strategies,All interventions,opinion,crowspairs,CrowS-Pairs,"DIY Two Pass (No IT), 0-shot",0,stereotype_preference_pct,Stereotype preference %,50,45.82,4.18,45.82,metric_score,target50,m6_self_debiasing,m6_two_pass__base__all_strategies_self_debias_two_pass_all_strategies,all_strategies,results/new_results/m6_self_debiasing/m6sd_20260324_twopass_zero_allstrategies_truncfix/eval/m6_two_pass__base__all_strategies/crowspairs/crows_pairs_metrics_overall_m6_two_pass__base__all_strategies_self_debias_two_pass_all_strategies.csv
all_strategies_opinion,"All interventions, opinion IT checkpoint",all_strategies,All interventions,opinion,crowspairs,CrowS-Pairs,"DIY Two Pass (No IT), 1-shot",1,stereotype_preference_pct,Stereotype preference %,50,45.82,4.18,45.82,metric_score,target50,m6_self_debiasing,m6_two_pass_one__base__all_strategies_self_debias_two_pass_all_strategies,all_strategies,results/new_results/m6_self_debiasing/m6sd_20260319_shot125_twopass_sep/eval/m6_two_pass_one__base__all_strategies/crowspairs/crows_pairs_metrics_overall_m6_two_pass_one__base__all_strategies_self_debias_two_pass_all_strategies.csv
all_strategies_opinion,"All interventions, opinion IT checkpoint",all_strategies,All interventions,opinion,crowspairs,CrowS-Pairs,"DIY Two Pass (No IT), 2-shot",2,stereotype_preference_pct,Stereotype preference %,50,47.55,2.45,47.55,metric_score,target50,m6_self_debiasing,m6_two_pass_two__base__all_strategies_self_debias_two_pass_all_strategies,all_strategies,results/new_results/m6_self_debiasing/m6sd_20260326_twoshot_crows_stereoset_fix/eval/m6_two_pass_two__base__all_strategies/crowspairs/crows_pairs_metrics_overall_m6_two_pass_two__base__all_strategies_self_debias_two_pass_all_strategies.csv
all_strategies_opinion,"All interventions, opinion IT checkpoint",all_strategies,All interventions,opinion,crowspairs,CrowS-Pairs,"DIY Two Pass (IT), 0-shot",0,stereotype_preference_pct,Stereotype preference %,50,48.08,1.92,48.08,metric_score,target50,m6_self_debiasing,m6_two_pass__finetuned_ms-500-allstrategies-opinion__all_strategies_self_debias_two_pass_all_strategies,all_strategies,results/new_results/m6_self_debiasing/m6sd_20260324_twopass_zero_allstrategies_truncfix/eval/m6_two_pass__finetuned_ms-500-allstrategies-opinion__all_strategies/crowspairs/crows_pairs_metrics_overall_m6_two_pass__finetuned_ms-500-allstrategies-opinion__all_strategies_self_debias_two_pass_all_strategies.csv
all_strategies_opinion,"All interventions, opinion IT checkpoint",all_strategies,All interventions,opinion,crowspairs,CrowS-Pairs,"DIY Two Pass (IT), 1-shot",1,stereotype_preference_pct,Stereotype preference %,50,48.54,1.46,48.54,metric_score,target50,m6_self_debiasing,m6_two_pass_one__finetuned_ms-500-allstrategies-opinion__all_strategies_self_debias_two_pass_all_strategies,all_strategies,results/new_results/m6_self_debiasing/m6sd_20260324_twopass_one_allstrategies_truncfix/eval/m6_two_pass_one__finetuned_ms-500-allstrategies-opinion__all_strategies/crowspairs/crows_pairs_metrics_overall_m6_two_pass_one__finetuned_ms-500-allstrategies-opinion__all_strategies_self_debias_two_pass_all_strategies.csv
all_strategies_opinion,"All interventions, opinion IT checkpoint",all_strategies,All interventions,opinion,crowspairs,CrowS-Pairs,"DIY Two Pass (IT), 2-shot",2,stereotype_preference_pct,Stereotype preference %,50,48.28,1.72,48.28,metric_score,target50,m6_self_debiasing,m6_two_pass_two__finetuned_ms-500-allstrategies-opinion__all_strategies_self_debias_two_pass_all_strategies,all_strategies,results/new_results/m6_self_debiasing/m6sd_20260326_twoshot_crows_stereoset_fix/eval/m6_two_pass_two__finetuned_ms-500-allstrategies-opinion__all_strategies/crowspairs/crows_pairs_metrics_overall_m6_two_pass_two__finetuned_ms-500-allstrategies-opinion__all_strategies_self_debias_two_pass_all_strategies.csv
all_strategies_opinion,"All interventions, opinion IT checkpoint",all_strategies,All interventions,opinion,stereoset,StereoSet,Base Model Inference,,SS Score,SS Score overall,50,58.2905,8.29053,68.00223461,ICAT Score,higher,llama_8b_base,llama_8b,,results/10_additional_benchmarks/baselines/baseline_evalshared_all_20260306_1249/stereoset_metrics_llama_8b.csv
all_strategies_opinion,"All interventions, opinion IT checkpoint",all_strategies,All interventions,opinion,stereoset,StereoSet,ICL,,SS Score,SS Score overall,50,50.2043,0.204296,,,lower,m4_base_icl_zero,m4_baseicl_zero_llama8b,all_strategies,results/new_results/m4_base_icl_zero/m4_base_icl_zero_allmodels_20260514_005736/llama8b/evalshared/stereoset_metrics_m4_baseicl_zero_llama8b_allstrat_stereoset.csv
all_strategies_opinion,"All interventions, opinion IT checkpoint",all_strategies,All interventions,opinion,stereoset,StereoSet,DIY IT,,SS Score,SS Score overall,50,57.2667,7.26669,68.72858206,ICAT Score,higher,m3_finetune_llama_ms500,m3_finetune_allstrat_opinion_stereoset,all_strategies,results/new_results/m3_finetune_llama_ms500/evalshared/stereoset_metrics_m3_finetune_allstrat_opinion_stereoset.csv
all_strategies_opinion,"All interventions, opinion IT checkpoint",all_strategies,All interventions,opinion,stereoset,StereoSet,"DIY Two Pass (No IT), 0-shot",0,SS Score,SS Score overall,50,45.1129,4.88712,43.71166185,ICAT Score,higher,m6_self_debiasing,m6_two_pass__base__all_strategies_self_debias_two_pass_all_strategies,all_strategies,results/new_results/m6_self_debiasing/m6sd_20260324_twopass_zero_allstrategies_truncfix/eval/m6_two_pass__base__all_strategies/stereoset/stereoset_metrics_m6_two_pass__base__all_strategies_self_debias_two_pass_all_strategies.csv
all_strategies_opinion,"All interventions, opinion IT checkpoint",all_strategies,All interventions,opinion,stereoset,StereoSet,"DIY Two Pass (No IT), 1-shot",1,SS Score,SS Score overall,50,46.6576,3.34238,47.45986446,ICAT Score,higher,m6_self_debiasing,m6_two_pass_one__base__all_strategies_self_debias_two_pass_all_strategies,all_strategies,results/new_results/m6_self_debiasing/m6sd_20260319_shot125_twopass_sep/eval/m6_two_pass_one__base__all_strategies/stereoset/stereoset_metrics_m6_two_pass_one__base__all_strategies_self_debias_two_pass_all_strategies.csv
all_strategies_opinion,"All interventions, opinion IT checkpoint",all_strategies,All interventions,opinion,stereoset,StereoSet,"DIY Two Pass (No IT), 2-shot",2,SS Score,SS Score overall,50,46.2478,3.75219,50.83153902,ICAT Score,higher,m6_self_debiasing,m6_two_pass_two__base__all_strategies_self_debias_two_pass_all_strategies,all_strategies,results/new_results/m6_self_debiasing/m6sd_20260326_twoshot_crows_stereoset_fix/eval/m6_two_pass_two__base__all_strategies/stereoset/stereoset_metrics_m6_two_pass_two__base__all_strategies_self_debias_two_pass_all_strategies.csv
all_strategies_opinion,"All interventions, opinion IT checkpoint",all_strategies,All interventions,opinion,stereoset,StereoSet,"DIY Two Pass (IT), 0-shot",0,SS Score,SS Score overall,50,45.091,4.90898,49.05352038,ICAT Score,higher,m6_self_debiasing,m6_two_pass__finetuned_ms-500-allstrategies-opinion__all_strategies_self_debias_two_pass_all_strategies,all_strategies,results/new_results/m6_self_debiasing/m6sd_20260324_twopass_zero_allstrategies_truncfix/eval/m6_two_pass__finetuned_ms-500-allstrategies-opinion__all_strategies/stereoset/stereoset_metrics_m6_two_pass__finetuned_ms-500-allstrategies-opinion__all_strategies_self_debias_two_pass_all_strategies.csv
all_strategies_opinion,"All interventions, opinion IT checkpoint",all_strategies,All interventions,opinion,stereoset,StereoSet,"DIY Two Pass (IT), 1-shot",1,SS Score,SS Score overall,50,45.8716,4.12844,50.61932776,ICAT Score,higher,m6_self_debiasing,m6_two_pass_one__finetuned_ms-500-allstrategies-opinion__all_strategies_self_debias_two_pass_all_strategies,all_strategies,results/new_results/m6_self_debiasing/m6sd_20260324_twopass_one_allstrategies_truncfix/eval/m6_two_pass_one__finetuned_ms-500-allstrategies-opinion__all_strategies/stereoset/stereoset_metrics_m6_two_pass_one__finetuned_ms-500-allstrategies-opinion__all_strategies_self_debias_two_pass_all_strategies.csv
all_strategies_opinion,"All interventions, opinion IT checkpoint",all_strategies,All interventions,opinion,stereoset,StereoSet,"DIY Two Pass (IT), 2-shot",2,SS Score,SS Score overall,50,45.7638,4.23615,51.14165109,ICAT Score,higher,m6_self_debiasing,m6_two_pass_two__finetuned_ms-500-allstrategies-opinion__all_strategies_self_debias_two_pass_all_strategies,all_strategies,results/new_results/m6_self_debiasing/m6sd_20260326_twoshot_crows_stereoset_fix/eval/m6_two_pass_two__finetuned_ms-500-allstrategies-opinion__all_strategies/stereoset/stereoset_metrics_m6_two_pass_two__finetuned_ms-500-allstrategies-opinion__all_strategies_self_debias_two_pass_all_strategies.csv
all_strategies_opinion,"All interventions, opinion IT checkpoint",all_strategies,All interventions,opinion,bbq,BBQ Ambig.,Base Model Inference,,Bias_score_ambig,Bias score ambig.,0,7.39,7.39,3.047,mean_abs_bias_disambig,lower,llama_8b_base,llama_8b,,results/10_additional_benchmarks/baselines/baseline_evalshared_all_20260306_1249/bbq/bbq_metrics_baseline_evalshared_all_20260306_1249.csv
all_strategies_opinion,"All interventions, opinion IT checkpoint",all_strategies,All interventions,opinion,bbq,BBQ Ambig.,ICL,,Bias_score_ambig,Bias score ambig.,0,4.056,4.056,,,lower,m4_base_icl_zero,m4_baseicl_zero_llama8b,all_strategies,results/new_results/m4_base_icl_zero/m4_base_icl_zero_allmodels_20260514_005736/llama8b/bbq/bbq_metrics_m4_baseicl_zero_llama8b_allstrat_bbq.csv
all_strategies_opinion,"All interventions, opinion IT checkpoint",all_strategies,All interventions,opinion,bbq,BBQ Ambig.,DIY IT,,Bias_score_ambig,Bias score ambig.,0,4.298,4.298,0.677,mean_abs_bias_disambig,lower,m3_finetune_llama_ms500,m3_finetune_allstrat_opinion_bbq:m3_finetune_allstrat_opinion_bbq_instr_off_ALL,all_strategies,results/new_results/m3_finetune_llama_ms500/bbq/bbq_metrics_m3_finetune_allstrat_opinion_bbq.csv
all_strategies_opinion,"All interventions, opinion IT checkpoint",all_strategies,All interventions,opinion,bbq,BBQ Ambig.,"DIY Two Pass (No IT), 0-shot",0,Bias_score_ambig,Bias score ambig.,0,2.281,2.281,0.675,mean_abs_bias_disambig,lower,m6_self_debiasing,m6_two_pass__base__all_strategies,all_strategies,recomputed_from_predictions:archive/m6_llama8b_dedup_apply_20260504_000252/outputs/new_outputs/m6_self_debiasing/m6sd_20260325_bbq_allstrategies_maxlenfix_zero/eval/m6_two_pass__base__all_strategies/bbq
all_strategies_opinion,"All interventions, opinion IT checkpoint",all_strategies,All interventions,opinion,bbq,BBQ Ambig.,"DIY Two Pass (No IT), 1-shot",1,Bias_score_ambig,Bias score ambig.,0,3.744,3.744,0.96,mean_abs_bias_disambig,lower,m6_self_debiasing,m6_two_pass_one__base__all_strategies,all_strategies,results/new_results/m6_self_debiasing/m6sd_20260325_bbq_allstrategies_maxlenfix_one/eval/m6_two_pass_one__base__all_strategies/bbq/bbq_metrics.csv
all_strategies_opinion,"All interventions, opinion IT checkpoint",all_strategies,All interventions,opinion,bbq,BBQ Ambig.,"DIY Two Pass (No IT), 2-shot",2,Bias_score_ambig,Bias score ambig.,0,4.356,4.356,0.888,mean_abs_bias_disambig,lower,m6_self_debiasing,m6_two_pass_two__base__all_strategies,all_strategies,results/new_results/m6_self_debiasing/m6sd_20260330_twoshot_bbq_allstrategies_fix/eval/m6_two_pass_two__base__all_strategies/bbq/bbq_metrics.csv
all_strategies_opinion,"All interventions, opinion IT checkpoint",all_strategies,All interventions,opinion,bbq,BBQ Ambig.,"DIY Two Pass (IT), 0-shot",0,Bias_score_ambig,Bias score ambig.,0,0,0,0.0,mean_abs_bias_disambig,lower,m6_self_debiasing,m6_two_pass__finetuned_ms-500-allstrategies-opinion__all_strategies,all_strategies,recomputed_from_predictions:archive/m6_llama8b_dedup_apply_20260504_000252/outputs/new_outputs/m6_self_debiasing/m6sd_20260324_twopass_zero_allstrategies_truncfix/eval/m6_two_pass__finetuned_ms-500-allstrategies-opinion__all_strategies/bbq
all_strategies_opinion,"All interventions, opinion IT checkpoint",all_strategies,All interventions,opinion,bbq,BBQ Ambig.,"DIY Two Pass (IT), 1-shot",1,Bias_score_ambig,Bias score ambig.,0,3.677,3.677,0.419,mean_abs_bias_disambig,lower,m6_self_debiasing,m6_two_pass_one__finetuned_ms-500-allstrategies-opinion__all_strategies,all_strategies,recomputed_from_predictions:archive/m6_llama8b_dedup_apply_20260504_000252/outputs/new_outputs/m6_self_debiasing/m6sd_20260325_bbq_allstrategies_maxlenfix_one/eval/m6_two_pass_one__finetuned_ms-500-allstrategies-opinion__all_strategies/bbq
all_strategies_opinion,"All interventions, opinion IT checkpoint",all_strategies,All interventions,opinion,bbq,BBQ Ambig.,"DIY Two Pass (IT), 2-shot",2,Bias_score_ambig,Bias score ambig.,0,4.625,4.625,1.386,mean_abs_bias_disambig,lower,m6_self_debiasing,m6_two_pass_two__finetuned_ms-500-allstrategies-opinion__all_strategies,all_strategies,results/new_results/m6_self_debiasing/m6sd_20260330_twoshot_bbq_allstrategies_fix/eval/m6_two_pass_two__finetuned_ms-500-allstrategies-opinion__all_strategies/bbq/bbq_metrics.csv
all_strategies_opinion,"All interventions, opinion IT checkpoint",all_strategies,All interventions,opinion,bbq,BBQ Disambig.,Base Model Inference,,Bias_score_disambig,Bias score disambig.,0,3.047,3.047,3.047,mean_abs_bias_disambig,lower,llama_8b_base,llama_8b,,results/10_additional_benchmarks/baselines/baseline_evalshared_all_20260306_1249/bbq/bbq_metrics_baseline_evalshared_all_20260306_1249.csv
all_strategies_opinion,"All interventions, opinion IT checkpoint",all_strategies,All interventions,opinion,bbq,BBQ Disambig.,ICL,,Bias_score_disambig,Bias score disambig.,0,1.468,1.468,,,lower,m4_base_icl_zero,m4_baseicl_zero_llama8b,all_strategies,results/new_results/m4_base_icl_zero/m4_base_icl_zero_allmodels_20260514_005736/llama8b/bbq/bbq_metrics_m4_baseicl_zero_llama8b_allstrat_bbq.csv
all_strategies_opinion,"All interventions, opinion IT checkpoint",all_strategies,All interventions,opinion,bbq,BBQ Disambig.,DIY IT,,Bias_score_disambig,Bias score disambig.,0,0.677,0.677,0.677,mean_abs_bias_disambig,lower,m3_finetune_llama_ms500,m3_finetune_allstrat_opinion_bbq:m3_finetune_allstrat_opinion_bbq_instr_off_ALL,all_strategies,results/new_results/m3_finetune_llama_ms500/bbq/bbq_metrics_m3_finetune_allstrat_opinion_bbq.csv
all_strategies_opinion,"All interventions, opinion IT checkpoint",all_strategies,All interventions,opinion,bbq,BBQ Disambig.,"DIY Two Pass (No IT), 0-shot",0,Bias_score_disambig,Bias score disambig.,0,0.662,0.662,0.675,mean_abs_bias_disambig,lower,m6_self_debiasing,m6_two_pass__base__all_strategies,all_strategies,recomputed_from_predictions:archive/m6_llama8b_dedup_apply_20260504_000252/outputs/new_outputs/m6_self_debiasing/m6sd_20260325_bbq_allstrategies_maxlenfix_zero/eval/m6_two_pass__base__all_strategies/bbq
all_strategies_opinion,"All interventions, opinion IT checkpoint",all_strategies,All interventions,opinion,bbq,BBQ Disambig.,"DIY Two Pass (No IT), 1-shot",1,Bias_score_disambig,Bias score disambig.,0,0.96,0.96,0.96,mean_abs_bias_disambig,lower,m6_self_debiasing,m6_two_pass_one__base__all_strategies,all_strategies,results/new_results/m6_self_debiasing/m6sd_20260325_bbq_allstrategies_maxlenfix_one/eval/m6_two_pass_one__base__all_strategies/bbq/bbq_metrics.csv
all_strategies_opinion,"All interventions, opinion IT checkpoint",all_strategies,All interventions,opinion,bbq,BBQ Disambig.,"DIY Two Pass (No IT), 2-shot",2,Bias_score_disambig,Bias score disambig.,0,0.888,0.888,0.888,mean_abs_bias_disambig,lower,m6_self_debiasing,m6_two_pass_two__base__all_strategies,all_strategies,results/new_results/m6_self_debiasing/m6sd_20260330_twoshot_bbq_allstrategies_fix/eval/m6_two_pass_two__base__all_strategies/bbq/bbq_metrics.csv
all_strategies_opinion,"All interventions, opinion IT checkpoint",all_strategies,All interventions,opinion,bbq,BBQ Disambig.,"DIY Two Pass (IT), 0-shot",0,Bias_score_disambig,Bias score disambig.,0,0,0,0.0,mean_abs_bias_disambig,lower,m6_self_debiasing,m6_two_pass__finetuned_ms-500-allstrategies-opinion__all_strategies,all_strategies,recomputed_from_predictions:archive/m6_llama8b_dedup_apply_20260504_000252/outputs/new_outputs/m6_self_debiasing/m6sd_20260324_twopass_zero_allstrategies_truncfix/eval/m6_two_pass__finetuned_ms-500-allstrategies-opinion__all_strategies/bbq
all_strategies_opinion,"All interventions, opinion IT checkpoint",all_strategies,All interventions,opinion,bbq,BBQ Disambig.,"DIY Two Pass (IT), 1-shot",1,Bias_score_disambig,Bias score disambig.,0,0.419,0.419,0.419,mean_abs_bias_disambig,lower,m6_self_debiasing,m6_two_pass_one__finetuned_ms-500-allstrategies-opinion__all_strategies,all_strategies,recomputed_from_predictions:archive/m6_llama8b_dedup_apply_20260504_000252/outputs/new_outputs/m6_self_debiasing/m6sd_20260325_bbq_allstrategies_maxlenfix_one/eval/m6_two_pass_one__finetuned_ms-500-allstrategies-opinion__all_strategies/bbq
all_strategies_opinion,"All interventions, opinion IT checkpoint",all_strategies,All interventions,opinion,bbq,BBQ Disambig.,"DIY Two Pass (IT), 2-shot",2,Bias_score_disambig,Bias score disambig.,0,1.386,1.386,1.386,mean_abs_bias_disambig,lower,m6_self_debiasing,m6_two_pass_two__finetuned_ms-500-allstrategies-opinion__all_strategies,all_strategies,results/new_results/m6_self_debiasing/m6sd_20260330_twoshot_bbq_allstrategies_fix/eval/m6_two_pass_two__finetuned_ms-500-allstrategies-opinion__all_strategies/bbq/bbq_metrics.csv
all_strategies_opinion,"All interventions, opinion IT checkpoint",all_strategies,All interventions,opinion,winobias,WinoBias,Base Model Inference,,abs_pro_anti_gap,Abs. pro/anti gap,0,0.276515,0.276515,0.27651515,abs_pro_anti_gap,lower,llama_8b_base,llama_8b,,results/10_additional_benchmarks/baselines/baseline_evalshared_all_20260306_1249/winobias/llama_8b/winobias_metrics_overall_llama_8b.csv
all_strategies_opinion,"All interventions, opinion IT checkpoint",all_strategies,All interventions,opinion,winobias,WinoBias,ICL,,abs_pro_anti_gap,Abs. pro/anti gap,0,0.277778,0.277778,,,lower,m4_base_icl_zero,m4_baseicl_zero_llama8b,all_strategies,results/new_results/m4_base_icl_zero/m4_base_icl_zero_allmodels_20260514_005736/llama8b/evalshared/winobias/m4_baseicl_zero_llama8b_allstrat_winobias/winobias_metrics_overall_m4_baseicl_zero_llama8b_allstrat_winobias.csv
all_strategies_opinion,"All interventions, opinion IT checkpoint",all_strategies,All interventions,opinion,winobias,WinoBias,DIY IT,,abs_pro_anti_gap,Abs. pro/anti gap,0,0.262626,0.262626,0.26262626,abs_pro_anti_gap,lower,m3_finetune_llama_ms500,m3_finetune_allstrat_opinion_winobias,all_strategies,results/new_results/m3_finetune_llama_ms500/evalshared/winobias/m3_finetune_allstrat_opinion_winobias/winobias_metrics_overall_m3_finetune_allstrat_opinion_winobias.csv
all_strategies_opinion,"All interventions, opinion IT checkpoint",all_strategies,All interventions,opinion,winobias,WinoBias,"DIY Two Pass (No IT), 0-shot",0,abs_pro_anti_gap,Abs. pro/anti gap,0,0.119949,0.119949,0.11994949,abs_pro_anti_gap,lower,m6_self_debiasing,m6_two_pass__base__all_strategies_self_debias_two_pass_all_strategies,all_strategies,results/new_results/m6_self_debiasing/m6sd_20260324_twopass_zero_allstrategies_truncfix/eval/m6_two_pass__base__all_strategies/winobias/winobias/m6_two_pass__base__all_strategies_self_debias_two_pass_all_strategies/winobias_metrics_overall_m6_two_pass__base__all_strategies_self_debias_two_pass_all_strategies.csv
all_strategies_opinion,"All interventions, opinion IT checkpoint",all_strategies,All interventions,opinion,winobias,WinoBias,"DIY Two Pass (No IT), 1-shot",1,abs_pro_anti_gap,Abs. pro/anti gap,0,0.0833333,0.0833333,0.08333333,abs_pro_anti_gap,lower,m6_self_debiasing,m6_two_pass_one__base__all_strategies_self_debias_two_pass_all_strategies,all_strategies,results/new_results/m6_self_debiasing/m6sd_20260319_shot125_twopass_sep/eval/m6_two_pass_one__base__all_strategies/winobias/winobias/m6_two_pass_one__base__all_strategies_self_debias_two_pass_all_strategies/winobias_metrics_overall_m6_two_pass_one__base__all_strategies_self_debias_two_pass_all_strategies.csv
all_strategies_opinion,"All interventions, opinion IT checkpoint",all_strategies,All interventions,opinion,winobias,WinoBias,"DIY Two Pass (No IT), 2-shot",2,abs_pro_anti_gap,Abs. pro/anti gap,0,0.0795455,0.0795455,0.07954545,abs_pro_anti_gap,lower,m6_self_debiasing,m6_two_pass_two__base__all_strategies_self_debias_two_pass_all_strategies,all_strategies,results/new_results/m6_self_debiasing/m6sd_20260326_twoshot_wino_allstrategies_fix/eval/m6_two_pass_two__base__all_strategies/winobias/winobias/m6_two_pass_two__base__all_strategies_self_debias_two_pass_all_strategies/winobias_metrics_overall_m6_two_pass_two__base__all_strategies_self_debias_two_pass_all_strategies.csv
all_strategies_opinion,"All interventions, opinion IT checkpoint",all_strategies,All interventions,opinion,winobias,WinoBias,"DIY Two Pass (IT), 0-shot",0,abs_pro_anti_gap,Abs. pro/anti gap,0,0.0972222,0.0972222,0.09722222,abs_pro_anti_gap,lower,m6_self_debiasing,m6_two_pass__finetuned_ms-500-allstrategies-opinion__all_strategies_self_debias_two_pass_all_strategies,all_strategies,results/new_results/m6_self_debiasing/m6sd_20260324_twopass_zero_allstrategies_truncfix/eval/m6_two_pass__finetuned_ms-500-allstrategies-opinion__all_strategies/winobias/winobias/m6_two_pass__finetuned_ms-500-allstrategies-opinion__all_strategies_self_debias_two_pass_all_strategies/winobias_metrics_overall_m6_two_pass__finetuned_ms-500-allstrategies-opinion__all_strategies_self_debias_two_pass_all_strategies.csv
all_strategies_opinion,"All interventions, opinion IT checkpoint",all_strategies,All interventions,opinion,winobias,WinoBias,"DIY Two Pass (IT), 1-shot",1,abs_pro_anti_gap,Abs. pro/anti gap,0,0.0732323,0.0732323,0.07323232,abs_pro_anti_gap,lower,m6_self_debiasing,m6_two_pass_one__finetuned_ms-500-allstrategies-opinion__all_strategies_self_debias_two_pass_all_strategies,all_strategies,results/new_results/m6_self_debiasing/m6sd_20260324_twopass_one_allstrategies_truncfix/eval/m6_two_pass_one__finetuned_ms-500-allstrategies-opinion__all_strategies/winobias/winobias/m6_two_pass_one__finetuned_ms-500-allstrategies-opinion__all_strategies_self_debias_two_pass_all_strategies/winobias_metrics_overall_m6_two_pass_one__finetuned_ms-500-allstrategies-opinion__all_strategies_self_debias_two_pass_all_strategies.csv
all_strategies_opinion,"All interventions, opinion IT checkpoint",all_strategies,All interventions,opinion,winobias,WinoBias,"DIY Two Pass (IT), 2-shot",2,abs_pro_anti_gap,Abs. pro/anti gap,0,0.084596,0.084596,0.08459596,abs_pro_anti_gap,lower,m6_self_debiasing,m6_two_pass_two__finetuned_ms-500-allstrategies-opinion__all_strategies_self_debias_two_pass_all_strategies,all_strategies,results/new_results/m6_self_debiasing/m6sd_20260326_twoshot_wino_allstrategies_fix/eval/m6_two_pass_two__finetuned_ms-500-allstrategies-opinion__all_strategies/winobias/winobias/m6_two_pass_two__finetuned_ms-500-allstrategies-opinion__all_strategies_self_debias_two_pass_all_strategies/winobias_metrics_overall_m6_two_pass_two__finetuned_ms-500-allstrategies-opinion__all_strategies_self_debias_two_pass_all_strategies.csv
all_strategies_opinion,"All interventions, opinion IT checkpoint",all_strategies,All interventions,opinion,winogender,WinoGender,Base Model Inference,,male_female_pair_disagreement_rate,Male/female pair disagreement,0,0.191667,0.191667,18.33333333,mean_abs_occupation_gender_bias_score,lower,llama_8b_base,llama_8b,,results/10_additional_benchmarks/baselines/baseline_evalshared_all_20260306_1249/winogender/llama_8b/winogender_metrics_overall_llama_8b.csv
all_strategies_opinion,"All interventions, opinion IT checkpoint",all_strategies,All interventions,opinion,winogender,WinoGender,ICL,,male_female_pair_disagreement_rate,Male/female pair disagreement,0,0.179167,0.179167,,,lower,m4_base_icl_zero,m4_baseicl_zero_llama8b,all_strategies,results/new_results/m4_base_icl_zero/m4_base_icl_zero_allmodels_20260514_005736/llama8b/evalshared/winogender/m4_baseicl_zero_llama8b_allstrat_winogender/winogender_metrics_overall_m4_baseicl_zero_llama8b_allstrat_winogender.csv
all_strategies_opinion,"All interventions, opinion IT checkpoint",all_strategies,All interventions,opinion,winogender,WinoGender,DIY IT,,male_female_pair_disagreement_rate,Male/female pair disagreement,0,0.2125,0.2125,20.41666667,mean_abs_occupation_gender_bias_score,lower,m3_finetune_llama_ms500,m3_finetune_allstrat_opinion_winogender,all_strategies,results/new_results/m3_finetune_llama_ms500/evalshared/winogender/m3_finetune_allstrat_opinion_winogender/winogender_metrics_overall_m3_finetune_allstrat_opinion_winogender.csv
all_strategies_opinion,"All interventions, opinion IT checkpoint",all_strategies,All interventions,opinion,winogender,WinoGender,"DIY Two Pass (No IT), 0-shot",0,male_female_pair_disagreement_rate,Male/female pair disagreement,0,0.158333,0.158333,15.0,mean_abs_occupation_gender_bias_score,lower,m6_self_debiasing,m6_two_pass__base__all_strategies_self_debias_two_pass_all_strategies,all_strategies,results/new_results/m6_self_debiasing/m6sd_20260324_twopass_zero_allstrategies_truncfix/eval/m6_two_pass__base__all_strategies/winogender/winogender/m6_two_pass__base__all_strategies_self_debias_two_pass_all_strategies/winogender_metrics_overall_m6_two_pass__base__all_strategies_self_debias_two_pass_all_strategies.csv
all_strategies_opinion,"All interventions, opinion IT checkpoint",all_strategies,All interventions,opinion,winogender,WinoGender,"DIY Two Pass (No IT), 1-shot",1,male_female_pair_disagreement_rate,Male/female pair disagreement,0,0.0916667,0.0916667,9.16666667,mean_abs_occupation_gender_bias_score,lower,m6_self_debiasing,m6_two_pass_one__base__all_strategies_self_debias_two_pass_all_strategies,all_strategies,results/new_results/m6_self_debiasing/m6sd_20260319_shot125_twopass_sep/eval/m6_two_pass_one__base__all_strategies/winogender/winogender/m6_two_pass_one__base__all_strategies_self_debias_two_pass_all_strategies/winogender_metrics_overall_m6_two_pass_one__base__all_strategies_self_debias_two_pass_all_strategies.csv
all_strategies_opinion,"All interventions, opinion IT checkpoint",all_strategies,All interventions,opinion,winogender,WinoGender,"DIY Two Pass (No IT), 2-shot",2,male_female_pair_disagreement_rate,Male/female pair disagreement,0,0.133333,0.133333,13.33333333,mean_abs_occupation_gender_bias_score,lower,m6_self_debiasing,m6_two_pass_two__base__all_strategies_self_debias_two_pass_all_strategies,all_strategies,results/new_results/m6_self_debiasing/m6sd_20260326_twoshot_wino_allstrategies_fix/eval/m6_two_pass_two__base__all_strategies/winogender/winogender/m6_two_pass_two__base__all_strategies_self_debias_two_pass_all_strategies/winogender_metrics_overall_m6_two_pass_two__base__all_strategies_self_debias_two_pass_all_strategies.csv
all_strategies_opinion,"All interventions, opinion IT checkpoint",all_strategies,All interventions,opinion,winogender,WinoGender,"DIY Two Pass (IT), 0-shot",0,male_female_pair_disagreement_rate,Male/female pair disagreement,0,0.120833,0.120833,10.41666667,mean_abs_occupation_gender_bias_score,lower,m6_self_debiasing,m6_two_pass__finetuned_ms-500-allstrategies-opinion__all_strategies_self_debias_two_pass_all_strategies,all_strategies,results/new_results/m6_self_debiasing/m6sd_20260324_twopass_zero_allstrategies_truncfix/eval/m6_two_pass__finetuned_ms-500-allstrategies-opinion__all_strategies/winogender/winogender/m6_two_pass__finetuned_ms-500-allstrategies-opinion__all_strategies_self_debias_two_pass_all_strategies/winogender_metrics_overall_m6_two_pass__finetuned_ms-500-allstrategies-opinion__all_strategies_self_debias_two_pass_all_strategies.csv
all_strategies_opinion,"All interventions, opinion IT checkpoint",all_strategies,All interventions,opinion,winogender,WinoGender,"DIY Two Pass (IT), 1-shot",1,male_female_pair_disagreement_rate,Male/female pair disagreement,0,0.120833,0.120833,11.25,mean_abs_occupation_gender_bias_score,lower,m6_self_debiasing,m6_two_pass_one__finetuned_ms-500-allstrategies-opinion__all_strategies_self_debias_two_pass_all_strategies,all_strategies,results/new_results/m6_self_debiasing/m6sd_20260324_twopass_one_allstrategies_truncfix/eval/m6_two_pass_one__finetuned_ms-500-allstrategies-opinion__all_strategies/winogender/winogender/m6_two_pass_one__finetuned_ms-500-allstrategies-opinion__all_strategies_self_debias_two_pass_all_strategies/winogender_metrics_overall_m6_two_pass_one__finetuned_ms-500-allstrategies-opinion__all_strategies_self_debias_two_pass_all_strategies.csv
all_strategies_opinion,"All interventions, opinion IT checkpoint",all_strategies,All interventions,opinion,winogender,WinoGender,"DIY Two Pass (IT), 2-shot",2,male_female_pair_disagreement_rate,Male/female pair disagreement,0,0.141667,0.141667,13.33333333,mean_abs_occupation_gender_bias_score,lower,m6_self_debiasing,m6_two_pass_two__finetuned_ms-500-allstrategies-opinion__all_strategies_self_debias_two_pass_all_strategies,all_strategies,results/new_results/m6_self_debiasing/m6sd_20260326_twoshot_wino_allstrategies_fix/eval/m6_two_pass_two__finetuned_ms-500-allstrategies-opinion__all_strategies/winogender/winogender/m6_two_pass_two__finetuned_ms-500-allstrategies-opinion__all_strategies_self_debias_two_pass_all_strategies/winogender_metrics_overall_m6_two_pass_two__finetuned_ms-500-allstrategies-opinion__all_strategies_self_debias_two_pass_all_strategies.csv
all_strategies_action,"All interventions, action IT checkpoint",all_strategies,All interventions,action,crowspairs,CrowS-Pairs,Base Model Inference,,stereotype_preference_pct,Stereotype preference %,50,65.19,15.19,65.19,metric_score,target50,llama_8b_base,llama_8b,,results/10_additional_benchmarks/baselines/baseline_evalshared_all_20260306_1249/crows_pairs_metrics_overall_llama_8b.csv
all_strategies_action,"All interventions, action IT checkpoint",all_strategies,All interventions,action,crowspairs,CrowS-Pairs,ICL,,stereotype_preference_pct,Stereotype preference %,50,49.67,0.33,,,lower,m4_base_icl_zero,m4_baseicl_zero_llama8b,all_strategies,results/new_results/m4_base_icl_zero/m4_base_icl_zero_allmodels_20260514_005736/llama8b/evalshared/crows_pairs_metrics_overall_m4_baseicl_zero_llama8b_allstrat_crowspairs.csv
all_strategies_action,"All interventions, action IT checkpoint",all_strategies,All interventions,action,crowspairs,CrowS-Pairs,DIY IT,,stereotype_preference_pct,Stereotype preference %,50,64.52,14.52,64.52,metric_score,target50,m3_finetune_llama_ms500,m3_finetune_allstrat_action_crowspairs,all_strategies,results/new_results/m3_finetune_llama_ms500/evalshared/crows_pairs_metrics_overall_m3_finetune_allstrat_action_crowspairs.csv
all_strategies_action,"All interventions, action IT checkpoint",all_strategies,All interventions,action,crowspairs,CrowS-Pairs,"DIY Two Pass (No IT), 0-shot",0,stereotype_preference_pct,Stereotype preference %,50,45.82,4.18,45.82,metric_score,target50,m6_self_debiasing,m6_two_pass__base__all_strategies_self_debias_two_pass_all_strategies,all_strategies,results/new_results/m6_self_debiasing/m6sd_20260324_twopass_zero_allstrategies_truncfix/eval/m6_two_pass__base__all_strategies/crowspairs/crows_pairs_metrics_overall_m6_two_pass__base__all_strategies_self_debias_two_pass_all_strategies.csv
all_strategies_action,"All interventions, action IT checkpoint",all_strategies,All interventions,action,crowspairs,CrowS-Pairs,"DIY Two Pass (No IT), 1-shot",1,stereotype_preference_pct,Stereotype preference %,50,45.82,4.18,45.82,metric_score,target50,m6_self_debiasing,m6_two_pass_one__base__all_strategies_self_debias_two_pass_all_strategies,all_strategies,results/new_results/m6_self_debiasing/m6sd_20260319_shot125_twopass_sep/eval/m6_two_pass_one__base__all_strategies/crowspairs/crows_pairs_metrics_overall_m6_two_pass_one__base__all_strategies_self_debias_two_pass_all_strategies.csv
all_strategies_action,"All interventions, action IT checkpoint",all_strategies,All interventions,action,crowspairs,CrowS-Pairs,"DIY Two Pass (No IT), 2-shot",2,stereotype_preference_pct,Stereotype preference %,50,47.55,2.45,47.55,metric_score,target50,m6_self_debiasing,m6_two_pass_two__base__all_strategies_self_debias_two_pass_all_strategies,all_strategies,results/new_results/m6_self_debiasing/m6sd_20260326_twoshot_crows_stereoset_fix/eval/m6_two_pass_two__base__all_strategies/crowspairs/crows_pairs_metrics_overall_m6_two_pass_two__base__all_strategies_self_debias_two_pass_all_strategies.csv
all_strategies_action,"All interventions, action IT checkpoint",all_strategies,All interventions,action,crowspairs,CrowS-Pairs,"DIY Two Pass (IT), 0-shot",0,stereotype_preference_pct,Stereotype preference %,50,46.95,3.05,46.95,metric_score,target50,m6_self_debiasing,m6_two_pass__finetuned_ms-500-allstrategies-action__all_strategies_self_debias_two_pass_all_strategies,all_strategies,results/new_results/m6_self_debiasing/m6sd_20260324_twopass_zero_allstrategies_truncfix/eval/m6_two_pass__finetuned_ms-500-allstrategies-action__all_strategies/crowspairs/crows_pairs_metrics_overall_m6_two_pass__finetuned_ms-500-allstrategies-action__all_strategies_self_debias_two_pass_all_strategies.csv
all_strategies_action,"All interventions, action IT checkpoint",all_strategies,All interventions,action,crowspairs,CrowS-Pairs,"DIY Two Pass (IT), 1-shot",1,stereotype_preference_pct,Stereotype preference %,50,47.02,2.98,47.02,metric_score,target50,m6_self_debiasing,m6_two_pass_one__finetuned_ms-500-allstrategies-action__all_strategies_self_debias_two_pass_all_strategies,all_strategies,results/new_results/m6_self_debiasing/m6sd_20260324_twopass_one_allstrategies_truncfix/eval/m6_two_pass_one__finetuned_ms-500-allstrategies-action__all_strategies/crowspairs/crows_pairs_metrics_overall_m6_two_pass_one__finetuned_ms-500-allstrategies-action__all_strategies_self_debias_two_pass_all_strategies.csv
all_strategies_action,"All interventions, action IT checkpoint",all_strategies,All interventions,action,crowspairs,CrowS-Pairs,"DIY Two Pass (IT), 2-shot",2,stereotype_preference_pct,Stereotype preference %,50,45.29,4.71,45.29,metric_score,target50,m6_self_debiasing,m6_two_pass_two__finetuned_ms-500-allstrategies-action__all_strategies_self_debias_two_pass_all_strategies,all_strategies,results/new_results/m6_self_debiasing/m6sd_20260326_twoshot_crows_stereoset_fix/eval/m6_two_pass_two__finetuned_ms-500-allstrategies-action__all_strategies/crowspairs/crows_pairs_metrics_overall_m6_two_pass_two__finetuned_ms-500-allstrategies-action__all_strategies_self_debias_two_pass_all_strategies.csv
all_strategies_action,"All interventions, action IT checkpoint",all_strategies,All interventions,action,stereoset,StereoSet,Base Model Inference,,SS Score,SS Score overall,50,58.2905,8.29053,68.00223461,ICAT Score,higher,llama_8b_base,llama_8b,,results/10_additional_benchmarks/baselines/baseline_evalshared_all_20260306_1249/stereoset_metrics_llama_8b.csv
all_strategies_action,"All interventions, action IT checkpoint",all_strategies,All interventions,action,stereoset,StereoSet,ICL,,SS Score,SS Score overall,50,50.2043,0.204296,,,lower,m4_base_icl_zero,m4_baseicl_zero_llama8b,all_strategies,results/new_results/m4_base_icl_zero/m4_base_icl_zero_allmodels_20260514_005736/llama8b/evalshared/stereoset_metrics_m4_baseicl_zero_llama8b_allstrat_stereoset.csv
all_strategies_action,"All interventions, action IT checkpoint",all_strategies,All interventions,action,stereoset,StereoSet,DIY IT,,SS Score,SS Score overall,50,57.0351,7.03509,68.92385307,ICAT Score,higher,m3_finetune_llama_ms500,m3_finetune_allstrat_action_stereoset,all_strategies,results/new_results/m3_finetune_llama_ms500/evalshared/stereoset_metrics_m3_finetune_allstrat_action_stereoset.csv
all_strategies_action,"All interventions, action IT checkpoint",all_strategies,All interventions,action,stereoset,StereoSet,"DIY Two Pass (No IT), 0-shot",0,SS Score,SS Score overall,50,45.1129,4.88712,43.71166185,ICAT Score,higher,m6_self_debiasing,m6_two_pass__base__all_strategies_self_debias_two_pass_all_strategies,all_strategies,results/new_results/m6_self_debiasing/m6sd_20260324_twopass_zero_allstrategies_truncfix/eval/m6_two_pass__base__all_strategies/stereoset/stereoset_metrics_m6_two_pass__base__all_strategies_self_debias_two_pass_all_strategies.csv
all_strategies_action,"All interventions, action IT checkpoint",all_strategies,All interventions,action,stereoset,StereoSet,"DIY Two Pass (No IT), 1-shot",1,SS Score,SS Score overall,50,46.6576,3.34238,47.45986446,ICAT Score,higher,m6_self_debiasing,m6_two_pass_one__base__all_strategies_self_debias_two_pass_all_strategies,all_strategies,results/new_results/m6_self_debiasing/m6sd_20260319_shot125_twopass_sep/eval/m6_two_pass_one__base__all_strategies/stereoset/stereoset_metrics_m6_two_pass_one__base__all_strategies_self_debias_two_pass_all_strategies.csv
all_strategies_action,"All interventions, action IT checkpoint",all_strategies,All interventions,action,stereoset,StereoSet,"DIY Two Pass (No IT), 2-shot",2,SS Score,SS Score overall,50,46.2478,3.75219,50.83153902,ICAT Score,higher,m6_self_debiasing,m6_two_pass_two__base__all_strategies_self_debias_two_pass_all_strategies,all_strategies,results/new_results/m6_self_debiasing/m6sd_20260326_twoshot_crows_stereoset_fix/eval/m6_two_pass_two__base__all_strategies/stereoset/stereoset_metrics_m6_two_pass_two__base__all_strategies_self_debias_two_pass_all_strategies.csv
all_strategies_action,"All interventions, action IT checkpoint",all_strategies,All interventions,action,stereoset,StereoSet,"DIY Two Pass (IT), 0-shot",0,SS Score,SS Score overall,50,44.5768,5.42324,46.41872134,ICAT Score,higher,m6_self_debiasing,m6_two_pass__finetuned_ms-500-allstrategies-action__all_strategies_self_debias_two_pass_all_strategies,all_strategies,results/new_results/m6_self_debiasing/m6sd_20260324_twopass_zero_allstrategies_truncfix/eval/m6_two_pass__finetuned_ms-500-allstrategies-action__all_strategies/stereoset/stereoset_metrics_m6_two_pass__finetuned_ms-500-allstrategies-action__all_strategies_self_debias_two_pass_all_strategies.csv
all_strategies_action,"All interventions, action IT checkpoint",all_strategies,All interventions,action,stereoset,StereoSet,"DIY Two Pass (IT), 1-shot",1,SS Score,SS Score overall,50,46.1676,3.83241,50.14138579,ICAT Score,higher,m6_self_debiasing,m6_two_pass_one__finetuned_ms-500-allstrategies-action__all_strategies_self_debias_two_pass_all_strategies,all_strategies,results/new_results/m6_self_debiasing/m6sd_20260324_twopass_one_allstrategies_truncfix/eval/m6_two_pass_one__finetuned_ms-500-allstrategies-action__all_strategies/stereoset/stereoset_metrics_m6_two_pass_one__finetuned_ms-500-allstrategies-action__all_strategies_self_debias_two_pass_all_strategies.csv
all_strategies_action,"All interventions, action IT checkpoint",all_strategies,All interventions,action,stereoset,StereoSet,"DIY Two Pass (IT), 2-shot",2,SS Score,SS Score overall,50,44.7863,5.21371,49.2603044,ICAT Score,higher,m6_self_debiasing,m6_two_pass_two__finetuned_ms-500-allstrategies-action__all_strategies_self_debias_two_pass_all_strategies,all_strategies,results/new_results/m6_self_debiasing/m6sd_20260326_twoshot_crows_stereoset_fix/eval/m6_two_pass_two__finetuned_ms-500-allstrategies-action__all_strategies/stereoset/stereoset_metrics_m6_two_pass_two__finetuned_ms-500-allstrategies-action__all_strategies_self_debias_two_pass_all_strategies.csv
all_strategies_action,"All interventions, action IT checkpoint",all_strategies,All interventions,action,bbq,BBQ Ambig.,Base Model Inference,,Bias_score_ambig,Bias score ambig.,0,7.39,7.39,3.047,mean_abs_bias_disambig,lower,llama_8b_base,llama_8b,,results/10_additional_benchmarks/baselines/baseline_evalshared_all_20260306_1249/bbq/bbq_metrics_baseline_evalshared_all_20260306_1249.csv
all_strategies_action,"All interventions, action IT checkpoint",all_strategies,All interventions,action,bbq,BBQ Ambig.,ICL,,Bias_score_ambig,Bias score ambig.,0,4.056,4.056,,,lower,m4_base_icl_zero,m4_baseicl_zero_llama8b,all_strategies,results/new_results/m4_base_icl_zero/m4_base_icl_zero_allmodels_20260514_005736/llama8b/bbq/bbq_metrics_m4_baseicl_zero_llama8b_allstrat_bbq.csv
all_strategies_action,"All interventions, action IT checkpoint",all_strategies,All interventions,action,bbq,BBQ Ambig.,DIY IT,,Bias_score_ambig,Bias score ambig.,0,4.325,4.325,0.772,mean_abs_bias_disambig,lower,m3_finetune_llama_ms500,m3_finetune_allstrat_action_bbq:m3_finetune_allstrat_action_bbq_instr_off_ALL,all_strategies,results/new_results/m3_finetune_llama_ms500/bbq/bbq_metrics_m3_finetune_allstrat_action_bbq.csv
all_strategies_action,"All interventions, action IT checkpoint",all_strategies,All interventions,action,bbq,BBQ Ambig.,"DIY Two Pass (No IT), 0-shot",0,Bias_score_ambig,Bias score ambig.,0,2.281,2.281,0.675,mean_abs_bias_disambig,lower,m6_self_debiasing,m6_two_pass__base__all_strategies,all_strategies,recomputed_from_predictions:archive/m6_llama8b_dedup_apply_20260504_000252/outputs/new_outputs/m6_self_debiasing/m6sd_20260325_bbq_allstrategies_maxlenfix_zero/eval/m6_two_pass__base__all_strategies/bbq
all_strategies_action,"All interventions, action IT checkpoint",all_strategies,All interventions,action,bbq,BBQ Ambig.,"DIY Two Pass (No IT), 1-shot",1,Bias_score_ambig,Bias score ambig.,0,3.744,3.744,0.96,mean_abs_bias_disambig,lower,m6_self_debiasing,m6_two_pass_one__base__all_strategies,all_strategies,results/new_results/m6_self_debiasing/m6sd_20260325_bbq_allstrategies_maxlenfix_one/eval/m6_two_pass_one__base__all_strategies/bbq/bbq_metrics.csv
all_strategies_action,"All interventions, action IT checkpoint",all_strategies,All interventions,action,bbq,BBQ Ambig.,"DIY Two Pass (No IT), 2-shot",2,Bias_score_ambig,Bias score ambig.,0,4.356,4.356,0.888,mean_abs_bias_disambig,lower,m6_self_debiasing,m6_two_pass_two__base__all_strategies,all_strategies,results/new_results/m6_self_debiasing/m6sd_20260330_twoshot_bbq_allstrategies_fix/eval/m6_two_pass_two__base__all_strategies/bbq/bbq_metrics.csv
all_strategies_action,"All interventions, action IT checkpoint",all_strategies,All interventions,action,bbq,BBQ Ambig.,"DIY Two Pass (IT), 0-shot",0,Bias_score_ambig,Bias score ambig.,0,1.814,1.814,1.273,mean_abs_bias_disambig,lower,m6_self_debiasing,m6_two_pass__finetuned_ms-500-allstrategies-action__all_strategies,all_strategies,recomputed_from_predictions:archive/m6_llama8b_dedup_apply_20260504_000252/outputs/new_outputs/m6_self_debiasing/m6sd_20260325_bbq_allstrategies_maxlenfix_zero/eval/m6_two_pass__finetuned_ms-500-allstrategies-action__all_strategies/bbq
all_strategies_action,"All interventions, action IT checkpoint",all_strategies,All interventions,action,bbq,BBQ Ambig.,"DIY Two Pass (IT), 1-shot",1,Bias_score_ambig,Bias score ambig.,0,3.906,3.906,1.068,mean_abs_bias_disambig,lower,m6_self_debiasing,m6_two_pass_one__finetuned_ms-500-allstrategies-action__all_strategies,all_strategies,recomputed_from_predictions:archive/m6_llama8b_dedup_apply_20260504_000252/outputs/new_outputs/m6_self_debiasing/m6sd_20260325_bbq_allstrategies_maxlenfix_one/eval/m6_two_pass_one__finetuned_ms-500-allstrategies-action__all_strategies/bbq
all_strategies_action,"All interventions, action IT checkpoint",all_strategies,All interventions,action,bbq,BBQ Ambig.,"DIY Two Pass (IT), 2-shot",2,Bias_score_ambig,Bias score ambig.,0,4.54,4.54,2.231,mean_abs_bias_disambig,lower,m6_self_debiasing,m6_two_pass_two__finetuned_ms-500-allstrategies-action__all_strategies,all_strategies,results/new_results/m6_self_debiasing/m6sd_20260330_twoshot_bbq_allstrategies_fix/eval/m6_two_pass_two__finetuned_ms-500-allstrategies-action__all_strategies/bbq/bbq_metrics.csv
all_strategies_action,"All interventions, action IT checkpoint",all_strategies,All interventions,action,bbq,BBQ Disambig.,Base Model Inference,,Bias_score_disambig,Bias score disambig.,0,3.047,3.047,3.047,mean_abs_bias_disambig,lower,llama_8b_base,llama_8b,,results/10_additional_benchmarks/baselines/baseline_evalshared_all_20260306_1249/bbq/bbq_metrics_baseline_evalshared_all_20260306_1249.csv
all_strategies_action,"All interventions, action IT checkpoint",all_strategies,All interventions,action,bbq,BBQ Disambig.,ICL,,Bias_score_disambig,Bias score disambig.,0,1.468,1.468,,,lower,m4_base_icl_zero,m4_baseicl_zero_llama8b,all_strategies,results/new_results/m4_base_icl_zero/m4_base_icl_zero_allmodels_20260514_005736/llama8b/bbq/bbq_metrics_m4_baseicl_zero_llama8b_allstrat_bbq.csv
all_strategies_action,"All interventions, action IT checkpoint",all_strategies,All interventions,action,bbq,BBQ Disambig.,DIY IT,,Bias_score_disambig,Bias score disambig.,0,0.772,0.772,0.772,mean_abs_bias_disambig,lower,m3_finetune_llama_ms500,m3_finetune_allstrat_action_bbq:m3_finetune_allstrat_action_bbq_instr_off_ALL,all_strategies,results/new_results/m3_finetune_llama_ms500/bbq/bbq_metrics_m3_finetune_allstrat_action_bbq.csv
all_strategies_action,"All interventions, action IT checkpoint",all_strategies,All interventions,action,bbq,BBQ Disambig.,"DIY Two Pass (No IT), 0-shot",0,Bias_score_disambig,Bias score disambig.,0,0.662,0.662,0.675,mean_abs_bias_disambig,lower,m6_self_debiasing,m6_two_pass__base__all_strategies,all_strategies,recomputed_from_predictions:archive/m6_llama8b_dedup_apply_20260504_000252/outputs/new_outputs/m6_self_debiasing/m6sd_20260325_bbq_allstrategies_maxlenfix_zero/eval/m6_two_pass__base__all_strategies/bbq
all_strategies_action,"All interventions, action IT checkpoint",all_strategies,All interventions,action,bbq,BBQ Disambig.,"DIY Two Pass (No IT), 1-shot",1,Bias_score_disambig,Bias score disambig.,0,0.96,0.96,0.96,mean_abs_bias_disambig,lower,m6_self_debiasing,m6_two_pass_one__base__all_strategies,all_strategies,results/new_results/m6_self_debiasing/m6sd_20260325_bbq_allstrategies_maxlenfix_one/eval/m6_two_pass_one__base__all_strategies/bbq/bbq_metrics.csv
all_strategies_action,"All interventions, action IT checkpoint",all_strategies,All interventions,action,bbq,BBQ Disambig.,"DIY Two Pass (No IT), 2-shot",2,Bias_score_disambig,Bias score disambig.,0,0.888,0.888,0.888,mean_abs_bias_disambig,lower,m6_self_debiasing,m6_two_pass_two__base__all_strategies,all_strategies,results/new_results/m6_self_debiasing/m6sd_20260330_twoshot_bbq_allstrategies_fix/eval/m6_two_pass_two__base__all_strategies/bbq/bbq_metrics.csv
all_strategies_action,"All interventions, action IT checkpoint",all_strategies,All interventions,action,bbq,BBQ Disambig.,"DIY Two Pass (IT), 0-shot",0,Bias_score_disambig,Bias score disambig.,0,1.309,1.309,1.273,mean_abs_bias_disambig,lower,m6_self_debiasing,m6_two_pass__finetuned_ms-500-allstrategies-action__all_strategies,all_strategies,recomputed_from_predictions:archive/m6_llama8b_dedup_apply_20260504_000252/outputs/new_outputs/m6_self_debiasing/m6sd_20260325_bbq_allstrategies_maxlenfix_zero/eval/m6_two_pass__finetuned_ms-500-allstrategies-action__all_strategies/bbq
all_strategies_action,"All interventions, action IT checkpoint",all_strategies,All interventions,action,bbq,BBQ Disambig.,"DIY Two Pass (IT), 1-shot",1,Bias_score_disambig,Bias score disambig.,0,1.089,1.089,1.068,mean_abs_bias_disambig,lower,m6_self_debiasing,m6_two_pass_one__finetuned_ms-500-allstrategies-action__all_strategies,all_strategies,recomputed_from_predictions:archive/m6_llama8b_dedup_apply_20260504_000252/outputs/new_outputs/m6_self_debiasing/m6sd_20260325_bbq_allstrategies_maxlenfix_one/eval/m6_two_pass_one__finetuned_ms-500-allstrategies-action__all_strategies/bbq
all_strategies_action,"All interventions, action IT checkpoint",all_strategies,All interventions,action,bbq,BBQ Disambig.,"DIY Two Pass (IT), 2-shot",2,Bias_score_disambig,Bias score disambig.,0,2.231,2.231,2.231,mean_abs_bias_disambig,lower,m6_self_debiasing,m6_two_pass_two__finetuned_ms-500-allstrategies-action__all_strategies,all_strategies,results/new_results/m6_self_debiasing/m6sd_20260330_twoshot_bbq_allstrategies_fix/eval/m6_two_pass_two__finetuned_ms-500-allstrategies-action__all_strategies/bbq/bbq_metrics.csv
all_strategies_action,"All interventions, action IT checkpoint",all_strategies,All interventions,action,winobias,WinoBias,Base Model Inference,,abs_pro_anti_gap,Abs. pro/anti gap,0,0.276515,0.276515,0.27651515,abs_pro_anti_gap,lower,llama_8b_base,llama_8b,,results/10_additional_benchmarks/baselines/baseline_evalshared_all_20260306_1249/winobias/llama_8b/winobias_metrics_overall_llama_8b.csv
all_strategies_action,"All interventions, action IT checkpoint",all_strategies,All interventions,action,winobias,WinoBias,ICL,,abs_pro_anti_gap,Abs. pro/anti gap,0,0.277778,0.277778,,,lower,m4_base_icl_zero,m4_baseicl_zero_llama8b,all_strategies,results/new_results/m4_base_icl_zero/m4_base_icl_zero_allmodels_20260514_005736/llama8b/evalshared/winobias/m4_baseicl_zero_llama8b_allstrat_winobias/winobias_metrics_overall_m4_baseicl_zero_llama8b_allstrat_winobias.csv
all_strategies_action,"All interventions, action IT checkpoint",all_strategies,All interventions,action,winobias,WinoBias,DIY IT,,abs_pro_anti_gap,Abs. pro/anti gap,0,0.262626,0.262626,0.26262626,abs_pro_anti_gap,lower,m3_finetune_llama_ms500,m3_finetune_allstrat_action_winobias,all_strategies,results/new_results/m3_finetune_llama_ms500/evalshared/winobias/m3_finetune_allstrat_action_winobias/winobias_metrics_overall_m3_finetune_allstrat_action_winobias.csv
all_strategies_action,"All interventions, action IT checkpoint",all_strategies,All interventions,action,winobias,WinoBias,"DIY Two Pass (No IT), 0-shot",0,abs_pro_anti_gap,Abs. pro/anti gap,0,0.119949,0.119949,0.11994949,abs_pro_anti_gap,lower,m6_self_debiasing,m6_two_pass__base__all_strategies_self_debias_two_pass_all_strategies,all_strategies,results/new_results/m6_self_debiasing/m6sd_20260324_twopass_zero_allstrategies_truncfix/eval/m6_two_pass__base__all_strategies/winobias/winobias/m6_two_pass__base__all_strategies_self_debias_two_pass_all_strategies/winobias_metrics_overall_m6_two_pass__base__all_strategies_self_debias_two_pass_all_strategies.csv
all_strategies_action,"All interventions, action IT checkpoint",all_strategies,All interventions,action,winobias,WinoBias,"DIY Two Pass (No IT), 1-shot",1,abs_pro_anti_gap,Abs. pro/anti gap,0,0.0833333,0.0833333,0.08333333,abs_pro_anti_gap,lower,m6_self_debiasing,m6_two_pass_one__base__all_strategies_self_debias_two_pass_all_strategies,all_strategies,results/new_results/m6_self_debiasing/m6sd_20260319_shot125_twopass_sep/eval/m6_two_pass_one__base__all_strategies/winobias/winobias/m6_two_pass_one__base__all_strategies_self_debias_two_pass_all_strategies/winobias_metrics_overall_m6_two_pass_one__base__all_strategies_self_debias_two_pass_all_strategies.csv
all_strategies_action,"All interventions, action IT checkpoint",all_strategies,All interventions,action,winobias,WinoBias,"DIY Two Pass (No IT), 2-shot",2,abs_pro_anti_gap,Abs. pro/anti gap,0,0.0795455,0.0795455,0.07954545,abs_pro_anti_gap,lower,m6_self_debiasing,m6_two_pass_two__base__all_strategies_self_debias_two_pass_all_strategies,all_strategies,results/new_results/m6_self_debiasing/m6sd_20260326_twoshot_wino_allstrategies_fix/eval/m6_two_pass_two__base__all_strategies/winobias/winobias/m6_two_pass_two__base__all_strategies_self_debias_two_pass_all_strategies/winobias_metrics_overall_m6_two_pass_two__base__all_strategies_self_debias_two_pass_all_strategies.csv
all_strategies_action,"All interventions, action IT checkpoint",all_strategies,All interventions,action,winobias,WinoBias,"DIY Two Pass (IT), 0-shot",0,abs_pro_anti_gap,Abs. pro/anti gap,0,0.103535,0.103535,0.10353535,abs_pro_anti_gap,lower,m6_self_debiasing,m6_two_pass__finetuned_ms-500-allstrategies-action__all_strategies_self_debias_two_pass_all_strategies,all_strategies,results/new_results/m6_self_debiasing/m6sd_20260324_twopass_zero_allstrategies_truncfix/eval/m6_two_pass__finetuned_ms-500-allstrategies-action__all_strategies/winobias/winobias/m6_two_pass__finetuned_ms-500-allstrategies-action__all_strategies_self_debias_two_pass_all_strategies/winobias_metrics_overall_m6_two_pass__finetuned_ms-500-allstrategies-action__all_strategies_self_debias_two_pass_all_strategies.csv
all_strategies_action,"All interventions, action IT checkpoint",all_strategies,All interventions,action,winobias,WinoBias,"DIY Two Pass (IT), 1-shot",1,abs_pro_anti_gap,Abs. pro/anti gap,0,0.0656566,0.0656566,0.06565657,abs_pro_anti_gap,lower,m6_self_debiasing,m6_two_pass_one__finetuned_ms-500-allstrategies-action__all_strategies_self_debias_two_pass_all_strategies,all_strategies,results/new_results/m6_self_debiasing/m6sd_20260324_twopass_one_allstrategies_truncfix/eval/m6_two_pass_one__finetuned_ms-500-allstrategies-action__all_strategies/winobias/winobias/m6_two_pass_one__finetuned_ms-500-allstrategies-action__all_strategies_self_debias_two_pass_all_strategies/winobias_metrics_overall_m6_two_pass_one__finetuned_ms-500-allstrategies-action__all_strategies_self_debias_two_pass_all_strategies.csv
all_strategies_action,"All interventions, action IT checkpoint",all_strategies,All interventions,action,winobias,WinoBias,"DIY Two Pass (IT), 2-shot",2,abs_pro_anti_gap,Abs. pro/anti gap,0,0.0858586,0.0858586,0.08585859,abs_pro_anti_gap,lower,m6_self_debiasing,m6_two_pass_two__finetuned_ms-500-allstrategies-action__all_strategies_self_debias_two_pass_all_strategies,all_strategies,results/new_results/m6_self_debiasing/m6sd_20260326_twoshot_wino_allstrategies_fix/eval/m6_two_pass_two__finetuned_ms-500-allstrategies-action__all_strategies/winobias/winobias/m6_two_pass_two__finetuned_ms-500-allstrategies-action__all_strategies_self_debias_two_pass_all_strategies/winobias_metrics_overall_m6_two_pass_two__finetuned_ms-500-allstrategies-action__all_strategies_self_debias_two_pass_all_strategies.csv
all_strategies_action,"All interventions, action IT checkpoint",all_strategies,All interventions,action,winogender,WinoGender,Base Model Inference,,male_female_pair_disagreement_rate,Male/female pair disagreement,0,0.191667,0.191667,18.33333333,mean_abs_occupation_gender_bias_score,lower,llama_8b_base,llama_8b,,results/10_additional_benchmarks/baselines/baseline_evalshared_all_20260306_1249/winogender/llama_8b/winogender_metrics_overall_llama_8b.csv
all_strategies_action,"All interventions, action IT checkpoint",all_strategies,All interventions,action,winogender,WinoGender,ICL,,male_female_pair_disagreement_rate,Male/female pair disagreement,0,0.179167,0.179167,,,lower,m4_base_icl_zero,m4_baseicl_zero_llama8b,all_strategies,results/new_results/m4_base_icl_zero/m4_base_icl_zero_allmodels_20260514_005736/llama8b/evalshared/winogender/m4_baseicl_zero_llama8b_allstrat_winogender/winogender_metrics_overall_m4_baseicl_zero_llama8b_allstrat_winogender.csv
all_strategies_action,"All interventions, action IT checkpoint",all_strategies,All interventions,action,winogender,WinoGender,DIY IT,,male_female_pair_disagreement_rate,Male/female pair disagreement,0,0.183333,0.183333,15.83333333,mean_abs_occupation_gender_bias_score,lower,m3_finetune_llama_ms500,m3_finetune_allstrat_action_winogender,all_strategies,results/new_results/m3_finetune_llama_ms500/evalshared/winogender/m3_finetune_allstrat_action_winogender/winogender_metrics_overall_m3_finetune_allstrat_action_winogender.csv
all_strategies_action,"All interventions, action IT checkpoint",all_strategies,All interventions,action,winogender,WinoGender,"DIY Two Pass (No IT), 0-shot",0,male_female_pair_disagreement_rate,Male/female pair disagreement,0,0.158333,0.158333,15.0,mean_abs_occupation_gender_bias_score,lower,m6_self_debiasing,m6_two_pass__base__all_strategies_self_debias_two_pass_all_strategies,all_strategies,results/new_results/m6_self_debiasing/m6sd_20260324_twopass_zero_allstrategies_truncfix/eval/m6_two_pass__base__all_strategies/winogender/winogender/m6_two_pass__base__all_strategies_self_debias_two_pass_all_strategies/winogender_metrics_overall_m6_two_pass__base__all_strategies_self_debias_two_pass_all_strategies.csv
all_strategies_action,"All interventions, action IT checkpoint",all_strategies,All interventions,action,winogender,WinoGender,"DIY Two Pass (No IT), 1-shot",1,male_female_pair_disagreement_rate,Male/female pair disagreement,0,0.0916667,0.0916667,9.16666667,mean_abs_occupation_gender_bias_score,lower,m6_self_debiasing,m6_two_pass_one__base__all_strategies_self_debias_two_pass_all_strategies,all_strategies,results/new_results/m6_self_debiasing/m6sd_20260319_shot125_twopass_sep/eval/m6_two_pass_one__base__all_strategies/winogender/winogender/m6_two_pass_one__base__all_strategies_self_debias_two_pass_all_strategies/winogender_metrics_overall_m6_two_pass_one__base__all_strategies_self_debias_two_pass_all_strategies.csv
all_strategies_action,"All interventions, action IT checkpoint",all_strategies,All interventions,action,winogender,WinoGender,"DIY Two Pass (No IT), 2-shot",2,male_female_pair_disagreement_rate,Male/female pair disagreement,0,0.133333,0.133333,13.33333333,mean_abs_occupation_gender_bias_score,lower,m6_self_debiasing,m6_two_pass_two__base__all_strategies_self_debias_two_pass_all_strategies,all_strategies,results/new_results/m6_self_debiasing/m6sd_20260326_twoshot_wino_allstrategies_fix/eval/m6_two_pass_two__base__all_strategies/winogender/winogender/m6_two_pass_two__base__all_strategies_self_debias_two_pass_all_strategies/winogender_metrics_overall_m6_two_pass_two__base__all_strategies_self_debias_two_pass_all_strategies.csv
all_strategies_action,"All interventions, action IT checkpoint",all_strategies,All interventions,action,winogender,WinoGender,"DIY Two Pass (IT), 0-shot",0,male_female_pair_disagreement_rate,Male/female pair disagreement,0,0.141667,0.141667,14.16666667,mean_abs_occupation_gender_bias_score,lower,m6_self_debiasing,m6_two_pass__finetuned_ms-500-allstrategies-action__all_strategies_self_debias_two_pass_all_strategies,all_strategies,results/new_results/m6_self_debiasing/m6sd_20260324_twopass_zero_allstrategies_truncfix/eval/m6_two_pass__finetuned_ms-500-allstrategies-action__all_strategies/winogender/winogender/m6_two_pass__finetuned_ms-500-allstrategies-action__all_strategies_self_debias_two_pass_all_strategies/winogender_metrics_overall_m6_two_pass__finetuned_ms-500-allstrategies-action__all_strategies_self_debias_two_pass_all_strategies.csv
all_strategies_action,"All interventions, action IT checkpoint",all_strategies,All interventions,action,winogender,WinoGender,"DIY Two Pass (IT), 1-shot",1,male_female_pair_disagreement_rate,Male/female pair disagreement,0,0.116667,0.116667,10.83333333,mean_abs_occupation_gender_bias_score,lower,m6_self_debiasing,m6_two_pass_one__finetuned_ms-500-allstrategies-action__all_strategies_self_debias_two_pass_all_strategies,all_strategies,results/new_results/m6_self_debiasing/m6sd_20260324_twopass_one_allstrategies_truncfix/eval/m6_two_pass_one__finetuned_ms-500-allstrategies-action__all_strategies/winogender/winogender/m6_two_pass_one__finetuned_ms-500-allstrategies-action__all_strategies_self_debias_two_pass_all_strategies/winogender_metrics_overall_m6_two_pass_one__finetuned_ms-500-allstrategies-action__all_strategies_self_debias_two_pass_all_strategies.csv
all_strategies_action,"All interventions, action IT checkpoint",all_strategies,All interventions,action,winogender,WinoGender,"DIY Two Pass (IT), 2-shot",2,male_female_pair_disagreement_rate,Male/female pair disagreement,0,0.170833,0.170833,16.25,mean_abs_occupation_gender_bias_score,lower,m6_self_debiasing,m6_two_pass_two__finetuned_ms-500-allstrategies-action__all_strategies_self_debias_two_pass_all_strategies,all_strategies,results/new_results/m6_self_debiasing/m6sd_20260326_twoshot_wino_allstrategies_fix/eval/m6_two_pass_two__finetuned_ms-500-allstrategies-action__all_strategies/winogender/winogender/m6_two_pass_two__finetuned_ms-500-allstrategies-action__all_strategies_self_debias_two_pass_all_strategies/winogender_metrics_overall_m6_two_pass_two__finetuned_ms-500-allstrategies-action__all_strategies_self_debias_two_pass_all_strategies.csv
all_strategies_event,"All interventions, event IT checkpoint",all_strategies,All interventions,event,crowspairs,CrowS-Pairs,Base Model Inference,,stereotype_preference_pct,Stereotype preference %,50,65.19,15.19,65.19,metric_score,target50,llama_8b_base,llama_8b,,results/10_additional_benchmarks/baselines/baseline_evalshared_all_20260306_1249/crows_pairs_metrics_overall_llama_8b.csv
all_strategies_event,"All interventions, event IT checkpoint",all_strategies,All interventions,event,crowspairs,CrowS-Pairs,ICL,,stereotype_preference_pct,Stereotype preference %,50,49.67,0.33,,,lower,m4_base_icl_zero,m4_baseicl_zero_llama8b,all_strategies,results/new_results/m4_base_icl_zero/m4_base_icl_zero_allmodels_20260514_005736/llama8b/evalshared/crows_pairs_metrics_overall_m4_baseicl_zero_llama8b_allstrat_crowspairs.csv
all_strategies_event,"All interventions, event IT checkpoint",all_strategies,All interventions,event,crowspairs,CrowS-Pairs,DIY IT,,stereotype_preference_pct,Stereotype preference %,50,64.32,14.32,64.32,metric_score,target50,m3_finetune_llama_ms500,m3_finetune_allstrat_event_crowspairs,all_strategies,results/new_results/m3_finetune_llama_ms500/evalshared/crows_pairs_metrics_overall_m3_finetune_allstrat_event_crowspairs.csv
all_strategies_event,"All interventions, event IT checkpoint",all_strategies,All interventions,event,crowspairs,CrowS-Pairs,"DIY Two Pass (No IT), 0-shot",0,stereotype_preference_pct,Stereotype preference %,50,45.82,4.18,45.82,metric_score,target50,m6_self_debiasing,m6_two_pass__base__all_strategies_self_debias_two_pass_all_strategies,all_strategies,results/new_results/m6_self_debiasing/m6sd_20260324_twopass_zero_allstrategies_truncfix/eval/m6_two_pass__base__all_strategies/crowspairs/crows_pairs_metrics_overall_m6_two_pass__base__all_strategies_self_debias_two_pass_all_strategies.csv
all_strategies_event,"All interventions, event IT checkpoint",all_strategies,All interventions,event,crowspairs,CrowS-Pairs,"DIY Two Pass (No IT), 1-shot",1,stereotype_preference_pct,Stereotype preference %,50,45.82,4.18,45.82,metric_score,target50,m6_self_debiasing,m6_two_pass_one__base__all_strategies_self_debias_two_pass_all_strategies,all_strategies,results/new_results/m6_self_debiasing/m6sd_20260319_shot125_twopass_sep/eval/m6_two_pass_one__base__all_strategies/crowspairs/crows_pairs_metrics_overall_m6_two_pass_one__base__all_strategies_self_debias_two_pass_all_strategies.csv
all_strategies_event,"All interventions, event IT checkpoint",all_strategies,All interventions,event,crowspairs,CrowS-Pairs,"DIY Two Pass (No IT), 2-shot",2,stereotype_preference_pct,Stereotype preference %,50,47.55,2.45,47.55,metric_score,target50,m6_self_debiasing,m6_two_pass_two__base__all_strategies_self_debias_two_pass_all_strategies,all_strategies,results/new_results/m6_self_debiasing/m6sd_20260326_twoshot_crows_stereoset_fix/eval/m6_two_pass_two__base__all_strategies/crowspairs/crows_pairs_metrics_overall_m6_two_pass_two__base__all_strategies_self_debias_two_pass_all_strategies.csv
all_strategies_event,"All interventions, event IT checkpoint",all_strategies,All interventions,event,crowspairs,CrowS-Pairs,"DIY Two Pass (IT), 0-shot",0,stereotype_preference_pct,Stereotype preference %,50,47.21,2.79,47.21,metric_score,target50,m6_self_debiasing,m6_two_pass__finetuned_ms-500-allstrategies-event__all_strategies_self_debias_two_pass_all_strategies,all_strategies,results/new_results/m6_self_debiasing/m6sd_20260324_twopass_zero_allstrategies_truncfix/eval/m6_two_pass__finetuned_ms-500-allstrategies-event__all_strategies/crowspairs/crows_pairs_metrics_overall_m6_two_pass__finetuned_ms-500-allstrategies-event__all_strategies_self_debias_two_pass_all_strategies.csv
all_strategies_event,"All interventions, event IT checkpoint",all_strategies,All interventions,event,crowspairs,CrowS-Pairs,"DIY Two Pass (IT), 1-shot",1,stereotype_preference_pct,Stereotype preference %,50,45.69,4.31,45.69,metric_score,target50,m6_self_debiasing,m6_two_pass_one__finetuned_ms-500-allstrategies-event__all_strategies_self_debias_two_pass_all_strategies,all_strategies,results/new_results/m6_self_debiasing/m6sd_20260324_twopass_one_allstrategies_truncfix/eval/m6_two_pass_one__finetuned_ms-500-allstrategies-event__all_strategies/crowspairs/crows_pairs_metrics_overall_m6_two_pass_one__finetuned_ms-500-allstrategies-event__all_strategies_self_debias_two_pass_all_strategies.csv
all_strategies_event,"All interventions, event IT checkpoint",all_strategies,All interventions,event,crowspairs,CrowS-Pairs,"DIY Two Pass (IT), 2-shot",2,stereotype_preference_pct,Stereotype preference %,50,44.56,5.44,44.56,metric_score,target50,m6_self_debiasing,m6_two_pass_two__finetuned_ms-500-allstrategies-event__all_strategies_self_debias_two_pass_all_strategies,all_strategies,results/new_results/m6_self_debiasing/m6sd_20260326_twoshot_crows_stereoset_fix/eval/m6_two_pass_two__finetuned_ms-500-allstrategies-event__all_strategies/crowspairs/crows_pairs_metrics_overall_m6_two_pass_two__finetuned_ms-500-allstrategies-event__all_strategies_self_debias_two_pass_all_strategies.csv
all_strategies_event,"All interventions, event IT checkpoint",all_strategies,All interventions,event,stereoset,StereoSet,Base Model Inference,,SS Score,SS Score overall,50,58.2905,8.29053,68.00223461,ICAT Score,higher,llama_8b_base,llama_8b,,results/10_additional_benchmarks/baselines/baseline_evalshared_all_20260306_1249/stereoset_metrics_llama_8b.csv
all_strategies_event,"All interventions, event IT checkpoint",all_strategies,All interventions,event,stereoset,StereoSet,ICL,,SS Score,SS Score overall,50,50.2043,0.204296,,,lower,m4_base_icl_zero,m4_baseicl_zero_llama8b,all_strategies,results/new_results/m4_base_icl_zero/m4_base_icl_zero_allmodels_20260514_005736/llama8b/evalshared/stereoset_metrics_m4_baseicl_zero_llama8b_allstrat_stereoset.csv
all_strategies_event,"All interventions, event IT checkpoint",all_strategies,All interventions,event,stereoset,StereoSet,DIY IT,,SS Score,SS Score overall,50,56.7831,6.7831,69.52425354,ICAT Score,higher,m3_finetune_llama_ms500,m3_finetune_allstrat_event_stereoset,all_strategies,results/new_results/m3_finetune_llama_ms500/evalshared/stereoset_metrics_m3_finetune_allstrat_event_stereoset.csv
all_strategies_event,"All interventions, event IT checkpoint",all_strategies,All interventions,event,stereoset,StereoSet,"DIY Two Pass (No IT), 0-shot",0,SS Score,SS Score overall,50,45.1129,4.88712,43.71166185,ICAT Score,higher,m6_self_debiasing,m6_two_pass__base__all_strategies_self_debias_two_pass_all_strategies,all_strategies,results/new_results/m6_self_debiasing/m6sd_20260324_twopass_zero_allstrategies_truncfix/eval/m6_two_pass__base__all_strategies/stereoset/stereoset_metrics_m6_two_pass__base__all_strategies_self_debias_two_pass_all_strategies.csv
all_strategies_event,"All interventions, event IT checkpoint",all_strategies,All interventions,event,stereoset,StereoSet,"DIY Two Pass (No IT), 1-shot",1,SS Score,SS Score overall,50,46.6576,3.34238,47.45986446,ICAT Score,higher,m6_self_debiasing,m6_two_pass_one__base__all_strategies_self_debias_two_pass_all_strategies,all_strategies,results/new_results/m6_self_debiasing/m6sd_20260319_shot125_twopass_sep/eval/m6_two_pass_one__base__all_strategies/stereoset/stereoset_metrics_m6_two_pass_one__base__all_strategies_self_debias_two_pass_all_strategies.csv
all_strategies_event,"All interventions, event IT checkpoint",all_strategies,All interventions,event,stereoset,StereoSet,"DIY Two Pass (No IT), 2-shot",2,SS Score,SS Score overall,50,46.2478,3.75219,50.83153902,ICAT Score,higher,m6_self_debiasing,m6_two_pass_two__base__all_strategies_self_debias_two_pass_all_strategies,all_strategies,results/new_results/m6_self_debiasing/m6sd_20260326_twoshot_crows_stereoset_fix/eval/m6_two_pass_two__base__all_strategies/stereoset/stereoset_metrics_m6_two_pass_two__base__all_strategies_self_debias_two_pass_all_strategies.csv
all_strategies_event,"All interventions, event IT checkpoint",all_strategies,All interventions,event,stereoset,StereoSet,"DIY Two Pass (IT), 0-shot",0,SS Score,SS Score overall,50,44.4991,5.50089,46.92678309,ICAT Score,higher,m6_self_debiasing,m6_two_pass__finetuned_ms-500-allstrategies-event__all_strategies_self_debias_two_pass_all_strategies,all_strategies,results/new_results/m6_self_debiasing/m6sd_20260324_twopass_zero_allstrategies_truncfix/eval/m6_two_pass__finetuned_ms-500-allstrategies-event__all_strategies/stereoset/stereoset_metrics_m6_two_pass__finetuned_ms-500-allstrategies-event__all_strategies_self_debias_two_pass_all_strategies.csv
all_strategies_event,"All interventions, event IT checkpoint",all_strategies,All interventions,event,stereoset,StereoSet,"DIY Two Pass (IT), 1-shot",1,SS Score,SS Score overall,50,45.1408,4.85918,48.9822114,ICAT Score,higher,m6_self_debiasing,m6_two_pass_one__finetuned_ms-500-allstrategies-event__all_strategies_self_debias_two_pass_all_strategies,all_strategies,results/new_results/m6_self_debiasing/m6sd_20260324_twopass_one_allstrategies_truncfix/eval/m6_two_pass_one__finetuned_ms-500-allstrategies-event__all_strategies/stereoset/stereoset_metrics_m6_two_pass_one__finetuned_ms-500-allstrategies-event__all_strategies_self_debias_two_pass_all_strategies.csv
all_strategies_event,"All interventions, event IT checkpoint",all_strategies,All interventions,event,stereoset,StereoSet,"DIY Two Pass (IT), 2-shot",2,SS Score,SS Score overall,50,43.4541,6.54588,48.58242427,ICAT Score,higher,m6_self_debiasing,m6_two_pass_two__finetuned_ms-500-allstrategies-event__all_strategies_self_debias_two_pass_all_strategies,all_strategies,results/new_results/m6_self_debiasing/m6sd_20260326_twoshot_crows_stereoset_fix/eval/m6_two_pass_two__finetuned_ms-500-allstrategies-event__all_strategies/stereoset/stereoset_metrics_m6_two_pass_two__finetuned_ms-500-allstrategies-event__all_strategies_self_debias_two_pass_all_strategies.csv
all_strategies_event,"All interventions, event IT checkpoint",all_strategies,All interventions,event,bbq,BBQ Ambig.,Base Model Inference,,Bias_score_ambig,Bias score ambig.,0,7.39,7.39,3.047,mean_abs_bias_disambig,lower,llama_8b_base,llama_8b,,results/10_additional_benchmarks/baselines/baseline_evalshared_all_20260306_1249/bbq/bbq_metrics_baseline_evalshared_all_20260306_1249.csv
all_strategies_event,"All interventions, event IT checkpoint",all_strategies,All interventions,event,bbq,BBQ Ambig.,ICL,,Bias_score_ambig,Bias score ambig.,0,4.056,4.056,,,lower,m4_base_icl_zero,m4_baseicl_zero_llama8b,all_strategies,results/new_results/m4_base_icl_zero/m4_base_icl_zero_allmodels_20260514_005736/llama8b/bbq/bbq_metrics_m4_baseicl_zero_llama8b_allstrat_bbq.csv
all_strategies_event,"All interventions, event IT checkpoint",all_strategies,All interventions,event,bbq,BBQ Ambig.,DIY IT,,Bias_score_ambig,Bias score ambig.,0,4.742,4.742,0.973,mean_abs_bias_disambig,lower,m3_finetune_llama_ms500,m3_finetune_allstrat_event_bbq:m3_finetune_allstrat_event_bbq_instr_off_ALL,all_strategies,results/new_results/m3_finetune_llama_ms500/bbq/bbq_metrics_m3_finetune_allstrat_event_bbq.csv
all_strategies_event,"All interventions, event IT checkpoint",all_strategies,All interventions,event,bbq,BBQ Ambig.,"DIY Two Pass (No IT), 0-shot",0,Bias_score_ambig,Bias score ambig.,0,2.281,2.281,0.675,mean_abs_bias_disambig,lower,m6_self_debiasing,m6_two_pass__base__all_strategies,all_strategies,recomputed_from_predictions:archive/m6_llama8b_dedup_apply_20260504_000252/outputs/new_outputs/m6_self_debiasing/m6sd_20260325_bbq_allstrategies_maxlenfix_zero/eval/m6_two_pass__base__all_strategies/bbq
all_strategies_event,"All interventions, event IT checkpoint",all_strategies,All interventions,event,bbq,BBQ Ambig.,"DIY Two Pass (No IT), 1-shot",1,Bias_score_ambig,Bias score ambig.,0,3.744,3.744,0.96,mean_abs_bias_disambig,lower,m6_self_debiasing,m6_two_pass_one__base__all_strategies,all_strategies,results/new_results/m6_self_debiasing/m6sd_20260325_bbq_allstrategies_maxlenfix_one/eval/m6_two_pass_one__base__all_strategies/bbq/bbq_metrics.csv
all_strategies_event,"All interventions, event IT checkpoint",all_strategies,All interventions,event,bbq,BBQ Ambig.,"DIY Two Pass (No IT), 2-shot",2,Bias_score_ambig,Bias score ambig.,0,4.356,4.356,0.888,mean_abs_bias_disambig,lower,m6_self_debiasing,m6_two_pass_two__base__all_strategies,all_strategies,results/new_results/m6_self_debiasing/m6sd_20260330_twoshot_bbq_allstrategies_fix/eval/m6_two_pass_two__base__all_strategies/bbq/bbq_metrics.csv
all_strategies_event,"All interventions, event IT checkpoint",all_strategies,All interventions,event,bbq,BBQ Ambig.,"DIY Two Pass (IT), 0-shot",0,Bias_score_ambig,Bias score ambig.,0,1.779,1.779,1.067,mean_abs_bias_disambig,lower,m6_self_debiasing,m6_two_pass__finetuned_ms-500-allstrategies-event__all_strategies,all_strategies,recomputed_from_predictions:archive/m6_llama8b_dedup_apply_20260504_000252/outputs/new_outputs/m6_self_debiasing/m6sd_20260325_bbq_allstrategies_maxlenfix_zero/eval/m6_two_pass__finetuned_ms-500-allstrategies-event__all_strategies/bbq
all_strategies_event,"All interventions, event IT checkpoint",all_strategies,All interventions,event,bbq,BBQ Ambig.,"DIY Two Pass (IT), 1-shot",1,Bias_score_ambig,Bias score ambig.,0,3.991,3.991,0.955,mean_abs_bias_disambig,lower,m6_self_debiasing,m6_two_pass_one__finetuned_ms-500-allstrategies-event__all_strategies,all_strategies,recomputed_from_predictions:archive/m6_llama8b_dedup_apply_20260504_000252/outputs/new_outputs/m6_self_debiasing/m6sd_20260325_bbq_allstrategies_maxlenfix_one/eval/m6_two_pass_one__finetuned_ms-500-allstrategies-event__all_strategies/bbq
all_strategies_event,"All interventions, event IT checkpoint",all_strategies,All interventions,event,bbq,BBQ Ambig.,"DIY Two Pass (IT), 2-shot",2,Bias_score_ambig,Bias score ambig.,0,5.217,5.217,2.513,mean_abs_bias_disambig,lower,m6_self_debiasing,m6_two_pass_two__finetuned_ms-500-allstrategies-event__all_strategies,all_strategies,results/new_results/m6_self_debiasing/m6sd_20260330_twoshot_bbq_allstrategies_fix/eval/m6_two_pass_two__finetuned_ms-500-allstrategies-event__all_strategies/bbq/bbq_metrics.csv
all_strategies_event,"All interventions, event IT checkpoint",all_strategies,All interventions,event,bbq,BBQ Disambig.,Base Model Inference,,Bias_score_disambig,Bias score disambig.,0,3.047,3.047,3.047,mean_abs_bias_disambig,lower,llama_8b_base,llama_8b,,results/10_additional_benchmarks/baselines/baseline_evalshared_all_20260306_1249/bbq/bbq_metrics_baseline_evalshared_all_20260306_1249.csv
all_strategies_event,"All interventions, event IT checkpoint",all_strategies,All interventions,event,bbq,BBQ Disambig.,ICL,,Bias_score_disambig,Bias score disambig.,0,1.468,1.468,,,lower,m4_base_icl_zero,m4_baseicl_zero_llama8b,all_strategies,results/new_results/m4_base_icl_zero/m4_base_icl_zero_allmodels_20260514_005736/llama8b/bbq/bbq_metrics_m4_baseicl_zero_llama8b_allstrat_bbq.csv
all_strategies_event,"All interventions, event IT checkpoint",all_strategies,All interventions,event,bbq,BBQ Disambig.,DIY IT,,Bias_score_disambig,Bias score disambig.,0,0.973,0.973,0.973,mean_abs_bias_disambig,lower,m3_finetune_llama_ms500,m3_finetune_allstrat_event_bbq:m3_finetune_allstrat_event_bbq_instr_off_ALL,all_strategies,results/new_results/m3_finetune_llama_ms500/bbq/bbq_metrics_m3_finetune_allstrat_event_bbq.csv
all_strategies_event,"All interventions, event IT checkpoint",all_strategies,All interventions,event,bbq,BBQ Disambig.,"DIY Two Pass (No IT), 0-shot",0,Bias_score_disambig,Bias score disambig.,0,0.662,0.662,0.675,mean_abs_bias_disambig,lower,m6_self_debiasing,m6_two_pass__base__all_strategies,all_strategies,recomputed_from_predictions:archive/m6_llama8b_dedup_apply_20260504_000252/outputs/new_outputs/m6_self_debiasing/m6sd_20260325_bbq_allstrategies_maxlenfix_zero/eval/m6_two_pass__base__all_strategies/bbq
all_strategies_event,"All interventions, event IT checkpoint",all_strategies,All interventions,event,bbq,BBQ Disambig.,"DIY Two Pass (No IT), 1-shot",1,Bias_score_disambig,Bias score disambig.,0,0.96,0.96,0.96,mean_abs_bias_disambig,lower,m6_self_debiasing,m6_two_pass_one__base__all_strategies,all_strategies,results/new_results/m6_self_debiasing/m6sd_20260325_bbq_allstrategies_maxlenfix_one/eval/m6_two_pass_one__base__all_strategies/bbq/bbq_metrics.csv
all_strategies_event,"All interventions, event IT checkpoint",all_strategies,All interventions,event,bbq,BBQ Disambig.,"DIY Two Pass (No IT), 2-shot",2,Bias_score_disambig,Bias score disambig.,0,0.888,0.888,0.888,mean_abs_bias_disambig,lower,m6_self_debiasing,m6_two_pass_two__base__all_strategies,all_strategies,results/new_results/m6_self_debiasing/m6sd_20260330_twoshot_bbq_allstrategies_fix/eval/m6_two_pass_two__base__all_strategies/bbq/bbq_metrics.csv
all_strategies_event,"All interventions, event IT checkpoint",all_strategies,All interventions,event,bbq,BBQ Disambig.,"DIY Two Pass (IT), 0-shot",0,Bias_score_disambig,Bias score disambig.,0,1.102,1.102,1.067,mean_abs_bias_disambig,lower,m6_self_debiasing,m6_two_pass__finetuned_ms-500-allstrategies-event__all_strategies,all_strategies,recomputed_from_predictions:archive/m6_llama8b_dedup_apply_20260504_000252/outputs/new_outputs/m6_self_debiasing/m6sd_20260325_bbq_allstrategies_maxlenfix_zero/eval/m6_two_pass__finetuned_ms-500-allstrategies-event__all_strategies/bbq
all_strategies_event,"All interventions, event IT checkpoint",all_strategies,All interventions,event,bbq,BBQ Disambig.,"DIY Two Pass (IT), 1-shot",1,Bias_score_disambig,Bias score disambig.,0,0.956,0.956,0.955,mean_abs_bias_disambig,lower,m6_self_debiasing,m6_two_pass_one__finetuned_ms-500-allstrategies-event__all_strategies,all_strategies,recomputed_from_predictions:archive/m6_llama8b_dedup_apply_20260504_000252/outputs/new_outputs/m6_self_debiasing/m6sd_20260325_bbq_allstrategies_maxlenfix_one/eval/m6_two_pass_one__finetuned_ms-500-allstrategies-event__all_strategies/bbq
all_strategies_event,"All interventions, event IT checkpoint",all_strategies,All interventions,event,bbq,BBQ Disambig.,"DIY Two Pass (IT), 2-shot",2,Bias_score_disambig,Bias score disambig.,0,2.513,2.513,2.513,mean_abs_bias_disambig,lower,m6_self_debiasing,m6_two_pass_two__finetuned_ms-500-allstrategies-event__all_strategies,all_strategies,results/new_results/m6_self_debiasing/m6sd_20260330_twoshot_bbq_allstrategies_fix/eval/m6_two_pass_two__finetuned_ms-500-allstrategies-event__all_strategies/bbq/bbq_metrics.csv
all_strategies_event,"All interventions, event IT checkpoint",all_strategies,All interventions,event,winobias,WinoBias,Base Model Inference,,abs_pro_anti_gap,Abs. pro/anti gap,0,0.276515,0.276515,0.27651515,abs_pro_anti_gap,lower,llama_8b_base,llama_8b,,results/10_additional_benchmarks/baselines/baseline_evalshared_all_20260306_1249/winobias/llama_8b/winobias_metrics_overall_llama_8b.csv
all_strategies_event,"All interventions, event IT checkpoint",all_strategies,All interventions,event,winobias,WinoBias,ICL,,abs_pro_anti_gap,Abs. pro/anti gap,0,0.277778,0.277778,,,lower,m4_base_icl_zero,m4_baseicl_zero_llama8b,all_strategies,results/new_results/m4_base_icl_zero/m4_base_icl_zero_allmodels_20260514_005736/llama8b/evalshared/winobias/m4_baseicl_zero_llama8b_allstrat_winobias/winobias_metrics_overall_m4_baseicl_zero_llama8b_allstrat_winobias.csv
all_strategies_event,"All interventions, event IT checkpoint",all_strategies,All interventions,event,winobias,WinoBias,DIY IT,,abs_pro_anti_gap,Abs. pro/anti gap,0,0.270202,0.270202,0.27020202,abs_pro_anti_gap,lower,m3_finetune_llama_ms500,m3_finetune_allstrat_event_winobias,all_strategies,results/new_results/m3_finetune_llama_ms500/evalshared/winobias/m3_finetune_allstrat_event_winobias/winobias_metrics_overall_m3_finetune_allstrat_event_winobias.csv
all_strategies_event,"All interventions, event IT checkpoint",all_strategies,All interventions,event,winobias,WinoBias,"DIY Two Pass (No IT), 0-shot",0,abs_pro_anti_gap,Abs. pro/anti gap,0,0.119949,0.119949,0.11994949,abs_pro_anti_gap,lower,m6_self_debiasing,m6_two_pass__base__all_strategies_self_debias_two_pass_all_strategies,all_strategies,results/new_results/m6_self_debiasing/m6sd_20260324_twopass_zero_allstrategies_truncfix/eval/m6_two_pass__base__all_strategies/winobias/winobias/m6_two_pass__base__all_strategies_self_debias_two_pass_all_strategies/winobias_metrics_overall_m6_two_pass__base__all_strategies_self_debias_two_pass_all_strategies.csv
all_strategies_event,"All interventions, event IT checkpoint",all_strategies,All interventions,event,winobias,WinoBias,"DIY Two Pass (No IT), 1-shot",1,abs_pro_anti_gap,Abs. pro/anti gap,0,0.0833333,0.0833333,0.08333333,abs_pro_anti_gap,lower,m6_self_debiasing,m6_two_pass_one__base__all_strategies_self_debias_two_pass_all_strategies,all_strategies,results/new_results/m6_self_debiasing/m6sd_20260319_shot125_twopass_sep/eval/m6_two_pass_one__base__all_strategies/winobias/winobias/m6_two_pass_one__base__all_strategies_self_debias_two_pass_all_strategies/winobias_metrics_overall_m6_two_pass_one__base__all_strategies_self_debias_two_pass_all_strategies.csv
all_strategies_event,"All interventions, event IT checkpoint",all_strategies,All interventions,event,winobias,WinoBias,"DIY Two Pass (No IT), 2-shot",2,abs_pro_anti_gap,Abs. pro/anti gap,0,0.0795455,0.0795455,0.07954545,abs_pro_anti_gap,lower,m6_self_debiasing,m6_two_pass_two__base__all_strategies_self_debias_two_pass_all_strategies,all_strategies,results/new_results/m6_self_debiasing/m6sd_20260326_twoshot_wino_allstrategies_fix/eval/m6_two_pass_two__base__all_strategies/winobias/winobias/m6_two_pass_two__base__all_strategies_self_debias_two_pass_all_strategies/winobias_metrics_overall_m6_two_pass_two__base__all_strategies_self_debias_two_pass_all_strategies.csv
all_strategies_event,"All interventions, event IT checkpoint",all_strategies,All interventions,event,winobias,WinoBias,"DIY Two Pass (IT), 0-shot",0,abs_pro_anti_gap,Abs. pro/anti gap,0,0.10101,0.10101,0.1010101,abs_pro_anti_gap,lower,m6_self_debiasing,m6_two_pass__finetuned_ms-500-allstrategies-event__all_strategies_self_debias_two_pass_all_strategies,all_strategies,results/new_results/m6_self_debiasing/m6sd_20260324_twopass_zero_allstrategies_truncfix/eval/m6_two_pass__finetuned_ms-500-allstrategies-event__all_strategies/winobias/winobias/m6_two_pass__finetuned_ms-500-allstrategies-event__all_strategies_self_debias_two_pass_all_strategies/winobias_metrics_overall_m6_two_pass__finetuned_ms-500-allstrategies-event__all_strategies_self_debias_two_pass_all_strategies.csv
all_strategies_event,"All interventions, event IT checkpoint",all_strategies,All interventions,event,winobias,WinoBias,"DIY Two Pass (IT), 1-shot",1,abs_pro_anti_gap,Abs. pro/anti gap,0,0.0656566,0.0656566,0.06565657,abs_pro_anti_gap,lower,m6_self_debiasing,m6_two_pass_one__finetuned_ms-500-allstrategies-event__all_strategies_self_debias_two_pass_all_strategies,all_strategies,results/new_results/m6_self_debiasing/m6sd_20260324_twopass_one_allstrategies_truncfix/eval/m6_two_pass_one__finetuned_ms-500-allstrategies-event__all_strategies/winobias/winobias/m6_two_pass_one__finetuned_ms-500-allstrategies-event__all_strategies_self_debias_two_pass_all_strategies/winobias_metrics_overall_m6_two_pass_one__finetuned_ms-500-allstrategies-event__all_strategies_self_debias_two_pass_all_strategies.csv
all_strategies_event,"All interventions, event IT checkpoint",all_strategies,All interventions,event,winobias,WinoBias,"DIY Two Pass (IT), 2-shot",2,abs_pro_anti_gap,Abs. pro/anti gap,0,0.10101,0.10101,0.1010101,abs_pro_anti_gap,lower,m6_self_debiasing,m6_two_pass_two__finetuned_ms-500-allstrategies-event__all_strategies_self_debias_two_pass_all_strategies,all_strategies,results/new_results/m6_self_debiasing/m6sd_20260326_twoshot_wino_allstrategies_fix/eval/m6_two_pass_two__finetuned_ms-500-allstrategies-event__all_strategies/winobias/winobias/m6_two_pass_two__finetuned_ms-500-allstrategies-event__all_strategies_self_debias_two_pass_all_strategies/winobias_metrics_overall_m6_two_pass_two__finetuned_ms-500-allstrategies-event__all_strategies_self_debias_two_pass_all_strategies.csv
all_strategies_event,"All interventions, event IT checkpoint",all_strategies,All interventions,event,winogender,WinoGender,Base Model Inference,,male_female_pair_disagreement_rate,Male/female pair disagreement,0,0.191667,0.191667,18.33333333,mean_abs_occupation_gender_bias_score,lower,llama_8b_base,llama_8b,,results/10_additional_benchmarks/baselines/baseline_evalshared_all_20260306_1249/winogender/llama_8b/winogender_metrics_overall_llama_8b.csv
all_strategies_event,"All interventions, event IT checkpoint",all_strategies,All interventions,event,winogender,WinoGender,ICL,,male_female_pair_disagreement_rate,Male/female pair disagreement,0,0.179167,0.179167,,,lower,m4_base_icl_zero,m4_baseicl_zero_llama8b,all_strategies,results/new_results/m4_base_icl_zero/m4_base_icl_zero_allmodels_20260514_005736/llama8b/evalshared/winogender/m4_baseicl_zero_llama8b_allstrat_winogender/winogender_metrics_overall_m4_baseicl_zero_llama8b_allstrat_winogender.csv
all_strategies_event,"All interventions, event IT checkpoint",all_strategies,All interventions,event,winogender,WinoGender,DIY IT,,male_female_pair_disagreement_rate,Male/female pair disagreement,0,0.208333,0.208333,20.0,mean_abs_occupation_gender_bias_score,lower,m3_finetune_llama_ms500,m3_finetune_allstrat_event_winogender,all_strategies,results/new_results/m3_finetune_llama_ms500/evalshared/winogender/m3_finetune_allstrat_event_winogender/winogender_metrics_overall_m3_finetune_allstrat_event_winogender.csv
all_strategies_event,"All interventions, event IT checkpoint",all_strategies,All interventions,event,winogender,WinoGender,"DIY Two Pass (No IT), 0-shot",0,male_female_pair_disagreement_rate,Male/female pair disagreement,0,0.158333,0.158333,15.0,mean_abs_occupation_gender_bias_score,lower,m6_self_debiasing,m6_two_pass__base__all_strategies_self_debias_two_pass_all_strategies,all_strategies,results/new_results/m6_self_debiasing/m6sd_20260324_twopass_zero_allstrategies_truncfix/eval/m6_two_pass__base__all_strategies/winogender/winogender/m6_two_pass__base__all_strategies_self_debias_two_pass_all_strategies/winogender_metrics_overall_m6_two_pass__base__all_strategies_self_debias_two_pass_all_strategies.csv
all_strategies_event,"All interventions, event IT checkpoint",all_strategies,All interventions,event,winogender,WinoGender,"DIY Two Pass (No IT), 1-shot",1,male_female_pair_disagreement_rate,Male/female pair disagreement,0,0.0916667,0.0916667,9.16666667,mean_abs_occupation_gender_bias_score,lower,m6_self_debiasing,m6_two_pass_one__base__all_strategies_self_debias_two_pass_all_strategies,all_strategies,results/new_results/m6_self_debiasing/m6sd_20260319_shot125_twopass_sep/eval/m6_two_pass_one__base__all_strategies/winogender/winogender/m6_two_pass_one__base__all_strategies_self_debias_two_pass_all_strategies/winogender_metrics_overall_m6_two_pass_one__base__all_strategies_self_debias_two_pass_all_strategies.csv
all_strategies_event,"All interventions, event IT checkpoint",all_strategies,All interventions,event,winogender,WinoGender,"DIY Two Pass (No IT), 2-shot",2,male_female_pair_disagreement_rate,Male/female pair disagreement,0,0.133333,0.133333,13.33333333,mean_abs_occupation_gender_bias_score,lower,m6_self_debiasing,m6_two_pass_two__base__all_strategies_self_debias_two_pass_all_strategies,all_strategies,results/new_results/m6_self_debiasing/m6sd_20260326_twoshot_wino_allstrategies_fix/eval/m6_two_pass_two__base__all_strategies/winogender/winogender/m6_two_pass_two__base__all_strategies_self_debias_two_pass_all_strategies/winogender_metrics_overall_m6_two_pass_two__base__all_strategies_self_debias_two_pass_all_strategies.csv
all_strategies_event,"All interventions, event IT checkpoint",all_strategies,All interventions,event,winogender,WinoGender,"DIY Two Pass (IT), 0-shot",0,male_female_pair_disagreement_rate,Male/female pair disagreement,0,0.108333,0.108333,10.0,mean_abs_occupation_gender_bias_score,lower,m6_self_debiasing,m6_two_pass__finetuned_ms-500-allstrategies-event__all_strategies_self_debias_two_pass_all_strategies,all_strategies,results/new_results/m6_self_debiasing/m6sd_20260324_twopass_zero_allstrategies_truncfix/eval/m6_two_pass__finetuned_ms-500-allstrategies-event__all_strategies/winogender/winogender/m6_two_pass__finetuned_ms-500-allstrategies-event__all_strategies_self_debias_two_pass_all_strategies/winogender_metrics_overall_m6_two_pass__finetuned_ms-500-allstrategies-event__all_strategies_self_debias_two_pass_all_strategies.csv
all_strategies_event,"All interventions, event IT checkpoint",all_strategies,All interventions,event,winogender,WinoGender,"DIY Two Pass (IT), 1-shot",1,male_female_pair_disagreement_rate,Male/female pair disagreement,0,0.0791667,0.0791667,7.91666667,mean_abs_occupation_gender_bias_score,lower,m6_self_debiasing,m6_two_pass_one__finetuned_ms-500-allstrategies-event__all_strategies_self_debias_two_pass_all_strategies,all_strategies,results/new_results/m6_self_debiasing/m6sd_20260324_twopass_one_allstrategies_truncfix/eval/m6_two_pass_one__finetuned_ms-500-allstrategies-event__all_strategies/winogender/winogender/m6_two_pass_one__finetuned_ms-500-allstrategies-event__all_strategies_self_debias_two_pass_all_strategies/winogender_metrics_overall_m6_two_pass_one__finetuned_ms-500-allstrategies-event__all_strategies_self_debias_two_pass_all_strategies.csv
all_strategies_event,"All interventions, event IT checkpoint",all_strategies,All interventions,event,winogender,WinoGender,"DIY Two Pass (IT), 2-shot",2,male_female_pair_disagreement_rate,Male/female pair disagreement,0,0.1375,0.1375,12.91666667,mean_abs_occupation_gender_bias_score,lower,m6_self_debiasing,m6_two_pass_two__finetuned_ms-500-allstrategies-event__all_strategies_self_debias_two_pass_all_strategies,all_strategies,results/new_results/m6_self_debiasing/m6sd_20260326_twoshot_wino_allstrategies_fix/eval/m6_two_pass_two__finetuned_ms-500-allstrategies-event__all_strategies/winogender/winogender/m6_two_pass_two__finetuned_ms-500-allstrategies-event__all_strategies_self_debias_two_pass_all_strategies/winogender_metrics_overall_m6_two_pass_two__finetuned_ms-500-allstrategies-event__all_strategies_self_debias_two_pass_all_strategies.csv
stereotype_replacement_all_versions,"Stereotype replacement, matched IT checkpoint",stereotype_replacement,Stereotype replacement,matched all-version,crowspairs,CrowS-Pairs,Base Model Inference,,stereotype_preference_pct,Stereotype preference %,50,65.19,15.19,65.19,metric_score,target50,llama_8b_base,llama_8b,,results/10_additional_benchmarks/baselines/baseline_evalshared_all_20260306_1249/crows_pairs_metrics_overall_llama_8b.csv
stereotype_replacement_all_versions,"Stereotype replacement, matched IT checkpoint",stereotype_replacement,Stereotype replacement,matched all-version,crowspairs,CrowS-Pairs,ICL,,stereotype_preference_pct,Stereotype preference %,50,59.35,9.35,,,lower,m4_base_icl_zero,m4_baseicl_zero_llama8b,stereotype_replacement,results/new_results/m4_base_icl_zero/m4_base_icl_zero_allmodels_20260514_005736/llama8b/evalshared/crows_pairs_metrics_overall_m4_baseicl_zero_llama8b_sr_crowspairs.csv
stereotype_replacement_all_versions,"Stereotype replacement, matched IT checkpoint",stereotype_replacement,Stereotype replacement,matched all-version,crowspairs,CrowS-Pairs,DIY IT,,stereotype_preference_pct,Stereotype preference %,50,64.85,14.85,64.85,metric_score,target50,m3_finetune_llama_ms500,m3_finetune_sr_indft_crowspairs,stereotype_replacement,results/new_results/m3_finetune_llama_ms500/evalshared/crows_pairs_metrics_overall_m3_finetune_sr_indft_crowspairs.csv
stereotype_replacement_all_versions,"Stereotype replacement, matched IT checkpoint",stereotype_replacement,Stereotype replacement,matched all-version,crowspairs,CrowS-Pairs,"DIY Two Pass (No IT), 0-shot",0,stereotype_preference_pct,Stereotype preference %,50,44.23,5.77,44.23,metric_score,target50,m6_self_debiasing,m6_two_pass__base__stereotype_replacement_self_debias_two_pass_stereotype_replacement,stereotype_replacement,results/new_results/m6_self_debiasing/m6sd_20260317_main3/eval/m6_two_pass__base__stereotype_replacement/crowspairs/crows_pairs_metrics_overall_m6_two_pass__base__stereotype_replacement_self_debias_two_pass_stereotype_replacement.csv
stereotype_replacement_all_versions,"Stereotype replacement, matched IT checkpoint",stereotype_replacement,Stereotype replacement,matched all-version,crowspairs,CrowS-Pairs,"DIY Two Pass (No IT), 1-shot",1,stereotype_preference_pct,Stereotype preference %,50,43.5,6.5,43.5,metric_score,target50,m6_self_debiasing,m6_two_pass_one__base__stereotype_replacement_self_debias_two_pass_stereotype_replacement,stereotype_replacement,results/new_results/m6_self_debiasing/m6sd_20260319_shot125_twopass_sep/eval/m6_two_pass_one__base__stereotype_replacement/crowspairs/crows_pairs_metrics_overall_m6_two_pass_one__base__stereotype_replacement_self_debias_two_pass_stereotype_replacement.csv
stereotype_replacement_all_versions,"Stereotype replacement, matched IT checkpoint",stereotype_replacement,Stereotype replacement,matched all-version,crowspairs,CrowS-Pairs,"DIY Two Pass (No IT), 2-shot",2,stereotype_preference_pct,Stereotype preference %,50,44.16,5.84,44.16,metric_score,target50,m6_self_debiasing,m6_two_pass_two__base__stereotype_replacement_self_debias_two_pass_stereotype_replacement,stereotype_replacement,results/new_results/m6_self_debiasing/m6sd_20260319_shot125_twopass_sep/eval/m6_two_pass_two__base__stereotype_replacement/crowspairs/crows_pairs_metrics_overall_m6_two_pass_two__base__stereotype_replacement_self_debias_two_pass_stereotype_replacement.csv
stereotype_replacement_all_versions,"Stereotype replacement, matched IT checkpoint",stereotype_replacement,Stereotype replacement,matched all-version,crowspairs,CrowS-Pairs,"DIY Two Pass (IT), 0-shot",0,stereotype_preference_pct,Stereotype preference %,50,46.02,3.98,46.02,metric_score,target50,m6_self_debiasing,m6_two_pass__finetuned_ms-500-stereotype-replacement-opinion-action-event-allversions__stereotype_replacement_self_debias_two_pass_stereotype_replacement,stereotype_replacement,results/new_results/m6_self_debiasing/m6sd_20260323_091321_twopass_zero_fix/eval/m6_two_pass__finetuned_ms-500-stereotype-replacement-opinion-action-event-allversions__stereotype_replacement/crowspairs/crows_pairs_metrics_overall_m6_two_pass__finetuned_ms-500-stereotype-replacement-opinion-action-event-allversions__stereotype_replacement_self_debias_two_pass_stereotype_replacement.csv
stereotype_replacement_all_versions,"Stereotype replacement, matched IT checkpoint",stereotype_replacement,Stereotype replacement,matched all-version,crowspairs,CrowS-Pairs,"DIY Two Pass (IT), 1-shot",1,stereotype_preference_pct,Stereotype preference %,50,46.35,3.65,46.35,metric_score,target50,m6_self_debiasing,m6_two_pass_one__finetuned_ms-500-stereotype-replacement-opinion-action-event-allversions__stereotype_replacement_self_debias_two_pass_stereotype_replacement,stereotype_replacement,results/new_results/m6_self_debiasing/m6sd_20260319_shot125_twopass_sep/eval/m6_two_pass_one__finetuned_ms-500-stereotype-replacement-opinion-action-event-allversions__stereotype_replacement/crowspairs/crows_pairs_metrics_overall_m6_two_pass_one__finetuned_ms-500-stereotype-replacement-opinion-action-event-allversions__stereotype_replacement_self_debias_two_pass_stereotype_replacement.csv
stereotype_replacement_all_versions,"Stereotype replacement, matched IT checkpoint",stereotype_replacement,Stereotype replacement,matched all-version,crowspairs,CrowS-Pairs,"DIY Two Pass (IT), 2-shot",2,stereotype_preference_pct,Stereotype preference %,50,45.29,4.71,45.29,metric_score,target50,m6_self_debiasing,m6_two_pass_two__finetuned_ms-500-stereotype-replacement-opinion-action-event-allversions__stereotype_replacement_self_debias_two_pass_stereotype_replacement,stereotype_replacement,results/new_results/m6_self_debiasing/m6sd_20260319_shot125_twopass_sep/eval/m6_two_pass_two__finetuned_ms-500-stereotype-replacement-opinion-action-event-allversions__stereotype_replacement/crowspairs/crows_pairs_metrics_overall_m6_two_pass_two__finetuned_ms-500-stereotype-replacement-opinion-action-event-allversions__stereotype_replacement_self_debias_two_pass_stereotype_replacement.csv
stereotype_replacement_all_versions,"Stereotype replacement, matched IT checkpoint",stereotype_replacement,Stereotype replacement,matched all-version,stereoset,StereoSet,Base Model Inference,,SS Score,SS Score overall,50,58.2905,8.29053,68.00223461,ICAT Score,higher,llama_8b_base,llama_8b,,results/10_additional_benchmarks/baselines/baseline_evalshared_all_20260306_1249/stereoset_metrics_llama_8b.csv
stereotype_replacement_all_versions,"Stereotype replacement, matched IT checkpoint",stereotype_replacement,Stereotype replacement,matched all-version,stereoset,StereoSet,ICL,,SS Score,SS Score overall,50,56.1306,6.13057,,,lower,m4_base_icl_zero,m4_baseicl_zero_llama8b,stereotype_replacement,results/new_results/m4_base_icl_zero/m4_base_icl_zero_allmodels_20260514_005736/llama8b/evalshared/stereoset_metrics_m4_baseicl_zero_llama8b_sr_stereoset.csv
stereotype_replacement_all_versions,"Stereotype replacement, matched IT checkpoint",stereotype_replacement,Stereotype replacement,matched all-version,stereoset,StereoSet,DIY IT,,SS Score,SS Score overall,50,56.9489,6.94888,68.79407638,ICAT Score,higher,m3_finetune_llama_ms500,m3_finetune_sr_indft_stereoset,stereotype_replacement,results/new_results/m3_finetune_llama_ms500/evalshared/stereoset_metrics_m3_finetune_sr_indft_stereoset.csv
stereotype_replacement_all_versions,"Stereotype replacement, matched IT checkpoint",stereotype_replacement,Stereotype replacement,matched all-version,stereoset,StereoSet,"DIY Two Pass (No IT), 0-shot",0,SS Score,SS Score overall,50,43.4132,6.5868,45.00344776,ICAT Score,higher,m6_self_debiasing,m6_two_pass__base__stereotype_replacement_self_debias_two_pass_stereotype_replacement,stereotype_replacement,results/new_results/m6_self_debiasing/m6sd_20260317_main3/eval/m6_two_pass__base__stereotype_replacement/stereoset/stereoset_metrics_m6_two_pass__base__stereotype_replacement_self_debias_two_pass_stereotype_replacement.csv
stereotype_replacement_all_versions,"Stereotype replacement, matched IT checkpoint",stereotype_replacement,Stereotype replacement,matched all-version,stereoset,StereoSet,"DIY Two Pass (No IT), 1-shot",1,SS Score,SS Score overall,50,43.9739,6.0261,42.34113751,ICAT Score,higher,m6_self_debiasing,m6_two_pass_one__base__stereotype_replacement_self_debias_two_pass_stereotype_replacement,stereotype_replacement,results/new_results/m6_self_debiasing/m6sd_20260319_shot125_twopass_sep/eval/m6_two_pass_one__base__stereotype_replacement/stereoset/stereoset_metrics_m6_two_pass_one__base__stereotype_replacement_self_debias_two_pass_stereotype_replacement.csv
stereotype_replacement_all_versions,"Stereotype replacement, matched IT checkpoint",stereotype_replacement,Stereotype replacement,matched all-version,stereoset,StereoSet,"DIY Two Pass (No IT), 2-shot",2,SS Score,SS Score overall,50,42.9273,7.07273,40.03774029,ICAT Score,higher,m6_self_debiasing,m6_two_pass_two__base__stereotype_replacement_self_debias_two_pass_stereotype_replacement,stereotype_replacement,results/new_results/m6_self_debiasing/m6sd_20260319_shot125_twopass_sep/eval/m6_two_pass_two__base__stereotype_replacement/stereoset/stereoset_metrics_m6_two_pass_two__base__stereotype_replacement_self_debias_two_pass_stereotype_replacement.csv
stereotype_replacement_all_versions,"Stereotype replacement, matched IT checkpoint",stereotype_replacement,Stereotype replacement,matched all-version,stereoset,StereoSet,"DIY Two Pass (IT), 0-shot",0,SS Score,SS Score overall,50,44.0712,5.92883,42.73110545,ICAT Score,higher,m6_self_debiasing,m6_two_pass__finetuned_ms-500-stereotype-replacement-opinion-action-event-allversions__stereotype_replacement_self_debias_two_pass_stereotype_replacement,stereotype_replacement,results/new_results/m6_self_debiasing/m6sd_20260324_twopass_zero_missing_stereoset/eval/m6_two_pass__finetuned_ms-500-stereotype-replacement-opinion-action-event-allversions__stereotype_replacement/stereoset/stereoset_metrics_m6_two_pass__finetuned_ms-500-stereotype-replacement-opinion-action-event-allversions__stereotype_replacement_self_debias_two_pass_stereotype_replacement.csv
stereotype_replacement_all_versions,"Stereotype replacement, matched IT checkpoint",stereotype_replacement,Stereotype replacement,matched all-version,stereoset,StereoSet,"DIY Two Pass (IT), 1-shot",1,SS Score,SS Score overall,50,44.8423,5.15772,43.94135442,ICAT Score,higher,m6_self_debiasing,m6_two_pass_one__finetuned_ms-500-stereotype-replacement-opinion-action-event-allversions__stereotype_replacement_self_debias_two_pass_stereotype_replacement,stereotype_replacement,results/new_results/m6_self_debiasing/m6sd_20260319_shot125_twopass_sep/eval/m6_two_pass_one__finetuned_ms-500-stereotype-replacement-opinion-action-event-allversions__stereotype_replacement/stereoset/stereoset_metrics_m6_two_pass_one__finetuned_ms-500-stereotype-replacement-opinion-action-event-allversions__stereotype_replacement_self_debias_two_pass_stereotype_replacement.csv
stereotype_replacement_all_versions,"Stereotype replacement, matched IT checkpoint",stereotype_replacement,Stereotype replacement,matched all-version,stereoset,StereoSet,"DIY Two Pass (IT), 2-shot",2,SS Score,SS Score overall,50,44.5296,5.47044,43.4462431,ICAT Score,higher,m6_self_debiasing,m6_two_pass_two__finetuned_ms-500-stereotype-replacement-opinion-action-event-allversions__stereotype_replacement_self_debias_two_pass_stereotype_replacement,stereotype_replacement,results/new_results/m6_self_debiasing/m6sd_20260319_shot125_twopass_sep/eval/m6_two_pass_two__finetuned_ms-500-stereotype-replacement-opinion-action-event-allversions__stereotype_replacement/stereoset/stereoset_metrics_m6_two_pass_two__finetuned_ms-500-stereotype-replacement-opinion-action-event-allversions__stereotype_replacement_self_debias_two_pass_stereotype_replacement.csv
stereotype_replacement_all_versions,"Stereotype replacement, matched IT checkpoint",stereotype_replacement,Stereotype replacement,matched all-version,bbq,BBQ Ambig.,Base Model Inference,,Bias_score_ambig,Bias score ambig.,0,7.39,7.39,3.047,mean_abs_bias_disambig,lower,llama_8b_base,llama_8b,,results/10_additional_benchmarks/baselines/baseline_evalshared_all_20260306_1249/bbq/bbq_metrics_baseline_evalshared_all_20260306_1249.csv
stereotype_replacement_all_versions,"Stereotype replacement, matched IT checkpoint",stereotype_replacement,Stereotype replacement,matched all-version,bbq,BBQ Ambig.,ICL,,Bias_score_ambig,Bias score ambig.,0,4.234,4.234,,,lower,m4_base_icl_zero,m4_baseicl_zero_llama8b,stereotype_replacement,results/new_results/m4_base_icl_zero/m4_base_icl_zero_allmodels_20260514_005736/llama8b/bbq/bbq_metrics_m4_baseicl_zero_llama8b_sr_bbq.csv
stereotype_replacement_all_versions,"Stereotype replacement, matched IT checkpoint",stereotype_replacement,Stereotype replacement,matched all-version,bbq,BBQ Ambig.,DIY IT,,Bias_score_ambig,Bias score ambig.,0,4.974,4.974,0.751,mean_abs_bias_disambig,lower,m3_finetune_llama_ms500,m3_finetune_sr_indft_bbq:m3_finetune_sr_indft_bbq_instr_off_ALL,stereotype_replacement,results/new_results/m3_finetune_llama_ms500/bbq/bbq_metrics_m3_finetune_sr_indft_bbq.csv
stereotype_replacement_all_versions,"Stereotype replacement, matched IT checkpoint",stereotype_replacement,Stereotype replacement,matched all-version,bbq,BBQ Ambig.,"DIY Two Pass (No IT), 0-shot",0,Bias_score_ambig,Bias score ambig.,0,4.284,4.284,0.539,mean_abs_bias_disambig,lower,m6_self_debiasing,m6_two_pass__base__stereotype_replacement,stereotype_replacement,results/new_results/m6_self_debiasing/m6sd_20260317_main3/eval/m6_two_pass__base__stereotype_replacement/bbq/bbq_metrics.csv
stereotype_replacement_all_versions,"Stereotype replacement, matched IT checkpoint",stereotype_replacement,Stereotype replacement,matched all-version,bbq,BBQ Ambig.,"DIY Two Pass (No IT), 1-shot",1,Bias_score_ambig,Bias score ambig.,0,3.461,3.461,0.395,mean_abs_bias_disambig,lower,m6_self_debiasing,m6_two_pass_one__base__stereotype_replacement,stereotype_replacement,results/new_results/m6_self_debiasing/m6sd_20260319_shot125_twopass_sep/eval/m6_two_pass_one__base__stereotype_replacement/bbq/bbq_metrics.csv
stereotype_replacement_all_versions,"Stereotype replacement, matched IT checkpoint",stereotype_replacement,Stereotype replacement,matched all-version,bbq,BBQ Ambig.,"DIY Two Pass (No IT), 2-shot",2,Bias_score_ambig,Bias score ambig.,0,2.713,2.713,0.122,mean_abs_bias_disambig,lower,m6_self_debiasing,m6_two_pass_two__base__stereotype_replacement,stereotype_replacement,results/new_results/m6_self_debiasing/m6sd_20260319_shot125_twopass_sep/eval/m6_two_pass_two__base__stereotype_replacement/bbq/bbq_metrics.csv
stereotype_replacement_all_versions,"Stereotype replacement, matched IT checkpoint",stereotype_replacement,Stereotype replacement,matched all-version,bbq,BBQ Ambig.,"DIY Two Pass (IT), 0-shot",0,Bias_score_ambig,Bias score ambig.,0,4.987,4.987,1.142,mean_abs_bias_disambig,lower,m6_self_debiasing,m6_two_pass__finetuned_ms-500-stereotype-replacement-opinion-action-event-allversions__stereotype_replacement:m6_two_pass__finetuned_ms-500-stereotype-replacement-opinion-action-event-allversions__stereotype_replacement_self_debias_two_pass_stereotype_replacement_fp_finetuned_ms-500-stereotype-replacement-opinion-action-event-allversions_Age,stereotype_replacement,recomputed_from_predictions:outputs/new_outputs/m6_self_debiasing/m6sd_20260323_091321_twopass_zero_fix/eval/m6_two_pass__finetuned_ms-500-stereotype-replacement-opinion-action-event-allversions__stereotype_replacement/bbq
stereotype_replacement_all_versions,"Stereotype replacement, matched IT checkpoint",stereotype_replacement,Stereotype replacement,matched all-version,bbq,BBQ Ambig.,"DIY Two Pass (IT), 1-shot",1,Bias_score_ambig,Bias score ambig.,0,3.534,3.534,1.035,mean_abs_bias_disambig,lower,m6_self_debiasing,m6_two_pass_one__finetuned_ms-500-stereotype-replacement-opinion-action-event-allversions__stereotype_replacement:m6_two_pass_one__finetuned_ms-500-stereotype-replacement-opinion-action-event-allversions__stereotype_replacement_self_debias_two_pass_stereotype_replacement_fp_finetuned_ms-500-stereotype-replacement-opinion-action-event-allversions_Age,stereotype_replacement,recomputed_from_predictions:outputs/new_outputs/m6_self_debiasing/m6sd_20260319_shot125_twopass_sep/eval/m6_two_pass_one__finetuned_ms-500-stereotype-replacement-opinion-action-event-allversions__stereotype_replacement/bbq
stereotype_replacement_all_versions,"Stereotype replacement, matched IT checkpoint",stereotype_replacement,Stereotype replacement,matched all-version,bbq,BBQ Ambig.,"DIY Two Pass (IT), 2-shot",2,Bias_score_ambig,Bias score ambig.,0,3.011,3.011,2.077,mean_abs_bias_disambig,lower,m6_self_debiasing,m6_two_pass_two__finetuned_ms-500-stereotype-replacement-opinion-action-event-allversions__stereotype_replacement:m6_two_pass_two__finetuned_ms-500-stereotype-replacement-opinion-action-event-allversions__stereotype_replacement_self_debias_two_pass_stereotype_replacement_fp_finetuned_ms-500-stereotype-replacement-opinion-action-event-allversions_Age,stereotype_replacement,recomputed_from_predictions:outputs/new_outputs/m6_self_debiasing/m6sd_20260319_shot125_twopass_sep/eval/m6_two_pass_two__finetuned_ms-500-stereotype-replacement-opinion-action-event-allversions__stereotype_replacement/bbq
stereotype_replacement_all_versions,"Stereotype replacement, matched IT checkpoint",stereotype_replacement,Stereotype replacement,matched all-version,bbq,BBQ Disambig.,Base Model Inference,,Bias_score_disambig,Bias score disambig.,0,3.047,3.047,3.047,mean_abs_bias_disambig,lower,llama_8b_base,llama_8b,,results/10_additional_benchmarks/baselines/baseline_evalshared_all_20260306_1249/bbq/bbq_metrics_baseline_evalshared_all_20260306_1249.csv
stereotype_replacement_all_versions,"Stereotype replacement, matched IT checkpoint",stereotype_replacement,Stereotype replacement,matched all-version,bbq,BBQ Disambig.,ICL,,Bias_score_disambig,Bias score disambig.,0,1.063,1.063,,,lower,m4_base_icl_zero,m4_baseicl_zero_llama8b,stereotype_replacement,results/new_results/m4_base_icl_zero/m4_base_icl_zero_allmodels_20260514_005736/llama8b/bbq/bbq_metrics_m4_baseicl_zero_llama8b_sr_bbq.csv
stereotype_replacement_all_versions,"Stereotype replacement, matched IT checkpoint",stereotype_replacement,Stereotype replacement,matched all-version,bbq,BBQ Disambig.,DIY IT,,Bias_score_disambig,Bias score disambig.,0,0.751,0.751,0.751,mean_abs_bias_disambig,lower,m3_finetune_llama_ms500,m3_finetune_sr_indft_bbq:m3_finetune_sr_indft_bbq_instr_off_ALL,stereotype_replacement,results/new_results/m3_finetune_llama_ms500/bbq/bbq_metrics_m3_finetune_sr_indft_bbq.csv
stereotype_replacement_all_versions,"Stereotype replacement, matched IT checkpoint",stereotype_replacement,Stereotype replacement,matched all-version,bbq,BBQ Disambig.,"DIY Two Pass (No IT), 0-shot",0,Bias_score_disambig,Bias score disambig.,0,0.539,0.539,0.539,mean_abs_bias_disambig,lower,m6_self_debiasing,m6_two_pass__base__stereotype_replacement,stereotype_replacement,results/new_results/m6_self_debiasing/m6sd_20260317_main3/eval/m6_two_pass__base__stereotype_replacement/bbq/bbq_metrics.csv
stereotype_replacement_all_versions,"Stereotype replacement, matched IT checkpoint",stereotype_replacement,Stereotype replacement,matched all-version,bbq,BBQ Disambig.,"DIY Two Pass (No IT), 1-shot",1,Bias_score_disambig,Bias score disambig.,0,0.395,0.395,0.395,mean_abs_bias_disambig,lower,m6_self_debiasing,m6_two_pass_one__base__stereotype_replacement,stereotype_replacement,results/new_results/m6_self_debiasing/m6sd_20260319_shot125_twopass_sep/eval/m6_two_pass_one__base__stereotype_replacement/bbq/bbq_metrics.csv
stereotype_replacement_all_versions,"Stereotype replacement, matched IT checkpoint",stereotype_replacement,Stereotype replacement,matched all-version,bbq,BBQ Disambig.,"DIY Two Pass (No IT), 2-shot",2,Bias_score_disambig,Bias score disambig.,0,0.122,0.122,0.122,mean_abs_bias_disambig,lower,m6_self_debiasing,m6_two_pass_two__base__stereotype_replacement,stereotype_replacement,results/new_results/m6_self_debiasing/m6sd_20260319_shot125_twopass_sep/eval/m6_two_pass_two__base__stereotype_replacement/bbq/bbq_metrics.csv
stereotype_replacement_all_versions,"Stereotype replacement, matched IT checkpoint",stereotype_replacement,Stereotype replacement,matched all-version,bbq,BBQ Disambig.,"DIY Two Pass (IT), 0-shot",0,Bias_score_disambig,Bias score disambig.,0,1.811,1.811,1.142,mean_abs_bias_disambig,lower,m6_self_debiasing,m6_two_pass__finetuned_ms-500-stereotype-replacement-opinion-action-event-allversions__stereotype_replacement:m6_two_pass__finetuned_ms-500-stereotype-replacement-opinion-action-event-allversions__stereotype_replacement_self_debias_two_pass_stereotype_replacement_fp_finetuned_ms-500-stereotype-replacement-opinion-action-event-allversions_Age,stereotype_replacement,recomputed_from_predictions:outputs/new_outputs/m6_self_debiasing/m6sd_20260323_091321_twopass_zero_fix/eval/m6_two_pass__finetuned_ms-500-stereotype-replacement-opinion-action-event-allversions__stereotype_replacement/bbq
stereotype_replacement_all_versions,"Stereotype replacement, matched IT checkpoint",stereotype_replacement,Stereotype replacement,matched all-version,bbq,BBQ Disambig.,"DIY Two Pass (IT), 1-shot",1,Bias_score_disambig,Bias score disambig.,0,1.304,1.304,1.035,mean_abs_bias_disambig,lower,m6_self_debiasing,m6_two_pass_one__finetuned_ms-500-stereotype-replacement-opinion-action-event-allversions__stereotype_replacement:m6_two_pass_one__finetuned_ms-500-stereotype-replacement-opinion-action-event-allversions__stereotype_replacement_self_debias_two_pass_stereotype_replacement_fp_finetuned_ms-500-stereotype-replacement-opinion-action-event-allversions_Age,stereotype_replacement,recomputed_from_predictions:outputs/new_outputs/m6_self_debiasing/m6sd_20260319_shot125_twopass_sep/eval/m6_two_pass_one__finetuned_ms-500-stereotype-replacement-opinion-action-event-allversions__stereotype_replacement/bbq
stereotype_replacement_all_versions,"Stereotype replacement, matched IT checkpoint",stereotype_replacement,Stereotype replacement,matched all-version,bbq,BBQ Disambig.,"DIY Two Pass (IT), 2-shot",2,Bias_score_disambig,Bias score disambig.,0,0.857,0.857,2.077,mean_abs_bias_disambig,lower,m6_self_debiasing,m6_two_pass_two__finetuned_ms-500-stereotype-replacement-opinion-action-event-allversions__stereotype_replacement:m6_two_pass_two__finetuned_ms-500-stereotype-replacement-opinion-action-event-allversions__stereotype_replacement_self_debias_two_pass_stereotype_replacement_fp_finetuned_ms-500-stereotype-replacement-opinion-action-event-allversions_Age,stereotype_replacement,recomputed_from_predictions:outputs/new_outputs/m6_self_debiasing/m6sd_20260319_shot125_twopass_sep/eval/m6_two_pass_two__finetuned_ms-500-stereotype-replacement-opinion-action-event-allversions__stereotype_replacement/bbq
stereotype_replacement_all_versions,"Stereotype replacement, matched IT checkpoint",stereotype_replacement,Stereotype replacement,matched all-version,winobias,WinoBias,Base Model Inference,,abs_pro_anti_gap,Abs. pro/anti gap,0,0.276515,0.276515,0.27651515,abs_pro_anti_gap,lower,llama_8b_base,llama_8b,,results/10_additional_benchmarks/baselines/baseline_evalshared_all_20260306_1249/winobias/llama_8b/winobias_metrics_overall_llama_8b.csv
stereotype_replacement_all_versions,"Stereotype replacement, matched IT checkpoint",stereotype_replacement,Stereotype replacement,matched all-version,winobias,WinoBias,ICL,,abs_pro_anti_gap,Abs. pro/anti gap,0,0.277778,0.277778,,,lower,m4_base_icl_zero,m4_baseicl_zero_llama8b,stereotype_replacement,results/new_results/m4_base_icl_zero/m4_base_icl_zero_allmodels_20260514_005736/llama8b/evalshared/winobias/m4_baseicl_zero_llama8b_sr_winobias/winobias_metrics_overall_m4_baseicl_zero_llama8b_sr_winobias.csv
stereotype_replacement_all_versions,"Stereotype replacement, matched IT checkpoint",stereotype_replacement,Stereotype replacement,matched all-version,winobias,WinoBias,DIY IT,,abs_pro_anti_gap,Abs. pro/anti gap,0,0.265152,0.265152,0.26515152,abs_pro_anti_gap,lower,m3_finetune_llama_ms500,m3_finetune_sr_indft_winobias,stereotype_replacement,results/new_results/m3_finetune_llama_ms500/evalshared/winobias/m3_finetune_sr_indft_winobias/winobias_metrics_overall_m3_finetune_sr_indft_winobias.csv
stereotype_replacement_all_versions,"Stereotype replacement, matched IT checkpoint",stereotype_replacement,Stereotype replacement,matched all-version,winobias,WinoBias,"DIY Two Pass (No IT), 0-shot",0,abs_pro_anti_gap,Abs. pro/anti gap,0,0.17803,0.17803,0.1780303,abs_pro_anti_gap,lower,m6_self_debiasing,m6_two_pass__base__stereotype_replacement_self_debias_two_pass_stereotype_replacement,stereotype_replacement,results/new_results_curated/m6_self_debiasing/incorrect/m6sd_20260323_091321_twopass_zero_fix/eval/m6_two_pass__base__stereotype_replacement/winobias/winobias/m6_two_pass__base__stereotype_replacement_self_debias_two_pass_stereotype_replacement/winobias_metrics_overall_m6_two_pass__base__stereotype_replacement_self_debias_two_pass_stereotype_replacement.csv
stereotype_replacement_all_versions,"Stereotype replacement, matched IT checkpoint",stereotype_replacement,Stereotype replacement,matched all-version,winobias,WinoBias,"DIY Two Pass (No IT), 1-shot",1,abs_pro_anti_gap,Abs. pro/anti gap,0,0.188131,0.188131,0.18813131,abs_pro_anti_gap,lower,m6_self_debiasing,m6_two_pass_one__base__stereotype_replacement_self_debias_two_pass_stereotype_replacement,stereotype_replacement,results/new_results/m6_self_debiasing/m6sd_20260319_shot125_twopass_sep/eval/m6_two_pass_one__base__stereotype_replacement/winobias/winobias/m6_two_pass_one__base__stereotype_replacement_self_debias_two_pass_stereotype_replacement/winobias_metrics_overall_m6_two_pass_one__base__stereotype_replacement_self_debias_two_pass_stereotype_replacement.csv
stereotype_replacement_all_versions,"Stereotype replacement, matched IT checkpoint",stereotype_replacement,Stereotype replacement,matched all-version,winobias,WinoBias,"DIY Two Pass (No IT), 2-shot",2,abs_pro_anti_gap,Abs. pro/anti gap,0,0.224747,0.224747,0.22474747,abs_pro_anti_gap,lower,m6_self_debiasing,m6_two_pass_two__base__stereotype_replacement_self_debias_two_pass_stereotype_replacement,stereotype_replacement,results/new_results/m6_self_debiasing/m6sd_20260319_shot125_twopass_sep/eval/m6_two_pass_two__base__stereotype_replacement/winobias/winobias/m6_two_pass_two__base__stereotype_replacement_self_debias_two_pass_stereotype_replacement/winobias_metrics_overall_m6_two_pass_two__base__stereotype_replacement_self_debias_two_pass_stereotype_replacement.csv
stereotype_replacement_all_versions,"Stereotype replacement, matched IT checkpoint",stereotype_replacement,Stereotype replacement,matched all-version,winobias,WinoBias,"DIY Two Pass (IT), 0-shot",0,abs_pro_anti_gap,Abs. pro/anti gap,0,0.146465,0.146465,0.14646465,abs_pro_anti_gap,lower,m6_self_debiasing,m6_two_pass__finetuned_ms-500-stereotype-replacement-opinion-action-event-allversions__stereotype_replacement_self_debias_two_pass_stereotype_replacement,stereotype_replacement,results/new_results/m6_self_debiasing/m6sd_20260323_091321_twopass_zero_fix/eval/m6_two_pass__finetuned_ms-500-stereotype-replacement-opinion-action-event-allversions__stereotype_replacement/winobias/winobias/m6_two_pass__finetuned_ms-500-stereotype-replacement-opinion-action-event-allversions__stereotype_replacement_self_debias_two_pass_stereotype_replacement/winobias_metrics_overall_m6_two_pass__finetuned_ms-500-stereotype-replacement-opinion-action-event-allversions__stereotype_replacement_self_debias_two_pass_stereotype_replacement.csv
stereotype_replacement_all_versions,"Stereotype replacement, matched IT checkpoint",stereotype_replacement,Stereotype replacement,matched all-version,winobias,WinoBias,"DIY Two Pass (IT), 1-shot",1,abs_pro_anti_gap,Abs. pro/anti gap,0,0.138889,0.138889,0.13888889,abs_pro_anti_gap,lower,m6_self_debiasing,m6_two_pass_one__finetuned_ms-500-stereotype-replacement-opinion-action-event-allversions__stereotype_replacement_self_debias_two_pass_stereotype_replacement,stereotype_replacement,results/new_results/m6_self_debiasing/m6sd_20260319_shot125_twopass_sep/eval/m6_two_pass_one__finetuned_ms-500-stereotype-replacement-opinion-action-event-allversions__stereotype_replacement/winobias/winobias/m6_two_pass_one__finetuned_ms-500-stereotype-replacement-opinion-action-event-allversions__stereotype_replacement_self_debias_two_pass_stereotype_replacement/winobias_metrics_overall_m6_two_pass_one__finetuned_ms-500-stereotype-replacement-opinion-action-event-allversions__stereotype_replacement_self_debias_two_pass_stereotype_replacement.csv
stereotype_replacement_all_versions,"Stereotype replacement, matched IT checkpoint",stereotype_replacement,Stereotype replacement,matched all-version,winobias,WinoBias,"DIY Two Pass (IT), 2-shot",2,abs_pro_anti_gap,Abs. pro/anti gap,0,0.17803,0.17803,0.1780303,abs_pro_anti_gap,lower,m6_self_debiasing,m6_two_pass_two__finetuned_ms-500-stereotype-replacement-opinion-action-event-allversions__stereotype_replacement_self_debias_two_pass_stereotype_replacement,stereotype_replacement,results/new_results/m6_self_debiasing/m6sd_20260319_shot125_twopass_sep/eval/m6_two_pass_two__finetuned_ms-500-stereotype-replacement-opinion-action-event-allversions__stereotype_replacement/winobias/winobias/m6_two_pass_two__finetuned_ms-500-stereotype-replacement-opinion-action-event-allversions__stereotype_replacement_self_debias_two_pass_stereotype_replacement/winobias_metrics_overall_m6_two_pass_two__finetuned_ms-500-stereotype-replacement-opinion-action-event-allversions__stereotype_replacement_self_debias_two_pass_stereotype_replacement.csv
stereotype_replacement_all_versions,"Stereotype replacement, matched IT checkpoint",stereotype_replacement,Stereotype replacement,matched all-version,winogender,WinoGender,Base Model Inference,,male_female_pair_disagreement_rate,Male/female pair disagreement,0,0.191667,0.191667,18.33333333,mean_abs_occupation_gender_bias_score,lower,llama_8b_base,llama_8b,,results/10_additional_benchmarks/baselines/baseline_evalshared_all_20260306_1249/winogender/llama_8b/winogender_metrics_overall_llama_8b.csv
stereotype_replacement_all_versions,"Stereotype replacement, matched IT checkpoint",stereotype_replacement,Stereotype replacement,matched all-version,winogender,WinoGender,ICL,,male_female_pair_disagreement_rate,Male/female pair disagreement,0,0.179167,0.179167,,,lower,m4_base_icl_zero,m4_baseicl_zero_llama8b,stereotype_replacement,results/new_results/m4_base_icl_zero/m4_base_icl_zero_allmodels_20260514_005736/llama8b/evalshared/winogender/m4_baseicl_zero_llama8b_sr_winogender/winogender_metrics_overall_m4_baseicl_zero_llama8b_sr_winogender.csv
stereotype_replacement_all_versions,"Stereotype replacement, matched IT checkpoint",stereotype_replacement,Stereotype replacement,matched all-version,winogender,WinoGender,DIY IT,,male_female_pair_disagreement_rate,Male/female pair disagreement,0,0.179167,0.179167,15.41666667,mean_abs_occupation_gender_bias_score,lower,m3_finetune_llama_ms500,m3_finetune_sr_indft_winogender,stereotype_replacement,results/new_results/m3_finetune_llama_ms500/evalshared/winogender/m3_finetune_sr_indft_winogender/winogender_metrics_overall_m3_finetune_sr_indft_winogender.csv
stereotype_replacement_all_versions,"Stereotype replacement, matched IT checkpoint",stereotype_replacement,Stereotype replacement,matched all-version,winogender,WinoGender,"DIY Two Pass (No IT), 0-shot",0,male_female_pair_disagreement_rate,Male/female pair disagreement,0,0.15,0.15,14.16666667,mean_abs_occupation_gender_bias_score,lower,m6_self_debiasing,m6_two_pass__base__stereotype_replacement_self_debias_two_pass_stereotype_replacement,stereotype_replacement,results/new_results_curated/m6_self_debiasing/incorrect/m6sd_20260323_091321_twopass_zero_fix/eval/m6_two_pass__base__stereotype_replacement/winogender/winogender/m6_two_pass__base__stereotype_replacement_self_debias_two_pass_stereotype_replacement/winogender_metrics_overall_m6_two_pass__base__stereotype_replacement_self_debias_two_pass_stereotype_replacement.csv
stereotype_replacement_all_versions,"Stereotype replacement, matched IT checkpoint",stereotype_replacement,Stereotype replacement,matched all-version,winogender,WinoGender,"DIY Two Pass (No IT), 1-shot",1,male_female_pair_disagreement_rate,Male/female pair disagreement,0,0.179167,0.179167,17.08333333,mean_abs_occupation_gender_bias_score,lower,m6_self_debiasing,m6_two_pass_one__base__stereotype_replacement_self_debias_two_pass_stereotype_replacement,stereotype_replacement,results/new_results/m6_self_debiasing/m6sd_20260319_shot125_twopass_sep/eval/m6_two_pass_one__base__stereotype_replacement/winogender/winogender/m6_two_pass_one__base__stereotype_replacement_self_debias_two_pass_stereotype_replacement/winogender_metrics_overall_m6_two_pass_one__base__stereotype_replacement_self_debias_two_pass_stereotype_replacement.csv
stereotype_replacement_all_versions,"Stereotype replacement, matched IT checkpoint",stereotype_replacement,Stereotype replacement,matched all-version,winogender,WinoGender,"DIY Two Pass (No IT), 2-shot",2,male_female_pair_disagreement_rate,Male/female pair disagreement,0,0.170833,0.170833,15.41666667,mean_abs_occupation_gender_bias_score,lower,m6_self_debiasing,m6_two_pass_two__base__stereotype_replacement_self_debias_two_pass_stereotype_replacement,stereotype_replacement,results/new_results/m6_self_debiasing/m6sd_20260319_shot125_twopass_sep/eval/m6_two_pass_two__base__stereotype_replacement/winogender/winogender/m6_two_pass_two__base__stereotype_replacement_self_debias_two_pass_stereotype_replacement/winogender_metrics_overall_m6_two_pass_two__base__stereotype_replacement_self_debias_two_pass_stereotype_replacement.csv
stereotype_replacement_all_versions,"Stereotype replacement, matched IT checkpoint",stereotype_replacement,Stereotype replacement,matched all-version,winogender,WinoGender,"DIY Two Pass (IT), 0-shot",0,male_female_pair_disagreement_rate,Male/female pair disagreement,0,0.170833,0.170833,15.41666667,mean_abs_occupation_gender_bias_score,lower,m6_self_debiasing,m6_two_pass__finetuned_ms-500-stereotype-replacement-opinion-action-event-allversions__stereotype_replacement_self_debias_two_pass_stereotype_replacement,stereotype_replacement,results/new_results/m6_self_debiasing/m6sd_20260323_091321_twopass_zero_fix/eval/m6_two_pass__finetuned_ms-500-stereotype-replacement-opinion-action-event-allversions__stereotype_replacement/winogender/winogender/m6_two_pass__finetuned_ms-500-stereotype-replacement-opinion-action-event-allversions__stereotype_replacement_self_debias_two_pass_stereotype_replacement/winogender_metrics_overall_m6_two_pass__finetuned_ms-500-stereotype-replacement-opinion-action-event-allversions__stereotype_replacement_self_debias_two_pass_stereotype_replacement.csv
stereotype_replacement_all_versions,"Stereotype replacement, matched IT checkpoint",stereotype_replacement,Stereotype replacement,matched all-version,winogender,WinoGender,"DIY Two Pass (IT), 1-shot",1,male_female_pair_disagreement_rate,Male/female pair disagreement,0,0.154167,0.154167,12.08333333,mean_abs_occupation_gender_bias_score,lower,m6_self_debiasing,m6_two_pass_one__finetuned_ms-500-stereotype-replacement-opinion-action-event-allversions__stereotype_replacement_self_debias_two_pass_stereotype_replacement,stereotype_replacement,results/new_results/m6_self_debiasing/m6sd_20260319_shot125_twopass_sep/eval/m6_two_pass_one__finetuned_ms-500-stereotype-replacement-opinion-action-event-allversions__stereotype_replacement/winogender/winogender/m6_two_pass_one__finetuned_ms-500-stereotype-replacement-opinion-action-event-allversions__stereotype_replacement_self_debias_two_pass_stereotype_replacement/winogender_metrics_overall_m6_two_pass_one__finetuned_ms-500-stereotype-replacement-opinion-action-event-allversions__stereotype_replacement_self_debias_two_pass_stereotype_replacement.csv
stereotype_replacement_all_versions,"Stereotype replacement, matched IT checkpoint",stereotype_replacement,Stereotype replacement,matched all-version,winogender,WinoGender,"DIY Two Pass (IT), 2-shot",2,male_female_pair_disagreement_rate,Male/female pair disagreement,0,0.175,0.175,13.33333333,mean_abs_occupation_gender_bias_score,lower,m6_self_debiasing,m6_two_pass_two__finetuned_ms-500-stereotype-replacement-opinion-action-event-allversions__stereotype_replacement_self_debias_two_pass_stereotype_replacement,stereotype_replacement,results/new_results/m6_self_debiasing/m6sd_20260319_shot125_twopass_sep/eval/m6_two_pass_two__finetuned_ms-500-stereotype-replacement-opinion-action-event-allversions__stereotype_replacement/winogender/winogender/m6_two_pass_two__finetuned_ms-500-stereotype-replacement-opinion-action-event-allversions__stereotype_replacement_self_debias_two_pass_stereotype_replacement/winogender_metrics_overall_m6_two_pass_two__finetuned_ms-500-stereotype-replacement-opinion-action-event-allversions__stereotype_replacement_self_debias_two_pass_stereotype_replacement.csv
individuation_all_versions,"Individuation, matched IT checkpoint",individuating,Individuation,matched all-version,crowspairs,CrowS-Pairs,Base Model Inference,,stereotype_preference_pct,Stereotype preference %,50,65.19,15.19,65.19,metric_score,target50,llama_8b_base,llama_8b,,results/10_additional_benchmarks/baselines/baseline_evalshared_all_20260306_1249/crows_pairs_metrics_overall_llama_8b.csv
individuation_all_versions,"Individuation, matched IT checkpoint",individuating,Individuation,matched all-version,crowspairs,CrowS-Pairs,ICL,,stereotype_preference_pct,Stereotype preference %,50,58.29,8.29,,,lower,m4_base_icl_zero,m4_baseicl_zero_llama8b,individuating,results/new_results/m4_base_icl_zero/m4_base_icl_zero_allmodels_20260514_005736/llama8b/evalshared/crows_pairs_metrics_overall_m4_baseicl_zero_llama8b_ind_crowspairs.csv
individuation_all_versions,"Individuation, matched IT checkpoint",individuating,Individuation,matched all-version,crowspairs,CrowS-Pairs,DIY IT,,stereotype_preference_pct,Stereotype preference %,50,64.32,14.32,64.32,metric_score,target50,m3_finetune_llama_ms500,m3_finetune_ind,individuating,results/new_results/m3_finetune_llama_ms500/evalshared/crows_pairs_metrics_overall_m3_finetune_ind.csv
individuation_all_versions,"Individuation, matched IT checkpoint",individuating,Individuation,matched all-version,crowspairs,CrowS-Pairs,"DIY Two Pass (No IT), 0-shot",0,stereotype_preference_pct,Stereotype preference %,50,47.55,2.45,47.55,metric_score,target50,m6_self_debiasing,m6_two_pass__base__individuating_self_debias_two_pass_individuating,individuating,results/new_results/m6_self_debiasing/m6sd_20260317_main3/eval/m6_two_pass__base__individuating/crowspairs/crows_pairs_metrics_overall_m6_two_pass__base__individuating_self_debias_two_pass_individuating.csv
individuation_all_versions,"Individuation, matched IT checkpoint",individuating,Individuation,matched all-version,crowspairs,CrowS-Pairs,"DIY Two Pass (No IT), 1-shot",1,stereotype_preference_pct,Stereotype preference %,50,46.22,3.78,46.22,metric_score,target50,m6_self_debiasing,m6_two_pass_one__base__individuating_self_debias_two_pass_individuating,individuating,results/new_results/m6_self_debiasing/m6sd_20260319_shot125_twopass_sep/eval/m6_two_pass_one__base__individuating/crowspairs/crows_pairs_metrics_overall_m6_two_pass_one__base__individuating_self_debias_two_pass_individuating.csv
individuation_all_versions,"Individuation, matched IT checkpoint",individuating,Individuation,matched all-version,crowspairs,CrowS-Pairs,"DIY Two Pass (No IT), 2-shot",2,stereotype_preference_pct,Stereotype preference %,50,46.62,3.38,46.62,metric_score,target50,m6_self_debiasing,m6_two_pass_two__base__individuating_self_debias_two_pass_individuating,individuating,results/new_results/m6_self_debiasing/m6sd_20260326_twoshot_crows_stereoset_fix/eval/m6_two_pass_two__base__individuating/crowspairs/crows_pairs_metrics_overall_m6_two_pass_two__base__individuating_self_debias_two_pass_individuating.csv
individuation_all_versions,"Individuation, matched IT checkpoint",individuating,Individuation,matched all-version,crowspairs,CrowS-Pairs,"DIY Two Pass (IT), 0-shot",0,stereotype_preference_pct,Stereotype preference %,50,49.93,0.07,49.93,metric_score,target50,m6_self_debiasing,m6_two_pass__finetuned_ms-500-individuating-opinion-action-event-allversions__individuating_self_debias_two_pass_individuating,individuating,results/new_results/m6_self_debiasing/m6sd_20260317_main3/eval/m6_two_pass__finetuned_ms-500-individuating-opinion-action-event-allversions__individuating/crowspairs/crows_pairs_metrics_overall_m6_two_pass__finetuned_ms-500-individuating-opinion-action-event-allversions__individuating_self_debias_two_pass_individuating.csv
individuation_all_versions,"Individuation, matched IT checkpoint",individuating,Individuation,matched all-version,crowspairs,CrowS-Pairs,"DIY Two Pass (IT), 1-shot",1,stereotype_preference_pct,Stereotype preference %,50,48.34,1.66,48.34,metric_score,target50,m6_self_debiasing,m6_two_pass_one__finetuned_ms-500-individuating-opinion-action-event-allversions__individuating_self_debias_two_pass_individuating,individuating,results/new_results/m6_self_debiasing/m6sd_20260319_shot125_twopass_sep/eval/m6_two_pass_one__finetuned_ms-500-individuating-opinion-action-event-allversions__individuating/crowspairs/crows_pairs_metrics_overall_m6_two_pass_one__finetuned_ms-500-individuating-opinion-action-event-allversions__individuating_self_debias_two_pass_individuating.csv
individuation_all_versions,"Individuation, matched IT checkpoint",individuating,Individuation,matched all-version,crowspairs,CrowS-Pairs,"DIY Two Pass (IT), 2-shot",2,stereotype_preference_pct,Stereotype preference %,50,0.13,49.87,0.13,metric_score,target50,m6_self_debiasing,m6_two_pass_two__finetuned_ms-500-individuating-opinion-action-event-allversions__individuating_self_debias_two_pass_individuating,individuating,results/new_results/m6_self_debiasing/m6sd_20260319_shot125_twopass_sep/eval/m6_two_pass_two__finetuned_ms-500-individuating-opinion-action-event-allversions__individuating/crowspairs/crows_pairs_metrics_overall_m6_two_pass_two__finetuned_ms-500-individuating-opinion-action-event-allversions__individuating_self_debias_two_pass_individuating.csv
individuation_all_versions,"Individuation, matched IT checkpoint",individuating,Individuation,matched all-version,stereoset,StereoSet,Base Model Inference,,SS Score,SS Score overall,50,58.2905,8.29053,68.00223461,ICAT Score,higher,llama_8b_base,llama_8b,,results/10_additional_benchmarks/baselines/baseline_evalshared_all_20260306_1249/stereoset_metrics_llama_8b.csv
individuation_all_versions,"Individuation, matched IT checkpoint",individuating,Individuation,matched all-version,stereoset,StereoSet,ICL,,SS Score,SS Score overall,50,55.9065,5.90646,,,lower,m4_base_icl_zero,m4_baseicl_zero_llama8b,individuating,results/new_results/m4_base_icl_zero/m4_base_icl_zero_allmodels_20260514_005736/llama8b/evalshared/stereoset_metrics_m4_baseicl_zero_llama8b_ind_stereoset.csv
individuation_all_versions,"Individuation, matched IT checkpoint",individuating,Individuation,matched all-version,stereoset,StereoSet,DIY IT,,SS Score,SS Score overall,50,57.3079,7.30785,68.93530572,ICAT Score,higher,m3_finetune_llama_ms500,m3_finetune_ind,individuating,results/new_results/m3_finetune_llama_ms500/evalshared/stereoset_metrics_m3_finetune_ind.csv
individuation_all_versions,"Individuation, matched IT checkpoint",individuating,Individuation,matched all-version,stereoset,StereoSet,"DIY Two Pass (No IT), 0-shot",0,SS Score,SS Score overall,50,43.5123,6.4877,46.98944886,ICAT Score,higher,m6_self_debiasing,m6_two_pass__base__individuating_self_debias_two_pass_individuating,individuating,results/new_results/m6_self_debiasing/m6sd_20260317_main3/eval/m6_two_pass__base__individuating/stereoset/stereoset_metrics_m6_two_pass__base__individuating_self_debias_two_pass_individuating.csv
individuation_all_versions,"Individuation, matched IT checkpoint",individuating,Individuation,matched all-version,stereoset,StereoSet,"DIY Two Pass (No IT), 1-shot",1,SS Score,SS Score overall,50,44.8176,5.18238,44.05351462,ICAT Score,higher,m6_self_debiasing,m6_two_pass_one__base__individuating_self_debias_two_pass_individuating,individuating,results/new_results/m6_self_debiasing/m6sd_20260319_shot125_twopass_sep/eval/m6_two_pass_one__base__individuating/stereoset/stereoset_metrics_m6_two_pass_one__base__individuating_self_debias_two_pass_individuating.csv
individuation_all_versions,"Individuation, matched IT checkpoint",individuating,Individuation,matched all-version,stereoset,StereoSet,"DIY Two Pass (No IT), 2-shot",2,SS Score,SS Score overall,50,44.6741,5.3259,44.72056884,ICAT Score,higher,m6_self_debiasing,m6_two_pass_two__base__individuating_self_debias_two_pass_individuating,individuating,results/new_results/m6_self_debiasing/m6sd_20260326_twoshot_crows_stereoset_fix/eval/m6_two_pass_two__base__individuating/stereoset/stereoset_metrics_m6_two_pass_two__base__individuating_self_debias_two_pass_individuating.csv
individuation_all_versions,"Individuation, matched IT checkpoint",individuating,Individuation,matched all-version,stereoset,StereoSet,"DIY Two Pass (IT), 0-shot",0,SS Score,SS Score overall,50,45.1781,4.82187,50.47444537,ICAT Score,higher,m6_self_debiasing,m6_two_pass__finetuned_ms-500-individuating-opinion-action-event-allversions__individuating_self_debias_two_pass_individuating,individuating,results/new_results/m6_self_debiasing/m6sd_20260317_main3/eval/m6_two_pass__finetuned_ms-500-individuating-opinion-action-event-allversions__individuating/stereoset/stereoset_metrics_m6_two_pass__finetuned_ms-500-individuating-opinion-action-event-allversions__individuating_self_debias_two_pass_individuating.csv
individuation_all_versions,"Individuation, matched IT checkpoint",individuating,Individuation,matched all-version,stereoset,StereoSet,"DIY Two Pass (IT), 1-shot",1,SS Score,SS Score overall,50,45.6058,4.3942,49.80854111,ICAT Score,higher,m6_self_debiasing,m6_two_pass_one__finetuned_ms-500-individuating-opinion-action-event-allversions__individuating_self_debias_two_pass_individuating,individuating,results/new_results/m6_self_debiasing/m6sd_20260319_shot125_twopass_sep/eval/m6_two_pass_one__finetuned_ms-500-individuating-opinion-action-event-allversions__individuating/stereoset/stereoset_metrics_m6_two_pass_one__finetuned_ms-500-individuating-opinion-action-event-allversions__individuating_self_debias_two_pass_individuating.csv
individuation_all_versions,"Individuation, matched IT checkpoint",individuating,Individuation,matched all-version,stereoset,StereoSet,"DIY Two Pass (IT), 2-shot",2,SS Score,SS Score overall,50,0.0544814,49.9455,8.17e-05,ICAT Score,higher,m6_self_debiasing,m6_two_pass_two__finetuned_ms-500-individuating-opinion-action-event-allversions__individuating_self_debias_two_pass_individuating,individuating,results/new_results/m6_self_debiasing/m6sd_20260319_shot125_twopass_sep/eval/m6_two_pass_two__finetuned_ms-500-individuating-opinion-action-event-allversions__individuating/stereoset/stereoset_metrics_m6_two_pass_two__finetuned_ms-500-individuating-opinion-action-event-allversions__individuating_self_debias_two_pass_individuating.csv
individuation_all_versions,"Individuation, matched IT checkpoint",individuating,Individuation,matched all-version,bbq,BBQ Ambig.,Base Model Inference,,Bias_score_ambig,Bias score ambig.,0,7.39,7.39,3.047,mean_abs_bias_disambig,lower,llama_8b_base,llama_8b,,results/10_additional_benchmarks/baselines/baseline_evalshared_all_20260306_1249/bbq/bbq_metrics_baseline_evalshared_all_20260306_1249.csv
individuation_all_versions,"Individuation, matched IT checkpoint",individuating,Individuation,matched all-version,bbq,BBQ Ambig.,ICL,,Bias_score_ambig,Bias score ambig.,0,3.93,3.93,,,lower,m4_base_icl_zero,m4_baseicl_zero_llama8b,individuating,results/new_results/m4_base_icl_zero/m4_base_icl_zero_allmodels_20260514_005736/llama8b/bbq/bbq_metrics_m4_baseicl_zero_llama8b_ind_bbq.csv
individuation_all_versions,"Individuation, matched IT checkpoint",individuating,Individuation,matched all-version,bbq,BBQ Ambig.,DIY IT,,Bias_score_ambig,Bias score ambig.,0,4.804,4.804,0.731,mean_abs_bias_disambig,lower,m3_finetune_llama_ms500,m3_finetune_ind:m3_finetune_ind_instr_off_ALL,individuating,results/new_results/m3_finetune_llama_ms500/bbq/bbq_metrics_m3_finetune_ind.csv
individuation_all_versions,"Individuation, matched IT checkpoint",individuating,Individuation,matched all-version,bbq,BBQ Ambig.,"DIY Two Pass (No IT), 0-shot",0,Bias_score_ambig,Bias score ambig.,0,4.103,4.103,0.177,mean_abs_bias_disambig,lower,m6_self_debiasing,m6_two_pass__base__individuating,individuating,results/new_results/m6_self_debiasing/m6sd_20260317_main3/eval/m6_two_pass__base__individuating/bbq/bbq_metrics.csv
individuation_all_versions,"Individuation, matched IT checkpoint",individuating,Individuation,matched all-version,bbq,BBQ Ambig.,"DIY Two Pass (No IT), 1-shot",1,Bias_score_ambig,Bias score ambig.,0,2.641,2.641,0.094,mean_abs_bias_disambig,lower,m6_self_debiasing,m6_two_pass_one__base__individuating,individuating,results/new_results/m6_self_debiasing/m6sd_20260319_shot125_twopass_sep/eval/m6_two_pass_one__base__individuating/bbq/bbq_metrics.csv
individuation_all_versions,"Individuation, matched IT checkpoint",individuating,Individuation,matched all-version,bbq,BBQ Ambig.,"DIY Two Pass (No IT), 2-shot",2,Bias_score_ambig,Bias score ambig.,0,0.653,0.653,0.025,mean_abs_bias_disambig,lower,m6_self_debiasing,m6_two_pass_two__base__individuating,individuating,results/new_results/m6_self_debiasing/m6sd_20260319_shot125_twopass_sep/eval/m6_two_pass_two__base__individuating/bbq/bbq_metrics.csv
individuation_all_versions,"Individuation, matched IT checkpoint",individuating,Individuation,matched all-version,bbq,BBQ Ambig.,"DIY Two Pass (IT), 0-shot",0,Bias_score_ambig,Bias score ambig.,0,5.004,5.004,0.188,mean_abs_bias_disambig,lower,m6_self_debiasing,m6_two_pass__finetuned_ms-500-individuating-opinion-action-event-allversions__individuating,individuating,results/new_results/m6_self_debiasing/m6sd_20260323_091321_twopass_zero_fix/eval/m6_two_pass__finetuned_ms-500-individuating-opinion-action-event-allversions__individuating/bbq/bbq_metrics.csv
individuation_all_versions,"Individuation, matched IT checkpoint",individuating,Individuation,matched all-version,bbq,BBQ Ambig.,"DIY Two Pass (IT), 1-shot",1,Bias_score_ambig,Bias score ambig.,0,4.385,4.385,0.794,mean_abs_bias_disambig,lower,m6_self_debiasing,m6_two_pass_one__finetuned_ms-500-individuating-opinion-action-event-allversions__individuating,individuating,results/new_results/m6_self_debiasing/m6sd_20260319_shot125_twopass_sep/eval/m6_two_pass_one__finetuned_ms-500-individuating-opinion-action-event-allversions__individuating/bbq/bbq_metrics.csv
individuation_all_versions,"Individuation, matched IT checkpoint",individuating,Individuation,matched all-version,bbq,BBQ Ambig.,"DIY Two Pass (IT), 2-shot",2,Bias_score_ambig,Bias score ambig.,0,0.828,0.828,0.006,mean_abs_bias_disambig,lower,m6_self_debiasing,m6_two_pass_two__finetuned_ms-500-individuating-opinion-action-event-allversions__individuating,individuating,results/new_results/m6_self_debiasing/m6sd_20260319_shot125_twopass_sep/eval/m6_two_pass_two__finetuned_ms-500-individuating-opinion-action-event-allversions__individuating/bbq/bbq_metrics.csv
individuation_all_versions,"Individuation, matched IT checkpoint",individuating,Individuation,matched all-version,bbq,BBQ Disambig.,Base Model Inference,,Bias_score_disambig,Bias score disambig.,0,3.047,3.047,3.047,mean_abs_bias_disambig,lower,llama_8b_base,llama_8b,,results/10_additional_benchmarks/baselines/baseline_evalshared_all_20260306_1249/bbq/bbq_metrics_baseline_evalshared_all_20260306_1249.csv
individuation_all_versions,"Individuation, matched IT checkpoint",individuating,Individuation,matched all-version,bbq,BBQ Disambig.,ICL,,Bias_score_disambig,Bias score disambig.,0,0.996,0.996,,,lower,m4_base_icl_zero,m4_baseicl_zero_llama8b,individuating,results/new_results/m4_base_icl_zero/m4_base_icl_zero_allmodels_20260514_005736/llama8b/bbq/bbq_metrics_m4_baseicl_zero_llama8b_ind_bbq.csv
individuation_all_versions,"Individuation, matched IT checkpoint",individuating,Individuation,matched all-version,bbq,BBQ Disambig.,DIY IT,,Bias_score_disambig,Bias score disambig.,0,0.731,0.731,0.731,mean_abs_bias_disambig,lower,m3_finetune_llama_ms500,m3_finetune_ind:m3_finetune_ind_instr_off_ALL,individuating,results/new_results/m3_finetune_llama_ms500/bbq/bbq_metrics_m3_finetune_ind.csv
individuation_all_versions,"Individuation, matched IT checkpoint",individuating,Individuation,matched all-version,bbq,BBQ Disambig.,"DIY Two Pass (No IT), 0-shot",0,Bias_score_disambig,Bias score disambig.,0,0.177,0.177,0.177,mean_abs_bias_disambig,lower,m6_self_debiasing,m6_two_pass__base__individuating,individuating,results/new_results/m6_self_debiasing/m6sd_20260317_main3/eval/m6_two_pass__base__individuating/bbq/bbq_metrics.csv
individuation_all_versions,"Individuation, matched IT checkpoint",individuating,Individuation,matched all-version,bbq,BBQ Disambig.,"DIY Two Pass (No IT), 1-shot",1,Bias_score_disambig,Bias score disambig.,0,0.094,0.094,0.094,mean_abs_bias_disambig,lower,m6_self_debiasing,m6_two_pass_one__base__individuating,individuating,results/new_results/m6_self_debiasing/m6sd_20260319_shot125_twopass_sep/eval/m6_two_pass_one__base__individuating/bbq/bbq_metrics.csv
individuation_all_versions,"Individuation, matched IT checkpoint",individuating,Individuation,matched all-version,bbq,BBQ Disambig.,"DIY Two Pass (No IT), 2-shot",2,Bias_score_disambig,Bias score disambig.,0,0.025,0.025,0.025,mean_abs_bias_disambig,lower,m6_self_debiasing,m6_two_pass_two__base__individuating,individuating,results/new_results/m6_self_debiasing/m6sd_20260319_shot125_twopass_sep/eval/m6_two_pass_two__base__individuating/bbq/bbq_metrics.csv
individuation_all_versions,"Individuation, matched IT checkpoint",individuating,Individuation,matched all-version,bbq,BBQ Disambig.,"DIY Two Pass (IT), 0-shot",0,Bias_score_disambig,Bias score disambig.,0,0.188,0.188,0.188,mean_abs_bias_disambig,lower,m6_self_debiasing,m6_two_pass__finetuned_ms-500-individuating-opinion-action-event-allversions__individuating,individuating,results/new_results/m6_self_debiasing/m6sd_20260323_091321_twopass_zero_fix/eval/m6_two_pass__finetuned_ms-500-individuating-opinion-action-event-allversions__individuating/bbq/bbq_metrics.csv
individuation_all_versions,"Individuation, matched IT checkpoint",individuating,Individuation,matched all-version,bbq,BBQ Disambig.,"DIY Two Pass (IT), 1-shot",1,Bias_score_disambig,Bias score disambig.,0,0.794,0.794,0.794,mean_abs_bias_disambig,lower,m6_self_debiasing,m6_two_pass_one__finetuned_ms-500-individuating-opinion-action-event-allversions__individuating,individuating,results/new_results/m6_self_debiasing/m6sd_20260319_shot125_twopass_sep/eval/m6_two_pass_one__finetuned_ms-500-individuating-opinion-action-event-allversions__individuating/bbq/bbq_metrics.csv
individuation_all_versions,"Individuation, matched IT checkpoint",individuating,Individuation,matched all-version,bbq,BBQ Disambig.,"DIY Two Pass (IT), 2-shot",2,Bias_score_disambig,Bias score disambig.,0,-0.006,0.006,0.006,mean_abs_bias_disambig,lower,m6_self_debiasing,m6_two_pass_two__finetuned_ms-500-individuating-opinion-action-event-allversions__individuating,individuating,results/new_results/m6_self_debiasing/m6sd_20260319_shot125_twopass_sep/eval/m6_two_pass_two__finetuned_ms-500-individuating-opinion-action-event-allversions__individuating/bbq/bbq_metrics.csv
individuation_all_versions,"Individuation, matched IT checkpoint",individuating,Individuation,matched all-version,winobias,WinoBias,Base Model Inference,,abs_pro_anti_gap,Abs. pro/anti gap,0,0.276515,0.276515,0.27651515,abs_pro_anti_gap,lower,llama_8b_base,llama_8b,,results/10_additional_benchmarks/baselines/baseline_evalshared_all_20260306_1249/winobias/llama_8b/winobias_metrics_overall_llama_8b.csv
individuation_all_versions,"Individuation, matched IT checkpoint",individuating,Individuation,matched all-version,winobias,WinoBias,ICL,,abs_pro_anti_gap,Abs. pro/anti gap,0,0.277778,0.277778,,,lower,m4_base_icl_zero,m4_baseicl_zero_llama8b,individuating,results/new_results/m4_base_icl_zero/m4_base_icl_zero_allmodels_20260514_005736/llama8b/evalshared/winobias/m4_baseicl_zero_llama8b_ind_winobias/winobias_metrics_overall_m4_baseicl_zero_llama8b_ind_winobias.csv
individuation_all_versions,"Individuation, matched IT checkpoint",individuating,Individuation,matched all-version,winobias,WinoBias,DIY IT,,abs_pro_anti_gap,Abs. pro/anti gap,0,0.286616,0.286616,0.28661616,abs_pro_anti_gap,lower,m3_finetune_llama_ms500,m3_finetune_ind_winobias,individuating,results/new_results/m3_finetune_llama_ms500/evalshared/winobias/m3_finetune_ind_winobias/winobias_metrics_overall_m3_finetune_ind_winobias.csv
individuation_all_versions,"Individuation, matched IT checkpoint",individuating,Individuation,matched all-version,winobias,WinoBias,"DIY Two Pass (No IT), 0-shot",0,abs_pro_anti_gap,Abs. pro/anti gap,0,0.218434,0.218434,0.21843434,abs_pro_anti_gap,lower,m6_self_debiasing,m6_two_pass__base__individuating_self_debias_two_pass_individuating,individuating,results/new_results_curated/m6_self_debiasing/incorrect/m6sd_20260323_091321_twopass_zero_fix/eval/m6_two_pass__base__individuating/winobias/winobias/m6_two_pass__base__individuating_self_debias_two_pass_individuating/winobias_metrics_overall_m6_two_pass__base__individuating_self_debias_two_pass_individuating.csv
individuation_all_versions,"Individuation, matched IT checkpoint",individuating,Individuation,matched all-version,winobias,WinoBias,"DIY Two Pass (No IT), 1-shot",1,abs_pro_anti_gap,Abs. pro/anti gap,0,0.184343,0.184343,0.18434343,abs_pro_anti_gap,lower,m6_self_debiasing,m6_two_pass_one__base__individuating_self_debias_two_pass_individuating,individuating,results/new_results/m6_self_debiasing/m6sd_20260319_shot125_twopass_sep/eval/m6_two_pass_one__base__individuating/winobias/winobias/m6_two_pass_one__base__individuating_self_debias_two_pass_individuating/winobias_metrics_overall_m6_two_pass_one__base__individuating_self_debias_two_pass_individuating.csv
individuation_all_versions,"Individuation, matched IT checkpoint",individuating,Individuation,matched all-version,winobias,WinoBias,"DIY Two Pass (No IT), 2-shot",2,abs_pro_anti_gap,Abs. pro/anti gap,0,0.191919,0.191919,0.19191919,abs_pro_anti_gap,lower,m6_self_debiasing,m6_two_pass_two__base__individuating_self_debias_two_pass_individuating,individuating,results/new_results/m6_self_debiasing/m6sd_20260319_shot125_twopass_sep/eval/m6_two_pass_two__base__individuating/winobias/winobias/m6_two_pass_two__base__individuating_self_debias_two_pass_individuating/winobias_metrics_overall_m6_two_pass_two__base__individuating_self_debias_two_pass_individuating.csv
individuation_all_versions,"Individuation, matched IT checkpoint",individuating,Individuation,matched all-version,winobias,WinoBias,"DIY Two Pass (IT), 0-shot",0,abs_pro_anti_gap,Abs. pro/anti gap,0,0.236111,0.236111,0.23611111,abs_pro_anti_gap,lower,m6_self_debiasing,m6_two_pass__finetuned_ms-500-individuating-opinion-action-event-allversions__individuating_self_debias_two_pass_individuating,individuating,results/new_results_curated/m6_self_debiasing/incorrect/m6sd_20260323_091321_twopass_zero_fix/eval/m6_two_pass__finetuned_ms-500-individuating-opinion-action-event-allversions__individuating/winobias/winobias/m6_two_pass__finetuned_ms-500-individuating-opinion-action-event-allversions__individuating_self_debias_two_pass_individuating/winobias_metrics_overall_m6_two_pass__finetuned_ms-500-individuating-opinion-action-event-allversions__individuating_self_debias_two_pass_individuating.csv
individuation_all_versions,"Individuation, matched IT checkpoint",individuating,Individuation,matched all-version,winobias,WinoBias,"DIY Two Pass (IT), 1-shot",1,abs_pro_anti_gap,Abs. pro/anti gap,0,0.227273,0.227273,0.22727273,abs_pro_anti_gap,lower,m6_self_debiasing,m6_two_pass_one__finetuned_ms-500-individuating-opinion-action-event-allversions__individuating_self_debias_two_pass_individuating,individuating,results/new_results/m6_self_debiasing/m6sd_20260319_shot125_twopass_sep/eval/m6_two_pass_one__finetuned_ms-500-individuating-opinion-action-event-allversions__individuating/winobias/winobias/m6_two_pass_one__finetuned_ms-500-individuating-opinion-action-event-allversions__individuating_self_debias_two_pass_individuating/winobias_metrics_overall_m6_two_pass_one__finetuned_ms-500-individuating-opinion-action-event-allversions__individuating_self_debias_two_pass_individuating.csv
individuation_all_versions,"Individuation, matched IT checkpoint",individuating,Individuation,matched all-version,winobias,WinoBias,"DIY Two Pass (IT), 2-shot",2,abs_pro_anti_gap,Abs. pro/anti gap,0,0.244949,0.244949,0.24494949,abs_pro_anti_gap,lower,m6_self_debiasing,m6_two_pass_two__finetuned_ms-500-individuating-opinion-action-event-allversions__individuating_self_debias_two_pass_individuating,individuating,results/new_results/m6_self_debiasing/m6sd_20260319_shot125_twopass_sep/eval/m6_two_pass_two__finetuned_ms-500-individuating-opinion-action-event-allversions__individuating/winobias/winobias/m6_two_pass_two__finetuned_ms-500-individuating-opinion-action-event-allversions__individuating_self_debias_two_pass_individuating/winobias_metrics_overall_m6_two_pass_two__finetuned_ms-500-individuating-opinion-action-event-allversions__individuating_self_debias_two_pass_individuating.csv
individuation_all_versions,"Individuation, matched IT checkpoint",individuating,Individuation,matched all-version,winogender,WinoGender,Base Model Inference,,male_female_pair_disagreement_rate,Male/female pair disagreement,0,0.191667,0.191667,18.33333333,mean_abs_occupation_gender_bias_score,lower,llama_8b_base,llama_8b,,results/10_additional_benchmarks/baselines/baseline_evalshared_all_20260306_1249/winogender/llama_8b/winogender_metrics_overall_llama_8b.csv
individuation_all_versions,"Individuation, matched IT checkpoint",individuating,Individuation,matched all-version,winogender,WinoGender,ICL,,male_female_pair_disagreement_rate,Male/female pair disagreement,0,0.179167,0.179167,,,lower,m4_base_icl_zero,m4_baseicl_zero_llama8b,individuating,results/new_results/m4_base_icl_zero/m4_base_icl_zero_allmodels_20260514_005736/llama8b/evalshared/winogender/m4_baseicl_zero_llama8b_ind_winogender/winogender_metrics_overall_m4_baseicl_zero_llama8b_ind_winogender.csv
individuation_all_versions,"Individuation, matched IT checkpoint",individuating,Individuation,matched all-version,winogender,WinoGender,DIY IT,,male_female_pair_disagreement_rate,Male/female pair disagreement,0,0.220833,0.220833,21.25,mean_abs_occupation_gender_bias_score,lower,m3_finetune_llama_ms500,m3_finetune_ind_winogender,individuating,results/new_results/m3_finetune_llama_ms500/evalshared/winogender/m3_finetune_ind_winogender/winogender_metrics_overall_m3_finetune_ind_winogender.csv
individuation_all_versions,"Individuation, matched IT checkpoint",individuating,Individuation,matched all-version,winogender,WinoGender,"DIY Two Pass (No IT), 0-shot",0,male_female_pair_disagreement_rate,Male/female pair disagreement,0,0.166667,0.166667,16.66666667,mean_abs_occupation_gender_bias_score,lower,m6_self_debiasing,m6_two_pass__base__individuating_self_debias_two_pass_individuating,individuating,results/new_results_curated/m6_self_debiasing/incorrect/m6sd_20260323_091321_twopass_zero_fix/eval/m6_two_pass__base__individuating/winogender/winogender/m6_two_pass__base__individuating_self_debias_two_pass_individuating/winogender_metrics_overall_m6_two_pass__base__individuating_self_debias_two_pass_individuating.csv
individuation_all_versions,"Individuation, matched IT checkpoint",individuating,Individuation,matched all-version,winogender,WinoGender,"DIY Two Pass (No IT), 1-shot",1,male_female_pair_disagreement_rate,Male/female pair disagreement,0,0.158333,0.158333,15.0,mean_abs_occupation_gender_bias_score,lower,m6_self_debiasing,m6_two_pass_one__base__individuating_self_debias_two_pass_individuating,individuating,results/new_results/m6_self_debiasing/m6sd_20260319_shot125_twopass_sep/eval/m6_two_pass_one__base__individuating/winogender/winogender/m6_two_pass_one__base__individuating_self_debias_two_pass_individuating/winogender_metrics_overall_m6_two_pass_one__base__individuating_self_debias_two_pass_individuating.csv
individuation_all_versions,"Individuation, matched IT checkpoint",individuating,Individuation,matched all-version,winogender,WinoGender,"DIY Two Pass (No IT), 2-shot",2,male_female_pair_disagreement_rate,Male/female pair disagreement,0,0.170833,0.170833,16.25,mean_abs_occupation_gender_bias_score,lower,m6_self_debiasing,m6_two_pass_two__base__individuating_self_debias_two_pass_individuating,individuating,results/new_results/m6_self_debiasing/m6sd_20260319_shot125_twopass_sep/eval/m6_two_pass_two__base__individuating/winogender/winogender/m6_two_pass_two__base__individuating_self_debias_two_pass_individuating/winogender_metrics_overall_m6_two_pass_two__base__individuating_self_debias_two_pass_individuating.csv
individuation_all_versions,"Individuation, matched IT checkpoint",individuating,Individuation,matched all-version,winogender,WinoGender,"DIY Two Pass (IT), 0-shot",0,male_female_pair_disagreement_rate,Male/female pair disagreement,0,0.225,0.225,21.66666667,mean_abs_occupation_gender_bias_score,lower,m6_self_debiasing,m6_two_pass__finetuned_ms-500-individuating-opinion-action-event-allversions__individuating_self_debias_two_pass_individuating,individuating,results/new_results_curated/m6_self_debiasing/incorrect/m6sd_20260323_091321_twopass_zero_fix/eval/m6_two_pass__finetuned_ms-500-individuating-opinion-action-event-allversions__individuating/winogender/winogender/m6_two_pass__finetuned_ms-500-individuating-opinion-action-event-allversions__individuating_self_debias_two_pass_individuating/winogender_metrics_overall_m6_two_pass__finetuned_ms-500-individuating-opinion-action-event-allversions__individuating_self_debias_two_pass_individuating.csv
individuation_all_versions,"Individuation, matched IT checkpoint",individuating,Individuation,matched all-version,winogender,WinoGender,"DIY Two Pass (IT), 1-shot",1,male_female_pair_disagreement_rate,Male/female pair disagreement,0,0.220833,0.220833,19.58333333,mean_abs_occupation_gender_bias_score,lower,m6_self_debiasing,m6_two_pass_one__finetuned_ms-500-individuating-opinion-action-event-allversions__individuating_self_debias_two_pass_individuating,individuating,results/new_results/m6_self_debiasing/m6sd_20260319_shot125_twopass_sep/eval/m6_two_pass_one__finetuned_ms-500-individuating-opinion-action-event-allversions__individuating/winogender/winogender/m6_two_pass_one__finetuned_ms-500-individuating-opinion-action-event-allversions__individuating_self_debias_two_pass_individuating/winogender_metrics_overall_m6_two_pass_one__finetuned_ms-500-individuating-opinion-action-event-allversions__individuating_self_debias_two_pass_individuating.csv
individuation_all_versions,"Individuation, matched IT checkpoint",individuating,Individuation,matched all-version,winogender,WinoGender,"DIY Two Pass (IT), 2-shot",2,male_female_pair_disagreement_rate,Male/female pair disagreement,0,0.233333,0.233333,22.5,mean_abs_occupation_gender_bias_score,lower,m6_self_debiasing,m6_two_pass_two__finetuned_ms-500-individuating-opinion-action-event-allversions__individuating_self_debias_two_pass_individuating,individuating,results/new_results/m6_self_debiasing/m6sd_20260319_shot125_twopass_sep/eval/m6_two_pass_two__finetuned_ms-500-individuating-opinion-action-event-allversions__individuating/winogender/winogender/m6_two_pass_two__finetuned_ms-500-individuating-opinion-action-event-allversions__individuating_self_debias_two_pass_individuating/winogender_metrics_overall_m6_two_pass_two__finetuned_ms-500-individuating-opinion-action-event-allversions__individuating_self_debias_two_pass_individuating.csv
perspective_taking_all_versions,"Perspective-taking, matched IT checkpoint",perspective_taking,Perspective-taking,matched all-version,crowspairs,CrowS-Pairs,Base Model Inference,,stereotype_preference_pct,Stereotype preference %,50,65.19,15.19,65.19,metric_score,target50,llama_8b_base,llama_8b,,results/10_additional_benchmarks/baselines/baseline_evalshared_all_20260306_1249/crows_pairs_metrics_overall_llama_8b.csv
perspective_taking_all_versions,"Perspective-taking, matched IT checkpoint",perspective_taking,Perspective-taking,matched all-version,crowspairs,CrowS-Pairs,ICL,,stereotype_preference_pct,Stereotype preference %,50,61.21,11.21,,,lower,m4_base_icl_zero,m4_baseicl_zero_llama8b,perspective_taking,results/new_results/m4_base_icl_zero/m4_base_icl_zero_allmodels_20260514_005736/llama8b/evalshared/crows_pairs_metrics_overall_m4_baseicl_zero_llama8b_pt_crowspairs.csv
perspective_taking_all_versions,"Perspective-taking, matched IT checkpoint",perspective_taking,Perspective-taking,matched all-version,crowspairs,CrowS-Pairs,DIY IT,,stereotype_preference_pct,Stereotype preference %,50,64.39,14.39,64.39,metric_score,target50,m3_finetune_llama_ms500,m3_finetune_pt,perspective_taking,results/new_results/m3_finetune_llama_ms500/evalshared/crows_pairs_metrics_overall_m3_finetune_pt.csv
perspective_taking_all_versions,"Perspective-taking, matched IT checkpoint",perspective_taking,Perspective-taking,matched all-version,crowspairs,CrowS-Pairs,"DIY Two Pass (No IT), 0-shot",0,stereotype_preference_pct,Stereotype preference %,50,48.41,1.59,48.41,metric_score,target50,m6_self_debiasing,m6_two_pass__base__perspective_taking_self_debias_two_pass_perspective_taking,perspective_taking,results/new_results/m6_self_debiasing/m6sd_20260317_main3/eval/m6_two_pass__base__perspective_taking/crowspairs/crows_pairs_metrics_overall_m6_two_pass__base__perspective_taking_self_debias_two_pass_perspective_taking.csv
perspective_taking_all_versions,"Perspective-taking, matched IT checkpoint",perspective_taking,Perspective-taking,matched all-version,crowspairs,CrowS-Pairs,"DIY Two Pass (No IT), 1-shot",1,stereotype_preference_pct,Stereotype preference %,50,46.29,3.71,46.29,metric_score,target50,m6_self_debiasing,m6_two_pass_one__base__perspective_taking_self_debias_two_pass_perspective_taking,perspective_taking,results/new_results/m6_self_debiasing/m6sd_20260319_shot125_twopass_sep/eval/m6_two_pass_one__base__perspective_taking/crowspairs/crows_pairs_metrics_overall_m6_two_pass_one__base__perspective_taking_self_debias_two_pass_perspective_taking.csv
perspective_taking_all_versions,"Perspective-taking, matched IT checkpoint",perspective_taking,Perspective-taking,matched all-version,crowspairs,CrowS-Pairs,"DIY Two Pass (No IT), 2-shot",2,stereotype_preference_pct,Stereotype preference %,50,30.24,19.76,30.24,metric_score,target50,m6_self_debiasing,m6_two_pass_two__base__perspective_taking_self_debias_two_pass_perspective_taking,perspective_taking,results/new_results/m6_self_debiasing/m6sd_20260319_shot125_twopass_sep/eval/m6_two_pass_two__base__perspective_taking/crowspairs/crows_pairs_metrics_overall_m6_two_pass_two__base__perspective_taking_self_debias_two_pass_perspective_taking.csv
perspective_taking_all_versions,"Perspective-taking, matched IT checkpoint",perspective_taking,Perspective-taking,matched all-version,crowspairs,CrowS-Pairs,"DIY Two Pass (IT), 0-shot",0,stereotype_preference_pct,Stereotype preference %,50,50.93,0.93,50.93,metric_score,target50,m6_self_debiasing,m6_two_pass__finetuned_ms-500-perspective-taking-opinion-action-event-allversions__perspective_taking_self_debias_two_pass_perspective_taking,perspective_taking,results/new_results/m6_self_debiasing/m6sd_20260317_main3/eval/m6_two_pass__finetuned_ms-500-perspective-taking-opinion-action-event-allversions__perspective_taking/crowspairs/crows_pairs_metrics_overall_m6_two_pass__finetuned_ms-500-perspective-taking-opinion-action-event-allversions__perspective_taking_self_debias_two_pass_perspective_taking.csv
perspective_taking_all_versions,"Perspective-taking, matched IT checkpoint",perspective_taking,Perspective-taking,matched all-version,crowspairs,CrowS-Pairs,"DIY Two Pass (IT), 1-shot",1,stereotype_preference_pct,Stereotype preference %,50,48.74,1.26,48.74,metric_score,target50,m6_self_debiasing,m6_two_pass_one__finetuned_ms-500-perspective-taking-opinion-action-event-allversions__perspective_taking_self_debias_two_pass_perspective_taking,perspective_taking,results/new_results/m6_self_debiasing/m6sd_20260319_shot125_twopass_sep/eval/m6_two_pass_one__finetuned_ms-500-perspective-taking-opinion-action-event-allversions__perspective_taking/crowspairs/crows_pairs_metrics_overall_m6_two_pass_one__finetuned_ms-500-perspective-taking-opinion-action-event-allversions__perspective_taking_self_debias_two_pass_perspective_taking.csv
perspective_taking_all_versions,"Perspective-taking, matched IT checkpoint",perspective_taking,Perspective-taking,matched all-version,crowspairs,CrowS-Pairs,"DIY Two Pass (IT), 2-shot",2,stereotype_preference_pct,Stereotype preference %,50,31.83,18.17,31.83,metric_score,target50,m6_self_debiasing,m6_two_pass_two__finetuned_ms-500-perspective-taking-opinion-action-event-allversions__perspective_taking_self_debias_two_pass_perspective_taking,perspective_taking,results/new_results/m6_self_debiasing/m6sd_20260319_shot125_twopass_sep/eval/m6_two_pass_two__finetuned_ms-500-perspective-taking-opinion-action-event-allversions__perspective_taking/crowspairs/crows_pairs_metrics_overall_m6_two_pass_two__finetuned_ms-500-perspective-taking-opinion-action-event-allversions__perspective_taking_self_debias_two_pass_perspective_taking.csv
perspective_taking_all_versions,"Perspective-taking, matched IT checkpoint",perspective_taking,Perspective-taking,matched all-version,stereoset,StereoSet,Base Model Inference,,SS Score,SS Score overall,50,58.2905,8.29053,68.00223461,ICAT Score,higher,llama_8b_base,llama_8b,,results/10_additional_benchmarks/baselines/baseline_evalshared_all_20260306_1249/stereoset_metrics_llama_8b.csv
perspective_taking_all_versions,"Perspective-taking, matched IT checkpoint",perspective_taking,Perspective-taking,matched all-version,stereoset,StereoSet,ICL,,SS Score,SS Score overall,50,57.0172,7.01719,,,lower,m4_base_icl_zero,m4_baseicl_zero_llama8b,perspective_taking,results/new_results/m4_base_icl_zero/m4_base_icl_zero_allmodels_20260514_005736/llama8b/evalshared/stereoset_metrics_m4_baseicl_zero_llama8b_pt_stereoset.csv
perspective_taking_all_versions,"Perspective-taking, matched IT checkpoint",perspective_taking,Perspective-taking,matched all-version,stereoset,StereoSet,DIY IT,,SS Score,SS Score overall,50,57.0913,7.09132,68.83312107,ICAT Score,higher,m3_finetune_llama_ms500,m3_finetune_pt,perspective_taking,results/new_results/m3_finetune_llama_ms500/evalshared/stereoset_metrics_m3_finetune_pt.csv
perspective_taking_all_versions,"Perspective-taking, matched IT checkpoint",perspective_taking,Perspective-taking,matched all-version,stereoset,StereoSet,"DIY Two Pass (No IT), 0-shot",0,SS Score,SS Score overall,50,43.8847,6.1153,47.2777277,ICAT Score,higher,m6_self_debiasing,m6_two_pass__base__perspective_taking_self_debias_two_pass_perspective_taking,perspective_taking,results/new_results/m6_self_debiasing/m6sd_20260317_main3/eval/m6_two_pass__base__perspective_taking/stereoset/stereoset_metrics_m6_two_pass__base__perspective_taking_self_debias_two_pass_perspective_taking.csv
perspective_taking_all_versions,"Perspective-taking, matched IT checkpoint",perspective_taking,Perspective-taking,matched all-version,stereoset,StereoSet,"DIY Two Pass (No IT), 1-shot",1,SS Score,SS Score overall,50,45.7131,4.28695,46.89236292,ICAT Score,higher,m6_self_debiasing,m6_two_pass_one__base__perspective_taking_self_debias_two_pass_perspective_taking,perspective_taking,results/new_results/m6_self_debiasing/m6sd_20260319_shot125_twopass_sep/eval/m6_two_pass_one__base__perspective_taking/stereoset/stereoset_metrics_m6_two_pass_one__base__perspective_taking_self_debias_two_pass_perspective_taking.csv
perspective_taking_all_versions,"Perspective-taking, matched IT checkpoint",perspective_taking,Perspective-taking,matched all-version,stereoset,StereoSet,"DIY Two Pass (No IT), 2-shot",2,SS Score,SS Score overall,50,32.2264,17.7736,21.29388558,ICAT Score,higher,m6_self_debiasing,m6_two_pass_two__base__perspective_taking_self_debias_two_pass_perspective_taking,perspective_taking,results/new_results/m6_self_debiasing/m6sd_20260319_shot125_twopass_sep/eval/m6_two_pass_two__base__perspective_taking/stereoset/stereoset_metrics_m6_two_pass_two__base__perspective_taking_self_debias_two_pass_perspective_taking.csv
perspective_taking_all_versions,"Perspective-taking, matched IT checkpoint",perspective_taking,Perspective-taking,matched all-version,stereoset,StereoSet,"DIY Two Pass (IT), 0-shot",0,SS Score,SS Score overall,50,45.4833,4.51667,52.60291293,ICAT Score,higher,m6_self_debiasing,m6_two_pass__finetuned_ms-500-perspective-taking-opinion-action-event-allversions__perspective_taking_self_debias_two_pass_perspective_taking,perspective_taking,results/new_results/m6_self_debiasing/m6sd_20260317_main3/eval/m6_two_pass__finetuned_ms-500-perspective-taking-opinion-action-event-allversions__perspective_taking/stereoset/stereoset_metrics_m6_two_pass__finetuned_ms-500-perspective-taking-opinion-action-event-allversions__perspective_taking_self_debias_two_pass_perspective_taking.csv
perspective_taking_all_versions,"Perspective-taking, matched IT checkpoint",perspective_taking,Perspective-taking,matched all-version,stereoset,StereoSet,"DIY Two Pass (IT), 1-shot",1,SS Score,SS Score overall,50,46.501,3.49901,51.38462415,ICAT Score,higher,m6_self_debiasing,m6_two_pass_one__finetuned_ms-500-perspective-taking-opinion-action-event-allversions__perspective_taking_self_debias_two_pass_perspective_taking,perspective_taking,results/new_results/m6_self_debiasing/m6sd_20260319_shot125_twopass_sep/eval/m6_two_pass_one__finetuned_ms-500-perspective-taking-opinion-action-event-allversions__perspective_taking/stereoset/stereoset_metrics_m6_two_pass_one__finetuned_ms-500-perspective-taking-opinion-action-event-allversions__perspective_taking_self_debias_two_pass_perspective_taking.csv
perspective_taking_all_versions,"Perspective-taking, matched IT checkpoint",perspective_taking,Perspective-taking,matched all-version,stereoset,StereoSet,"DIY Two Pass (IT), 2-shot",2,SS Score,SS Score overall,50,33.0903,16.9097,23.57683345,ICAT Score,higher,m6_self_debiasing,m6_two_pass_two__finetuned_ms-500-perspective-taking-opinion-action-event-allversions__perspective_taking_self_debias_two_pass_perspective_taking,perspective_taking,results/new_results/m6_self_debiasing/m6sd_20260319_shot125_twopass_sep/eval/m6_two_pass_two__finetuned_ms-500-perspective-taking-opinion-action-event-allversions__perspective_taking/stereoset/stereoset_metrics_m6_two_pass_two__finetuned_ms-500-perspective-taking-opinion-action-event-allversions__perspective_taking_self_debias_two_pass_perspective_taking.csv
perspective_taking_all_versions,"Perspective-taking, matched IT checkpoint",perspective_taking,Perspective-taking,matched all-version,bbq,BBQ Ambig.,Base Model Inference,,Bias_score_ambig,Bias score ambig.,0,7.39,7.39,3.047,mean_abs_bias_disambig,lower,llama_8b_base,llama_8b,,results/10_additional_benchmarks/baselines/baseline_evalshared_all_20260306_1249/bbq/bbq_metrics_baseline_evalshared_all_20260306_1249.csv
perspective_taking_all_versions,"Perspective-taking, matched IT checkpoint",perspective_taking,Perspective-taking,matched all-version,bbq,BBQ Ambig.,ICL,,Bias_score_ambig,Bias score ambig.,0,5.017,5.017,,,lower,m4_base_icl_zero,m4_baseicl_zero_llama8b,perspective_taking,results/new_results/m4_base_icl_zero/m4_base_icl_zero_allmodels_20260514_005736/llama8b/bbq/bbq_metrics_m4_baseicl_zero_llama8b_pt_bbq.csv
perspective_taking_all_versions,"Perspective-taking, matched IT checkpoint",perspective_taking,Perspective-taking,matched all-version,bbq,BBQ Ambig.,DIY IT,,Bias_score_ambig,Bias score ambig.,0,4.684,4.684,0.736,mean_abs_bias_disambig,lower,m3_finetune_llama_ms500,m3_finetune_pt:m3_finetune_pt_instr_off_ALL,perspective_taking,results/new_results/m3_finetune_llama_ms500/bbq/bbq_metrics_m3_finetune_pt.csv
perspective_taking_all_versions,"Perspective-taking, matched IT checkpoint",perspective_taking,Perspective-taking,matched all-version,bbq,BBQ Ambig.,"DIY Two Pass (No IT), 0-shot",0,Bias_score_ambig,Bias score ambig.,0,2.795,2.795,0.087,mean_abs_bias_disambig,lower,m6_self_debiasing,m6_two_pass__base__perspective_taking,perspective_taking,results/new_results/m6_self_debiasing/m6sd_20260317_main3/eval/m6_two_pass__base__perspective_taking/bbq/bbq_metrics.csv
perspective_taking_all_versions,"Perspective-taking, matched IT checkpoint",perspective_taking,Perspective-taking,matched all-version,bbq,BBQ Ambig.,"DIY Two Pass (No IT), 1-shot",1,Bias_score_ambig,Bias score ambig.,0,2.101,2.101,0.247,mean_abs_bias_disambig,lower,m6_self_debiasing,m6_two_pass_one__base__perspective_taking,perspective_taking,results/new_results/m6_self_debiasing/m6sd_20260319_shot125_twopass_sep/eval/m6_two_pass_one__base__perspective_taking/bbq/bbq_metrics.csv
perspective_taking_all_versions,"Perspective-taking, matched IT checkpoint",perspective_taking,Perspective-taking,matched all-version,bbq,BBQ Ambig.,"DIY Two Pass (No IT), 2-shot",2,Bias_score_ambig,Bias score ambig.,0,1.039,1.039,0.189,mean_abs_bias_disambig,lower,m6_self_debiasing,m6_two_pass_two__base__perspective_taking,perspective_taking,results/new_results/m6_self_debiasing/m6sd_20260319_shot125_twopass_sep/eval/m6_two_pass_two__base__perspective_taking/bbq/bbq_metrics.csv
perspective_taking_all_versions,"Perspective-taking, matched IT checkpoint",perspective_taking,Perspective-taking,matched all-version,bbq,BBQ Ambig.,"DIY Two Pass (IT), 0-shot",0,Bias_score_ambig,Bias score ambig.,0,4.923,4.923,0.38,mean_abs_bias_disambig,lower,m6_self_debiasing,m6_two_pass__finetuned_ms-500-perspective-taking-opinion-action-event-allversions__perspective_taking,perspective_taking,results/new_results/m6_self_debiasing/m6sd_20260323_091321_twopass_zero_fix/eval/m6_two_pass__finetuned_ms-500-perspective-taking-opinion-action-event-allversions__perspective_taking/bbq/bbq_metrics.csv
perspective_taking_all_versions,"Perspective-taking, matched IT checkpoint",perspective_taking,Perspective-taking,matched all-version,bbq,BBQ Ambig.,"DIY Two Pass (IT), 1-shot",1,Bias_score_ambig,Bias score ambig.,0,4.068,4.068,0.496,mean_abs_bias_disambig,lower,m6_self_debiasing,m6_two_pass_one__finetuned_ms-500-perspective-taking-opinion-action-event-allversions__perspective_taking,perspective_taking,results/new_results/m6_self_debiasing/m6sd_20260319_shot125_twopass_sep/eval/m6_two_pass_one__finetuned_ms-500-perspective-taking-opinion-action-event-allversions__perspective_taking/bbq/bbq_metrics.csv
perspective_taking_all_versions,"Perspective-taking, matched IT checkpoint",perspective_taking,Perspective-taking,matched all-version,bbq,BBQ Ambig.,"DIY Two Pass (IT), 2-shot",2,Bias_score_ambig,Bias score ambig.,0,3.042,3.042,0.228,mean_abs_bias_disambig,lower,m6_self_debiasing,m6_two_pass_two__finetuned_ms-500-perspective-taking-opinion-action-event-allversions__perspective_taking,perspective_taking,results/new_results/m6_self_debiasing/m6sd_20260319_shot125_twopass_sep/eval/m6_two_pass_two__finetuned_ms-500-perspective-taking-opinion-action-event-allversions__perspective_taking/bbq/bbq_metrics.csv
perspective_taking_all_versions,"Perspective-taking, matched IT checkpoint",perspective_taking,Perspective-taking,matched all-version,bbq,BBQ Disambig.,Base Model Inference,,Bias_score_disambig,Bias score disambig.,0,3.047,3.047,3.047,mean_abs_bias_disambig,lower,llama_8b_base,llama_8b,,results/10_additional_benchmarks/baselines/baseline_evalshared_all_20260306_1249/bbq/bbq_metrics_baseline_evalshared_all_20260306_1249.csv
perspective_taking_all_versions,"Perspective-taking, matched IT checkpoint",perspective_taking,Perspective-taking,matched all-version,bbq,BBQ Disambig.,ICL,,Bias_score_disambig,Bias score disambig.,0,0.856,0.856,,,lower,m4_base_icl_zero,m4_baseicl_zero_llama8b,perspective_taking,results/new_results/m4_base_icl_zero/m4_base_icl_zero_allmodels_20260514_005736/llama8b/bbq/bbq_metrics_m4_baseicl_zero_llama8b_pt_bbq.csv
perspective_taking_all_versions,"Perspective-taking, matched IT checkpoint",perspective_taking,Perspective-taking,matched all-version,bbq,BBQ Disambig.,DIY IT,,Bias_score_disambig,Bias score disambig.,0,0.736,0.736,0.736,mean_abs_bias_disambig,lower,m3_finetune_llama_ms500,m3_finetune_pt:m3_finetune_pt_instr_off_ALL,perspective_taking,results/new_results/m3_finetune_llama_ms500/bbq/bbq_metrics_m3_finetune_pt.csv
perspective_taking_all_versions,"Perspective-taking, matched IT checkpoint",perspective_taking,Perspective-taking,matched all-version,bbq,BBQ Disambig.,"DIY Two Pass (No IT), 0-shot",0,Bias_score_disambig,Bias score disambig.,0,-0.087,0.087,0.087,mean_abs_bias_disambig,lower,m6_self_debiasing,m6_two_pass__base__perspective_taking,perspective_taking,results/new_results/m6_self_debiasing/m6sd_20260317_main3/eval/m6_two_pass__base__perspective_taking/bbq/bbq_metrics.csv
perspective_taking_all_versions,"Perspective-taking, matched IT checkpoint",perspective_taking,Perspective-taking,matched all-version,bbq,BBQ Disambig.,"DIY Two Pass (No IT), 1-shot",1,Bias_score_disambig,Bias score disambig.,0,-0.247,0.247,0.247,mean_abs_bias_disambig,lower,m6_self_debiasing,m6_two_pass_one__base__perspective_taking,perspective_taking,results/new_results/m6_self_debiasing/m6sd_20260319_shot125_twopass_sep/eval/m6_two_pass_one__base__perspective_taking/bbq/bbq_metrics.csv
perspective_taking_all_versions,"Perspective-taking, matched IT checkpoint",perspective_taking,Perspective-taking,matched all-version,bbq,BBQ Disambig.,"DIY Two Pass (No IT), 2-shot",2,Bias_score_disambig,Bias score disambig.,0,-0.189,0.189,0.189,mean_abs_bias_disambig,lower,m6_self_debiasing,m6_two_pass_two__base__perspective_taking,perspective_taking,results/new_results/m6_self_debiasing/m6sd_20260319_shot125_twopass_sep/eval/m6_two_pass_two__base__perspective_taking/bbq/bbq_metrics.csv
perspective_taking_all_versions,"Perspective-taking, matched IT checkpoint",perspective_taking,Perspective-taking,matched all-version,bbq,BBQ Disambig.,"DIY Two Pass (IT), 0-shot",0,Bias_score_disambig,Bias score disambig.,0,0.38,0.38,0.38,mean_abs_bias_disambig,lower,m6_self_debiasing,m6_two_pass__finetuned_ms-500-perspective-taking-opinion-action-event-allversions__perspective_taking,perspective_taking,results/new_results/m6_self_debiasing/m6sd_20260323_091321_twopass_zero_fix/eval/m6_two_pass__finetuned_ms-500-perspective-taking-opinion-action-event-allversions__perspective_taking/bbq/bbq_metrics.csv
perspective_taking_all_versions,"Perspective-taking, matched IT checkpoint",perspective_taking,Perspective-taking,matched all-version,bbq,BBQ Disambig.,"DIY Two Pass (IT), 1-shot",1,Bias_score_disambig,Bias score disambig.,0,0.496,0.496,0.496,mean_abs_bias_disambig,lower,m6_self_debiasing,m6_two_pass_one__finetuned_ms-500-perspective-taking-opinion-action-event-allversions__perspective_taking,perspective_taking,results/new_results/m6_self_debiasing/m6sd_20260319_shot125_twopass_sep/eval/m6_two_pass_one__finetuned_ms-500-perspective-taking-opinion-action-event-allversions__perspective_taking/bbq/bbq_metrics.csv
perspective_taking_all_versions,"Perspective-taking, matched IT checkpoint",perspective_taking,Perspective-taking,matched all-version,bbq,BBQ Disambig.,"DIY Two Pass (IT), 2-shot",2,Bias_score_disambig,Bias score disambig.,0,-0.228,0.228,0.228,mean_abs_bias_disambig,lower,m6_self_debiasing,m6_two_pass_two__finetuned_ms-500-perspective-taking-opinion-action-event-allversions__perspective_taking,perspective_taking,results/new_results/m6_self_debiasing/m6sd_20260319_shot125_twopass_sep/eval/m6_two_pass_two__finetuned_ms-500-perspective-taking-opinion-action-event-allversions__perspective_taking/bbq/bbq_metrics.csv
perspective_taking_all_versions,"Perspective-taking, matched IT checkpoint",perspective_taking,Perspective-taking,matched all-version,winobias,WinoBias,Base Model Inference,,abs_pro_anti_gap,Abs. pro/anti gap,0,0.276515,0.276515,0.27651515,abs_pro_anti_gap,lower,llama_8b_base,llama_8b,,results/10_additional_benchmarks/baselines/baseline_evalshared_all_20260306_1249/winobias/llama_8b/winobias_metrics_overall_llama_8b.csv
perspective_taking_all_versions,"Perspective-taking, matched IT checkpoint",perspective_taking,Perspective-taking,matched all-version,winobias,WinoBias,ICL,,abs_pro_anti_gap,Abs. pro/anti gap,0,0.277778,0.277778,,,lower,m4_base_icl_zero,m4_baseicl_zero_llama8b,perspective_taking,results/new_results/m4_base_icl_zero/m4_base_icl_zero_allmodels_20260514_005736/llama8b/evalshared/winobias/m4_baseicl_zero_llama8b_pt_winobias/winobias_metrics_overall_m4_baseicl_zero_llama8b_pt_winobias.csv
perspective_taking_all_versions,"Perspective-taking, matched IT checkpoint",perspective_taking,Perspective-taking,matched all-version,winobias,WinoBias,DIY IT,,abs_pro_anti_gap,Abs. pro/anti gap,0,0.265152,0.265152,0.26515152,abs_pro_anti_gap,lower,m3_finetune_llama_ms500,m3_finetune_pt_winobias,perspective_taking,results/new_results/m3_finetune_llama_ms500/evalshared/winobias/m3_finetune_pt_winobias/winobias_metrics_overall_m3_finetune_pt_winobias.csv
perspective_taking_all_versions,"Perspective-taking, matched IT checkpoint",perspective_taking,Perspective-taking,matched all-version,winobias,WinoBias,"DIY Two Pass (No IT), 0-shot",0,abs_pro_anti_gap,Abs. pro/anti gap,0,0.210859,0.210859,0.21085859,abs_pro_anti_gap,lower,m6_self_debiasing,m6_two_pass__base__perspective_taking_self_debias_two_pass_perspective_taking,perspective_taking,results/new_results_curated/m6_self_debiasing/incorrect/m6sd_20260323_091321_twopass_zero_fix/eval/m6_two_pass__base__perspective_taking/winobias/winobias/m6_two_pass__base__perspective_taking_self_debias_two_pass_perspective_taking/winobias_metrics_overall_m6_two_pass__base__perspective_taking_self_debias_two_pass_perspective_taking.csv
perspective_taking_all_versions,"Perspective-taking, matched IT checkpoint",perspective_taking,Perspective-taking,matched all-version,winobias,WinoBias,"DIY Two Pass (No IT), 1-shot",1,abs_pro_anti_gap,Abs. pro/anti gap,0,0.171717,0.171717,0.17171717,abs_pro_anti_gap,lower,m6_self_debiasing,m6_two_pass_one__base__perspective_taking_self_debias_two_pass_perspective_taking,perspective_taking,results/new_results/m6_self_debiasing/m6sd_20260319_shot125_twopass_sep/eval/m6_two_pass_one__base__perspective_taking/winobias/winobias/m6_two_pass_one__base__perspective_taking_self_debias_two_pass_perspective_taking/winobias_metrics_overall_m6_two_pass_one__base__perspective_taking_self_debias_two_pass_perspective_taking.csv
perspective_taking_all_versions,"Perspective-taking, matched IT checkpoint",perspective_taking,Perspective-taking,matched all-version,winobias,WinoBias,"DIY Two Pass (No IT), 2-shot",2,abs_pro_anti_gap,Abs. pro/anti gap,0,0.203283,0.203283,0.20328283,abs_pro_anti_gap,lower,m6_self_debiasing,m6_two_pass_two__base__perspective_taking_self_debias_two_pass_perspective_taking,perspective_taking,results/new_results/m6_self_debiasing/m6sd_20260319_shot125_twopass_sep/eval/m6_two_pass_two__base__perspective_taking/winobias/winobias/m6_two_pass_two__base__perspective_taking_self_debias_two_pass_perspective_taking/winobias_metrics_overall_m6_two_pass_two__base__perspective_taking_self_debias_two_pass_perspective_taking.csv
perspective_taking_all_versions,"Perspective-taking, matched IT checkpoint",perspective_taking,Perspective-taking,matched all-version,winobias,WinoBias,"DIY Two Pass (IT), 0-shot",0,abs_pro_anti_gap,Abs. pro/anti gap,0,0.156566,0.156566,0.15656566,abs_pro_anti_gap,lower,m6_self_debiasing,m6_two_pass__finetuned_ms-500-perspective-taking-opinion-action-event-allversions__perspective_taking_self_debias_two_pass_perspective_taking,perspective_taking,results/new_results_curated/m6_self_debiasing/incorrect/m6sd_20260323_091321_twopass_zero_fix/eval/m6_two_pass__finetuned_ms-500-perspective-taking-opinion-action-event-allversions__perspective_taking/winobias/winobias/m6_two_pass__finetuned_ms-500-perspective-taking-opinion-action-event-allversions__perspective_taking_self_debias_two_pass_perspective_taking/winobias_metrics_overall_m6_two_pass__finetuned_ms-500-perspective-taking-opinion-action-event-allversions__perspective_taking_self_debias_two_pass_perspective_taking.csv
perspective_taking_all_versions,"Perspective-taking, matched IT checkpoint",perspective_taking,Perspective-taking,matched all-version,winobias,WinoBias,"DIY Two Pass (IT), 1-shot",1,abs_pro_anti_gap,Abs. pro/anti gap,0,0.142677,0.142677,0.14267677,abs_pro_anti_gap,lower,m6_self_debiasing,m6_two_pass_one__finetuned_ms-500-perspective-taking-opinion-action-event-allversions__perspective_taking_self_debias_two_pass_perspective_taking,perspective_taking,results/new_results/m6_self_debiasing/m6sd_20260319_shot125_twopass_sep/eval/m6_two_pass_one__finetuned_ms-500-perspective-taking-opinion-action-event-allversions__perspective_taking/winobias/winobias/m6_two_pass_one__finetuned_ms-500-perspective-taking-opinion-action-event-allversions__perspective_taking_self_debias_two_pass_perspective_taking/winobias_metrics_overall_m6_two_pass_one__finetuned_ms-500-perspective-taking-opinion-action-event-allversions__perspective_taking_self_debias_two_pass_perspective_taking.csv
perspective_taking_all_versions,"Perspective-taking, matched IT checkpoint",perspective_taking,Perspective-taking,matched all-version,winobias,WinoBias,"DIY Two Pass (IT), 2-shot",2,abs_pro_anti_gap,Abs. pro/anti gap,0,0.161616,0.161616,0.16161616,abs_pro_anti_gap,lower,m6_self_debiasing,m6_two_pass_two__finetuned_ms-500-perspective-taking-opinion-action-event-allversions__perspective_taking_self_debias_two_pass_perspective_taking,perspective_taking,results/new_results/m6_self_debiasing/m6sd_20260319_shot125_twopass_sep/eval/m6_two_pass_two__finetuned_ms-500-perspective-taking-opinion-action-event-allversions__perspective_taking/winobias/winobias/m6_two_pass_two__finetuned_ms-500-perspective-taking-opinion-action-event-allversions__perspective_taking_self_debias_two_pass_perspective_taking/winobias_metrics_overall_m6_two_pass_two__finetuned_ms-500-perspective-taking-opinion-action-event-allversions__perspective_taking_self_debias_two_pass_perspective_taking.csv
perspective_taking_all_versions,"Perspective-taking, matched IT checkpoint",perspective_taking,Perspective-taking,matched all-version,winogender,WinoGender,Base Model Inference,,male_female_pair_disagreement_rate,Male/female pair disagreement,0,0.191667,0.191667,18.33333333,mean_abs_occupation_gender_bias_score,lower,llama_8b_base,llama_8b,,results/10_additional_benchmarks/baselines/baseline_evalshared_all_20260306_1249/winogender/llama_8b/winogender_metrics_overall_llama_8b.csv
perspective_taking_all_versions,"Perspective-taking, matched IT checkpoint",perspective_taking,Perspective-taking,matched all-version,winogender,WinoGender,ICL,,male_female_pair_disagreement_rate,Male/female pair disagreement,0,0.179167,0.179167,,,lower,m4_base_icl_zero,m4_baseicl_zero_llama8b,perspective_taking,results/new_results/m4_base_icl_zero/m4_base_icl_zero_allmodels_20260514_005736/llama8b/evalshared/winogender/m4_baseicl_zero_llama8b_pt_winogender/winogender_metrics_overall_m4_baseicl_zero_llama8b_pt_winogender.csv
perspective_taking_all_versions,"Perspective-taking, matched IT checkpoint",perspective_taking,Perspective-taking,matched all-version,winogender,WinoGender,DIY IT,,male_female_pair_disagreement_rate,Male/female pair disagreement,0,0.191667,0.191667,17.5,mean_abs_occupation_gender_bias_score,lower,m3_finetune_llama_ms500,m3_finetune_pt_winogender,perspective_taking,results/new_results/m3_finetune_llama_ms500/evalshared/winogender/m3_finetune_pt_winogender/winogender_metrics_overall_m3_finetune_pt_winogender.csv
perspective_taking_all_versions,"Perspective-taking, matched IT checkpoint",perspective_taking,Perspective-taking,matched all-version,winogender,WinoGender,"DIY Two Pass (No IT), 0-shot",0,male_female_pair_disagreement_rate,Male/female pair disagreement,0,0.158333,0.158333,15.83333333,mean_abs_occupation_gender_bias_score,lower,m6_self_debiasing,m6_two_pass__base__perspective_taking_self_debias_two_pass_perspective_taking,perspective_taking,results/new_results_curated/m6_self_debiasing/incorrect/m6sd_20260323_091321_twopass_zero_fix/eval/m6_two_pass__base__perspective_taking/winogender/winogender/m6_two_pass__base__perspective_taking_self_debias_two_pass_perspective_taking/winogender_metrics_overall_m6_two_pass__base__perspective_taking_self_debias_two_pass_perspective_taking.csv
perspective_taking_all_versions,"Perspective-taking, matched IT checkpoint",perspective_taking,Perspective-taking,matched all-version,winogender,WinoGender,"DIY Two Pass (No IT), 1-shot",1,male_female_pair_disagreement_rate,Male/female pair disagreement,0,0.1625,0.1625,15.41666667,mean_abs_occupation_gender_bias_score,lower,m6_self_debiasing,m6_two_pass_one__base__perspective_taking_self_debias_two_pass_perspective_taking,perspective_taking,results/new_results/m6_self_debiasing/m6sd_20260319_shot125_twopass_sep/eval/m6_two_pass_one__base__perspective_taking/winogender/winogender/m6_two_pass_one__base__perspective_taking_self_debias_two_pass_perspective_taking/winogender_metrics_overall_m6_two_pass_one__base__perspective_taking_self_debias_two_pass_perspective_taking.csv
perspective_taking_all_versions,"Perspective-taking, matched IT checkpoint",perspective_taking,Perspective-taking,matched all-version,winogender,WinoGender,"DIY Two Pass (No IT), 2-shot",2,male_female_pair_disagreement_rate,Male/female pair disagreement,0,0.179167,0.179167,16.25,mean_abs_occupation_gender_bias_score,lower,m6_self_debiasing,m6_two_pass_two__base__perspective_taking_self_debias_two_pass_perspective_taking,perspective_taking,results/new_results/m6_self_debiasing/m6sd_20260319_shot125_twopass_sep/eval/m6_two_pass_two__base__perspective_taking/winogender/winogender/m6_two_pass_two__base__perspective_taking_self_debias_two_pass_perspective_taking/winogender_metrics_overall_m6_two_pass_two__base__perspective_taking_self_debias_two_pass_perspective_taking.csv
perspective_taking_all_versions,"Perspective-taking, matched IT checkpoint",perspective_taking,Perspective-taking,matched all-version,winogender,WinoGender,"DIY Two Pass (IT), 0-shot",0,male_female_pair_disagreement_rate,Male/female pair disagreement,0,0.166667,0.166667,15.0,mean_abs_occupation_gender_bias_score,lower,m6_self_debiasing,m6_two_pass__finetuned_ms-500-perspective-taking-opinion-action-event-allversions__perspective_taking_self_debias_two_pass_perspective_taking,perspective_taking,results/new_results_curated/m6_self_debiasing/incorrect/m6sd_20260323_091321_twopass_zero_fix/eval/m6_two_pass__finetuned_ms-500-perspective-taking-opinion-action-event-allversions__perspective_taking/winogender/winogender/m6_two_pass__finetuned_ms-500-perspective-taking-opinion-action-event-allversions__perspective_taking_self_debias_two_pass_perspective_taking/winogender_metrics_overall_m6_two_pass__finetuned_ms-500-perspective-taking-opinion-action-event-allversions__perspective_taking_self_debias_two_pass_perspective_taking.csv
perspective_taking_all_versions,"Perspective-taking, matched IT checkpoint",perspective_taking,Perspective-taking,matched all-version,winogender,WinoGender,"DIY Two Pass (IT), 1-shot",1,male_female_pair_disagreement_rate,Male/female pair disagreement,0,0.166667,0.166667,14.16666667,mean_abs_occupation_gender_bias_score,lower,m6_self_debiasing,m6_two_pass_one__finetuned_ms-500-perspective-taking-opinion-action-event-allversions__perspective_taking_self_debias_two_pass_perspective_taking,perspective_taking,results/new_results/m6_self_debiasing/m6sd_20260319_shot125_twopass_sep/eval/m6_two_pass_one__finetuned_ms-500-perspective-taking-opinion-action-event-allversions__perspective_taking/winogender/winogender/m6_two_pass_one__finetuned_ms-500-perspective-taking-opinion-action-event-allversions__perspective_taking_self_debias_two_pass_perspective_taking/winogender_metrics_overall_m6_two_pass_one__finetuned_ms-500-perspective-taking-opinion-action-event-allversions__perspective_taking_self_debias_two_pass_perspective_taking.csv
perspective_taking_all_versions,"Perspective-taking, matched IT checkpoint",perspective_taking,Perspective-taking,matched all-version,winogender,WinoGender,"DIY Two Pass (IT), 2-shot",2,male_female_pair_disagreement_rate,Male/female pair disagreement,0,0.175,0.175,15.83333333,mean_abs_occupation_gender_bias_score,lower,m6_self_debiasing,m6_two_pass_two__finetuned_ms-500-perspective-taking-opinion-action-event-allversions__perspective_taking_self_debias_two_pass_perspective_taking,perspective_taking,results/new_results/m6_self_debiasing/m6sd_20260319_shot125_twopass_sep/eval/m6_two_pass_two__finetuned_ms-500-perspective-taking-opinion-action-event-allversions__perspective_taking/winogender/winogender/m6_two_pass_two__finetuned_ms-500-perspective-taking-opinion-action-event-allversions__perspective_taking_self_debias_two_pass_perspective_taking/winogender_metrics_overall_m6_two_pass_two__finetuned_ms-500-perspective-taking-opinion-action-event-allversions__perspective_taking_self_debias_two_pass_perspective_taking.csv
counter_stereotypic_imaging_all_versions,"Counter-stereotypic imaging, matched IT checkpoint",counter_imaging,Counter-stereotypic imaging,matched all-version,crowspairs,CrowS-Pairs,Base Model Inference,,stereotype_preference_pct,Stereotype preference %,50,65.19,15.19,65.19,metric_score,target50,llama_8b_base,llama_8b,,results/10_additional_benchmarks/baselines/baseline_evalshared_all_20260306_1249/crows_pairs_metrics_overall_llama_8b.csv
counter_stereotypic_imaging_all_versions,"Counter-stereotypic imaging, matched IT checkpoint",counter_imaging,Counter-stereotypic imaging,matched all-version,crowspairs,CrowS-Pairs,ICL,,stereotype_preference_pct,Stereotype preference %,50,59.62,9.62,,,lower,m4_base_icl_zero,m4_baseicl_zero_llama8b,counter_imaging,results/new_results/m4_base_icl_zero/m4_base_icl_zero_allmodels_20260514_005736/llama8b/evalshared/crows_pairs_metrics_overall_m4_baseicl_zero_llama8b_ci_crowspairs.csv
counter_stereotypic_imaging_all_versions,"Counter-stereotypic imaging, matched IT checkpoint",counter_imaging,Counter-stereotypic imaging,matched all-version,crowspairs,CrowS-Pairs,DIY IT,,stereotype_preference_pct,Stereotype preference %,50,64.26,14.26,64.26,metric_score,target50,m3_finetune_llama_ms500,m3_finetune_ci,counter_imaging,results/new_results/m3_finetune_llama_ms500/evalshared/crows_pairs_metrics_overall_m3_finetune_ci.csv
counter_stereotypic_imaging_all_versions,"Counter-stereotypic imaging, matched IT checkpoint",counter_imaging,Counter-stereotypic imaging,matched all-version,crowspairs,CrowS-Pairs,"DIY Two Pass (No IT), 0-shot",0,stereotype_preference_pct,Stereotype preference %,50,46.82,3.18,46.82,metric_score,target50,m6_self_debiasing,m6_two_pass__base__counter_imaging_self_debias_two_pass_counter_imaging,counter_imaging,results/new_results/m6_self_debiasing/m6sd_20260317_main3/eval/m6_two_pass__base__counter_imaging/crowspairs/crows_pairs_metrics_overall_m6_two_pass__base__counter_imaging_self_debias_two_pass_counter_imaging.csv
counter_stereotypic_imaging_all_versions,"Counter-stereotypic imaging, matched IT checkpoint",counter_imaging,Counter-stereotypic imaging,matched all-version,crowspairs,CrowS-Pairs,"DIY Two Pass (No IT), 1-shot",1,stereotype_preference_pct,Stereotype preference %,50,46.49,3.51,46.49,metric_score,target50,m6_self_debiasing,m6_two_pass_one__base__counter_imaging_self_debias_two_pass_counter_imaging,counter_imaging,results/new_results/m6_self_debiasing/m6sd_20260319_shot125_twopass_sep/eval/m6_two_pass_one__base__counter_imaging/crowspairs/crows_pairs_metrics_overall_m6_two_pass_one__base__counter_imaging_self_debias_two_pass_counter_imaging.csv
counter_stereotypic_imaging_all_versions,"Counter-stereotypic imaging, matched IT checkpoint",counter_imaging,Counter-stereotypic imaging,matched all-version,crowspairs,CrowS-Pairs,"DIY Two Pass (No IT), 2-shot",2,stereotype_preference_pct,Stereotype preference %,50,46.09,3.91,46.09,metric_score,target50,m6_self_debiasing,m6_two_pass_two__base__counter_imaging_self_debias_two_pass_counter_imaging,counter_imaging,results/new_results/m6_self_debiasing/m6sd_20260319_shot125_twopass_sep/eval/m6_two_pass_two__base__counter_imaging/crowspairs/crows_pairs_metrics_overall_m6_two_pass_two__base__counter_imaging_self_debias_two_pass_counter_imaging.csv
counter_stereotypic_imaging_all_versions,"Counter-stereotypic imaging, matched IT checkpoint",counter_imaging,Counter-stereotypic imaging,matched all-version,crowspairs,CrowS-Pairs,"DIY Two Pass (IT), 0-shot",0,stereotype_preference_pct,Stereotype preference %,50,49.14,0.86,49.14,metric_score,target50,m6_self_debiasing,m6_two_pass__finetuned_ms-500-counter-imaging-opinion-action-event-allversions__counter_imaging_self_debias_two_pass_counter_imaging,counter_imaging,results/new_results/m6_self_debiasing/m6sd_20260317_main3/eval/m6_two_pass__finetuned_ms-500-counter-imaging-opinion-action-event-allversions__counter_imaging/crowspairs/crows_pairs_metrics_overall_m6_two_pass__finetuned_ms-500-counter-imaging-opinion-action-event-allversions__counter_imaging_self_debias_two_pass_counter_imaging.csv
counter_stereotypic_imaging_all_versions,"Counter-stereotypic imaging, matched IT checkpoint",counter_imaging,Counter-stereotypic imaging,matched all-version,crowspairs,CrowS-Pairs,"DIY Two Pass (IT), 1-shot",1,stereotype_preference_pct,Stereotype preference %,50,48.94,1.06,48.94,metric_score,target50,m6_self_debiasing,m6_two_pass_one__finetuned_ms-500-counter-imaging-opinion-action-event-allversions__counter_imaging_self_debias_two_pass_counter_imaging,counter_imaging,results/new_results/m6_self_debiasing/m6sd_20260319_shot125_twopass_sep/eval/m6_two_pass_one__finetuned_ms-500-counter-imaging-opinion-action-event-allversions__counter_imaging/crowspairs/crows_pairs_metrics_overall_m6_two_pass_one__finetuned_ms-500-counter-imaging-opinion-action-event-allversions__counter_imaging_self_debias_two_pass_counter_imaging.csv
counter_stereotypic_imaging_all_versions,"Counter-stereotypic imaging, matched IT checkpoint",counter_imaging,Counter-stereotypic imaging,matched all-version,crowspairs,CrowS-Pairs,"DIY Two Pass (IT), 2-shot",2,stereotype_preference_pct,Stereotype preference %,50,49.01,0.99,49.01,metric_score,target50,m6_self_debiasing,m6_two_pass_two__finetuned_ms-500-counter-imaging-opinion-action-event-allversions__counter_imaging_self_debias_two_pass_counter_imaging,counter_imaging,results/new_results/m6_self_debiasing/m6sd_20260319_shot125_twopass_sep/eval/m6_two_pass_two__finetuned_ms-500-counter-imaging-opinion-action-event-allversions__counter_imaging/crowspairs/crows_pairs_metrics_overall_m6_two_pass_two__finetuned_ms-500-counter-imaging-opinion-action-event-allversions__counter_imaging_self_debias_two_pass_counter_imaging.csv
counter_stereotypic_imaging_all_versions,"Counter-stereotypic imaging, matched IT checkpoint",counter_imaging,Counter-stereotypic imaging,matched all-version,stereoset,StereoSet,Base Model Inference,,SS Score,SS Score overall,50,58.2905,8.29053,68.00223461,ICAT Score,higher,llama_8b_base,llama_8b,,results/10_additional_benchmarks/baselines/baseline_evalshared_all_20260306_1249/stereoset_metrics_llama_8b.csv
counter_stereotypic_imaging_all_versions,"Counter-stereotypic imaging, matched IT checkpoint",counter_imaging,Counter-stereotypic imaging,matched all-version,stereoset,StereoSet,ICL,,SS Score,SS Score overall,50,55.5385,5.53845,,,lower,m4_base_icl_zero,m4_baseicl_zero_llama8b,counter_imaging,results/new_results/m4_base_icl_zero/m4_base_icl_zero_allmodels_20260514_005736/llama8b/evalshared/stereoset_metrics_m4_baseicl_zero_llama8b_ci_stereoset.csv
counter_stereotypic_imaging_all_versions,"Counter-stereotypic imaging, matched IT checkpoint",counter_imaging,Counter-stereotypic imaging,matched all-version,stereoset,StereoSet,DIY IT,,SS Score,SS Score overall,50,57.239,7.23898,68.55703101,ICAT Score,higher,m3_finetune_llama_ms500,m3_finetune_ci,counter_imaging,results/new_results/m3_finetune_llama_ms500/evalshared/stereoset_metrics_m3_finetune_ci.csv
counter_stereotypic_imaging_all_versions,"Counter-stereotypic imaging, matched IT checkpoint",counter_imaging,Counter-stereotypic imaging,matched all-version,stereoset,StereoSet,"DIY Two Pass (No IT), 0-shot",0,SS Score,SS Score overall,50,42.6798,7.32017,44.80528389,ICAT Score,higher,m6_self_debiasing,m6_two_pass__base__counter_imaging_self_debias_two_pass_counter_imaging,counter_imaging,results/new_results/m6_self_debiasing/m6sd_20260317_main3/eval/m6_two_pass__base__counter_imaging/stereoset/stereoset_metrics_m6_two_pass__base__counter_imaging_self_debias_two_pass_counter_imaging.csv
counter_stereotypic_imaging_all_versions,"Counter-stereotypic imaging, matched IT checkpoint",counter_imaging,Counter-stereotypic imaging,matched all-version,stereoset,StereoSet,"DIY Two Pass (No IT), 1-shot",1,SS Score,SS Score overall,50,43.751,6.249,42.05665503,ICAT Score,higher,m6_self_debiasing,m6_two_pass_one__base__counter_imaging_self_debias_two_pass_counter_imaging,counter_imaging,results/new_results/m6_self_debiasing/m6sd_20260319_shot125_twopass_sep/eval/m6_two_pass_one__base__counter_imaging/stereoset/stereoset_metrics_m6_two_pass_one__base__counter_imaging_self_debias_two_pass_counter_imaging.csv
counter_stereotypic_imaging_all_versions,"Counter-stereotypic imaging, matched IT checkpoint",counter_imaging,Counter-stereotypic imaging,matched all-version,stereoset,StereoSet,"DIY Two Pass (No IT), 2-shot",2,SS Score,SS Score overall,50,43.3054,6.69464,41.96274755,ICAT Score,higher,m6_self_debiasing,m6_two_pass_two__base__counter_imaging_self_debias_two_pass_counter_imaging,counter_imaging,results/new_results/m6_self_debiasing/m6sd_20260319_shot125_twopass_sep/eval/m6_two_pass_two__base__counter_imaging/stereoset/stereoset_metrics_m6_two_pass_two__base__counter_imaging_self_debias_two_pass_counter_imaging.csv
counter_stereotypic_imaging_all_versions,"Counter-stereotypic imaging, matched IT checkpoint",counter_imaging,Counter-stereotypic imaging,matched all-version,stereoset,StereoSet,"DIY Two Pass (IT), 0-shot",0,SS Score,SS Score overall,50,42.7807,7.21934,45.00807137,ICAT Score,higher,m6_self_debiasing,m6_two_pass__finetuned_ms-500-counter-imaging-opinion-action-event-allversions__counter_imaging_self_debias_two_pass_counter_imaging,counter_imaging,results/new_results/m6_self_debiasing/m6sd_20260317_main3/eval/m6_two_pass__finetuned_ms-500-counter-imaging-opinion-action-event-allversions__counter_imaging/stereoset/stereoset_metrics_m6_two_pass__finetuned_ms-500-counter-imaging-opinion-action-event-allversions__counter_imaging_self_debias_two_pass_counter_imaging.csv
counter_stereotypic_imaging_all_versions,"Counter-stereotypic imaging, matched IT checkpoint",counter_imaging,Counter-stereotypic imaging,matched all-version,stereoset,StereoSet,"DIY Two Pass (IT), 1-shot",1,SS Score,SS Score overall,50,43.8808,6.11917,43.44810201,ICAT Score,higher,m6_self_debiasing,m6_two_pass_one__finetuned_ms-500-counter-imaging-opinion-action-event-allversions__counter_imaging_self_debias_two_pass_counter_imaging,counter_imaging,results/new_results/m6_self_debiasing/m6sd_20260319_shot125_twopass_sep/eval/m6_two_pass_one__finetuned_ms-500-counter-imaging-opinion-action-event-allversions__counter_imaging/stereoset/stereoset_metrics_m6_two_pass_one__finetuned_ms-500-counter-imaging-opinion-action-event-allversions__counter_imaging_self_debias_two_pass_counter_imaging.csv
counter_stereotypic_imaging_all_versions,"Counter-stereotypic imaging, matched IT checkpoint",counter_imaging,Counter-stereotypic imaging,matched all-version,stereoset,StereoSet,"DIY Two Pass (IT), 2-shot",2,SS Score,SS Score overall,50,44.4649,5.53508,43.64507833,ICAT Score,higher,m6_self_debiasing,m6_two_pass_two__finetuned_ms-500-counter-imaging-opinion-action-event-allversions__counter_imaging_self_debias_two_pass_counter_imaging,counter_imaging,results/new_results/m6_self_debiasing/m6sd_20260319_shot125_twopass_sep/eval/m6_two_pass_two__finetuned_ms-500-counter-imaging-opinion-action-event-allversions__counter_imaging/stereoset/stereoset_metrics_m6_two_pass_two__finetuned_ms-500-counter-imaging-opinion-action-event-allversions__counter_imaging_self_debias_two_pass_counter_imaging.csv
counter_stereotypic_imaging_all_versions,"Counter-stereotypic imaging, matched IT checkpoint",counter_imaging,Counter-stereotypic imaging,matched all-version,bbq,BBQ Ambig.,Base Model Inference,,Bias_score_ambig,Bias score ambig.,0,7.39,7.39,3.047,mean_abs_bias_disambig,lower,llama_8b_base,llama_8b,,results/10_additional_benchmarks/baselines/baseline_evalshared_all_20260306_1249/bbq/bbq_metrics_baseline_evalshared_all_20260306_1249.csv
counter_stereotypic_imaging_all_versions,"Counter-stereotypic imaging, matched IT checkpoint",counter_imaging,Counter-stereotypic imaging,matched all-version,bbq,BBQ Ambig.,ICL,,Bias_score_ambig,Bias score ambig.,0,4.34,4.34,,,lower,m4_base_icl_zero,m4_baseicl_zero_llama8b,counter_imaging,results/new_results/m4_base_icl_zero/m4_base_icl_zero_allmodels_20260514_005736/llama8b/bbq/bbq_metrics_m4_baseicl_zero_llama8b_ci_bbq.csv
counter_stereotypic_imaging_all_versions,"Counter-stereotypic imaging, matched IT checkpoint",counter_imaging,Counter-stereotypic imaging,matched all-version,bbq,BBQ Ambig.,DIY IT,,Bias_score_ambig,Bias score ambig.,0,4.151,4.151,0.66,mean_abs_bias_disambig,lower,m3_finetune_llama_ms500,m3_finetune_ci:m3_finetune_ci_instr_off_ALL,counter_imaging,results/new_results/m3_finetune_llama_ms500/bbq/bbq_metrics_m3_finetune_ci.csv
counter_stereotypic_imaging_all_versions,"Counter-stereotypic imaging, matched IT checkpoint",counter_imaging,Counter-stereotypic imaging,matched all-version,bbq,BBQ Ambig.,"DIY Two Pass (No IT), 0-shot",0,Bias_score_ambig,Bias score ambig.,0,2.771,2.771,0.087,mean_abs_bias_disambig,lower,m6_self_debiasing,m6_two_pass__base__counter_imaging,counter_imaging,results/new_results/m6_self_debiasing/m6sd_20260317_main3/eval/m6_two_pass__base__counter_imaging/bbq/bbq_metrics.csv
counter_stereotypic_imaging_all_versions,"Counter-stereotypic imaging, matched IT checkpoint",counter_imaging,Counter-stereotypic imaging,matched all-version,bbq,BBQ Ambig.,"DIY Two Pass (No IT), 1-shot",1,Bias_score_ambig,Bias score ambig.,0,1.575,1.575,0.472,mean_abs_bias_disambig,lower,m6_self_debiasing,m6_two_pass_one__base__counter_imaging,counter_imaging,results/new_results/m6_self_debiasing/m6sd_20260319_shot125_twopass_sep/eval/m6_two_pass_one__base__counter_imaging/bbq/bbq_metrics.csv
counter_stereotypic_imaging_all_versions,"Counter-stereotypic imaging, matched IT checkpoint",counter_imaging,Counter-stereotypic imaging,matched all-version,bbq,BBQ Ambig.,"DIY Two Pass (No IT), 2-shot",2,Bias_score_ambig,Bias score ambig.,0,0.929,0.929,0.533,mean_abs_bias_disambig,lower,m6_self_debiasing,m6_two_pass_two__base__counter_imaging,counter_imaging,results/new_results/m6_self_debiasing/m6sd_20260319_shot125_twopass_sep/eval/m6_two_pass_two__base__counter_imaging/bbq/bbq_metrics.csv
counter_stereotypic_imaging_all_versions,"Counter-stereotypic imaging, matched IT checkpoint",counter_imaging,Counter-stereotypic imaging,matched all-version,bbq,BBQ Ambig.,"DIY Two Pass (IT), 0-shot",0,Bias_score_ambig,Bias score ambig.,0,2.063,2.063,0.799,mean_abs_bias_disambig,lower,m6_self_debiasing,m6_two_pass__finetuned_ms-500-counter-imaging-opinion-action-event-allversions__counter_imaging,counter_imaging,results/new_results/m6_self_debiasing/m6sd_20260317_main3/eval/m6_two_pass__finetuned_ms-500-counter-imaging-opinion-action-event-allversions__counter_imaging/bbq/bbq_metrics.csv
counter_stereotypic_imaging_all_versions,"Counter-stereotypic imaging, matched IT checkpoint",counter_imaging,Counter-stereotypic imaging,matched all-version,bbq,BBQ Ambig.,"DIY Two Pass (IT), 1-shot",1,Bias_score_ambig,Bias score ambig.,0,2.094,2.094,0.974,mean_abs_bias_disambig,lower,m6_self_debiasing,m6_two_pass_one__finetuned_ms-500-counter-imaging-opinion-action-event-allversions__counter_imaging,counter_imaging,results/new_results/m6_self_debiasing/m6sd_20260319_shot125_twopass_sep/eval/m6_two_pass_one__finetuned_ms-500-counter-imaging-opinion-action-event-allversions__counter_imaging/bbq/bbq_metrics.csv
counter_stereotypic_imaging_all_versions,"Counter-stereotypic imaging, matched IT checkpoint",counter_imaging,Counter-stereotypic imaging,matched all-version,bbq,BBQ Ambig.,"DIY Two Pass (IT), 2-shot",2,Bias_score_ambig,Bias score ambig.,0,1.73,1.73,1.112,mean_abs_bias_disambig,lower,m6_self_debiasing,m6_two_pass_two__finetuned_ms-500-counter-imaging-opinion-action-event-allversions__counter_imaging,counter_imaging,results/new_results/m6_self_debiasing/m6sd_20260319_shot125_twopass_sep/eval/m6_two_pass_two__finetuned_ms-500-counter-imaging-opinion-action-event-allversions__counter_imaging/bbq/bbq_metrics.csv
counter_stereotypic_imaging_all_versions,"Counter-stereotypic imaging, matched IT checkpoint",counter_imaging,Counter-stereotypic imaging,matched all-version,bbq,BBQ Disambig.,Base Model Inference,,Bias_score_disambig,Bias score disambig.,0,3.047,3.047,3.047,mean_abs_bias_disambig,lower,llama_8b_base,llama_8b,,results/10_additional_benchmarks/baselines/baseline_evalshared_all_20260306_1249/bbq/bbq_metrics_baseline_evalshared_all_20260306_1249.csv
counter_stereotypic_imaging_all_versions,"Counter-stereotypic imaging, matched IT checkpoint",counter_imaging,Counter-stereotypic imaging,matched all-version,bbq,BBQ Disambig.,ICL,,Bias_score_disambig,Bias score disambig.,0,0.723,0.723,,,lower,m4_base_icl_zero,m4_baseicl_zero_llama8b,counter_imaging,results/new_results/m4_base_icl_zero/m4_base_icl_zero_allmodels_20260514_005736/llama8b/bbq/bbq_metrics_m4_baseicl_zero_llama8b_ci_bbq.csv
counter_stereotypic_imaging_all_versions,"Counter-stereotypic imaging, matched IT checkpoint",counter_imaging,Counter-stereotypic imaging,matched all-version,bbq,BBQ Disambig.,DIY IT,,Bias_score_disambig,Bias score disambig.,0,0.66,0.66,0.66,mean_abs_bias_disambig,lower,m3_finetune_llama_ms500,m3_finetune_ci:m3_finetune_ci_instr_off_ALL,counter_imaging,results/new_results/m3_finetune_llama_ms500/bbq/bbq_metrics_m3_finetune_ci.csv
counter_stereotypic_imaging_all_versions,"Counter-stereotypic imaging, matched IT checkpoint",counter_imaging,Counter-stereotypic imaging,matched all-version,bbq,BBQ Disambig.,"DIY Two Pass (No IT), 0-shot",0,Bias_score_disambig,Bias score disambig.,0,0.087,0.087,0.087,mean_abs_bias_disambig,lower,m6_self_debiasing,m6_two_pass__base__counter_imaging,counter_imaging,results/new_results/m6_self_debiasing/m6sd_20260317_main3/eval/m6_two_pass__base__counter_imaging/bbq/bbq_metrics.csv
counter_stereotypic_imaging_all_versions,"Counter-stereotypic imaging, matched IT checkpoint",counter_imaging,Counter-stereotypic imaging,matched all-version,bbq,BBQ Disambig.,"DIY Two Pass (No IT), 1-shot",1,Bias_score_disambig,Bias score disambig.,0,-0.472,0.472,0.472,mean_abs_bias_disambig,lower,m6_self_debiasing,m6_two_pass_one__base__counter_imaging,counter_imaging,results/new_results/m6_self_debiasing/m6sd_20260319_shot125_twopass_sep/eval/m6_two_pass_one__base__counter_imaging/bbq/bbq_metrics.csv
counter_stereotypic_imaging_all_versions,"Counter-stereotypic imaging, matched IT checkpoint",counter_imaging,Counter-stereotypic imaging,matched all-version,bbq,BBQ Disambig.,"DIY Two Pass (No IT), 2-shot",2,Bias_score_disambig,Bias score disambig.,0,-0.533,0.533,0.533,mean_abs_bias_disambig,lower,m6_self_debiasing,m6_two_pass_two__base__counter_imaging,counter_imaging,results/new_results/m6_self_debiasing/m6sd_20260319_shot125_twopass_sep/eval/m6_two_pass_two__base__counter_imaging/bbq/bbq_metrics.csv
counter_stereotypic_imaging_all_versions,"Counter-stereotypic imaging, matched IT checkpoint",counter_imaging,Counter-stereotypic imaging,matched all-version,bbq,BBQ Disambig.,"DIY Two Pass (IT), 0-shot",0,Bias_score_disambig,Bias score disambig.,0,0.799,0.799,0.799,mean_abs_bias_disambig,lower,m6_self_debiasing,m6_two_pass__finetuned_ms-500-counter-imaging-opinion-action-event-allversions__counter_imaging,counter_imaging,results/new_results/m6_self_debiasing/m6sd_20260317_main3/eval/m6_two_pass__finetuned_ms-500-counter-imaging-opinion-action-event-allversions__counter_imaging/bbq/bbq_metrics.csv
counter_stereotypic_imaging_all_versions,"Counter-stereotypic imaging, matched IT checkpoint",counter_imaging,Counter-stereotypic imaging,matched all-version,bbq,BBQ Disambig.,"DIY Two Pass (IT), 1-shot",1,Bias_score_disambig,Bias score disambig.,0,0.974,0.974,0.974,mean_abs_bias_disambig,lower,m6_self_debiasing,m6_two_pass_one__finetuned_ms-500-counter-imaging-opinion-action-event-allversions__counter_imaging,counter_imaging,results/new_results/m6_self_debiasing/m6sd_20260319_shot125_twopass_sep/eval/m6_two_pass_one__finetuned_ms-500-counter-imaging-opinion-action-event-allversions__counter_imaging/bbq/bbq_metrics.csv
counter_stereotypic_imaging_all_versions,"Counter-stereotypic imaging, matched IT checkpoint",counter_imaging,Counter-stereotypic imaging,matched all-version,bbq,BBQ Disambig.,"DIY Two Pass (IT), 2-shot",2,Bias_score_disambig,Bias score disambig.,0,1.112,1.112,1.112,mean_abs_bias_disambig,lower,m6_self_debiasing,m6_two_pass_two__finetuned_ms-500-counter-imaging-opinion-action-event-allversions__counter_imaging,counter_imaging,results/new_results/m6_self_debiasing/m6sd_20260319_shot125_twopass_sep/eval/m6_two_pass_two__finetuned_ms-500-counter-imaging-opinion-action-event-allversions__counter_imaging/bbq/bbq_metrics.csv
counter_stereotypic_imaging_all_versions,"Counter-stereotypic imaging, matched IT checkpoint",counter_imaging,Counter-stereotypic imaging,matched all-version,winobias,WinoBias,Base Model Inference,,abs_pro_anti_gap,Abs. pro/anti gap,0,0.276515,0.276515,0.27651515,abs_pro_anti_gap,lower,llama_8b_base,llama_8b,,results/10_additional_benchmarks/baselines/baseline_evalshared_all_20260306_1249/winobias/llama_8b/winobias_metrics_overall_llama_8b.csv
counter_stereotypic_imaging_all_versions,"Counter-stereotypic imaging, matched IT checkpoint",counter_imaging,Counter-stereotypic imaging,matched all-version,winobias,WinoBias,ICL,,abs_pro_anti_gap,Abs. pro/anti gap,0,0.277778,0.277778,,,lower,m4_base_icl_zero,m4_baseicl_zero_llama8b,counter_imaging,results/new_results/m4_base_icl_zero/m4_base_icl_zero_allmodels_20260514_005736/llama8b/evalshared/winobias/m4_baseicl_zero_llama8b_ci_winobias/winobias_metrics_overall_m4_baseicl_zero_llama8b_ci_winobias.csv
counter_stereotypic_imaging_all_versions,"Counter-stereotypic imaging, matched IT checkpoint",counter_imaging,Counter-stereotypic imaging,matched all-version,winobias,WinoBias,DIY IT,,abs_pro_anti_gap,Abs. pro/anti gap,0,0.272727,0.272727,0.27272727,abs_pro_anti_gap,lower,m3_finetune_llama_ms500,m3_finetune_ci_winobias,counter_imaging,results/new_results/m3_finetune_llama_ms500/evalshared/winobias/m3_finetune_ci_winobias/winobias_metrics_overall_m3_finetune_ci_winobias.csv
counter_stereotypic_imaging_all_versions,"Counter-stereotypic imaging, matched IT checkpoint",counter_imaging,Counter-stereotypic imaging,matched all-version,winobias,WinoBias,"DIY Two Pass (No IT), 0-shot",0,abs_pro_anti_gap,Abs. pro/anti gap,0,0.159091,0.159091,0.15909091,abs_pro_anti_gap,lower,m6_self_debiasing,m6_two_pass__base__counter_imaging_self_debias_two_pass_counter_imaging,counter_imaging,results/new_results_curated/m6_self_debiasing/incorrect/m6sd_20260323_091321_twopass_zero_fix/eval/m6_two_pass__base__counter_imaging/winobias/winobias/m6_two_pass__base__counter_imaging_self_debias_two_pass_counter_imaging/winobias_metrics_overall_m6_two_pass__base__counter_imaging_self_debias_two_pass_counter_imaging.csv
counter_stereotypic_imaging_all_versions,"Counter-stereotypic imaging, matched IT checkpoint",counter_imaging,Counter-stereotypic imaging,matched all-version,winobias,WinoBias,"DIY Two Pass (No IT), 1-shot",1,abs_pro_anti_gap,Abs. pro/anti gap,0,0.170455,0.170455,0.17045455,abs_pro_anti_gap,lower,m6_self_debiasing,m6_two_pass_one__base__counter_imaging_self_debias_two_pass_counter_imaging,counter_imaging,results/new_results/m6_self_debiasing/m6sd_20260319_shot125_twopass_sep/eval/m6_two_pass_one__base__counter_imaging/winobias/winobias/m6_two_pass_one__base__counter_imaging_self_debias_two_pass_counter_imaging/winobias_metrics_overall_m6_two_pass_one__base__counter_imaging_self_debias_two_pass_counter_imaging.csv
counter_stereotypic_imaging_all_versions,"Counter-stereotypic imaging, matched IT checkpoint",counter_imaging,Counter-stereotypic imaging,matched all-version,winobias,WinoBias,"DIY Two Pass (No IT), 2-shot",2,abs_pro_anti_gap,Abs. pro/anti gap,0,0.147727,0.147727,0.14772727,abs_pro_anti_gap,lower,m6_self_debiasing,m6_two_pass_two__base__counter_imaging_self_debias_two_pass_counter_imaging,counter_imaging,results/new_results/m6_self_debiasing/m6sd_20260319_shot125_twopass_sep/eval/m6_two_pass_two__base__counter_imaging/winobias/winobias/m6_two_pass_two__base__counter_imaging_self_debias_two_pass_counter_imaging/winobias_metrics_overall_m6_two_pass_two__base__counter_imaging_self_debias_two_pass_counter_imaging.csv
counter_stereotypic_imaging_all_versions,"Counter-stereotypic imaging, matched IT checkpoint",counter_imaging,Counter-stereotypic imaging,matched all-version,winobias,WinoBias,"DIY Two Pass (IT), 0-shot",0,abs_pro_anti_gap,Abs. pro/anti gap,0,0.131313,0.131313,0.13131313,abs_pro_anti_gap,lower,m6_self_debiasing,m6_two_pass__finetuned_ms-500-counter-imaging-opinion-action-event-allversions__counter_imaging_self_debias_two_pass_counter_imaging,counter_imaging,results/new_results_curated/m6_self_debiasing/incorrect/m6sd_20260323_091321_twopass_zero_fix/eval/m6_two_pass__finetuned_ms-500-counter-imaging-opinion-action-event-allversions__counter_imaging/winobias/winobias/m6_two_pass__finetuned_ms-500-counter-imaging-opinion-action-event-allversions__counter_imaging_self_debias_two_pass_counter_imaging/winobias_metrics_overall_m6_two_pass__finetuned_ms-500-counter-imaging-opinion-action-event-allversions__counter_imaging_self_debias_two_pass_counter_imaging.csv
counter_stereotypic_imaging_all_versions,"Counter-stereotypic imaging, matched IT checkpoint",counter_imaging,Counter-stereotypic imaging,matched all-version,winobias,WinoBias,"DIY Two Pass (IT), 1-shot",1,abs_pro_anti_gap,Abs. pro/anti gap,0,0.104798,0.104798,0.10479798,abs_pro_anti_gap,lower,m6_self_debiasing,m6_two_pass_one__finetuned_ms-500-counter-imaging-opinion-action-event-allversions__counter_imaging_self_debias_two_pass_counter_imaging,counter_imaging,results/new_results/m6_self_debiasing/m6sd_20260319_shot125_twopass_sep/eval/m6_two_pass_one__finetuned_ms-500-counter-imaging-opinion-action-event-allversions__counter_imaging/winobias/winobias/m6_two_pass_one__finetuned_ms-500-counter-imaging-opinion-action-event-allversions__counter_imaging_self_debias_two_pass_counter_imaging/winobias_metrics_overall_m6_two_pass_one__finetuned_ms-500-counter-imaging-opinion-action-event-allversions__counter_imaging_self_debias_two_pass_counter_imaging.csv
counter_stereotypic_imaging_all_versions,"Counter-stereotypic imaging, matched IT checkpoint",counter_imaging,Counter-stereotypic imaging,matched all-version,winobias,WinoBias,"DIY Two Pass (IT), 2-shot",2,abs_pro_anti_gap,Abs. pro/anti gap,0,0.103535,0.103535,0.10353535,abs_pro_anti_gap,lower,m6_self_debiasing,m6_two_pass_two__finetuned_ms-500-counter-imaging-opinion-action-event-allversions__counter_imaging_self_debias_two_pass_counter_imaging,counter_imaging,results/new_results/m6_self_debiasing/m6sd_20260319_shot125_twopass_sep/eval/m6_two_pass_two__finetuned_ms-500-counter-imaging-opinion-action-event-allversions__counter_imaging/winobias/winobias/m6_two_pass_two__finetuned_ms-500-counter-imaging-opinion-action-event-allversions__counter_imaging_self_debias_two_pass_counter_imaging/winobias_metrics_overall_m6_two_pass_two__finetuned_ms-500-counter-imaging-opinion-action-event-allversions__counter_imaging_self_debias_two_pass_counter_imaging.csv
counter_stereotypic_imaging_all_versions,"Counter-stereotypic imaging, matched IT checkpoint",counter_imaging,Counter-stereotypic imaging,matched all-version,winogender,WinoGender,Base Model Inference,,male_female_pair_disagreement_rate,Male/female pair disagreement,0,0.191667,0.191667,18.33333333,mean_abs_occupation_gender_bias_score,lower,llama_8b_base,llama_8b,,results/10_additional_benchmarks/baselines/baseline_evalshared_all_20260306_1249/winogender/llama_8b/winogender_metrics_overall_llama_8b.csv
counter_stereotypic_imaging_all_versions,"Counter-stereotypic imaging, matched IT checkpoint",counter_imaging,Counter-stereotypic imaging,matched all-version,winogender,WinoGender,ICL,,male_female_pair_disagreement_rate,Male/female pair disagreement,0,0.179167,0.179167,,,lower,m4_base_icl_zero,m4_baseicl_zero_llama8b,counter_imaging,results/new_results/m4_base_icl_zero/m4_base_icl_zero_allmodels_20260514_005736/llama8b/evalshared/winogender/m4_baseicl_zero_llama8b_ci_winogender/winogender_metrics_overall_m4_baseicl_zero_llama8b_ci_winogender.csv
counter_stereotypic_imaging_all_versions,"Counter-stereotypic imaging, matched IT checkpoint",counter_imaging,Counter-stereotypic imaging,matched all-version,winogender,WinoGender,DIY IT,,male_female_pair_disagreement_rate,Male/female pair disagreement,0,0.195833,0.195833,17.91666667,mean_abs_occupation_gender_bias_score,lower,m3_finetune_llama_ms500,m3_finetune_ci_winogender,counter_imaging,results/new_results/m3_finetune_llama_ms500/evalshared/winogender/m3_finetune_ci_winogender/winogender_metrics_overall_m3_finetune_ci_winogender.csv
counter_stereotypic_imaging_all_versions,"Counter-stereotypic imaging, matched IT checkpoint",counter_imaging,Counter-stereotypic imaging,matched all-version,winogender,WinoGender,"DIY Two Pass (No IT), 0-shot",0,male_female_pair_disagreement_rate,Male/female pair disagreement,0,0.166667,0.166667,16.66666667,mean_abs_occupation_gender_bias_score,lower,m6_self_debiasing,m6_two_pass__base__counter_imaging_self_debias_two_pass_counter_imaging,counter_imaging,results/new_results_curated/m6_self_debiasing/incorrect/m6sd_20260323_091321_twopass_zero_fix/eval/m6_two_pass__base__counter_imaging/winogender/winogender/m6_two_pass__base__counter_imaging_self_debias_two_pass_counter_imaging/winogender_metrics_overall_m6_two_pass__base__counter_imaging_self_debias_two_pass_counter_imaging.csv
counter_stereotypic_imaging_all_versions,"Counter-stereotypic imaging, matched IT checkpoint",counter_imaging,Counter-stereotypic imaging,matched all-version,winogender,WinoGender,"DIY Two Pass (No IT), 1-shot",1,male_female_pair_disagreement_rate,Male/female pair disagreement,0,0.170833,0.170833,16.25,mean_abs_occupation_gender_bias_score,lower,m6_self_debiasing,m6_two_pass_one__base__counter_imaging_self_debias_two_pass_counter_imaging,counter_imaging,results/new_results/m6_self_debiasing/m6sd_20260319_shot125_twopass_sep/eval/m6_two_pass_one__base__counter_imaging/winogender/winogender/m6_two_pass_one__base__counter_imaging_self_debias_two_pass_counter_imaging/winogender_metrics_overall_m6_two_pass_one__base__counter_imaging_self_debias_two_pass_counter_imaging.csv
counter_stereotypic_imaging_all_versions,"Counter-stereotypic imaging, matched IT checkpoint",counter_imaging,Counter-stereotypic imaging,matched all-version,winogender,WinoGender,"DIY Two Pass (No IT), 2-shot",2,male_female_pair_disagreement_rate,Male/female pair disagreement,0,0.1625,0.1625,15.41666667,mean_abs_occupation_gender_bias_score,lower,m6_self_debiasing,m6_two_pass_two__base__counter_imaging_self_debias_two_pass_counter_imaging,counter_imaging,results/new_results/m6_self_debiasing/m6sd_20260319_shot125_twopass_sep/eval/m6_two_pass_two__base__counter_imaging/winogender/winogender/m6_two_pass_two__base__counter_imaging_self_debias_two_pass_counter_imaging/winogender_metrics_overall_m6_two_pass_two__base__counter_imaging_self_debias_two_pass_counter_imaging.csv
counter_stereotypic_imaging_all_versions,"Counter-stereotypic imaging, matched IT checkpoint",counter_imaging,Counter-stereotypic imaging,matched all-version,winogender,WinoGender,"DIY Two Pass (IT), 0-shot",0,male_female_pair_disagreement_rate,Male/female pair disagreement,0,0.141667,0.141667,13.33333333,mean_abs_occupation_gender_bias_score,lower,m6_self_debiasing,m6_two_pass__finetuned_ms-500-counter-imaging-opinion-action-event-allversions__counter_imaging_self_debias_two_pass_counter_imaging,counter_imaging,results/new_results_curated/m6_self_debiasing/incorrect/m6sd_20260323_091321_twopass_zero_fix/eval/m6_two_pass__finetuned_ms-500-counter-imaging-opinion-action-event-allversions__counter_imaging/winogender/winogender/m6_two_pass__finetuned_ms-500-counter-imaging-opinion-action-event-allversions__counter_imaging_self_debias_two_pass_counter_imaging/winogender_metrics_overall_m6_two_pass__finetuned_ms-500-counter-imaging-opinion-action-event-allversions__counter_imaging_self_debias_two_pass_counter_imaging.csv
counter_stereotypic_imaging_all_versions,"Counter-stereotypic imaging, matched IT checkpoint",counter_imaging,Counter-stereotypic imaging,matched all-version,winogender,WinoGender,"DIY Two Pass (IT), 1-shot",1,male_female_pair_disagreement_rate,Male/female pair disagreement,0,0.145833,0.145833,12.91666667,mean_abs_occupation_gender_bias_score,lower,m6_self_debiasing,m6_two_pass_one__finetuned_ms-500-counter-imaging-opinion-action-event-allversions__counter_imaging_self_debias_two_pass_counter_imaging,counter_imaging,results/new_results/m6_self_debiasing/m6sd_20260319_shot125_twopass_sep/eval/m6_two_pass_one__finetuned_ms-500-counter-imaging-opinion-action-event-allversions__counter_imaging/winogender/winogender/m6_two_pass_one__finetuned_ms-500-counter-imaging-opinion-action-event-allversions__counter_imaging_self_debias_two_pass_counter_imaging/winogender_metrics_overall_m6_two_pass_one__finetuned_ms-500-counter-imaging-opinion-action-event-allversions__counter_imaging_self_debias_two_pass_counter_imaging.csv
counter_stereotypic_imaging_all_versions,"Counter-stereotypic imaging, matched IT checkpoint",counter_imaging,Counter-stereotypic imaging,matched all-version,winogender,WinoGender,"DIY Two Pass (IT), 2-shot",2,male_female_pair_disagreement_rate,Male/female pair disagreement,0,0.158333,0.158333,15.0,mean_abs_occupation_gender_bias_score,lower,m6_self_debiasing,m6_two_pass_two__finetuned_ms-500-counter-imaging-opinion-action-event-allversions__counter_imaging_self_debias_two_pass_counter_imaging,counter_imaging,results/new_results/m6_self_debiasing/m6sd_20260319_shot125_twopass_sep/eval/m6_two_pass_two__finetuned_ms-500-counter-imaging-opinion-action-event-allversions__counter_imaging/winogender/winogender/m6_two_pass_two__finetuned_ms-500-counter-imaging-opinion-action-event-allversions__counter_imaging_self_debias_two_pass_counter_imaging/winogender_metrics_overall_m6_two_pass_two__finetuned_ms-500-counter-imaging-opinion-action-event-allversions__counter_imaging_self_debias_two_pass_counter_imaging.csv
positive_contact_all_versions,"Positive contact, matched IT checkpoint",positive_contact,Positive contact,matched all-version,crowspairs,CrowS-Pairs,Base Model Inference,,stereotype_preference_pct,Stereotype preference %,50,65.19,15.19,65.19,metric_score,target50,llama_8b_base,llama_8b,,results/10_additional_benchmarks/baselines/baseline_evalshared_all_20260306_1249/crows_pairs_metrics_overall_llama_8b.csv
positive_contact_all_versions,"Positive contact, matched IT checkpoint",positive_contact,Positive contact,matched all-version,crowspairs,CrowS-Pairs,ICL,,stereotype_preference_pct,Stereotype preference %,50,59.81,9.81,,,lower,m4_base_icl_zero,m4_baseicl_zero_llama8b,positive_contact,results/new_results/m4_base_icl_zero/m4_base_icl_zero_allmodels_20260514_005736/llama8b/evalshared/crows_pairs_metrics_overall_m4_baseicl_zero_llama8b_pc_crowspairs.csv
positive_contact_all_versions,"Positive contact, matched IT checkpoint",positive_contact,Positive contact,matched all-version,crowspairs,CrowS-Pairs,DIY IT,,stereotype_preference_pct,Stereotype preference %,50,64.32,14.32,64.32,metric_score,target50,m3_finetune_llama_ms500,m3_finetune_pc,positive_contact,results/new_results/m3_finetune_llama_ms500/evalshared/crows_pairs_metrics_overall_m3_finetune_pc.csv
positive_contact_all_versions,"Positive contact, matched IT checkpoint",positive_contact,Positive contact,matched all-version,crowspairs,CrowS-Pairs,"DIY Two Pass (No IT), 0-shot",0,stereotype_preference_pct,Stereotype preference %,50,49.27,0.73,49.27,metric_score,target50,m6_self_debiasing,m6_two_pass__base__positive_contact_self_debias_two_pass_positive_contact,positive_contact,results/new_results/m6_self_debiasing/m6sd_20260317_main3/eval/m6_two_pass__base__positive_contact/crowspairs/crows_pairs_metrics_overall_m6_two_pass__base__positive_contact_self_debias_two_pass_positive_contact.csv
positive_contact_all_versions,"Positive contact, matched IT checkpoint",positive_contact,Positive contact,matched all-version,crowspairs,CrowS-Pairs,"DIY Two Pass (No IT), 1-shot",1,stereotype_preference_pct,Stereotype preference %,50,47.28,2.72,47.28,metric_score,target50,m6_self_debiasing,m6_two_pass_one__base__positive_contact_self_debias_two_pass_positive_contact,positive_contact,results/new_results/m6_self_debiasing/m6sd_20260319_shot125_twopass_sep/eval/m6_two_pass_one__base__positive_contact/crowspairs/crows_pairs_metrics_overall_m6_two_pass_one__base__positive_contact_self_debias_two_pass_positive_contact.csv
positive_contact_all_versions,"Positive contact, matched IT checkpoint",positive_contact,Positive contact,matched all-version,crowspairs,CrowS-Pairs,"DIY Two Pass (No IT), 2-shot",2,stereotype_preference_pct,Stereotype preference %,50,47.35,2.65,47.35,metric_score,target50,m6_self_debiasing,m6_two_pass_two__base__positive_contact_self_debias_two_pass_positive_contact,positive_contact,results/new_results/m6_self_debiasing/m6sd_20260319_shot125_twopass_sep/eval/m6_two_pass_two__base__positive_contact/crowspairs/crows_pairs_metrics_overall_m6_two_pass_two__base__positive_contact_self_debias_two_pass_positive_contact.csv
positive_contact_all_versions,"Positive contact, matched IT checkpoint",positive_contact,Positive contact,matched all-version,crowspairs,CrowS-Pairs,"DIY Two Pass (IT), 0-shot",0,stereotype_preference_pct,Stereotype preference %,50,48.08,1.92,48.08,metric_score,target50,m6_self_debiasing,m6_two_pass__finetuned_ms-500-positive-contact-opinion-action-event-allversions__positive_contact_self_debias_two_pass_positive_contact,positive_contact,results/new_results/m6_self_debiasing/m6sd_20260323_091321_twopass_zero_fix/eval/m6_two_pass__finetuned_ms-500-positive-contact-opinion-action-event-allversions__positive_contact/crowspairs/crows_pairs_metrics_overall_m6_two_pass__finetuned_ms-500-positive-contact-opinion-action-event-allversions__positive_contact_self_debias_two_pass_positive_contact.csv
positive_contact_all_versions,"Positive contact, matched IT checkpoint",positive_contact,Positive contact,matched all-version,crowspairs,CrowS-Pairs,"DIY Two Pass (IT), 1-shot",1,stereotype_preference_pct,Stereotype preference %,50,50.27,0.27,50.27,metric_score,target50,m6_self_debiasing,m6_two_pass_one__finetuned_ms-500-positive-contact-opinion-action-event-allversions__positive_contact_self_debias_two_pass_positive_contact,positive_contact,results/new_results/m6_self_debiasing/m6sd_20260319_shot125_twopass_sep/eval/m6_two_pass_one__finetuned_ms-500-positive-contact-opinion-action-event-allversions__positive_contact/crowspairs/crows_pairs_metrics_overall_m6_two_pass_one__finetuned_ms-500-positive-contact-opinion-action-event-allversions__positive_contact_self_debias_two_pass_positive_contact.csv
positive_contact_all_versions,"Positive contact, matched IT checkpoint",positive_contact,Positive contact,matched all-version,crowspairs,CrowS-Pairs,"DIY Two Pass (IT), 2-shot",2,stereotype_preference_pct,Stereotype preference %,50,48.81,1.19,48.81,metric_score,target50,m6_self_debiasing,m6_two_pass_two__finetuned_ms-500-positive-contact-opinion-action-event-allversions__positive_contact_self_debias_two_pass_positive_contact,positive_contact,results/new_results/m6_self_debiasing/m6sd_20260319_shot125_twopass_sep/eval/m6_two_pass_two__finetuned_ms-500-positive-contact-opinion-action-event-allversions__positive_contact/crowspairs/crows_pairs_metrics_overall_m6_two_pass_two__finetuned_ms-500-positive-contact-opinion-action-event-allversions__positive_contact_self_debias_two_pass_positive_contact.csv
positive_contact_all_versions,"Positive contact, matched IT checkpoint",positive_contact,Positive contact,matched all-version,stereoset,StereoSet,Base Model Inference,,SS Score,SS Score overall,50,58.2905,8.29053,68.00223461,ICAT Score,higher,llama_8b_base,llama_8b,,results/10_additional_benchmarks/baselines/baseline_evalshared_all_20260306_1249/stereoset_metrics_llama_8b.csv
positive_contact_all_versions,"Positive contact, matched IT checkpoint",positive_contact,Positive contact,matched all-version,stereoset,StereoSet,ICL,,SS Score,SS Score overall,50,55.7667,5.76672,,,lower,m4_base_icl_zero,m4_baseicl_zero_llama8b,positive_contact,results/new_results/m4_base_icl_zero/m4_base_icl_zero_allmodels_20260514_005736/llama8b/evalshared/stereoset_metrics_m4_baseicl_zero_llama8b_pc_stereoset.csv
positive_contact_all_versions,"Positive contact, matched IT checkpoint",positive_contact,Positive contact,matched all-version,stereoset,StereoSet,DIY IT,,SS Score,SS Score overall,50,56.9075,6.90747,69.1323942,ICAT Score,higher,m3_finetune_llama_ms500,m3_finetune_pc,positive_contact,results/new_results/m3_finetune_llama_ms500/evalshared/stereoset_metrics_m3_finetune_pc.csv
positive_contact_all_versions,"Positive contact, matched IT checkpoint",positive_contact,Positive contact,matched all-version,stereoset,StereoSet,"DIY Two Pass (No IT), 0-shot",0,SS Score,SS Score overall,50,43.576,6.42396,45.202362,ICAT Score,higher,m6_self_debiasing,m6_two_pass__base__positive_contact_self_debias_two_pass_positive_contact,positive_contact,results/new_results/m6_self_debiasing/m6sd_20260317_main3/eval/m6_two_pass__base__positive_contact/stereoset/stereoset_metrics_m6_two_pass__base__positive_contact_self_debias_two_pass_positive_contact.csv
positive_contact_all_versions,"Positive contact, matched IT checkpoint",positive_contact,Positive contact,matched all-version,stereoset,StereoSet,"DIY Two Pass (No IT), 1-shot",1,SS Score,SS Score overall,50,43.6878,6.31218,43.02531433,ICAT Score,higher,m6_self_debiasing,m6_two_pass_one__base__positive_contact_self_debias_two_pass_positive_contact,positive_contact,results/new_results/m6_self_debiasing/m6sd_20260319_shot125_twopass_sep/eval/m6_two_pass_one__base__positive_contact/stereoset/stereoset_metrics_m6_two_pass_one__base__positive_contact_self_debias_two_pass_positive_contact.csv
positive_contact_all_versions,"Positive contact, matched IT checkpoint",positive_contact,Positive contact,matched all-version,stereoset,StereoSet,"DIY Two Pass (No IT), 2-shot",2,SS Score,SS Score overall,50,43.7308,6.26917,42.30259,ICAT Score,higher,m6_self_debiasing,m6_two_pass_two__base__positive_contact_self_debias_two_pass_positive_contact,positive_contact,results/new_results/m6_self_debiasing/m6sd_20260319_shot125_twopass_sep/eval/m6_two_pass_two__base__positive_contact/stereoset/stereoset_metrics_m6_two_pass_two__base__positive_contact_self_debias_two_pass_positive_contact.csv
positive_contact_all_versions,"Positive contact, matched IT checkpoint",positive_contact,Positive contact,matched all-version,stereoset,StereoSet,"DIY Two Pass (IT), 0-shot",0,SS Score,SS Score overall,50,44.9438,5.05618,50.43161418,ICAT Score,higher,m6_self_debiasing,m6_two_pass__finetuned_ms-500-positive-contact-opinion-action-event-allversions__positive_contact_self_debias_two_pass_positive_contact,positive_contact,results/new_results/m6_self_debiasing/m6sd_20260324_twopass_zero_missing_stereoset/eval/m6_two_pass__finetuned_ms-500-positive-contact-opinion-action-event-allversions__positive_contact/stereoset/stereoset_metrics_m6_two_pass__finetuned_ms-500-positive-contact-opinion-action-event-allversions__positive_contact_self_debias_two_pass_positive_contact.csv
positive_contact_all_versions,"Positive contact, matched IT checkpoint",positive_contact,Positive contact,matched all-version,stereoset,StereoSet,"DIY Two Pass (IT), 1-shot",1,SS Score,SS Score overall,50,45.657,4.34296,49.53869584,ICAT Score,higher,m6_self_debiasing,m6_two_pass_one__finetuned_ms-500-positive-contact-opinion-action-event-allversions__positive_contact_self_debias_two_pass_positive_contact,positive_contact,results/new_results/m6_self_debiasing/m6sd_20260319_shot125_twopass_sep/eval/m6_two_pass_one__finetuned_ms-500-positive-contact-opinion-action-event-allversions__positive_contact/stereoset/stereoset_metrics_m6_two_pass_one__finetuned_ms-500-positive-contact-opinion-action-event-allversions__positive_contact_self_debias_two_pass_positive_contact.csv
positive_contact_all_versions,"Positive contact, matched IT checkpoint",positive_contact,Positive contact,matched all-version,stereoset,StereoSet,"DIY Two Pass (IT), 2-shot",2,SS Score,SS Score overall,50,46.0181,3.98186,49.43801498,ICAT Score,higher,m6_self_debiasing,m6_two_pass_two__finetuned_ms-500-positive-contact-opinion-action-event-allversions__positive_contact_self_debias_two_pass_positive_contact,positive_contact,results/new_results/m6_self_debiasing/m6sd_20260319_shot125_twopass_sep/eval/m6_two_pass_two__finetuned_ms-500-positive-contact-opinion-action-event-allversions__positive_contact/stereoset/stereoset_metrics_m6_two_pass_two__finetuned_ms-500-positive-contact-opinion-action-event-allversions__positive_contact_self_debias_two_pass_positive_contact.csv
positive_contact_all_versions,"Positive contact, matched IT checkpoint",positive_contact,Positive contact,matched all-version,bbq,BBQ Ambig.,Base Model Inference,,Bias_score_ambig,Bias score ambig.,0,7.39,7.39,3.047,mean_abs_bias_disambig,lower,llama_8b_base,llama_8b,,results/10_additional_benchmarks/baselines/baseline_evalshared_all_20260306_1249/bbq/bbq_metrics_baseline_evalshared_all_20260306_1249.csv
positive_contact_all_versions,"Positive contact, matched IT checkpoint",positive_contact,Positive contact,matched all-version,bbq,BBQ Ambig.,ICL,,Bias_score_ambig,Bias score ambig.,0,3.738,3.738,,,lower,m4_base_icl_zero,m4_baseicl_zero_llama8b,positive_contact,results/new_results/m4_base_icl_zero/m4_base_icl_zero_allmodels_20260514_005736/llama8b/bbq/bbq_metrics_m4_baseicl_zero_llama8b_pc_bbq.csv
positive_contact_all_versions,"Positive contact, matched IT checkpoint",positive_contact,Positive contact,matched all-version,bbq,BBQ Ambig.,DIY IT,,Bias_score_ambig,Bias score ambig.,0,4.53,4.53,0.658,mean_abs_bias_disambig,lower,m3_finetune_llama_ms500,m3_finetune_pc:m3_finetune_pc_instr_off_ALL,positive_contact,results/new_results/m3_finetune_llama_ms500/bbq/bbq_metrics_m3_finetune_pc.csv
positive_contact_all_versions,"Positive contact, matched IT checkpoint",positive_contact,Positive contact,matched all-version,bbq,BBQ Ambig.,"DIY Two Pass (No IT), 0-shot",0,Bias_score_ambig,Bias score ambig.,0,3.898,3.898,0.024,mean_abs_bias_disambig,lower,m6_self_debiasing,m6_two_pass__base__positive_contact,positive_contact,results/new_results/m6_self_debiasing/m6sd_20260317_main3/eval/m6_two_pass__base__positive_contact/bbq/bbq_metrics.csv
positive_contact_all_versions,"Positive contact, matched IT checkpoint",positive_contact,Positive contact,matched all-version,bbq,BBQ Ambig.,"DIY Two Pass (No IT), 1-shot",1,Bias_score_ambig,Bias score ambig.,0,2.805,2.805,0.446,mean_abs_bias_disambig,lower,m6_self_debiasing,m6_two_pass_one__base__positive_contact,positive_contact,results/new_results/m6_self_debiasing/m6sd_20260319_shot125_twopass_sep/eval/m6_two_pass_one__base__positive_contact/bbq/bbq_metrics.csv
positive_contact_all_versions,"Positive contact, matched IT checkpoint",positive_contact,Positive contact,matched all-version,bbq,BBQ Ambig.,"DIY Two Pass (No IT), 2-shot",2,Bias_score_ambig,Bias score ambig.,0,2.863,2.863,0.273,mean_abs_bias_disambig,lower,m6_self_debiasing,m6_two_pass_two__base__positive_contact,positive_contact,results/new_results/m6_self_debiasing/m6sd_20260319_shot125_twopass_sep/eval/m6_two_pass_two__base__positive_contact/bbq/bbq_metrics.csv
positive_contact_all_versions,"Positive contact, matched IT checkpoint",positive_contact,Positive contact,matched all-version,bbq,BBQ Ambig.,"DIY Two Pass (IT), 0-shot",0,Bias_score_ambig,Bias score ambig.,0,3.015,3.015,1.192,mean_abs_bias_disambig,lower,m6_self_debiasing,m6_two_pass__finetuned_ms-500-positive-contact-opinion-action-event-allversions__positive_contact,positive_contact,results/new_results/m6_self_debiasing/m6sd_20260317_main3/eval/m6_two_pass__finetuned_ms-500-positive-contact-opinion-action-event-allversions__positive_contact/bbq/bbq_metrics.csv
positive_contact_all_versions,"Positive contact, matched IT checkpoint",positive_contact,Positive contact,matched all-version,bbq,BBQ Ambig.,"DIY Two Pass (IT), 1-shot",1,Bias_score_ambig,Bias score ambig.,0,3.212,3.212,0.147,mean_abs_bias_disambig,lower,m6_self_debiasing,m6_two_pass_one__finetuned_ms-500-positive-contact-opinion-action-event-allversions__positive_contact,positive_contact,results/new_results/m6_self_debiasing/m6sd_20260319_shot125_twopass_sep/eval/m6_two_pass_one__finetuned_ms-500-positive-contact-opinion-action-event-allversions__positive_contact/bbq/bbq_metrics.csv
positive_contact_all_versions,"Positive contact, matched IT checkpoint",positive_contact,Positive contact,matched all-version,bbq,BBQ Ambig.,"DIY Two Pass (IT), 2-shot",2,Bias_score_ambig,Bias score ambig.,0,2.504,2.504,0.655,mean_abs_bias_disambig,lower,m6_self_debiasing,m6_two_pass_two__finetuned_ms-500-positive-contact-opinion-action-event-allversions__positive_contact,positive_contact,results/new_results/m6_self_debiasing/m6sd_20260319_shot125_twopass_sep/eval/m6_two_pass_two__finetuned_ms-500-positive-contact-opinion-action-event-allversions__positive_contact/bbq/bbq_metrics.csv
positive_contact_all_versions,"Positive contact, matched IT checkpoint",positive_contact,Positive contact,matched all-version,bbq,BBQ Disambig.,Base Model Inference,,Bias_score_disambig,Bias score disambig.,0,3.047,3.047,3.047,mean_abs_bias_disambig,lower,llama_8b_base,llama_8b,,results/10_additional_benchmarks/baselines/baseline_evalshared_all_20260306_1249/bbq/bbq_metrics_baseline_evalshared_all_20260306_1249.csv
positive_contact_all_versions,"Positive contact, matched IT checkpoint",positive_contact,Positive contact,matched all-version,bbq,BBQ Disambig.,ICL,,Bias_score_disambig,Bias score disambig.,0,1.26,1.26,,,lower,m4_base_icl_zero,m4_baseicl_zero_llama8b,positive_contact,results/new_results/m4_base_icl_zero/m4_base_icl_zero_allmodels_20260514_005736/llama8b/bbq/bbq_metrics_m4_baseicl_zero_llama8b_pc_bbq.csv
positive_contact_all_versions,"Positive contact, matched IT checkpoint",positive_contact,Positive contact,matched all-version,bbq,BBQ Disambig.,DIY IT,,Bias_score_disambig,Bias score disambig.,0,0.658,0.658,0.658,mean_abs_bias_disambig,lower,m3_finetune_llama_ms500,m3_finetune_pc:m3_finetune_pc_instr_off_ALL,positive_contact,results/new_results/m3_finetune_llama_ms500/bbq/bbq_metrics_m3_finetune_pc.csv
positive_contact_all_versions,"Positive contact, matched IT checkpoint",positive_contact,Positive contact,matched all-version,bbq,BBQ Disambig.,"DIY Two Pass (No IT), 0-shot",0,Bias_score_disambig,Bias score disambig.,0,0.024,0.024,0.024,mean_abs_bias_disambig,lower,m6_self_debiasing,m6_two_pass__base__positive_contact,positive_contact,results/new_results/m6_self_debiasing/m6sd_20260317_main3/eval/m6_two_pass__base__positive_contact/bbq/bbq_metrics.csv
positive_contact_all_versions,"Positive contact, matched IT checkpoint",positive_contact,Positive contact,matched all-version,bbq,BBQ Disambig.,"DIY Two Pass (No IT), 1-shot",1,Bias_score_disambig,Bias score disambig.,0,0.446,0.446,0.446,mean_abs_bias_disambig,lower,m6_self_debiasing,m6_two_pass_one__base__positive_contact,positive_contact,results/new_results/m6_self_debiasing/m6sd_20260319_shot125_twopass_sep/eval/m6_two_pass_one__base__positive_contact/bbq/bbq_metrics.csv
positive_contact_all_versions,"Positive contact, matched IT checkpoint",positive_contact,Positive contact,matched all-version,bbq,BBQ Disambig.,"DIY Two Pass (No IT), 2-shot",2,Bias_score_disambig,Bias score disambig.,0,0.273,0.273,0.273,mean_abs_bias_disambig,lower,m6_self_debiasing,m6_two_pass_two__base__positive_contact,positive_contact,results/new_results/m6_self_debiasing/m6sd_20260319_shot125_twopass_sep/eval/m6_two_pass_two__base__positive_contact/bbq/bbq_metrics.csv
positive_contact_all_versions,"Positive contact, matched IT checkpoint",positive_contact,Positive contact,matched all-version,bbq,BBQ Disambig.,"DIY Two Pass (IT), 0-shot",0,Bias_score_disambig,Bias score disambig.,0,-1.192,1.192,1.192,mean_abs_bias_disambig,lower,m6_self_debiasing,m6_two_pass__finetuned_ms-500-positive-contact-opinion-action-event-allversions__positive_contact,positive_contact,results/new_results/m6_self_debiasing/m6sd_20260317_main3/eval/m6_two_pass__finetuned_ms-500-positive-contact-opinion-action-event-allversions__positive_contact/bbq/bbq_metrics.csv
positive_contact_all_versions,"Positive contact, matched IT checkpoint",positive_contact,Positive contact,matched all-version,bbq,BBQ Disambig.,"DIY Two Pass (IT), 1-shot",1,Bias_score_disambig,Bias score disambig.,0,0.147,0.147,0.147,mean_abs_bias_disambig,lower,m6_self_debiasing,m6_two_pass_one__finetuned_ms-500-positive-contact-opinion-action-event-allversions__positive_contact,positive_contact,results/new_results/m6_self_debiasing/m6sd_20260319_shot125_twopass_sep/eval/m6_two_pass_one__finetuned_ms-500-positive-contact-opinion-action-event-allversions__positive_contact/bbq/bbq_metrics.csv
positive_contact_all_versions,"Positive contact, matched IT checkpoint",positive_contact,Positive contact,matched all-version,bbq,BBQ Disambig.,"DIY Two Pass (IT), 2-shot",2,Bias_score_disambig,Bias score disambig.,0,-0.655,0.655,0.655,mean_abs_bias_disambig,lower,m6_self_debiasing,m6_two_pass_two__finetuned_ms-500-positive-contact-opinion-action-event-allversions__positive_contact,positive_contact,results/new_results/m6_self_debiasing/m6sd_20260319_shot125_twopass_sep/eval/m6_two_pass_two__finetuned_ms-500-positive-contact-opinion-action-event-allversions__positive_contact/bbq/bbq_metrics.csv
positive_contact_all_versions,"Positive contact, matched IT checkpoint",positive_contact,Positive contact,matched all-version,winobias,WinoBias,Base Model Inference,,abs_pro_anti_gap,Abs. pro/anti gap,0,0.276515,0.276515,0.27651515,abs_pro_anti_gap,lower,llama_8b_base,llama_8b,,results/10_additional_benchmarks/baselines/baseline_evalshared_all_20260306_1249/winobias/llama_8b/winobias_metrics_overall_llama_8b.csv
positive_contact_all_versions,"Positive contact, matched IT checkpoint",positive_contact,Positive contact,matched all-version,winobias,WinoBias,ICL,,abs_pro_anti_gap,Abs. pro/anti gap,0,0.277778,0.277778,,,lower,m4_base_icl_zero,m4_baseicl_zero_llama8b,positive_contact,results/new_results/m4_base_icl_zero/m4_base_icl_zero_allmodels_20260514_005736/llama8b/evalshared/winobias/m4_baseicl_zero_llama8b_pc_winobias/winobias_metrics_overall_m4_baseicl_zero_llama8b_pc_winobias.csv
positive_contact_all_versions,"Positive contact, matched IT checkpoint",positive_contact,Positive contact,matched all-version,winobias,WinoBias,DIY IT,,abs_pro_anti_gap,Abs. pro/anti gap,0,0.263889,0.263889,0.26388889,abs_pro_anti_gap,lower,m3_finetune_llama_ms500,m3_finetune_pc_winobias,positive_contact,results/new_results/m3_finetune_llama_ms500/evalshared/winobias/m3_finetune_pc_winobias/winobias_metrics_overall_m3_finetune_pc_winobias.csv
positive_contact_all_versions,"Positive contact, matched IT checkpoint",positive_contact,Positive contact,matched all-version,winobias,WinoBias,"DIY Two Pass (No IT), 0-shot",0,abs_pro_anti_gap,Abs. pro/anti gap,0,0.155303,0.155303,0.15530303,abs_pro_anti_gap,lower,m6_self_debiasing,m6_two_pass__base__positive_contact_self_debias_two_pass_positive_contact,positive_contact,results/new_results_curated/m6_self_debiasing/incorrect/m6sd_20260323_091321_twopass_zero_fix/eval/m6_two_pass__base__positive_contact/winobias/winobias/m6_two_pass__base__positive_contact_self_debias_two_pass_positive_contact/winobias_metrics_overall_m6_two_pass__base__positive_contact_self_debias_two_pass_positive_contact.csv
positive_contact_all_versions,"Positive contact, matched IT checkpoint",positive_contact,Positive contact,matched all-version,winobias,WinoBias,"DIY Two Pass (No IT), 1-shot",1,abs_pro_anti_gap,Abs. pro/anti gap,0,0.186869,0.186869,0.18686869,abs_pro_anti_gap,lower,m6_self_debiasing,m6_two_pass_one__base__positive_contact_self_debias_two_pass_positive_contact,positive_contact,results/new_results/m6_self_debiasing/m6sd_20260319_shot125_twopass_sep/eval/m6_two_pass_one__base__positive_contact/winobias/winobias/m6_two_pass_one__base__positive_contact_self_debias_two_pass_positive_contact/winobias_metrics_overall_m6_two_pass_one__base__positive_contact_self_debias_two_pass_positive_contact.csv
positive_contact_all_versions,"Positive contact, matched IT checkpoint",positive_contact,Positive contact,matched all-version,winobias,WinoBias,"DIY Two Pass (No IT), 2-shot",2,abs_pro_anti_gap,Abs. pro/anti gap,0,0.180556,0.180556,0.18055556,abs_pro_anti_gap,lower,m6_self_debiasing,m6_two_pass_two__base__positive_contact_self_debias_two_pass_positive_contact,positive_contact,results/new_results/m6_self_debiasing/m6sd_20260319_shot125_twopass_sep/eval/m6_two_pass_two__base__positive_contact/winobias/winobias/m6_two_pass_two__base__positive_contact_self_debias_two_pass_positive_contact/winobias_metrics_overall_m6_two_pass_two__base__positive_contact_self_debias_two_pass_positive_contact.csv
positive_contact_all_versions,"Positive contact, matched IT checkpoint",positive_contact,Positive contact,matched all-version,winobias,WinoBias,"DIY Two Pass (IT), 0-shot",0,abs_pro_anti_gap,Abs. pro/anti gap,0,0.0858586,0.0858586,0.08585859,abs_pro_anti_gap,lower,m6_self_debiasing,m6_two_pass__finetuned_ms-500-positive-contact-opinion-action-event-allversions__positive_contact_self_debias_two_pass_positive_contact,positive_contact,results/new_results/m6_self_debiasing/m6sd_20260323_091321_twopass_zero_fix/eval/m6_two_pass__finetuned_ms-500-positive-contact-opinion-action-event-allversions__positive_contact/winobias/winobias/m6_two_pass__finetuned_ms-500-positive-contact-opinion-action-event-allversions__positive_contact_self_debias_two_pass_positive_contact/winobias_metrics_overall_m6_two_pass__finetuned_ms-500-positive-contact-opinion-action-event-allversions__positive_contact_self_debias_two_pass_positive_contact.csv
positive_contact_all_versions,"Positive contact, matched IT checkpoint",positive_contact,Positive contact,matched all-version,winobias,WinoBias,"DIY Two Pass (IT), 1-shot",1,abs_pro_anti_gap,Abs. pro/anti gap,0,0.131313,0.131313,0.13131313,abs_pro_anti_gap,lower,m6_self_debiasing,m6_two_pass_one__finetuned_ms-500-positive-contact-opinion-action-event-allversions__positive_contact_self_debias_two_pass_positive_contact,positive_contact,results/new_results/m6_self_debiasing/m6sd_20260319_shot125_twopass_sep/eval/m6_two_pass_one__finetuned_ms-500-positive-contact-opinion-action-event-allversions__positive_contact/winobias/winobias/m6_two_pass_one__finetuned_ms-500-positive-contact-opinion-action-event-allversions__positive_contact_self_debias_two_pass_positive_contact/winobias_metrics_overall_m6_two_pass_one__finetuned_ms-500-positive-contact-opinion-action-event-allversions__positive_contact_self_debias_two_pass_positive_contact.csv
positive_contact_all_versions,"Positive contact, matched IT checkpoint",positive_contact,Positive contact,matched all-version,winobias,WinoBias,"DIY Two Pass (IT), 2-shot",2,abs_pro_anti_gap,Abs. pro/anti gap,0,0.109848,0.109848,0.10984848,abs_pro_anti_gap,lower,m6_self_debiasing,m6_two_pass_two__finetuned_ms-500-positive-contact-opinion-action-event-allversions__positive_contact_self_debias_two_pass_positive_contact,positive_contact,results/new_results/m6_self_debiasing/m6sd_20260319_shot125_twopass_sep/eval/m6_two_pass_two__finetuned_ms-500-positive-contact-opinion-action-event-allversions__positive_contact/winobias/winobias/m6_two_pass_two__finetuned_ms-500-positive-contact-opinion-action-event-allversions__positive_contact_self_debias_two_pass_positive_contact/winobias_metrics_overall_m6_two_pass_two__finetuned_ms-500-positive-contact-opinion-action-event-allversions__positive_contact_self_debias_two_pass_positive_contact.csv
positive_contact_all_versions,"Positive contact, matched IT checkpoint",positive_contact,Positive contact,matched all-version,winogender,WinoGender,Base Model Inference,,male_female_pair_disagreement_rate,Male/female pair disagreement,0,0.191667,0.191667,18.33333333,mean_abs_occupation_gender_bias_score,lower,llama_8b_base,llama_8b,,results/10_additional_benchmarks/baselines/baseline_evalshared_all_20260306_1249/winogender/llama_8b/winogender_metrics_overall_llama_8b.csv
positive_contact_all_versions,"Positive contact, matched IT checkpoint",positive_contact,Positive contact,matched all-version,winogender,WinoGender,ICL,,male_female_pair_disagreement_rate,Male/female pair disagreement,0,0.179167,0.179167,,,lower,m4_base_icl_zero,m4_baseicl_zero_llama8b,positive_contact,results/new_results/m4_base_icl_zero/m4_base_icl_zero_allmodels_20260514_005736/llama8b/evalshared/winogender/m4_baseicl_zero_llama8b_pc_winogender/winogender_metrics_overall_m4_baseicl_zero_llama8b_pc_winogender.csv
positive_contact_all_versions,"Positive contact, matched IT checkpoint",positive_contact,Positive contact,matched all-version,winogender,WinoGender,DIY IT,,male_female_pair_disagreement_rate,Male/female pair disagreement,0,0.216667,0.216667,20.83333333,mean_abs_occupation_gender_bias_score,lower,m3_finetune_llama_ms500,m3_finetune_pc_winogender,positive_contact,results/new_results/m3_finetune_llama_ms500/evalshared/winogender/m3_finetune_pc_winogender/winogender_metrics_overall_m3_finetune_pc_winogender.csv
positive_contact_all_versions,"Positive contact, matched IT checkpoint",positive_contact,Positive contact,matched all-version,winogender,WinoGender,"DIY Two Pass (No IT), 0-shot",0,male_female_pair_disagreement_rate,Male/female pair disagreement,0,0.166667,0.166667,16.66666667,mean_abs_occupation_gender_bias_score,lower,m6_self_debiasing,m6_two_pass__base__positive_contact_self_debias_two_pass_positive_contact,positive_contact,results/new_results_curated/m6_self_debiasing/incorrect/m6sd_20260323_091321_twopass_zero_fix/eval/m6_two_pass__base__positive_contact/winogender/winogender/m6_two_pass__base__positive_contact_self_debias_two_pass_positive_contact/winogender_metrics_overall_m6_two_pass__base__positive_contact_self_debias_two_pass_positive_contact.csv
positive_contact_all_versions,"Positive contact, matched IT checkpoint",positive_contact,Positive contact,matched all-version,winogender,WinoGender,"DIY Two Pass (No IT), 1-shot",1,male_female_pair_disagreement_rate,Male/female pair disagreement,0,0.166667,0.166667,15.83333333,mean_abs_occupation_gender_bias_score,lower,m6_self_debiasing,m6_two_pass_one__base__positive_contact_self_debias_two_pass_positive_contact,positive_contact,results/new_results/m6_self_debiasing/m6sd_20260319_shot125_twopass_sep/eval/m6_two_pass_one__base__positive_contact/winogender/winogender/m6_two_pass_one__base__positive_contact_self_debias_two_pass_positive_contact/winogender_metrics_overall_m6_two_pass_one__base__positive_contact_self_debias_two_pass_positive_contact.csv
positive_contact_all_versions,"Positive contact, matched IT checkpoint",positive_contact,Positive contact,matched all-version,winogender,WinoGender,"DIY Two Pass (No IT), 2-shot",2,male_female_pair_disagreement_rate,Male/female pair disagreement,0,0.175,0.175,16.66666667,mean_abs_occupation_gender_bias_score,lower,m6_self_debiasing,m6_two_pass_two__base__positive_contact_self_debias_two_pass_positive_contact,positive_contact,results/new_results/m6_self_debiasing/m6sd_20260319_shot125_twopass_sep/eval/m6_two_pass_two__base__positive_contact/winogender/winogender/m6_two_pass_two__base__positive_contact_self_debias_two_pass_positive_contact/winogender_metrics_overall_m6_two_pass_two__base__positive_contact_self_debias_two_pass_positive_contact.csv
positive_contact_all_versions,"Positive contact, matched IT checkpoint",positive_contact,Positive contact,matched all-version,winogender,WinoGender,"DIY Two Pass (IT), 0-shot",0,male_female_pair_disagreement_rate,Male/female pair disagreement,0,0.129167,0.129167,12.91666667,mean_abs_occupation_gender_bias_score,lower,m6_self_debiasing,m6_two_pass__finetuned_ms-500-positive-contact-opinion-action-event-allversions__positive_contact_self_debias_two_pass_positive_contact,positive_contact,results/new_results/m6_self_debiasing/m6sd_20260323_091321_twopass_zero_fix/eval/m6_two_pass__finetuned_ms-500-positive-contact-opinion-action-event-allversions__positive_contact/winogender/winogender/m6_two_pass__finetuned_ms-500-positive-contact-opinion-action-event-allversions__positive_contact_self_debias_two_pass_positive_contact/winogender_metrics_overall_m6_two_pass__finetuned_ms-500-positive-contact-opinion-action-event-allversions__positive_contact_self_debias_two_pass_positive_contact.csv
positive_contact_all_versions,"Positive contact, matched IT checkpoint",positive_contact,Positive contact,matched all-version,winogender,WinoGender,"DIY Two Pass (IT), 1-shot",1,male_female_pair_disagreement_rate,Male/female pair disagreement,0,0.2,0.2,19.16666667,mean_abs_occupation_gender_bias_score,lower,m6_self_debiasing,m6_two_pass_one__finetuned_ms-500-positive-contact-opinion-action-event-allversions__positive_contact_self_debias_two_pass_positive_contact,positive_contact,results/new_results/m6_self_debiasing/m6sd_20260319_shot125_twopass_sep/eval/m6_two_pass_one__finetuned_ms-500-positive-contact-opinion-action-event-allversions__positive_contact/winogender/winogender/m6_two_pass_one__finetuned_ms-500-positive-contact-opinion-action-event-allversions__positive_contact_self_debias_two_pass_positive_contact/winogender_metrics_overall_m6_two_pass_one__finetuned_ms-500-positive-contact-opinion-action-event-allversions__positive_contact_self_debias_two_pass_positive_contact.csv
positive_contact_all_versions,"Positive contact, matched IT checkpoint",positive_contact,Positive contact,matched all-version,winogender,WinoGender,"DIY Two Pass (IT), 2-shot",2,male_female_pair_disagreement_rate,Male/female pair disagreement,0,0.166667,0.166667,15.0,mean_abs_occupation_gender_bias_score,lower,m6_self_debiasing,m6_two_pass_two__finetuned_ms-500-positive-contact-opinion-action-event-allversions__positive_contact_self_debias_two_pass_positive_contact,positive_contact,results/new_results/m6_self_debiasing/m6sd_20260319_shot125_twopass_sep/eval/m6_two_pass_two__finetuned_ms-500-positive-contact-opinion-action-event-allversions__positive_contact/winogender/winogender/m6_two_pass_two__finetuned_ms-500-positive-contact-opinion-action-event-allversions__positive_contact_self_debias_two_pass_positive_contact/winogender_metrics_overall_m6_two_pass_two__finetuned_ms-500-positive-contact-opinion-action-event-allversions__positive_contact_self_debias_two_pass_positive_contact.csv
