model_key,model,figure,dataset_key,panel_label,method,intervention_key,intervention_label,metric,point,ci_low,ci_high,n_units,n_bootstrap,metric_source_file,row_files,status,reason,aggregate_direction,aggregate_score,aggregate_score_label,base_normalized_bias_error,bias_error_reduction_vs_base,ci_note,ideal_value,metric_label,name,native_value,normalized_bias_error,point_recomputed,reference_metric_source_file,reference_row_files,strategy
llama8b,llama_8b,intervention_ablation,crowspairs,CrowS-Pairs,Base Model,__base__,Base Model,stereotype_preference_pct,0.0,0.0,0.0,,200,results/10_additional_benchmarks/baselines/baseline_evalshared_all_20260306_1249/crows_pairs_metrics_overall_llama_8b.csv,,base,,target50,65.19,metric_score,15.19,0,,50,Stereotype preference %,llama_8b_base,65.19,15.19,,,,
llama8b,llama_8b,intervention_ablation,stereoset,StereoSet,Base Model,__base__,Base Model,SS Score,0.0,0.0,0.0,,200,results/10_additional_benchmarks/baselines/baseline_evalshared_all_20260306_1249/stereoset_metrics_llama_8b.csv,,base,,higher,68.00223461,ICAT Score,8.29053,0,,50,SS Score overall,llama_8b_base,58.2905,8.29053,,,,
llama8b,llama_8b,intervention_ablation,bbq,BBQ Ambig.,Base Model,__base__,Base Model,Bias_score_ambig,0.0,0.0,0.0,,200,results/10_additional_benchmarks/baselines/baseline_evalshared_all_20260306_1249/bbq/bbq_metrics_baseline_evalshared_all_20260306_1249.csv,,base,,lower,3.047,mean_abs_bias_disambig,7.39,0,,0,Bias score ambig.,llama_8b_base,7.39,7.39,,,,
llama8b,llama_8b,intervention_ablation,bbq,BBQ Disambig.,Base Model,__base__,Base Model,Bias_score_disambig,0.0,0.0,0.0,,200,results/10_additional_benchmarks/baselines/baseline_evalshared_all_20260306_1249/bbq/bbq_metrics_baseline_evalshared_all_20260306_1249.csv,,base,,lower,3.047,mean_abs_bias_disambig,3.047,0,,0,Bias score disambig.,llama_8b_base,3.047,3.047,,,,
llama8b,llama_8b,intervention_ablation,winobias,WinoBias,Base Model,__base__,Base Model,abs_pro_anti_gap,0.0,0.0,0.0,,200,results/10_additional_benchmarks/baselines/baseline_evalshared_all_20260306_1249/winobias/llama_8b/winobias_metrics_overall_llama_8b.csv,,base,,lower,0.27651515,abs_pro_anti_gap,0.276515,0,,0,Abs. pro/anti gap,llama_8b_base,0.276515,0.276515,,,,
llama8b,llama_8b,intervention_ablation,winogender,WinoGender,Base Model,__base__,Base Model,male_female_pair_disagreement_rate,0.0,0.0,0.0,,200,results/10_additional_benchmarks/baselines/baseline_evalshared_all_20260306_1249/winogender/llama_8b/winogender_metrics_overall_llama_8b.csv,,base,,lower,18.33333333,mean_abs_occupation_gender_bias_score,0.191667,0,,0,Male/female pair disagreement,llama_8b_base,0.191667,0.191667,,,,
llama8b,m4_baseicl_zero_llama8b_sr,intervention_ablation,crowspairs,CrowS-Pairs,ICL,stereotype_replacement,Stereotype replacement,stereotype_preference_pct,5.84,-10.287624577598145,-0.9436764706665315,1253,200,results/new_results/m4_base_icl_zero/m4_base_icl_zero_allmodels_20260514_005736/llama8b/evalshared/crows_pairs_metrics_overall_m4_baseicl_zero_llama8b_sr_crowspairs.csv,outputs/new_outputs/m4_base_icl_zero/m4_base_icl_zero_allmodels_20260514_005736/llama8b/evalshared/crows_pairs_scored_m4_baseicl_zero_llama8b_sr_crowspairs.csv,ok,,lower,,,15.19,5.84,bootstrap row CIs propagated as base_low-method_high/base_high-method_low,50,Stereotype preference %,m4_base_icl_zero,59.35,9.35,5.84,results/10_additional_benchmarks/baselines/baseline_evalshared_all_20260306_1249/crows_pairs_metrics_overall_llama_8b.csv,outputs/10_additional_benchmarks/baselines/baseline_evalshared_all_20260306_1249/crows_pairs_scored_llama_8b.csv,stereotype_replacement
llama8b,m4_baseicl_zero_llama8b_sr,intervention_ablation,stereoset,StereoSet,ICL,stereotype_replacement,Stereotype replacement,SS Score,2.15996,-0.8530385433908743,4.80314495152519,4229,200,results/new_results/m4_base_icl_zero/m4_base_icl_zero_allmodels_20260514_005736/llama8b/evalshared/stereoset_metrics_m4_baseicl_zero_llama8b_sr_stereoset.csv,outputs/new_outputs/m4_base_icl_zero/m4_base_icl_zero_allmodels_20260514_005736/llama8b/evalshared/stereoset_sentence_scores_m4_baseicl_zero_llama8b_sr_stereoset.csv,ok,,lower,,,8.29053,2.15996,bootstrap row CIs propagated as base_low-method_high/base_high-method_low,50,SS Score overall,m4_base_icl_zero,56.1306,6.13057,2.1599600000000008,results/10_additional_benchmarks/baselines/baseline_evalshared_all_20260306_1249/stereoset_metrics_llama_8b.csv,outputs/10_additional_benchmarks/baselines/baseline_evalshared_all_20260306_1249/stereoset_sentence_scores_llama_8b.csv,stereotype_replacement
llama8b,m4_baseicl_zero_llama8b_sr,intervention_ablation,bbq,BBQ Ambig.,ICL,stereotype_replacement,Stereotype replacement,Bias_score_ambig,3.156,1.2863956839479878,5.059033871615996,15678,200,results/new_results/m4_base_icl_zero/m4_base_icl_zero_allmodels_20260514_005736/llama8b/bbq/bbq_metrics_m4_baseicl_zero_llama8b_sr_bbq.csv,outputs/new_outputs/m4_base_icl_zero/m4_base_icl_zero_allmodels_20260514_005736/llama8b/bbq/m4_baseicl_zero_llama8b_allstrat_bbq/bbq_preds_m4_baseicl_zero_llama8b_allstrat_bbq_instr_all_strategies_ALL.csv;outputs/new_outputs/m4_base_icl_zero/m4_base_icl_zero_allmodels_20260514_005736/llama8b/bbq/m4_baseicl_zero_llama8b_ci_bbq/bbq_preds_m4_baseicl_zero_llama8b_ci_bbq_instr_counter_imaging_ALL.csv;outputs/new_outputs/m4_base_icl_zero/m4_base_icl_zero_allmodels_20260514_005736/llama8b/bbq/m4_baseicl_zero_llama8b_ind_bbq/bbq_preds_m4_baseicl_zero_llama8b_ind_bbq_instr_individuating_ALL.csv;outputs/new_outputs/m4_base_icl_zero/m4_base_icl_zero_allmodels_20260514_005736/llama8b/bbq/m4_baseicl_zero_llama8b_pc_bbq/bbq_preds_m4_baseicl_zero_llama8b_pc_bbq_instr_positive_contact_ALL.csv;outputs/new_outputs/m4_base_icl_zero/m4_base_icl_zero_allmodels_20260514_005736/llama8b/bbq/m4_baseicl_zero_llama8b_pt_bbq/bbq_preds_m4_baseicl_zero_llama8b_pt_bbq_instr_perspective_taking_ALL.csv;outputs/new_outputs/m4_base_icl_zero/m4_base_icl_zero_allmodels_20260514_005736/llama8b/bbq/m4_baseicl_zero_llama8b_sr_bbq/bbq_preds_m4_baseicl_zero_llama8b_sr_bbq_instr_stereotype_replacement_ALL.csv,ok,,lower,,,7.39,3.156,bootstrap row CIs propagated as base_low-method_high/base_high-method_low,0,Bias score ambig.,m4_base_icl_zero,4.234,4.234,3.1559999999999997,results/10_additional_benchmarks/baselines/baseline_evalshared_all_20260306_1249/bbq/bbq_metrics_baseline_evalshared_all_20260306_1249.csv,outputs/2_base_models/bbq/llama_8b/bbq_preds_llama_8b_Age.csv;outputs/2_base_models/bbq/llama_8b/bbq_preds_llama_8b_Disability_status.csv;outputs/2_base_models/bbq/llama_8b/bbq_preds_llama_8b_Gender_identity.csv;outputs/2_base_models/bbq/llama_8b/bbq_preds_llama_8b_Nationality.csv;outputs/2_base_models/bbq/llama_8b/bbq_preds_llama_8b_Physical_appearance.csv;outputs/2_base_models/bbq/llama_8b/bbq_preds_llama_8b_Race_ethnicity.csv;outputs/2_base_models/bbq/llama_8b/bbq_preds_llama_8b_Religion.csv;outputs/2_base_models/bbq/llama_8b/bbq_preds_llama_8b_SES.csv;outputs/2_base_models/bbq/llama_8b/bbq_preds_llama_8b_Sexual_orientation.csv,stereotype_replacement
llama8b,m4_baseicl_zero_llama8b_sr,intervention_ablation,bbq,BBQ Disambig.,ICL,stereotype_replacement,Stereotype replacement,Bias_score_disambig,1.984,-1.495366991013164,4.955645988029287,15678,200,results/new_results/m4_base_icl_zero/m4_base_icl_zero_allmodels_20260514_005736/llama8b/bbq/bbq_metrics_m4_baseicl_zero_llama8b_sr_bbq.csv,outputs/new_outputs/m4_base_icl_zero/m4_base_icl_zero_allmodels_20260514_005736/llama8b/bbq/m4_baseicl_zero_llama8b_allstrat_bbq/bbq_preds_m4_baseicl_zero_llama8b_allstrat_bbq_instr_all_strategies_ALL.csv;outputs/new_outputs/m4_base_icl_zero/m4_base_icl_zero_allmodels_20260514_005736/llama8b/bbq/m4_baseicl_zero_llama8b_ci_bbq/bbq_preds_m4_baseicl_zero_llama8b_ci_bbq_instr_counter_imaging_ALL.csv;outputs/new_outputs/m4_base_icl_zero/m4_base_icl_zero_allmodels_20260514_005736/llama8b/bbq/m4_baseicl_zero_llama8b_ind_bbq/bbq_preds_m4_baseicl_zero_llama8b_ind_bbq_instr_individuating_ALL.csv;outputs/new_outputs/m4_base_icl_zero/m4_base_icl_zero_allmodels_20260514_005736/llama8b/bbq/m4_baseicl_zero_llama8b_pc_bbq/bbq_preds_m4_baseicl_zero_llama8b_pc_bbq_instr_positive_contact_ALL.csv;outputs/new_outputs/m4_base_icl_zero/m4_base_icl_zero_allmodels_20260514_005736/llama8b/bbq/m4_baseicl_zero_llama8b_pt_bbq/bbq_preds_m4_baseicl_zero_llama8b_pt_bbq_instr_perspective_taking_ALL.csv;outputs/new_outputs/m4_base_icl_zero/m4_base_icl_zero_allmodels_20260514_005736/llama8b/bbq/m4_baseicl_zero_llama8b_sr_bbq/bbq_preds_m4_baseicl_zero_llama8b_sr_bbq_instr_stereotype_replacement_ALL.csv,ok,,lower,,,3.047,1.984,bootstrap row CIs propagated as base_low-method_high/base_high-method_low,0,Bias score disambig.,m4_base_icl_zero,1.063,1.063,1.9840000000000002,results/10_additional_benchmarks/baselines/baseline_evalshared_all_20260306_1249/bbq/bbq_metrics_baseline_evalshared_all_20260306_1249.csv,outputs/2_base_models/bbq/llama_8b/bbq_preds_llama_8b_Age.csv;outputs/2_base_models/bbq/llama_8b/bbq_preds_llama_8b_Disability_status.csv;outputs/2_base_models/bbq/llama_8b/bbq_preds_llama_8b_Gender_identity.csv;outputs/2_base_models/bbq/llama_8b/bbq_preds_llama_8b_Nationality.csv;outputs/2_base_models/bbq/llama_8b/bbq_preds_llama_8b_Physical_appearance.csv;outputs/2_base_models/bbq/llama_8b/bbq_preds_llama_8b_Race_ethnicity.csv;outputs/2_base_models/bbq/llama_8b/bbq_preds_llama_8b_Religion.csv;outputs/2_base_models/bbq/llama_8b/bbq_preds_llama_8b_SES.csv;outputs/2_base_models/bbq/llama_8b/bbq_preds_llama_8b_Sexual_orientation.csv,stereotype_replacement
llama8b,m4_baseicl_zero_llama8b_sr,intervention_ablation,winobias,WinoBias,ICL,stereotype_replacement,Stereotype replacement,abs_pro_anti_gap,-0.001263,-0.06930269668120204,0.07200300519418568,1584,200,results/new_results/m4_base_icl_zero/m4_base_icl_zero_allmodels_20260514_005736/llama8b/evalshared/winobias/m4_baseicl_zero_llama8b_sr_winobias/winobias_metrics_overall_m4_baseicl_zero_llama8b_sr_winobias.csv,outputs/new_outputs/m4_base_icl_zero/m4_base_icl_zero_allmodels_20260514_005736/llama8b/evalshared/winobias/m4_baseicl_zero_llama8b_sr_winobias/winobias_predictions_m4_baseicl_zero_llama8b_sr_winobias.csv,ok,,lower,,,0.276515,-0.001263,bootstrap row CIs propagated as base_low-method_high/base_high-method_low,0,Abs. pro/anti gap,m4_base_icl_zero,0.277778,0.277778,-0.0012630000000000141,results/10_additional_benchmarks/baselines/baseline_evalshared_all_20260306_1249/winobias/llama_8b/winobias_metrics_overall_llama_8b.csv,outputs/10_additional_benchmarks/baselines/baseline_evalshared_all_20260306_1249/winobias/llama_8b/winobias_predictions_llama_8b.csv,stereotype_replacement
llama8b,m4_baseicl_zero_llama8b_sr,intervention_ablation,winogender,WinoGender,ICL,stereotype_replacement,Stereotype replacement,male_female_pair_disagreement_rate,0.0125,-0.07927083333333332,0.10427083333333334,240,200,results/new_results/m4_base_icl_zero/m4_base_icl_zero_allmodels_20260514_005736/llama8b/evalshared/winogender/m4_baseicl_zero_llama8b_sr_winogender/winogender_metrics_overall_m4_baseicl_zero_llama8b_sr_winogender.csv,outputs/new_outputs/m4_base_icl_zero/m4_base_icl_zero_allmodels_20260514_005736/llama8b/evalshared/winogender/m4_baseicl_zero_llama8b_sr_winogender/winogender_preds_m4_baseicl_zero_llama8b_sr_winogender.csv,ok,,lower,,,0.191667,0.0125,bootstrap row CIs propagated as base_low-method_high/base_high-method_low,0,Male/female pair disagreement,m4_base_icl_zero,0.179167,0.179167,0.012500000000000011,results/10_additional_benchmarks/baselines/baseline_evalshared_all_20260306_1249/winogender/llama_8b/winogender_metrics_overall_llama_8b.csv,outputs/10_additional_benchmarks/baselines/baseline_evalshared_all_20260306_1249/winogender/llama_8b/winogender_preds_llama_8b.csv,stereotype_replacement
llama8b,m3_finetune_sr_indft_crowspairs,intervention_ablation,crowspairs,CrowS-Pairs,DIY IT,stereotype_replacement,Stereotype replacement,stereotype_preference_pct,0.34,-4.031269238263523,5.105709195351787,1499,200,results/new_results/m3_finetune_llama_ms500/evalshared/crows_pairs_metrics_overall_m3_finetune_sr_indft_crowspairs.csv,outputs/new_outputs/m3_finetune_llama_ms500/evalshared/crows_pairs_scored_m3_finetune_sr_indft_crowspairs.csv,ok,,target50,64.85,metric_score,15.19,0.34,bootstrap row CIs propagated as base_low-method_high/base_high-method_low,50,Stereotype preference %,m3_finetune_llama_ms500,64.85,14.85,0.33999999999999986,results/10_additional_benchmarks/baselines/baseline_evalshared_all_20260306_1249/crows_pairs_metrics_overall_llama_8b.csv,outputs/10_additional_benchmarks/baselines/baseline_evalshared_all_20260306_1249/crows_pairs_scored_llama_8b.csv,stereotype_replacement
llama8b,m3_finetune_sr_indft_stereoset,intervention_ablation,stereoset,StereoSet,DIY IT,stereotype_replacement,Stereotype replacement,SS Score,1.34165,-1.7261764010404406,4.070111137384727,4229,200,results/new_results/m3_finetune_llama_ms500/evalshared/stereoset_metrics_m3_finetune_sr_indft_stereoset.csv,outputs/new_outputs/m3_finetune_llama_ms500/evalshared/stereoset_sentence_scores_m3_finetune_sr_indft_stereoset.csv,ok,,higher,68.79407638,ICAT Score,8.29053,1.34165,bootstrap row CIs propagated as base_low-method_high/base_high-method_low,50,SS Score overall,m3_finetune_llama_ms500,56.9489,6.94888,1.3416500000000005,results/10_additional_benchmarks/baselines/baseline_evalshared_all_20260306_1249/stereoset_metrics_llama_8b.csv,outputs/10_additional_benchmarks/baselines/baseline_evalshared_all_20260306_1249/stereoset_sentence_scores_llama_8b.csv,stereotype_replacement
llama8b,m3_finetune_sr_indft_bbq:m3_finetune_sr_indft_bbq_instr_off_ALL,intervention_ablation,bbq,BBQ Ambig.,DIY IT,stereotype_replacement,Stereotype replacement,Bias_score_ambig,2.416,0.47777334315860553,4.1500284676896,15678,200,results/new_results/m3_finetune_llama_ms500/bbq/bbq_metrics_m3_finetune_sr_indft_bbq.csv,outputs/new_outputs/m3_finetune_llama_ms500/bbq/m3_finetune_allstrat/bbq_preds_m3_finetune_allstrat_instr_off_ALL.csv;outputs/new_outputs/m3_finetune_llama_ms500/bbq/m3_finetune_allstrat_action_bbq/bbq_preds_m3_finetune_allstrat_action_bbq_instr_off_ALL.csv;outputs/new_outputs/m3_finetune_llama_ms500/bbq/m3_finetune_allstrat_event_bbq/bbq_preds_m3_finetune_allstrat_event_bbq_instr_off_ALL.csv;outputs/new_outputs/m3_finetune_llama_ms500/bbq/m3_finetune_allstrat_opinion_bbq/bbq_preds_m3_finetune_allstrat_opinion_bbq_instr_off_ALL.csv;outputs/new_outputs/m3_finetune_llama_ms500/bbq/m3_finetune_ci/bbq_preds_m3_finetune_ci_instr_off_ALL.csv;outputs/new_outputs/m3_finetune_llama_ms500/bbq/m3_finetune_ind/bbq_preds_m3_finetune_ind_instr_off_ALL.csv;outputs/new_outputs/m3_finetune_llama_ms500/bbq/m3_finetune_pc/bbq_preds_m3_finetune_pc_instr_off_ALL.csv;outputs/new_outputs/m3_finetune_llama_ms500/bbq/m3_finetune_pt/bbq_preds_m3_finetune_pt_instr_off_ALL.csv;outputs/new_outputs/m3_finetune_llama_ms500/bbq/m3_finetune_sr_indft_bbq/bbq_preds_m3_finetune_sr_indft_bbq_instr_off_ALL.csv,ok,,lower,0.751,mean_abs_bias_disambig,7.39,2.416,bootstrap row CIs propagated as base_low-method_high/base_high-method_low,0,Bias score ambig.,m3_finetune_llama_ms500,4.974,4.974,2.4159999999999995,results/10_additional_benchmarks/baselines/baseline_evalshared_all_20260306_1249/bbq/bbq_metrics_baseline_evalshared_all_20260306_1249.csv,outputs/2_base_models/bbq/llama_8b/bbq_preds_llama_8b_Age.csv;outputs/2_base_models/bbq/llama_8b/bbq_preds_llama_8b_Disability_status.csv;outputs/2_base_models/bbq/llama_8b/bbq_preds_llama_8b_Gender_identity.csv;outputs/2_base_models/bbq/llama_8b/bbq_preds_llama_8b_Nationality.csv;outputs/2_base_models/bbq/llama_8b/bbq_preds_llama_8b_Physical_appearance.csv;outputs/2_base_models/bbq/llama_8b/bbq_preds_llama_8b_Race_ethnicity.csv;outputs/2_base_models/bbq/llama_8b/bbq_preds_llama_8b_Religion.csv;outputs/2_base_models/bbq/llama_8b/bbq_preds_llama_8b_SES.csv;outputs/2_base_models/bbq/llama_8b/bbq_preds_llama_8b_Sexual_orientation.csv,stereotype_replacement
llama8b,m3_finetune_sr_indft_bbq:m3_finetune_sr_indft_bbq_instr_off_ALL,intervention_ablation,bbq,BBQ Disambig.,DIY IT,stereotype_replacement,Stereotype replacement,Bias_score_disambig,2.296,-0.9201157622058267,5.0947338271179525,15678,200,results/new_results/m3_finetune_llama_ms500/bbq/bbq_metrics_m3_finetune_sr_indft_bbq.csv,outputs/new_outputs/m3_finetune_llama_ms500/bbq/m3_finetune_allstrat/bbq_preds_m3_finetune_allstrat_instr_off_ALL.csv;outputs/new_outputs/m3_finetune_llama_ms500/bbq/m3_finetune_allstrat_action_bbq/bbq_preds_m3_finetune_allstrat_action_bbq_instr_off_ALL.csv;outputs/new_outputs/m3_finetune_llama_ms500/bbq/m3_finetune_allstrat_event_bbq/bbq_preds_m3_finetune_allstrat_event_bbq_instr_off_ALL.csv;outputs/new_outputs/m3_finetune_llama_ms500/bbq/m3_finetune_allstrat_opinion_bbq/bbq_preds_m3_finetune_allstrat_opinion_bbq_instr_off_ALL.csv;outputs/new_outputs/m3_finetune_llama_ms500/bbq/m3_finetune_ci/bbq_preds_m3_finetune_ci_instr_off_ALL.csv;outputs/new_outputs/m3_finetune_llama_ms500/bbq/m3_finetune_ind/bbq_preds_m3_finetune_ind_instr_off_ALL.csv;outputs/new_outputs/m3_finetune_llama_ms500/bbq/m3_finetune_pc/bbq_preds_m3_finetune_pc_instr_off_ALL.csv;outputs/new_outputs/m3_finetune_llama_ms500/bbq/m3_finetune_pt/bbq_preds_m3_finetune_pt_instr_off_ALL.csv;outputs/new_outputs/m3_finetune_llama_ms500/bbq/m3_finetune_sr_indft_bbq/bbq_preds_m3_finetune_sr_indft_bbq_instr_off_ALL.csv,ok,,lower,0.751,mean_abs_bias_disambig,3.047,2.296,bootstrap row CIs propagated as base_low-method_high/base_high-method_low,0,Bias score disambig.,m3_finetune_llama_ms500,0.751,0.751,2.2960000000000003,results/10_additional_benchmarks/baselines/baseline_evalshared_all_20260306_1249/bbq/bbq_metrics_baseline_evalshared_all_20260306_1249.csv,outputs/2_base_models/bbq/llama_8b/bbq_preds_llama_8b_Age.csv;outputs/2_base_models/bbq/llama_8b/bbq_preds_llama_8b_Disability_status.csv;outputs/2_base_models/bbq/llama_8b/bbq_preds_llama_8b_Gender_identity.csv;outputs/2_base_models/bbq/llama_8b/bbq_preds_llama_8b_Nationality.csv;outputs/2_base_models/bbq/llama_8b/bbq_preds_llama_8b_Physical_appearance.csv;outputs/2_base_models/bbq/llama_8b/bbq_preds_llama_8b_Race_ethnicity.csv;outputs/2_base_models/bbq/llama_8b/bbq_preds_llama_8b_Religion.csv;outputs/2_base_models/bbq/llama_8b/bbq_preds_llama_8b_SES.csv;outputs/2_base_models/bbq/llama_8b/bbq_preds_llama_8b_Sexual_orientation.csv,stereotype_replacement
llama8b,m3_finetune_sr_indft_winobias,intervention_ablation,winobias,WinoBias,DIY IT,stereotype_replacement,Stereotype replacement,abs_pro_anti_gap,0.011363,-0.06405242811152306,0.08927503129255579,1584,200,results/new_results/m3_finetune_llama_ms500/evalshared/winobias/m3_finetune_sr_indft_winobias/winobias_metrics_overall_m3_finetune_sr_indft_winobias.csv,outputs/new_outputs/m3_finetune_llama_ms500/evalshared/winobias/m3_finetune_sr_indft_winobias/winobias_predictions_m3_finetune_sr_indft_winobias.csv,ok,,lower,0.26515152,abs_pro_anti_gap,0.276515,0.011363,bootstrap row CIs propagated as base_low-method_high/base_high-method_low,0,Abs. pro/anti gap,m3_finetune_llama_ms500,0.265152,0.265152,0.011363000000000012,results/10_additional_benchmarks/baselines/baseline_evalshared_all_20260306_1249/winobias/llama_8b/winobias_metrics_overall_llama_8b.csv,outputs/10_additional_benchmarks/baselines/baseline_evalshared_all_20260306_1249/winobias/llama_8b/winobias_predictions_llama_8b.csv,stereotype_replacement
llama8b,m3_finetune_sr_indft_winogender,intervention_ablation,winogender,WinoGender,DIY IT,stereotype_replacement,Stereotype replacement,male_female_pair_disagreement_rate,0.0125,-0.07927083333333332,0.10020833333333334,240,200,results/new_results/m3_finetune_llama_ms500/evalshared/winogender/m3_finetune_sr_indft_winogender/winogender_metrics_overall_m3_finetune_sr_indft_winogender.csv,outputs/new_outputs/m3_finetune_llama_ms500/evalshared/winogender/m3_finetune_sr_indft_winogender/winogender_preds_m3_finetune_sr_indft_winogender.csv,ok,,lower,15.41666667,mean_abs_occupation_gender_bias_score,0.191667,0.0125,bootstrap row CIs propagated as base_low-method_high/base_high-method_low,0,Male/female pair disagreement,m3_finetune_llama_ms500,0.179167,0.179167,0.012500000000000011,results/10_additional_benchmarks/baselines/baseline_evalshared_all_20260306_1249/winogender/llama_8b/winogender_metrics_overall_llama_8b.csv,outputs/10_additional_benchmarks/baselines/baseline_evalshared_all_20260306_1249/winogender/llama_8b/winogender_preds_llama_8b.csv,stereotype_replacement
llama8b,m6_two_pass__base__stereotype_replacement_self_debias_two_pass_stereotype_replacement,intervention_ablation,crowspairs,CrowS-Pairs,DIY Two Pass (No IT),stereotype_replacement,Stereotype replacement,stereotype_preference_pct,9.42,5.908917055814989,14.445230153435624,1499,200,results/new_results/m6_self_debiasing/m6sd_20260317_main3/eval/m6_two_pass__base__stereotype_replacement/crowspairs/crows_pairs_metrics_overall_m6_two_pass__base__stereotype_replacement_self_debias_two_pass_stereotype_replacement.csv,outputs/new_outputs/m6_self_debiasing/m6sd_20260317_main3/eval/m6_two_pass__base__stereotype_replacement/crowspairs/crows_pairs_scored_m6_two_pass__base__stereotype_replacement_self_debias_two_pass_stereotype_replacement.csv,ok,,target50,44.23,metric_score,15.19,9.42,bootstrap row CIs propagated as base_low-method_high/base_high-method_low,50,Stereotype preference %,m6_self_debiasing,44.23,5.77,9.42,results/10_additional_benchmarks/baselines/baseline_evalshared_all_20260306_1249/crows_pairs_metrics_overall_llama_8b.csv,outputs/10_additional_benchmarks/baselines/baseline_evalshared_all_20260306_1249/crows_pairs_scored_llama_8b.csv,stereotype_replacement
llama8b,m6_two_pass__base__stereotype_replacement_self_debias_two_pass_stereotype_replacement,intervention_ablation,stereoset,StereoSet,DIY Two Pass (No IT),stereotype_replacement,Stereotype replacement,SS Score,1.70373,-1.2798533932371754,4.165878458264378,4229,200,results/new_results/m6_self_debiasing/m6sd_20260317_main3/eval/m6_two_pass__base__stereotype_replacement/stereoset/stereoset_metrics_m6_two_pass__base__stereotype_replacement_self_debias_two_pass_stereotype_replacement.csv,outputs/new_outputs/m6_self_debiasing/m6sd_20260317_main3/eval/m6_two_pass__base__stereotype_replacement/stereoset/stereoset_sentence_scores_m6_two_pass__base__stereotype_replacement_self_debias_two_pass_stereotype_replacement.csv,ok,,higher,45.00344776,ICAT Score,8.29053,1.70373,bootstrap row CIs propagated as base_low-method_high/base_high-method_low,50,SS Score overall,m6_self_debiasing,43.4132,6.5868,1.7037300000000002,results/10_additional_benchmarks/baselines/baseline_evalshared_all_20260306_1249/stereoset_metrics_llama_8b.csv,outputs/10_additional_benchmarks/baselines/baseline_evalshared_all_20260306_1249/stereoset_sentence_scores_llama_8b.csv,stereotype_replacement
llama8b,m6_two_pass__base__stereotype_replacement,intervention_ablation,bbq,BBQ Ambig.,DIY Two Pass (No IT),stereotype_replacement,Stereotype replacement,Bias_score_ambig,3.106,1.1350515427618646,5.240219315216784,15678,200,results/new_results/m6_self_debiasing/m6sd_20260317_main3/eval/m6_two_pass__base__stereotype_replacement/bbq/bbq_metrics.csv,outputs/new_outputs/m6_self_debiasing/m6sd_20260317_main3/eval/m6_two_pass__base__stereotype_replacement/bbq/bbq_preds_m6_two_pass__base__stereotype_replacement_self_debias_two_pass_stereotype_replacement_fp_base_llama_8b_Race_x_SES.csv;outputs/new_outputs/m6_self_debiasing/m6sd_20260317_main3/eval/m6_two_pass__base__stereotype_replacement/bbq/bbq_preds_m6_two_pass__base__stereotype_replacement_self_debias_two_pass_stereotype_replacement_fp_base_llama_8b_Race_x_gender.csv;outputs/new_outputs/m6_self_debiasing/m6sd_20260317_main3/eval/m6_two_pass__base__stereotype_replacement/bbq/bbq_preds_m6_two_pass__base__stereotype_replacement_self_debias_two_pass_stereotype_replacement_llama_8b_Age.csv;outputs/new_outputs/m6_self_debiasing/m6sd_20260317_main3/eval/m6_two_pass__base__stereotype_replacement/bbq/bbq_preds_m6_two_pass__base__stereotype_replacement_self_debias_two_pass_stereotype_replacement_llama_8b_Disability_status.csv;outputs/new_outputs/m6_self_debiasing/m6sd_20260317_main3/eval/m6_two_pass__base__stereotype_replacement/bbq/bbq_preds_m6_two_pass__base__stereotype_replacement_self_debias_two_pass_stereotype_replacement_llama_8b_Gender_identity.csv;outputs/new_outputs/m6_self_debiasing/m6sd_20260317_main3/eval/m6_two_pass__base__stereotype_replacement/bbq/bbq_preds_m6_two_pass__base__stereotype_replacement_self_debias_two_pass_stereotype_replacement_llama_8b_Nationality.csv;outputs/new_outputs/m6_self_debiasing/m6sd_20260317_main3/eval/m6_two_pass__base__stereotype_replacement/bbq/bbq_preds_m6_two_pass__base__stereotype_replacement_self_debias_two_pass_stereotype_replacement_llama_8b_Physical_appearance.csv;outputs/new_outputs/m6_self_debiasing/m6sd_20260317_main3/eval/m6_two_pass__base__stereotype_replacement/bbq/bbq_preds_m6_two_pass__base__stereotype_replacement_self_debias_two_pass_stereotype_replacement_llama_8b_Race_ethnicity.csv;outputs/new_outputs/m6_self_debiasing/m6sd_20260317_main3/eval/m6_two_pass__base__stereotype_replacement/bbq/bbq_preds_m6_two_pass__base__stereotype_replacement_self_debias_two_pass_stereotype_replacement_llama_8b_Religion.csv;outputs/new_outputs/m6_self_debiasing/m6sd_20260317_main3/eval/m6_two_pass__base__stereotype_replacement/bbq/bbq_preds_m6_two_pass__base__stereotype_replacement_self_debias_two_pass_stereotype_replacement_llama_8b_SES.csv;outputs/new_outputs/m6_self_debiasing/m6sd_20260317_main3/eval/m6_two_pass__base__stereotype_replacement/bbq/bbq_preds_m6_two_pass__base__stereotype_replacement_self_debias_two_pass_stereotype_replacement_llama_8b_Sexual_orientation.csv,ok,,lower,0.539,mean_abs_bias_disambig,7.39,3.106,bootstrap row CIs propagated as base_low-method_high/base_high-method_low,0,Bias score ambig.,m6_self_debiasing,4.284,4.284,3.106,results/10_additional_benchmarks/baselines/baseline_evalshared_all_20260306_1249/bbq/bbq_metrics_baseline_evalshared_all_20260306_1249.csv,outputs/2_base_models/bbq/llama_8b/bbq_preds_llama_8b_Age.csv;outputs/2_base_models/bbq/llama_8b/bbq_preds_llama_8b_Disability_status.csv;outputs/2_base_models/bbq/llama_8b/bbq_preds_llama_8b_Gender_identity.csv;outputs/2_base_models/bbq/llama_8b/bbq_preds_llama_8b_Nationality.csv;outputs/2_base_models/bbq/llama_8b/bbq_preds_llama_8b_Physical_appearance.csv;outputs/2_base_models/bbq/llama_8b/bbq_preds_llama_8b_Race_ethnicity.csv;outputs/2_base_models/bbq/llama_8b/bbq_preds_llama_8b_Religion.csv;outputs/2_base_models/bbq/llama_8b/bbq_preds_llama_8b_SES.csv;outputs/2_base_models/bbq/llama_8b/bbq_preds_llama_8b_Sexual_orientation.csv,stereotype_replacement
llama8b,m6_two_pass__base__stereotype_replacement,intervention_ablation,bbq,BBQ Disambig.,DIY Two Pass (No IT),stereotype_replacement,Stereotype replacement,Bias_score_disambig,2.508,-0.4395702864000923,5.0807276462713915,15678,200,results/new_results/m6_self_debiasing/m6sd_20260317_main3/eval/m6_two_pass__base__stereotype_replacement/bbq/bbq_metrics.csv,outputs/new_outputs/m6_self_debiasing/m6sd_20260317_main3/eval/m6_two_pass__base__stereotype_replacement/bbq/bbq_preds_m6_two_pass__base__stereotype_replacement_self_debias_two_pass_stereotype_replacement_fp_base_llama_8b_Race_x_SES.csv;outputs/new_outputs/m6_self_debiasing/m6sd_20260317_main3/eval/m6_two_pass__base__stereotype_replacement/bbq/bbq_preds_m6_two_pass__base__stereotype_replacement_self_debias_two_pass_stereotype_replacement_fp_base_llama_8b_Race_x_gender.csv;outputs/new_outputs/m6_self_debiasing/m6sd_20260317_main3/eval/m6_two_pass__base__stereotype_replacement/bbq/bbq_preds_m6_two_pass__base__stereotype_replacement_self_debias_two_pass_stereotype_replacement_llama_8b_Age.csv;outputs/new_outputs/m6_self_debiasing/m6sd_20260317_main3/eval/m6_two_pass__base__stereotype_replacement/bbq/bbq_preds_m6_two_pass__base__stereotype_replacement_self_debias_two_pass_stereotype_replacement_llama_8b_Disability_status.csv;outputs/new_outputs/m6_self_debiasing/m6sd_20260317_main3/eval/m6_two_pass__base__stereotype_replacement/bbq/bbq_preds_m6_two_pass__base__stereotype_replacement_self_debias_two_pass_stereotype_replacement_llama_8b_Gender_identity.csv;outputs/new_outputs/m6_self_debiasing/m6sd_20260317_main3/eval/m6_two_pass__base__stereotype_replacement/bbq/bbq_preds_m6_two_pass__base__stereotype_replacement_self_debias_two_pass_stereotype_replacement_llama_8b_Nationality.csv;outputs/new_outputs/m6_self_debiasing/m6sd_20260317_main3/eval/m6_two_pass__base__stereotype_replacement/bbq/bbq_preds_m6_two_pass__base__stereotype_replacement_self_debias_two_pass_stereotype_replacement_llama_8b_Physical_appearance.csv;outputs/new_outputs/m6_self_debiasing/m6sd_20260317_main3/eval/m6_two_pass__base__stereotype_replacement/bbq/bbq_preds_m6_two_pass__base__stereotype_replacement_self_debias_two_pass_stereotype_replacement_llama_8b_Race_ethnicity.csv;outputs/new_outputs/m6_self_debiasing/m6sd_20260317_main3/eval/m6_two_pass__base__stereotype_replacement/bbq/bbq_preds_m6_two_pass__base__stereotype_replacement_self_debias_two_pass_stereotype_replacement_llama_8b_Religion.csv;outputs/new_outputs/m6_self_debiasing/m6sd_20260317_main3/eval/m6_two_pass__base__stereotype_replacement/bbq/bbq_preds_m6_two_pass__base__stereotype_replacement_self_debias_two_pass_stereotype_replacement_llama_8b_SES.csv;outputs/new_outputs/m6_self_debiasing/m6sd_20260317_main3/eval/m6_two_pass__base__stereotype_replacement/bbq/bbq_preds_m6_two_pass__base__stereotype_replacement_self_debias_two_pass_stereotype_replacement_llama_8b_Sexual_orientation.csv,ok,,lower,0.539,mean_abs_bias_disambig,3.047,2.508,bootstrap row CIs propagated as base_low-method_high/base_high-method_low,0,Bias score disambig.,m6_self_debiasing,0.539,0.539,2.508,results/10_additional_benchmarks/baselines/baseline_evalshared_all_20260306_1249/bbq/bbq_metrics_baseline_evalshared_all_20260306_1249.csv,outputs/2_base_models/bbq/llama_8b/bbq_preds_llama_8b_Age.csv;outputs/2_base_models/bbq/llama_8b/bbq_preds_llama_8b_Disability_status.csv;outputs/2_base_models/bbq/llama_8b/bbq_preds_llama_8b_Gender_identity.csv;outputs/2_base_models/bbq/llama_8b/bbq_preds_llama_8b_Nationality.csv;outputs/2_base_models/bbq/llama_8b/bbq_preds_llama_8b_Physical_appearance.csv;outputs/2_base_models/bbq/llama_8b/bbq_preds_llama_8b_Race_ethnicity.csv;outputs/2_base_models/bbq/llama_8b/bbq_preds_llama_8b_Religion.csv;outputs/2_base_models/bbq/llama_8b/bbq_preds_llama_8b_SES.csv;outputs/2_base_models/bbq/llama_8b/bbq_preds_llama_8b_Sexual_orientation.csv,stereotype_replacement
llama8b,m6_two_pass__base__stereotype_replacement_self_debias_two_pass_stereotype_replacement,intervention_ablation,winobias,WinoBias,DIY Two Pass (No IT),stereotype_replacement,Stereotype replacement,abs_pro_anti_gap,0.098485,0.016561822996923742,0.18641005249054182,1584,200,results/new_results_curated/m6_self_debiasing/incorrect/m6sd_20260323_091321_twopass_zero_fix/eval/m6_two_pass__base__stereotype_replacement/winobias/winobias/m6_two_pass__base__stereotype_replacement_self_debias_two_pass_stereotype_replacement/winobias_metrics_overall_m6_two_pass__base__stereotype_replacement_self_debias_two_pass_stereotype_replacement.csv,archive/m6_llama8b_dedup_apply_20260504_000252/outputs/new_outputs/m6_self_debiasing/m6sd_20260323_091321_twopass_zero_fix/eval/m6_two_pass__base__stereotype_replacement/winobias/winobias/m6_two_pass__base__stereotype_replacement_self_debias_two_pass_stereotype_replacement/winobias_predictions_m6_two_pass__base__stereotype_replacement_self_debias_two_pass_stereotype_replacement.csv,ok,,lower,0.1780303,abs_pro_anti_gap,0.276515,0.098485,bootstrap row CIs propagated as base_low-method_high/base_high-method_low,0,Abs. pro/anti gap,m6_self_debiasing,0.17803,0.17803,0.09848500000000002,results/10_additional_benchmarks/baselines/baseline_evalshared_all_20260306_1249/winobias/llama_8b/winobias_metrics_overall_llama_8b.csv,outputs/10_additional_benchmarks/baselines/baseline_evalshared_all_20260306_1249/winobias/llama_8b/winobias_predictions_llama_8b.csv,stereotype_replacement
llama8b,m6_two_pass__base__stereotype_replacement_self_debias_two_pass_stereotype_replacement,intervention_ablation,winogender,WinoGender,DIY Two Pass (No IT),stereotype_replacement,Stereotype replacement,male_female_pair_disagreement_rate,0.041667,-0.04177083333333331,0.13354166666666667,240,200,results/new_results_curated/m6_self_debiasing/incorrect/m6sd_20260323_091321_twopass_zero_fix/eval/m6_two_pass__base__stereotype_replacement/winogender/winogender/m6_two_pass__base__stereotype_replacement_self_debias_two_pass_stereotype_replacement/winogender_metrics_overall_m6_two_pass__base__stereotype_replacement_self_debias_two_pass_stereotype_replacement.csv,archive/m6_llama8b_dedup_apply_20260504_000252/outputs/new_outputs/m6_self_debiasing/m6sd_20260323_091321_twopass_zero_fix/eval/m6_two_pass__base__stereotype_replacement/winogender/winogender/m6_two_pass__base__stereotype_replacement_self_debias_two_pass_stereotype_replacement/winogender_preds_m6_two_pass__base__stereotype_replacement_self_debias_two_pass_stereotype_replacement.csv,ok,,lower,14.16666667,mean_abs_occupation_gender_bias_score,0.191667,0.041667,bootstrap row CIs propagated as base_low-method_high/base_high-method_low,0,Male/female pair disagreement,m6_self_debiasing,0.15,0.15,0.04166700000000001,results/10_additional_benchmarks/baselines/baseline_evalshared_all_20260306_1249/winogender/llama_8b/winogender_metrics_overall_llama_8b.csv,outputs/10_additional_benchmarks/baselines/baseline_evalshared_all_20260306_1249/winogender/llama_8b/winogender_preds_llama_8b.csv,stereotype_replacement
llama8b,m6_two_pass__finetuned_ms-500-stereotype-replacement-opinion-action-event-allversions__stereotype_replacement_self_debias_two_pass_stereotype_replacement,intervention_ablation,crowspairs,CrowS-Pairs,DIY Two Pass (IT),stereotype_replacement,Stereotype replacement,stereotype_preference_pct,11.21,6.802868579052707,16.344229486324217,1499,200,results/new_results/m6_self_debiasing/m6sd_20260323_091321_twopass_zero_fix/eval/m6_two_pass__finetuned_ms-500-stereotype-replacement-opinion-action-event-allversions__stereotype_replacement/crowspairs/crows_pairs_metrics_overall_m6_two_pass__finetuned_ms-500-stereotype-replacement-opinion-action-event-allversions__stereotype_replacement_self_debias_two_pass_stereotype_replacement.csv,outputs/new_outputs/m6_self_debiasing/m6sd_20260323_091321_twopass_zero_fix/eval/m6_two_pass__finetuned_ms-500-stereotype-replacement-opinion-action-event-allversions__stereotype_replacement/crowspairs/crows_pairs_scored_m6_two_pass__finetuned_ms-500-stereotype-replacement-opinion-action-event-allversions__stereotype_replacement_self_debias_two_pass_stereotype_replacement.csv,ok,,target50,46.02,metric_score,15.19,11.21,bootstrap row CIs propagated as base_low-method_high/base_high-method_low,50,Stereotype preference %,m6_self_debiasing,46.02,3.98,11.209999999999999,results/10_additional_benchmarks/baselines/baseline_evalshared_all_20260306_1249/crows_pairs_metrics_overall_llama_8b.csv,outputs/10_additional_benchmarks/baselines/baseline_evalshared_all_20260306_1249/crows_pairs_scored_llama_8b.csv,stereotype_replacement
llama8b,m6_two_pass__finetuned_ms-500-stereotype-replacement-opinion-action-event-allversions__stereotype_replacement_self_debias_two_pass_stereotype_replacement,intervention_ablation,stereoset,StereoSet,DIY Two Pass (IT),stereotype_replacement,Stereotype replacement,SS Score,2.3617,-0.6881059352092755,4.851619768266741,4229,200,results/new_results/m6_self_debiasing/m6sd_20260324_twopass_zero_missing_stereoset/eval/m6_two_pass__finetuned_ms-500-stereotype-replacement-opinion-action-event-allversions__stereotype_replacement/stereoset/stereoset_metrics_m6_two_pass__finetuned_ms-500-stereotype-replacement-opinion-action-event-allversions__stereotype_replacement_self_debias_two_pass_stereotype_replacement.csv,outputs/new_outputs/m6_self_debiasing/m6sd_20260324_twopass_zero_missing_stereoset/eval/m6_two_pass__finetuned_ms-500-stereotype-replacement-opinion-action-event-allversions__stereotype_replacement/stereoset/stereoset_sentence_scores_m6_two_pass__finetuned_ms-500-stereotype-replacement-opinion-action-event-allversions__stereotype_replacement_self_debias_two_pass_stereotype_replacement.csv,ok,,higher,42.73110545,ICAT Score,8.29053,2.3617,bootstrap row CIs propagated as base_low-method_high/base_high-method_low,50,SS Score overall,m6_self_debiasing,44.0712,5.92883,2.361700000000001,results/10_additional_benchmarks/baselines/baseline_evalshared_all_20260306_1249/stereoset_metrics_llama_8b.csv,outputs/10_additional_benchmarks/baselines/baseline_evalshared_all_20260306_1249/stereoset_sentence_scores_llama_8b.csv,stereotype_replacement
llama8b,m6_two_pass__finetuned_ms-500-stereotype-replacement-opinion-action-event-allversions__stereotype_replacement:m6_two_pass__finetuned_ms-500-stereotype-replacement-opinion-action-event-allversions__stereotype_replacement_self_debias_two_pass_stereotype_replacement_fp_finetuned_ms-500-stereotype-replacement-opinion-action-event-allversions_Age,intervention_ablation,bbq,BBQ Ambig.,DIY Two Pass (IT),stereotype_replacement,Stereotype replacement,Bias_score_ambig,2.403,-11.937331181328585,-0.7572103251856639,1840,200,recomputed_from_predictions:outputs/new_outputs/m6_self_debiasing/m6sd_20260323_091321_twopass_zero_fix/eval/m6_two_pass__finetuned_ms-500-stereotype-replacement-opinion-action-event-allversions__stereotype_replacement/bbq,outputs/new_outputs/m6_self_debiasing/m6sd_20260323_091321_twopass_zero_fix/eval/m6_two_pass__finetuned_ms-500-stereotype-replacement-opinion-action-event-allversions__stereotype_replacement/bbq/bbq_preds_m6_two_pass__finetuned_ms-500-stereotype-replacement-opinion-action-event-allversions__stereotype_replacement_self_debias_two_pass_stereotype_replacement_fp_finetuned_ms-500-stereotype-replacement-opinion-action-event-allversions_Age.csv,ok,,lower,1.142,mean_abs_bias_disambig,7.39,2.403,bootstrap row CIs propagated as base_low-method_high/base_high-method_low,0,Bias score ambig.,m6_self_debiasing,4.987,4.987,2.4029999999999996,results/10_additional_benchmarks/baselines/baseline_evalshared_all_20260306_1249/bbq/bbq_metrics_baseline_evalshared_all_20260306_1249.csv,outputs/2_base_models/bbq/llama_8b/bbq_preds_llama_8b_Age.csv;outputs/2_base_models/bbq/llama_8b/bbq_preds_llama_8b_Disability_status.csv;outputs/2_base_models/bbq/llama_8b/bbq_preds_llama_8b_Gender_identity.csv;outputs/2_base_models/bbq/llama_8b/bbq_preds_llama_8b_Nationality.csv;outputs/2_base_models/bbq/llama_8b/bbq_preds_llama_8b_Physical_appearance.csv;outputs/2_base_models/bbq/llama_8b/bbq_preds_llama_8b_Race_ethnicity.csv;outputs/2_base_models/bbq/llama_8b/bbq_preds_llama_8b_Religion.csv;outputs/2_base_models/bbq/llama_8b/bbq_preds_llama_8b_SES.csv;outputs/2_base_models/bbq/llama_8b/bbq_preds_llama_8b_Sexual_orientation.csv,stereotype_replacement
llama8b,m6_two_pass__finetuned_ms-500-stereotype-replacement-opinion-action-event-allversions__stereotype_replacement:m6_two_pass__finetuned_ms-500-stereotype-replacement-opinion-action-event-allversions__stereotype_replacement_self_debias_two_pass_stereotype_replacement_fp_finetuned_ms-500-stereotype-replacement-opinion-action-event-allversions_Age,intervention_ablation,bbq,BBQ Disambig.,DIY Two Pass (IT),stereotype_replacement,Stereotype replacement,Bias_score_disambig,1.236,-5.145736562151323,5.017279130497197,1840,200,recomputed_from_predictions:outputs/new_outputs/m6_self_debiasing/m6sd_20260323_091321_twopass_zero_fix/eval/m6_two_pass__finetuned_ms-500-stereotype-replacement-opinion-action-event-allversions__stereotype_replacement/bbq,outputs/new_outputs/m6_self_debiasing/m6sd_20260323_091321_twopass_zero_fix/eval/m6_two_pass__finetuned_ms-500-stereotype-replacement-opinion-action-event-allversions__stereotype_replacement/bbq/bbq_preds_m6_two_pass__finetuned_ms-500-stereotype-replacement-opinion-action-event-allversions__stereotype_replacement_self_debias_two_pass_stereotype_replacement_fp_finetuned_ms-500-stereotype-replacement-opinion-action-event-allversions_Age.csv,ok,,lower,1.142,mean_abs_bias_disambig,3.047,1.236,bootstrap row CIs propagated as base_low-method_high/base_high-method_low,0,Bias score disambig.,m6_self_debiasing,1.811,1.811,1.2360000000000002,results/10_additional_benchmarks/baselines/baseline_evalshared_all_20260306_1249/bbq/bbq_metrics_baseline_evalshared_all_20260306_1249.csv,outputs/2_base_models/bbq/llama_8b/bbq_preds_llama_8b_Age.csv;outputs/2_base_models/bbq/llama_8b/bbq_preds_llama_8b_Disability_status.csv;outputs/2_base_models/bbq/llama_8b/bbq_preds_llama_8b_Gender_identity.csv;outputs/2_base_models/bbq/llama_8b/bbq_preds_llama_8b_Nationality.csv;outputs/2_base_models/bbq/llama_8b/bbq_preds_llama_8b_Physical_appearance.csv;outputs/2_base_models/bbq/llama_8b/bbq_preds_llama_8b_Race_ethnicity.csv;outputs/2_base_models/bbq/llama_8b/bbq_preds_llama_8b_Religion.csv;outputs/2_base_models/bbq/llama_8b/bbq_preds_llama_8b_SES.csv;outputs/2_base_models/bbq/llama_8b/bbq_preds_llama_8b_Sexual_orientation.csv,stereotype_replacement
llama8b,m6_two_pass__finetuned_ms-500-stereotype-replacement-opinion-action-event-allversions__stereotype_replacement_self_debias_two_pass_stereotype_replacement,intervention_ablation,winobias,WinoBias,DIY Two Pass (IT),stereotype_replacement,Stereotype replacement,abs_pro_anti_gap,0.13005,0.053355741724546046,0.22635523837515686,1584,200,results/new_results/m6_self_debiasing/m6sd_20260323_091321_twopass_zero_fix/eval/m6_two_pass__finetuned_ms-500-stereotype-replacement-opinion-action-event-allversions__stereotype_replacement/winobias/winobias/m6_two_pass__finetuned_ms-500-stereotype-replacement-opinion-action-event-allversions__stereotype_replacement_self_debias_two_pass_stereotype_replacement/winobias_metrics_overall_m6_two_pass__finetuned_ms-500-stereotype-replacement-opinion-action-event-allversions__stereotype_replacement_self_debias_two_pass_stereotype_replacement.csv,outputs/new_outputs/m6_self_debiasing/m6sd_20260323_091321_twopass_zero_fix/eval/m6_two_pass__finetuned_ms-500-stereotype-replacement-opinion-action-event-allversions__stereotype_replacement/winobias/winobias/m6_two_pass__finetuned_ms-500-stereotype-replacement-opinion-action-event-allversions__stereotype_replacement_self_debias_two_pass_stereotype_replacement/winobias_predictions_m6_two_pass__finetuned_ms-500-stereotype-replacement-opinion-action-event-allversions__stereotype_replacement_self_debias_two_pass_stereotype_replacement.csv,ok,,lower,0.14646465,abs_pro_anti_gap,0.276515,0.13005,bootstrap row CIs propagated as base_low-method_high/base_high-method_low,0,Abs. pro/anti gap,m6_self_debiasing,0.146465,0.146465,0.13005,results/10_additional_benchmarks/baselines/baseline_evalshared_all_20260306_1249/winobias/llama_8b/winobias_metrics_overall_llama_8b.csv,outputs/10_additional_benchmarks/baselines/baseline_evalshared_all_20260306_1249/winobias/llama_8b/winobias_predictions_llama_8b.csv,stereotype_replacement
llama8b,m6_two_pass__finetuned_ms-500-stereotype-replacement-opinion-action-event-allversions__stereotype_replacement_self_debias_two_pass_stereotype_replacement,intervention_ablation,winogender,WinoGender,DIY Two Pass (IT),stereotype_replacement,Stereotype replacement,male_female_pair_disagreement_rate,0.020834,-0.06260416666666666,0.12104166666666669,240,200,results/new_results/m6_self_debiasing/m6sd_20260323_091321_twopass_zero_fix/eval/m6_two_pass__finetuned_ms-500-stereotype-replacement-opinion-action-event-allversions__stereotype_replacement/winogender/winogender/m6_two_pass__finetuned_ms-500-stereotype-replacement-opinion-action-event-allversions__stereotype_replacement_self_debias_two_pass_stereotype_replacement/winogender_metrics_overall_m6_two_pass__finetuned_ms-500-stereotype-replacement-opinion-action-event-allversions__stereotype_replacement_self_debias_two_pass_stereotype_replacement.csv,outputs/new_outputs/m6_self_debiasing/m6sd_20260323_091321_twopass_zero_fix/eval/m6_two_pass__finetuned_ms-500-stereotype-replacement-opinion-action-event-allversions__stereotype_replacement/winogender/winogender/m6_two_pass__finetuned_ms-500-stereotype-replacement-opinion-action-event-allversions__stereotype_replacement_self_debias_two_pass_stereotype_replacement/winogender_preds_m6_two_pass__finetuned_ms-500-stereotype-replacement-opinion-action-event-allversions__stereotype_replacement_self_debias_two_pass_stereotype_replacement.csv,ok,,lower,15.41666667,mean_abs_occupation_gender_bias_score,0.191667,0.020834,bootstrap row CIs propagated as base_low-method_high/base_high-method_low,0,Male/female pair disagreement,m6_self_debiasing,0.170833,0.170833,0.02083399999999999,results/10_additional_benchmarks/baselines/baseline_evalshared_all_20260306_1249/winogender/llama_8b/winogender_metrics_overall_llama_8b.csv,outputs/10_additional_benchmarks/baselines/baseline_evalshared_all_20260306_1249/winogender/llama_8b/winogender_preds_llama_8b.csv,stereotype_replacement
llama8b,m4_baseicl_zero_llama8b_ind,intervention_ablation,crowspairs,CrowS-Pairs,ICL,individuating,Individuation,stereotype_preference_pct,6.9,-9.259658918727574,0.14634391636323585,1257,200,results/new_results/m4_base_icl_zero/m4_base_icl_zero_allmodels_20260514_005736/llama8b/evalshared/crows_pairs_metrics_overall_m4_baseicl_zero_llama8b_ind_crowspairs.csv,outputs/new_outputs/m4_base_icl_zero/m4_base_icl_zero_allmodels_20260514_005736/llama8b/evalshared/crows_pairs_scored_m4_baseicl_zero_llama8b_ind_crowspairs.csv,ok,,lower,,,15.19,6.9,bootstrap row CIs propagated as base_low-method_high/base_high-method_low,50,Stereotype preference %,m4_base_icl_zero,58.29,8.29,6.9,results/10_additional_benchmarks/baselines/baseline_evalshared_all_20260306_1249/crows_pairs_metrics_overall_llama_8b.csv,outputs/10_additional_benchmarks/baselines/baseline_evalshared_all_20260306_1249/crows_pairs_scored_llama_8b.csv,individuating
llama8b,m4_baseicl_zero_llama8b_ind,intervention_ablation,stereoset,StereoSet,ICL,individuating,Individuation,SS Score,2.38407,-0.6620950579333211,5.182667297233391,4229,200,results/new_results/m4_base_icl_zero/m4_base_icl_zero_allmodels_20260514_005736/llama8b/evalshared/stereoset_metrics_m4_baseicl_zero_llama8b_ind_stereoset.csv,outputs/new_outputs/m4_base_icl_zero/m4_base_icl_zero_allmodels_20260514_005736/llama8b/evalshared/stereoset_sentence_scores_m4_baseicl_zero_llama8b_ind_stereoset.csv,ok,,lower,,,8.29053,2.38407,bootstrap row CIs propagated as base_low-method_high/base_high-method_low,50,SS Score overall,m4_base_icl_zero,55.9065,5.90646,2.3840700000000004,results/10_additional_benchmarks/baselines/baseline_evalshared_all_20260306_1249/stereoset_metrics_llama_8b.csv,outputs/10_additional_benchmarks/baselines/baseline_evalshared_all_20260306_1249/stereoset_sentence_scores_llama_8b.csv,individuating
llama8b,m4_baseicl_zero_llama8b_ind,intervention_ablation,bbq,BBQ Ambig.,ICL,individuating,Individuation,Bias_score_ambig,3.46,1.0962321980734426,5.137613117802458,15678,200,results/new_results/m4_base_icl_zero/m4_base_icl_zero_allmodels_20260514_005736/llama8b/bbq/bbq_metrics_m4_baseicl_zero_llama8b_ind_bbq.csv,outputs/new_outputs/m4_base_icl_zero/m4_base_icl_zero_allmodels_20260514_005736/llama8b/bbq/m4_baseicl_zero_llama8b_allstrat_bbq/bbq_preds_m4_baseicl_zero_llama8b_allstrat_bbq_instr_all_strategies_ALL.csv;outputs/new_outputs/m4_base_icl_zero/m4_base_icl_zero_allmodels_20260514_005736/llama8b/bbq/m4_baseicl_zero_llama8b_ci_bbq/bbq_preds_m4_baseicl_zero_llama8b_ci_bbq_instr_counter_imaging_ALL.csv;outputs/new_outputs/m4_base_icl_zero/m4_base_icl_zero_allmodels_20260514_005736/llama8b/bbq/m4_baseicl_zero_llama8b_ind_bbq/bbq_preds_m4_baseicl_zero_llama8b_ind_bbq_instr_individuating_ALL.csv;outputs/new_outputs/m4_base_icl_zero/m4_base_icl_zero_allmodels_20260514_005736/llama8b/bbq/m4_baseicl_zero_llama8b_pc_bbq/bbq_preds_m4_baseicl_zero_llama8b_pc_bbq_instr_positive_contact_ALL.csv;outputs/new_outputs/m4_base_icl_zero/m4_base_icl_zero_allmodels_20260514_005736/llama8b/bbq/m4_baseicl_zero_llama8b_pt_bbq/bbq_preds_m4_baseicl_zero_llama8b_pt_bbq_instr_perspective_taking_ALL.csv;outputs/new_outputs/m4_base_icl_zero/m4_base_icl_zero_allmodels_20260514_005736/llama8b/bbq/m4_baseicl_zero_llama8b_sr_bbq/bbq_preds_m4_baseicl_zero_llama8b_sr_bbq_instr_stereotype_replacement_ALL.csv,ok,,lower,,,7.39,3.46,bootstrap row CIs propagated as base_low-method_high/base_high-method_low,0,Bias score ambig.,m4_base_icl_zero,3.93,3.93,3.4599999999999995,results/10_additional_benchmarks/baselines/baseline_evalshared_all_20260306_1249/bbq/bbq_metrics_baseline_evalshared_all_20260306_1249.csv,outputs/2_base_models/bbq/llama_8b/bbq_preds_llama_8b_Age.csv;outputs/2_base_models/bbq/llama_8b/bbq_preds_llama_8b_Disability_status.csv;outputs/2_base_models/bbq/llama_8b/bbq_preds_llama_8b_Gender_identity.csv;outputs/2_base_models/bbq/llama_8b/bbq_preds_llama_8b_Nationality.csv;outputs/2_base_models/bbq/llama_8b/bbq_preds_llama_8b_Physical_appearance.csv;outputs/2_base_models/bbq/llama_8b/bbq_preds_llama_8b_Race_ethnicity.csv;outputs/2_base_models/bbq/llama_8b/bbq_preds_llama_8b_Religion.csv;outputs/2_base_models/bbq/llama_8b/bbq_preds_llama_8b_SES.csv;outputs/2_base_models/bbq/llama_8b/bbq_preds_llama_8b_Sexual_orientation.csv,individuating
llama8b,m4_baseicl_zero_llama8b_ind,intervention_ablation,bbq,BBQ Disambig.,ICL,individuating,Individuation,Bias_score_disambig,2.051,-1.265795291721471,5.045314262451702,15678,200,results/new_results/m4_base_icl_zero/m4_base_icl_zero_allmodels_20260514_005736/llama8b/bbq/bbq_metrics_m4_baseicl_zero_llama8b_ind_bbq.csv,outputs/new_outputs/m4_base_icl_zero/m4_base_icl_zero_allmodels_20260514_005736/llama8b/bbq/m4_baseicl_zero_llama8b_allstrat_bbq/bbq_preds_m4_baseicl_zero_llama8b_allstrat_bbq_instr_all_strategies_ALL.csv;outputs/new_outputs/m4_base_icl_zero/m4_base_icl_zero_allmodels_20260514_005736/llama8b/bbq/m4_baseicl_zero_llama8b_ci_bbq/bbq_preds_m4_baseicl_zero_llama8b_ci_bbq_instr_counter_imaging_ALL.csv;outputs/new_outputs/m4_base_icl_zero/m4_base_icl_zero_allmodels_20260514_005736/llama8b/bbq/m4_baseicl_zero_llama8b_ind_bbq/bbq_preds_m4_baseicl_zero_llama8b_ind_bbq_instr_individuating_ALL.csv;outputs/new_outputs/m4_base_icl_zero/m4_base_icl_zero_allmodels_20260514_005736/llama8b/bbq/m4_baseicl_zero_llama8b_pc_bbq/bbq_preds_m4_baseicl_zero_llama8b_pc_bbq_instr_positive_contact_ALL.csv;outputs/new_outputs/m4_base_icl_zero/m4_base_icl_zero_allmodels_20260514_005736/llama8b/bbq/m4_baseicl_zero_llama8b_pt_bbq/bbq_preds_m4_baseicl_zero_llama8b_pt_bbq_instr_perspective_taking_ALL.csv;outputs/new_outputs/m4_base_icl_zero/m4_base_icl_zero_allmodels_20260514_005736/llama8b/bbq/m4_baseicl_zero_llama8b_sr_bbq/bbq_preds_m4_baseicl_zero_llama8b_sr_bbq_instr_stereotype_replacement_ALL.csv,ok,,lower,,,3.047,2.051,bootstrap row CIs propagated as base_low-method_high/base_high-method_low,0,Bias score disambig.,m4_base_icl_zero,0.996,0.996,2.051,results/10_additional_benchmarks/baselines/baseline_evalshared_all_20260306_1249/bbq/bbq_metrics_baseline_evalshared_all_20260306_1249.csv,outputs/2_base_models/bbq/llama_8b/bbq_preds_llama_8b_Age.csv;outputs/2_base_models/bbq/llama_8b/bbq_preds_llama_8b_Disability_status.csv;outputs/2_base_models/bbq/llama_8b/bbq_preds_llama_8b_Gender_identity.csv;outputs/2_base_models/bbq/llama_8b/bbq_preds_llama_8b_Nationality.csv;outputs/2_base_models/bbq/llama_8b/bbq_preds_llama_8b_Physical_appearance.csv;outputs/2_base_models/bbq/llama_8b/bbq_preds_llama_8b_Race_ethnicity.csv;outputs/2_base_models/bbq/llama_8b/bbq_preds_llama_8b_Religion.csv;outputs/2_base_models/bbq/llama_8b/bbq_preds_llama_8b_SES.csv;outputs/2_base_models/bbq/llama_8b/bbq_preds_llama_8b_Sexual_orientation.csv,individuating
llama8b,m4_baseicl_zero_llama8b_ind,intervention_ablation,winobias,WinoBias,ICL,individuating,Individuation,abs_pro_anti_gap,-0.001263,-0.07376360749197741,0.07873271951253738,1584,200,results/new_results/m4_base_icl_zero/m4_base_icl_zero_allmodels_20260514_005736/llama8b/evalshared/winobias/m4_baseicl_zero_llama8b_ind_winobias/winobias_metrics_overall_m4_baseicl_zero_llama8b_ind_winobias.csv,outputs/new_outputs/m4_base_icl_zero/m4_base_icl_zero_allmodels_20260514_005736/llama8b/evalshared/winobias/m4_baseicl_zero_llama8b_ind_winobias/winobias_predictions_m4_baseicl_zero_llama8b_ind_winobias.csv,ok,,lower,,,0.276515,-0.001263,bootstrap row CIs propagated as base_low-method_high/base_high-method_low,0,Abs. pro/anti gap,m4_base_icl_zero,0.277778,0.277778,-0.0012630000000000141,results/10_additional_benchmarks/baselines/baseline_evalshared_all_20260306_1249/winobias/llama_8b/winobias_metrics_overall_llama_8b.csv,outputs/10_additional_benchmarks/baselines/baseline_evalshared_all_20260306_1249/winobias/llama_8b/winobias_predictions_llama_8b.csv,individuating
llama8b,m4_baseicl_zero_llama8b_ind,intervention_ablation,winogender,WinoGender,ICL,individuating,Individuation,male_female_pair_disagreement_rate,0.0125,-0.07520833333333332,0.10854166666666668,240,200,results/new_results/m4_base_icl_zero/m4_base_icl_zero_allmodels_20260514_005736/llama8b/evalshared/winogender/m4_baseicl_zero_llama8b_ind_winogender/winogender_metrics_overall_m4_baseicl_zero_llama8b_ind_winogender.csv,outputs/new_outputs/m4_base_icl_zero/m4_base_icl_zero_allmodels_20260514_005736/llama8b/evalshared/winogender/m4_baseicl_zero_llama8b_ind_winogender/winogender_preds_m4_baseicl_zero_llama8b_ind_winogender.csv,ok,,lower,,,0.191667,0.0125,bootstrap row CIs propagated as base_low-method_high/base_high-method_low,0,Male/female pair disagreement,m4_base_icl_zero,0.179167,0.179167,0.012500000000000011,results/10_additional_benchmarks/baselines/baseline_evalshared_all_20260306_1249/winogender/llama_8b/winogender_metrics_overall_llama_8b.csv,outputs/10_additional_benchmarks/baselines/baseline_evalshared_all_20260306_1249/winogender/llama_8b/winogender_preds_llama_8b.csv,individuating
llama8b,m3_finetune_ind,intervention_ablation,crowspairs,CrowS-Pairs,DIY IT,individuating,Individuation,stereotype_preference_pct,0.87,-3.6237509415236744,5.905775728951252,1499,200,results/new_results/m3_finetune_llama_ms500/evalshared/crows_pairs_metrics_overall_m3_finetune_ind.csv,outputs/new_outputs/m3_finetune_llama_ms500/evalshared/crows_pairs_scored_m3_finetune_ind.csv,ok,,target50,64.32,metric_score,15.19,0.87,bootstrap row CIs propagated as base_low-method_high/base_high-method_low,50,Stereotype preference %,m3_finetune_llama_ms500,64.32,14.32,0.8699999999999992,results/10_additional_benchmarks/baselines/baseline_evalshared_all_20260306_1249/crows_pairs_metrics_overall_llama_8b.csv,outputs/10_additional_benchmarks/baselines/baseline_evalshared_all_20260306_1249/crows_pairs_scored_llama_8b.csv,individuating
llama8b,m3_finetune_ind,intervention_ablation,stereoset,StereoSet,DIY IT,individuating,Individuation,SS Score,0.98268,-2.1766375029557903,3.7390636084180775,4229,200,results/new_results/m3_finetune_llama_ms500/evalshared/stereoset_metrics_m3_finetune_ind.csv,outputs/new_outputs/m3_finetune_llama_ms500/evalshared/stereoset_sentence_scores_m3_finetune_ind.csv,ok,,higher,68.93530572,ICAT Score,8.29053,0.98268,bootstrap row CIs propagated as base_low-method_high/base_high-method_low,50,SS Score overall,m3_finetune_llama_ms500,57.3079,7.30785,0.9826800000000002,results/10_additional_benchmarks/baselines/baseline_evalshared_all_20260306_1249/stereoset_metrics_llama_8b.csv,outputs/10_additional_benchmarks/baselines/baseline_evalshared_all_20260306_1249/stereoset_sentence_scores_llama_8b.csv,individuating
llama8b,m3_finetune_ind:m3_finetune_ind_instr_off_ALL,intervention_ablation,bbq,BBQ Ambig.,DIY IT,individuating,Individuation,Bias_score_ambig,2.586,0.3016327042640148,4.403722290796511,15678,200,results/new_results/m3_finetune_llama_ms500/bbq/bbq_metrics_m3_finetune_ind.csv,outputs/new_outputs/m3_finetune_llama_ms500/bbq/m3_finetune_allstrat/bbq_preds_m3_finetune_allstrat_instr_off_ALL.csv;outputs/new_outputs/m3_finetune_llama_ms500/bbq/m3_finetune_allstrat_action_bbq/bbq_preds_m3_finetune_allstrat_action_bbq_instr_off_ALL.csv;outputs/new_outputs/m3_finetune_llama_ms500/bbq/m3_finetune_allstrat_event_bbq/bbq_preds_m3_finetune_allstrat_event_bbq_instr_off_ALL.csv;outputs/new_outputs/m3_finetune_llama_ms500/bbq/m3_finetune_allstrat_opinion_bbq/bbq_preds_m3_finetune_allstrat_opinion_bbq_instr_off_ALL.csv;outputs/new_outputs/m3_finetune_llama_ms500/bbq/m3_finetune_ci/bbq_preds_m3_finetune_ci_instr_off_ALL.csv;outputs/new_outputs/m3_finetune_llama_ms500/bbq/m3_finetune_ind/bbq_preds_m3_finetune_ind_instr_off_ALL.csv;outputs/new_outputs/m3_finetune_llama_ms500/bbq/m3_finetune_pc/bbq_preds_m3_finetune_pc_instr_off_ALL.csv;outputs/new_outputs/m3_finetune_llama_ms500/bbq/m3_finetune_pt/bbq_preds_m3_finetune_pt_instr_off_ALL.csv;outputs/new_outputs/m3_finetune_llama_ms500/bbq/m3_finetune_sr_indft_bbq/bbq_preds_m3_finetune_sr_indft_bbq_instr_off_ALL.csv,ok,,lower,0.731,mean_abs_bias_disambig,7.39,2.586,bootstrap row CIs propagated as base_low-method_high/base_high-method_low,0,Bias score ambig.,m3_finetune_llama_ms500,4.804,4.804,2.5859999999999994,results/10_additional_benchmarks/baselines/baseline_evalshared_all_20260306_1249/bbq/bbq_metrics_baseline_evalshared_all_20260306_1249.csv,outputs/2_base_models/bbq/llama_8b/bbq_preds_llama_8b_Age.csv;outputs/2_base_models/bbq/llama_8b/bbq_preds_llama_8b_Disability_status.csv;outputs/2_base_models/bbq/llama_8b/bbq_preds_llama_8b_Gender_identity.csv;outputs/2_base_models/bbq/llama_8b/bbq_preds_llama_8b_Nationality.csv;outputs/2_base_models/bbq/llama_8b/bbq_preds_llama_8b_Physical_appearance.csv;outputs/2_base_models/bbq/llama_8b/bbq_preds_llama_8b_Race_ethnicity.csv;outputs/2_base_models/bbq/llama_8b/bbq_preds_llama_8b_Religion.csv;outputs/2_base_models/bbq/llama_8b/bbq_preds_llama_8b_SES.csv;outputs/2_base_models/bbq/llama_8b/bbq_preds_llama_8b_Sexual_orientation.csv,individuating
llama8b,m3_finetune_ind:m3_finetune_ind_instr_off_ALL,intervention_ablation,bbq,BBQ Disambig.,DIY IT,individuating,Individuation,Bias_score_disambig,2.316,-1.0557886059632626,5.032982173665783,15678,200,results/new_results/m3_finetune_llama_ms500/bbq/bbq_metrics_m3_finetune_ind.csv,outputs/new_outputs/m3_finetune_llama_ms500/bbq/m3_finetune_allstrat/bbq_preds_m3_finetune_allstrat_instr_off_ALL.csv;outputs/new_outputs/m3_finetune_llama_ms500/bbq/m3_finetune_allstrat_action_bbq/bbq_preds_m3_finetune_allstrat_action_bbq_instr_off_ALL.csv;outputs/new_outputs/m3_finetune_llama_ms500/bbq/m3_finetune_allstrat_event_bbq/bbq_preds_m3_finetune_allstrat_event_bbq_instr_off_ALL.csv;outputs/new_outputs/m3_finetune_llama_ms500/bbq/m3_finetune_allstrat_opinion_bbq/bbq_preds_m3_finetune_allstrat_opinion_bbq_instr_off_ALL.csv;outputs/new_outputs/m3_finetune_llama_ms500/bbq/m3_finetune_ci/bbq_preds_m3_finetune_ci_instr_off_ALL.csv;outputs/new_outputs/m3_finetune_llama_ms500/bbq/m3_finetune_ind/bbq_preds_m3_finetune_ind_instr_off_ALL.csv;outputs/new_outputs/m3_finetune_llama_ms500/bbq/m3_finetune_pc/bbq_preds_m3_finetune_pc_instr_off_ALL.csv;outputs/new_outputs/m3_finetune_llama_ms500/bbq/m3_finetune_pt/bbq_preds_m3_finetune_pt_instr_off_ALL.csv;outputs/new_outputs/m3_finetune_llama_ms500/bbq/m3_finetune_sr_indft_bbq/bbq_preds_m3_finetune_sr_indft_bbq_instr_off_ALL.csv,ok,,lower,0.731,mean_abs_bias_disambig,3.047,2.316,bootstrap row CIs propagated as base_low-method_high/base_high-method_low,0,Bias score disambig.,m3_finetune_llama_ms500,0.731,0.731,2.3160000000000003,results/10_additional_benchmarks/baselines/baseline_evalshared_all_20260306_1249/bbq/bbq_metrics_baseline_evalshared_all_20260306_1249.csv,outputs/2_base_models/bbq/llama_8b/bbq_preds_llama_8b_Age.csv;outputs/2_base_models/bbq/llama_8b/bbq_preds_llama_8b_Disability_status.csv;outputs/2_base_models/bbq/llama_8b/bbq_preds_llama_8b_Gender_identity.csv;outputs/2_base_models/bbq/llama_8b/bbq_preds_llama_8b_Nationality.csv;outputs/2_base_models/bbq/llama_8b/bbq_preds_llama_8b_Physical_appearance.csv;outputs/2_base_models/bbq/llama_8b/bbq_preds_llama_8b_Race_ethnicity.csv;outputs/2_base_models/bbq/llama_8b/bbq_preds_llama_8b_Religion.csv;outputs/2_base_models/bbq/llama_8b/bbq_preds_llama_8b_SES.csv;outputs/2_base_models/bbq/llama_8b/bbq_preds_llama_8b_Sexual_orientation.csv,individuating
llama8b,m3_finetune_ind_winobias,intervention_ablation,winobias,WinoBias,DIY IT,individuating,Individuation,abs_pro_anti_gap,-0.010101,-0.08315023165793983,0.06845254960833799,1584,200,results/new_results/m3_finetune_llama_ms500/evalshared/winobias/m3_finetune_ind_winobias/winobias_metrics_overall_m3_finetune_ind_winobias.csv,outputs/new_outputs/m3_finetune_llama_ms500/evalshared/winobias/m3_finetune_ind_winobias/winobias_predictions_m3_finetune_ind_winobias.csv,ok,,lower,0.28661616,abs_pro_anti_gap,0.276515,-0.010101,bootstrap row CIs propagated as base_low-method_high/base_high-method_low,0,Abs. pro/anti gap,m3_finetune_llama_ms500,0.286616,0.286616,-0.010100999999999971,results/10_additional_benchmarks/baselines/baseline_evalshared_all_20260306_1249/winobias/llama_8b/winobias_metrics_overall_llama_8b.csv,outputs/10_additional_benchmarks/baselines/baseline_evalshared_all_20260306_1249/winobias/llama_8b/winobias_predictions_llama_8b.csv,individuating
llama8b,m3_finetune_ind_winogender,intervention_ablation,winogender,WinoGender,DIY IT,individuating,Individuation,male_female_pair_disagreement_rate,-0.029166,-0.12510416666666663,0.07104166666666667,240,200,results/new_results/m3_finetune_llama_ms500/evalshared/winogender/m3_finetune_ind_winogender/winogender_metrics_overall_m3_finetune_ind_winogender.csv,outputs/new_outputs/m3_finetune_llama_ms500/evalshared/winogender/m3_finetune_ind_winogender/winogender_preds_m3_finetune_ind_winogender.csv,ok,,lower,21.25,mean_abs_occupation_gender_bias_score,0.191667,-0.029166,bootstrap row CIs propagated as base_low-method_high/base_high-method_low,0,Male/female pair disagreement,m3_finetune_llama_ms500,0.220833,0.220833,-0.029165999999999997,results/10_additional_benchmarks/baselines/baseline_evalshared_all_20260306_1249/winogender/llama_8b/winogender_metrics_overall_llama_8b.csv,outputs/10_additional_benchmarks/baselines/baseline_evalshared_all_20260306_1249/winogender/llama_8b/winogender_preds_llama_8b.csv,individuating
llama8b,m6_two_pass__base__individuating_self_debias_two_pass_individuating,intervention_ablation,crowspairs,CrowS-Pairs,DIY Two Pass (No IT),individuating,Individuation,stereotype_preference_pct,12.74,8.37391705581499,17.77856348676896,1499,200,results/new_results/m6_self_debiasing/m6sd_20260317_main3/eval/m6_two_pass__base__individuating/crowspairs/crows_pairs_metrics_overall_m6_two_pass__base__individuating_self_debias_two_pass_individuating.csv,outputs/new_outputs/m6_self_debiasing/m6sd_20260317_main3/eval/m6_two_pass__base__individuating/crowspairs/crows_pairs_scored_m6_two_pass__base__individuating_self_debias_two_pass_individuating.csv,ok,,target50,47.55,metric_score,15.19,12.74,bootstrap row CIs propagated as base_low-method_high/base_high-method_low,50,Stereotype preference %,m6_self_debiasing,47.55,2.45,12.739999999999998,results/10_additional_benchmarks/baselines/baseline_evalshared_all_20260306_1249/crows_pairs_metrics_overall_llama_8b.csv,outputs/10_additional_benchmarks/baselines/baseline_evalshared_all_20260306_1249/crows_pairs_scored_llama_8b.csv,individuating
llama8b,m6_two_pass__base__individuating_self_debias_two_pass_individuating,intervention_ablation,stereoset,StereoSet,DIY Two Pass (No IT),individuating,Individuation,SS Score,1.80283,-1.349018680539137,4.615157247576268,4229,200,results/new_results/m6_self_debiasing/m6sd_20260317_main3/eval/m6_two_pass__base__individuating/stereoset/stereoset_metrics_m6_two_pass__base__individuating_self_debias_two_pass_individuating.csv,outputs/new_outputs/m6_self_debiasing/m6sd_20260317_main3/eval/m6_two_pass__base__individuating/stereoset/stereoset_sentence_scores_m6_two_pass__base__individuating_self_debias_two_pass_individuating.csv,ok,,higher,46.98944886,ICAT Score,8.29053,1.80283,bootstrap row CIs propagated as base_low-method_high/base_high-method_low,50,SS Score overall,m6_self_debiasing,43.5123,6.4877,1.8028300000000002,results/10_additional_benchmarks/baselines/baseline_evalshared_all_20260306_1249/stereoset_metrics_llama_8b.csv,outputs/10_additional_benchmarks/baselines/baseline_evalshared_all_20260306_1249/stereoset_sentence_scores_llama_8b.csv,individuating
llama8b,m6_two_pass__base__individuating,intervention_ablation,bbq,BBQ Ambig.,DIY Two Pass (No IT),individuating,Individuation,Bias_score_ambig,3.287,1.2126047269741962,5.227308035375486,15678,200,results/new_results/m6_self_debiasing/m6sd_20260317_main3/eval/m6_two_pass__base__individuating/bbq/bbq_metrics.csv,outputs/new_outputs/m6_self_debiasing/m6sd_20260317_main3/eval/m6_two_pass__base__individuating/bbq/bbq_preds_m6_two_pass__base__individuating_self_debias_two_pass_individuating_fp_base_llama_8b_Race_x_SES.csv;outputs/new_outputs/m6_self_debiasing/m6sd_20260317_main3/eval/m6_two_pass__base__individuating/bbq/bbq_preds_m6_two_pass__base__individuating_self_debias_two_pass_individuating_fp_base_llama_8b_Race_x_gender.csv;outputs/new_outputs/m6_self_debiasing/m6sd_20260317_main3/eval/m6_two_pass__base__individuating/bbq/bbq_preds_m6_two_pass__base__individuating_self_debias_two_pass_individuating_llama_8b_Age.csv;outputs/new_outputs/m6_self_debiasing/m6sd_20260317_main3/eval/m6_two_pass__base__individuating/bbq/bbq_preds_m6_two_pass__base__individuating_self_debias_two_pass_individuating_llama_8b_Disability_status.csv;outputs/new_outputs/m6_self_debiasing/m6sd_20260317_main3/eval/m6_two_pass__base__individuating/bbq/bbq_preds_m6_two_pass__base__individuating_self_debias_two_pass_individuating_llama_8b_Gender_identity.csv;outputs/new_outputs/m6_self_debiasing/m6sd_20260317_main3/eval/m6_two_pass__base__individuating/bbq/bbq_preds_m6_two_pass__base__individuating_self_debias_two_pass_individuating_llama_8b_Nationality.csv;outputs/new_outputs/m6_self_debiasing/m6sd_20260317_main3/eval/m6_two_pass__base__individuating/bbq/bbq_preds_m6_two_pass__base__individuating_self_debias_two_pass_individuating_llama_8b_Physical_appearance.csv;outputs/new_outputs/m6_self_debiasing/m6sd_20260317_main3/eval/m6_two_pass__base__individuating/bbq/bbq_preds_m6_two_pass__base__individuating_self_debias_two_pass_individuating_llama_8b_Race_ethnicity.csv;outputs/new_outputs/m6_self_debiasing/m6sd_20260317_main3/eval/m6_two_pass__base__individuating/bbq/bbq_preds_m6_two_pass__base__individuating_self_debias_two_pass_individuating_llama_8b_Religion.csv;outputs/new_outputs/m6_self_debiasing/m6sd_20260317_main3/eval/m6_two_pass__base__individuating/bbq/bbq_preds_m6_two_pass__base__individuating_self_debias_two_pass_individuating_llama_8b_SES.csv;outputs/new_outputs/m6_self_debiasing/m6sd_20260317_main3/eval/m6_two_pass__base__individuating/bbq/bbq_preds_m6_two_pass__base__individuating_self_debias_two_pass_individuating_llama_8b_Sexual_orientation.csv,ok,,lower,0.177,mean_abs_bias_disambig,7.39,3.287,bootstrap row CIs propagated as base_low-method_high/base_high-method_low,0,Bias score ambig.,m6_self_debiasing,4.103,4.103,3.287,results/10_additional_benchmarks/baselines/baseline_evalshared_all_20260306_1249/bbq/bbq_metrics_baseline_evalshared_all_20260306_1249.csv,outputs/2_base_models/bbq/llama_8b/bbq_preds_llama_8b_Age.csv;outputs/2_base_models/bbq/llama_8b/bbq_preds_llama_8b_Disability_status.csv;outputs/2_base_models/bbq/llama_8b/bbq_preds_llama_8b_Gender_identity.csv;outputs/2_base_models/bbq/llama_8b/bbq_preds_llama_8b_Nationality.csv;outputs/2_base_models/bbq/llama_8b/bbq_preds_llama_8b_Physical_appearance.csv;outputs/2_base_models/bbq/llama_8b/bbq_preds_llama_8b_Race_ethnicity.csv;outputs/2_base_models/bbq/llama_8b/bbq_preds_llama_8b_Religion.csv;outputs/2_base_models/bbq/llama_8b/bbq_preds_llama_8b_SES.csv;outputs/2_base_models/bbq/llama_8b/bbq_preds_llama_8b_Sexual_orientation.csv,individuating
llama8b,m6_two_pass__base__individuating,intervention_ablation,bbq,BBQ Disambig.,DIY Two Pass (No IT),individuating,Individuation,Bias_score_disambig,2.87,-0.23856207983480004,5.091330275169495,15678,200,results/new_results/m6_self_debiasing/m6sd_20260317_main3/eval/m6_two_pass__base__individuating/bbq/bbq_metrics.csv,outputs/new_outputs/m6_self_debiasing/m6sd_20260317_main3/eval/m6_two_pass__base__individuating/bbq/bbq_preds_m6_two_pass__base__individuating_self_debias_two_pass_individuating_fp_base_llama_8b_Race_x_SES.csv;outputs/new_outputs/m6_self_debiasing/m6sd_20260317_main3/eval/m6_two_pass__base__individuating/bbq/bbq_preds_m6_two_pass__base__individuating_self_debias_two_pass_individuating_fp_base_llama_8b_Race_x_gender.csv;outputs/new_outputs/m6_self_debiasing/m6sd_20260317_main3/eval/m6_two_pass__base__individuating/bbq/bbq_preds_m6_two_pass__base__individuating_self_debias_two_pass_individuating_llama_8b_Age.csv;outputs/new_outputs/m6_self_debiasing/m6sd_20260317_main3/eval/m6_two_pass__base__individuating/bbq/bbq_preds_m6_two_pass__base__individuating_self_debias_two_pass_individuating_llama_8b_Disability_status.csv;outputs/new_outputs/m6_self_debiasing/m6sd_20260317_main3/eval/m6_two_pass__base__individuating/bbq/bbq_preds_m6_two_pass__base__individuating_self_debias_two_pass_individuating_llama_8b_Gender_identity.csv;outputs/new_outputs/m6_self_debiasing/m6sd_20260317_main3/eval/m6_two_pass__base__individuating/bbq/bbq_preds_m6_two_pass__base__individuating_self_debias_two_pass_individuating_llama_8b_Nationality.csv;outputs/new_outputs/m6_self_debiasing/m6sd_20260317_main3/eval/m6_two_pass__base__individuating/bbq/bbq_preds_m6_two_pass__base__individuating_self_debias_two_pass_individuating_llama_8b_Physical_appearance.csv;outputs/new_outputs/m6_self_debiasing/m6sd_20260317_main3/eval/m6_two_pass__base__individuating/bbq/bbq_preds_m6_two_pass__base__individuating_self_debias_two_pass_individuating_llama_8b_Race_ethnicity.csv;outputs/new_outputs/m6_self_debiasing/m6sd_20260317_main3/eval/m6_two_pass__base__individuating/bbq/bbq_preds_m6_two_pass__base__individuating_self_debias_two_pass_individuating_llama_8b_Religion.csv;outputs/new_outputs/m6_self_debiasing/m6sd_20260317_main3/eval/m6_two_pass__base__individuating/bbq/bbq_preds_m6_two_pass__base__individuating_self_debias_two_pass_individuating_llama_8b_SES.csv;outputs/new_outputs/m6_self_debiasing/m6sd_20260317_main3/eval/m6_two_pass__base__individuating/bbq/bbq_preds_m6_two_pass__base__individuating_self_debias_two_pass_individuating_llama_8b_Sexual_orientation.csv,ok,,lower,0.177,mean_abs_bias_disambig,3.047,2.87,bootstrap row CIs propagated as base_low-method_high/base_high-method_low,0,Bias score disambig.,m6_self_debiasing,0.177,0.177,2.87,results/10_additional_benchmarks/baselines/baseline_evalshared_all_20260306_1249/bbq/bbq_metrics_baseline_evalshared_all_20260306_1249.csv,outputs/2_base_models/bbq/llama_8b/bbq_preds_llama_8b_Age.csv;outputs/2_base_models/bbq/llama_8b/bbq_preds_llama_8b_Disability_status.csv;outputs/2_base_models/bbq/llama_8b/bbq_preds_llama_8b_Gender_identity.csv;outputs/2_base_models/bbq/llama_8b/bbq_preds_llama_8b_Nationality.csv;outputs/2_base_models/bbq/llama_8b/bbq_preds_llama_8b_Physical_appearance.csv;outputs/2_base_models/bbq/llama_8b/bbq_preds_llama_8b_Race_ethnicity.csv;outputs/2_base_models/bbq/llama_8b/bbq_preds_llama_8b_Religion.csv;outputs/2_base_models/bbq/llama_8b/bbq_preds_llama_8b_SES.csv;outputs/2_base_models/bbq/llama_8b/bbq_preds_llama_8b_Sexual_orientation.csv,individuating
llama8b,m6_two_pass__base__individuating_self_debias_two_pass_individuating,intervention_ablation,winobias,WinoBias,DIY Two Pass (No IT),individuating,Individuation,abs_pro_anti_gap,0.058081,-0.027821062797838025,0.1487798077019156,1584,200,results/new_results_curated/m6_self_debiasing/incorrect/m6sd_20260323_091321_twopass_zero_fix/eval/m6_two_pass__base__individuating/winobias/winobias/m6_two_pass__base__individuating_self_debias_two_pass_individuating/winobias_metrics_overall_m6_two_pass__base__individuating_self_debias_two_pass_individuating.csv,archive/m6_llama8b_dedup_apply_20260504_000252/outputs/new_outputs/m6_self_debiasing/m6sd_20260323_091321_twopass_zero_fix/eval/m6_two_pass__base__individuating/winobias/winobias/m6_two_pass__base__individuating_self_debias_two_pass_individuating/winobias_predictions_m6_two_pass__base__individuating_self_debias_two_pass_individuating.csv,ok,,lower,0.21843434,abs_pro_anti_gap,0.276515,0.058081,bootstrap row CIs propagated as base_low-method_high/base_high-method_low,0,Abs. pro/anti gap,m6_self_debiasing,0.218434,0.218434,0.05808100000000002,results/10_additional_benchmarks/baselines/baseline_evalshared_all_20260306_1249/winobias/llama_8b/winobias_metrics_overall_llama_8b.csv,outputs/10_additional_benchmarks/baselines/baseline_evalshared_all_20260306_1249/winobias/llama_8b/winobias_predictions_llama_8b.csv,individuating
llama8b,m6_two_pass__base__individuating_self_debias_two_pass_individuating,intervention_ablation,winogender,WinoGender,DIY Two Pass (No IT),individuating,Individuation,male_female_pair_disagreement_rate,0.025,-0.06260416666666666,0.12093750000000002,240,200,results/new_results_curated/m6_self_debiasing/incorrect/m6sd_20260323_091321_twopass_zero_fix/eval/m6_two_pass__base__individuating/winogender/winogender/m6_two_pass__base__individuating_self_debias_two_pass_individuating/winogender_metrics_overall_m6_two_pass__base__individuating_self_debias_two_pass_individuating.csv,archive/m6_llama8b_dedup_apply_20260504_000252/outputs/new_outputs/m6_self_debiasing/m6sd_20260323_091321_twopass_zero_fix/eval/m6_two_pass__base__individuating/winogender/winogender/m6_two_pass__base__individuating_self_debias_two_pass_individuating/winogender_preds_m6_two_pass__base__individuating_self_debias_two_pass_individuating.csv,ok,,lower,16.66666667,mean_abs_occupation_gender_bias_score,0.191667,0.025,bootstrap row CIs propagated as base_low-method_high/base_high-method_low,0,Male/female pair disagreement,m6_self_debiasing,0.166667,0.166667,0.024999999999999994,results/10_additional_benchmarks/baselines/baseline_evalshared_all_20260306_1249/winogender/llama_8b/winogender_metrics_overall_llama_8b.csv,outputs/10_additional_benchmarks/baselines/baseline_evalshared_all_20260306_1249/winogender/llama_8b/winogender_preds_llama_8b.csv,individuating
llama8b,m6_two_pass__finetuned_ms-500-individuating-opinion-action-event-allversions__individuating_self_debias_two_pass_individuating,intervention_ablation,crowspairs,CrowS-Pairs,DIY Two Pass (IT),individuating,Individuation,stereotype_preference_pct,15.12,10.548341197564708,17.745562379349245,1499,200,results/new_results/m6_self_debiasing/m6sd_20260317_main3/eval/m6_two_pass__finetuned_ms-500-individuating-opinion-action-event-allversions__individuating/crowspairs/crows_pairs_metrics_overall_m6_two_pass__finetuned_ms-500-individuating-opinion-action-event-allversions__individuating_self_debias_two_pass_individuating.csv,outputs/new_outputs/m6_self_debiasing/m6sd_20260317_main3/eval/m6_two_pass__finetuned_ms-500-individuating-opinion-action-event-allversions__individuating/crowspairs/crows_pairs_scored_m6_two_pass__finetuned_ms-500-individuating-opinion-action-event-allversions__individuating_self_debias_two_pass_individuating.csv,ok,,target50,49.93,metric_score,15.19,15.12,bootstrap row CIs propagated as base_low-method_high/base_high-method_low,50,Stereotype preference %,m6_self_debiasing,49.93,0.07,15.12,results/10_additional_benchmarks/baselines/baseline_evalshared_all_20260306_1249/crows_pairs_metrics_overall_llama_8b.csv,outputs/10_additional_benchmarks/baselines/baseline_evalshared_all_20260306_1249/crows_pairs_scored_llama_8b.csv,individuating
llama8b,m6_two_pass__finetuned_ms-500-individuating-opinion-action-event-allversions__individuating_self_debias_two_pass_individuating,intervention_ablation,stereoset,StereoSet,DIY Two Pass (IT),individuating,Individuation,SS Score,3.46866,0.3245448096476604,6.269803736107834,4229,200,results/new_results/m6_self_debiasing/m6sd_20260317_main3/eval/m6_two_pass__finetuned_ms-500-individuating-opinion-action-event-allversions__individuating/stereoset/stereoset_metrics_m6_two_pass__finetuned_ms-500-individuating-opinion-action-event-allversions__individuating_self_debias_two_pass_individuating.csv,outputs/new_outputs/m6_self_debiasing/m6sd_20260317_main3/eval/m6_two_pass__finetuned_ms-500-individuating-opinion-action-event-allversions__individuating/stereoset/stereoset_sentence_scores_m6_two_pass__finetuned_ms-500-individuating-opinion-action-event-allversions__individuating_self_debias_two_pass_individuating.csv,ok,,higher,50.47444537,ICAT Score,8.29053,3.46866,bootstrap row CIs propagated as base_low-method_high/base_high-method_low,50,SS Score overall,m6_self_debiasing,45.1781,4.82187,3.4686600000000007,results/10_additional_benchmarks/baselines/baseline_evalshared_all_20260306_1249/stereoset_metrics_llama_8b.csv,outputs/10_additional_benchmarks/baselines/baseline_evalshared_all_20260306_1249/stereoset_sentence_scores_llama_8b.csv,individuating
llama8b,m6_two_pass__finetuned_ms-500-individuating-opinion-action-event-allversions__individuating,intervention_ablation,bbq,BBQ Ambig.,DIY Two Pass (IT),individuating,Individuation,Bias_score_ambig,2.386,0.08400106698576781,4.4698492733573,15678,200,results/new_results/m6_self_debiasing/m6sd_20260323_091321_twopass_zero_fix/eval/m6_two_pass__finetuned_ms-500-individuating-opinion-action-event-allversions__individuating/bbq/bbq_metrics.csv,outputs/new_outputs/m6_self_debiasing/m6sd_20260323_091321_twopass_zero_fix/eval/m6_two_pass__finetuned_ms-500-individuating-opinion-action-event-allversions__individuating/bbq/bbq_preds_m6_two_pass__finetuned_ms-500-individuating-opinion-action-event-allversions__individuating_self_debias_two_pass_individuating_fp_finetuned_ms-500-individuating-opinion-action-event-allversions_Age.csv;outputs/new_outputs/m6_self_debiasing/m6sd_20260323_091321_twopass_zero_fix/eval/m6_two_pass__finetuned_ms-500-individuating-opinion-action-event-allversions__individuating/bbq/bbq_preds_m6_two_pass__finetuned_ms-500-individuating-opinion-action-event-allversions__individuating_self_debias_two_pass_individuating_fp_finetuned_ms-500-individuating-opinion-action-event-allversions_Disability_status.csv;outputs/new_outputs/m6_self_debiasing/m6sd_20260323_091321_twopass_zero_fix/eval/m6_two_pass__finetuned_ms-500-individuating-opinion-action-event-allversions__individuating/bbq/bbq_preds_m6_two_pass__finetuned_ms-500-individuating-opinion-action-event-allversions__individuating_self_debias_two_pass_individuating_fp_finetuned_ms-500-individuating-opinion-action-event-allversions_Gender_identity.csv;outputs/new_outputs/m6_self_debiasing/m6sd_20260323_091321_twopass_zero_fix/eval/m6_two_pass__finetuned_ms-500-individuating-opinion-action-event-allversions__individuating/bbq/bbq_preds_m6_two_pass__finetuned_ms-500-individuating-opinion-action-event-allversions__individuating_self_debias_two_pass_individuating_fp_finetuned_ms-500-individuating-opinion-action-event-allversions_Nationality.csv;outputs/new_outputs/m6_self_debiasing/m6sd_20260323_091321_twopass_zero_fix/eval/m6_two_pass__finetuned_ms-500-individuating-opinion-action-event-allversions__individuating/bbq/bbq_preds_m6_two_pass__finetuned_ms-500-individuating-opinion-action-event-allversions__individuating_self_debias_two_pass_individuating_fp_finetuned_ms-500-individuating-opinion-action-event-allversions_Physical_appearance.csv;outputs/new_outputs/m6_self_debiasing/m6sd_20260323_091321_twopass_zero_fix/eval/m6_two_pass__finetuned_ms-500-individuating-opinion-action-event-allversions__individuating/bbq/bbq_preds_m6_two_pass__finetuned_ms-500-individuating-opinion-action-event-allversions__individuating_self_debias_two_pass_individuating_fp_finetuned_ms-500-individuating-opinion-action-event-allversions_Race_ethnicity.csv;outputs/new_outputs/m6_self_debiasing/m6sd_20260323_091321_twopass_zero_fix/eval/m6_two_pass__finetuned_ms-500-individuating-opinion-action-event-allversions__individuating/bbq/bbq_preds_m6_two_pass__finetuned_ms-500-individuating-opinion-action-event-allversions__individuating_self_debias_two_pass_individuating_fp_finetuned_ms-500-individuating-opinion-action-event-allversions_Race_x_SES.csv;outputs/new_outputs/m6_self_debiasing/m6sd_20260323_091321_twopass_zero_fix/eval/m6_two_pass__finetuned_ms-500-individuating-opinion-action-event-allversions__individuating/bbq/bbq_preds_m6_two_pass__finetuned_ms-500-individuating-opinion-action-event-allversions__individuating_self_debias_two_pass_individuating_fp_finetuned_ms-500-individuating-opinion-action-event-allversions_Race_x_gender.csv;outputs/new_outputs/m6_self_debiasing/m6sd_20260323_091321_twopass_zero_fix/eval/m6_two_pass__finetuned_ms-500-individuating-opinion-action-event-allversions__individuating/bbq/bbq_preds_m6_two_pass__finetuned_ms-500-individuating-opinion-action-event-allversions__individuating_self_debias_two_pass_individuating_fp_finetuned_ms-500-individuating-opinion-action-event-allversions_Religion.csv;outputs/new_outputs/m6_self_debiasing/m6sd_20260323_091321_twopass_zero_fix/eval/m6_two_pass__finetuned_ms-500-individuating-opinion-action-event-allversions__individuating/bbq/bbq_preds_m6_two_pass__finetuned_ms-500-individuating-opinion-action-event-allversions__individuating_self_debias_two_pass_individuating_fp_finetuned_ms-500-individuating-opinion-action-event-allversions_Sexual_orientation.csv,ok,,lower,0.188,mean_abs_bias_disambig,7.39,2.386,bootstrap row CIs propagated as base_low-method_high/base_high-method_low,0,Bias score ambig.,m6_self_debiasing,5.004,5.004,2.386,results/10_additional_benchmarks/baselines/baseline_evalshared_all_20260306_1249/bbq/bbq_metrics_baseline_evalshared_all_20260306_1249.csv,outputs/2_base_models/bbq/llama_8b/bbq_preds_llama_8b_Age.csv;outputs/2_base_models/bbq/llama_8b/bbq_preds_llama_8b_Disability_status.csv;outputs/2_base_models/bbq/llama_8b/bbq_preds_llama_8b_Gender_identity.csv;outputs/2_base_models/bbq/llama_8b/bbq_preds_llama_8b_Nationality.csv;outputs/2_base_models/bbq/llama_8b/bbq_preds_llama_8b_Physical_appearance.csv;outputs/2_base_models/bbq/llama_8b/bbq_preds_llama_8b_Race_ethnicity.csv;outputs/2_base_models/bbq/llama_8b/bbq_preds_llama_8b_Religion.csv;outputs/2_base_models/bbq/llama_8b/bbq_preds_llama_8b_SES.csv;outputs/2_base_models/bbq/llama_8b/bbq_preds_llama_8b_Sexual_orientation.csv,individuating
llama8b,m6_two_pass__finetuned_ms-500-individuating-opinion-action-event-allversions__individuating,intervention_ablation,bbq,BBQ Disambig.,DIY Two Pass (IT),individuating,Individuation,Bias_score_disambig,2.859,-0.28168814605371395,5.110415754351149,15678,200,results/new_results/m6_self_debiasing/m6sd_20260323_091321_twopass_zero_fix/eval/m6_two_pass__finetuned_ms-500-individuating-opinion-action-event-allversions__individuating/bbq/bbq_metrics.csv,outputs/new_outputs/m6_self_debiasing/m6sd_20260323_091321_twopass_zero_fix/eval/m6_two_pass__finetuned_ms-500-individuating-opinion-action-event-allversions__individuating/bbq/bbq_preds_m6_two_pass__finetuned_ms-500-individuating-opinion-action-event-allversions__individuating_self_debias_two_pass_individuating_fp_finetuned_ms-500-individuating-opinion-action-event-allversions_Age.csv;outputs/new_outputs/m6_self_debiasing/m6sd_20260323_091321_twopass_zero_fix/eval/m6_two_pass__finetuned_ms-500-individuating-opinion-action-event-allversions__individuating/bbq/bbq_preds_m6_two_pass__finetuned_ms-500-individuating-opinion-action-event-allversions__individuating_self_debias_two_pass_individuating_fp_finetuned_ms-500-individuating-opinion-action-event-allversions_Disability_status.csv;outputs/new_outputs/m6_self_debiasing/m6sd_20260323_091321_twopass_zero_fix/eval/m6_two_pass__finetuned_ms-500-individuating-opinion-action-event-allversions__individuating/bbq/bbq_preds_m6_two_pass__finetuned_ms-500-individuating-opinion-action-event-allversions__individuating_self_debias_two_pass_individuating_fp_finetuned_ms-500-individuating-opinion-action-event-allversions_Gender_identity.csv;outputs/new_outputs/m6_self_debiasing/m6sd_20260323_091321_twopass_zero_fix/eval/m6_two_pass__finetuned_ms-500-individuating-opinion-action-event-allversions__individuating/bbq/bbq_preds_m6_two_pass__finetuned_ms-500-individuating-opinion-action-event-allversions__individuating_self_debias_two_pass_individuating_fp_finetuned_ms-500-individuating-opinion-action-event-allversions_Nationality.csv;outputs/new_outputs/m6_self_debiasing/m6sd_20260323_091321_twopass_zero_fix/eval/m6_two_pass__finetuned_ms-500-individuating-opinion-action-event-allversions__individuating/bbq/bbq_preds_m6_two_pass__finetuned_ms-500-individuating-opinion-action-event-allversions__individuating_self_debias_two_pass_individuating_fp_finetuned_ms-500-individuating-opinion-action-event-allversions_Physical_appearance.csv;outputs/new_outputs/m6_self_debiasing/m6sd_20260323_091321_twopass_zero_fix/eval/m6_two_pass__finetuned_ms-500-individuating-opinion-action-event-allversions__individuating/bbq/bbq_preds_m6_two_pass__finetuned_ms-500-individuating-opinion-action-event-allversions__individuating_self_debias_two_pass_individuating_fp_finetuned_ms-500-individuating-opinion-action-event-allversions_Race_ethnicity.csv;outputs/new_outputs/m6_self_debiasing/m6sd_20260323_091321_twopass_zero_fix/eval/m6_two_pass__finetuned_ms-500-individuating-opinion-action-event-allversions__individuating/bbq/bbq_preds_m6_two_pass__finetuned_ms-500-individuating-opinion-action-event-allversions__individuating_self_debias_two_pass_individuating_fp_finetuned_ms-500-individuating-opinion-action-event-allversions_Race_x_SES.csv;outputs/new_outputs/m6_self_debiasing/m6sd_20260323_091321_twopass_zero_fix/eval/m6_two_pass__finetuned_ms-500-individuating-opinion-action-event-allversions__individuating/bbq/bbq_preds_m6_two_pass__finetuned_ms-500-individuating-opinion-action-event-allversions__individuating_self_debias_two_pass_individuating_fp_finetuned_ms-500-individuating-opinion-action-event-allversions_Race_x_gender.csv;outputs/new_outputs/m6_self_debiasing/m6sd_20260323_091321_twopass_zero_fix/eval/m6_two_pass__finetuned_ms-500-individuating-opinion-action-event-allversions__individuating/bbq/bbq_preds_m6_two_pass__finetuned_ms-500-individuating-opinion-action-event-allversions__individuating_self_debias_two_pass_individuating_fp_finetuned_ms-500-individuating-opinion-action-event-allversions_Religion.csv;outputs/new_outputs/m6_self_debiasing/m6sd_20260323_091321_twopass_zero_fix/eval/m6_two_pass__finetuned_ms-500-individuating-opinion-action-event-allversions__individuating/bbq/bbq_preds_m6_two_pass__finetuned_ms-500-individuating-opinion-action-event-allversions__individuating_self_debias_two_pass_individuating_fp_finetuned_ms-500-individuating-opinion-action-event-allversions_Sexual_orientation.csv,ok,,lower,0.188,mean_abs_bias_disambig,3.047,2.859,bootstrap row CIs propagated as base_low-method_high/base_high-method_low,0,Bias score disambig.,m6_self_debiasing,0.188,0.188,2.859,results/10_additional_benchmarks/baselines/baseline_evalshared_all_20260306_1249/bbq/bbq_metrics_baseline_evalshared_all_20260306_1249.csv,outputs/2_base_models/bbq/llama_8b/bbq_preds_llama_8b_Age.csv;outputs/2_base_models/bbq/llama_8b/bbq_preds_llama_8b_Disability_status.csv;outputs/2_base_models/bbq/llama_8b/bbq_preds_llama_8b_Gender_identity.csv;outputs/2_base_models/bbq/llama_8b/bbq_preds_llama_8b_Nationality.csv;outputs/2_base_models/bbq/llama_8b/bbq_preds_llama_8b_Physical_appearance.csv;outputs/2_base_models/bbq/llama_8b/bbq_preds_llama_8b_Race_ethnicity.csv;outputs/2_base_models/bbq/llama_8b/bbq_preds_llama_8b_Religion.csv;outputs/2_base_models/bbq/llama_8b/bbq_preds_llama_8b_SES.csv;outputs/2_base_models/bbq/llama_8b/bbq_preds_llama_8b_Sexual_orientation.csv,individuating
llama8b,m6_two_pass__finetuned_ms-500-individuating-opinion-action-event-allversions__individuating_self_debias_two_pass_individuating,intervention_ablation,winobias,WinoBias,DIY Two Pass (IT),individuating,Individuation,abs_pro_anti_gap,0.040404,-0.04062580750854755,0.12577018558802056,1584,200,results/new_results_curated/m6_self_debiasing/incorrect/m6sd_20260323_091321_twopass_zero_fix/eval/m6_two_pass__finetuned_ms-500-individuating-opinion-action-event-allversions__individuating/winobias/winobias/m6_two_pass__finetuned_ms-500-individuating-opinion-action-event-allversions__individuating_self_debias_two_pass_individuating/winobias_metrics_overall_m6_two_pass__finetuned_ms-500-individuating-opinion-action-event-allversions__individuating_self_debias_two_pass_individuating.csv,archive/m6_llama8b_dedup_apply_20260504_000252/outputs/new_outputs/m6_self_debiasing/m6sd_20260323_091321_twopass_zero_fix/eval/m6_two_pass__finetuned_ms-500-individuating-opinion-action-event-allversions__individuating/winobias/winobias/m6_two_pass__finetuned_ms-500-individuating-opinion-action-event-allversions__individuating_self_debias_two_pass_individuating/winobias_predictions_m6_two_pass__finetuned_ms-500-individuating-opinion-action-event-allversions__individuating_self_debias_two_pass_individuating.csv,ok,,lower,0.23611111,abs_pro_anti_gap,0.276515,0.040404,bootstrap row CIs propagated as base_low-method_high/base_high-method_low,0,Abs. pro/anti gap,m6_self_debiasing,0.236111,0.236111,0.04040400000000002,results/10_additional_benchmarks/baselines/baseline_evalshared_all_20260306_1249/winobias/llama_8b/winobias_metrics_overall_llama_8b.csv,outputs/10_additional_benchmarks/baselines/baseline_evalshared_all_20260306_1249/winobias/llama_8b/winobias_predictions_llama_8b.csv,individuating
llama8b,m6_two_pass__finetuned_ms-500-individuating-opinion-action-event-allversions__individuating_self_debias_two_pass_individuating,intervention_ablation,winogender,WinoGender,DIY Two Pass (IT),individuating,Individuation,male_female_pair_disagreement_rate,-0.033333,-0.13760416666666664,0.058541666666666686,240,200,results/new_results_curated/m6_self_debiasing/incorrect/m6sd_20260323_091321_twopass_zero_fix/eval/m6_two_pass__finetuned_ms-500-individuating-opinion-action-event-allversions__individuating/winogender/winogender/m6_two_pass__finetuned_ms-500-individuating-opinion-action-event-allversions__individuating_self_debias_two_pass_individuating/winogender_metrics_overall_m6_two_pass__finetuned_ms-500-individuating-opinion-action-event-allversions__individuating_self_debias_two_pass_individuating.csv,archive/m6_llama8b_dedup_apply_20260504_000252/outputs/new_outputs/m6_self_debiasing/m6sd_20260323_091321_twopass_zero_fix/eval/m6_two_pass__finetuned_ms-500-individuating-opinion-action-event-allversions__individuating/winogender/winogender/m6_two_pass__finetuned_ms-500-individuating-opinion-action-event-allversions__individuating_self_debias_two_pass_individuating/winogender_preds_m6_two_pass__finetuned_ms-500-individuating-opinion-action-event-allversions__individuating_self_debias_two_pass_individuating.csv,ok,,lower,21.66666667,mean_abs_occupation_gender_bias_score,0.191667,-0.033333,bootstrap row CIs propagated as base_low-method_high/base_high-method_low,0,Male/female pair disagreement,m6_self_debiasing,0.225,0.225,-0.033333,results/10_additional_benchmarks/baselines/baseline_evalshared_all_20260306_1249/winogender/llama_8b/winogender_metrics_overall_llama_8b.csv,outputs/10_additional_benchmarks/baselines/baseline_evalshared_all_20260306_1249/winogender/llama_8b/winogender_preds_llama_8b.csv,individuating
llama8b,m4_baseicl_zero_llama8b_pt,intervention_ablation,crowspairs,CrowS-Pairs,ICL,perspective_taking,Perspective-taking,stereotype_preference_pct,3.98,-12.826339354441409,-3.3066127952823336,1248,200,results/new_results/m4_base_icl_zero/m4_base_icl_zero_allmodels_20260514_005736/llama8b/evalshared/crows_pairs_metrics_overall_m4_baseicl_zero_llama8b_pt_crowspairs.csv,outputs/new_outputs/m4_base_icl_zero/m4_base_icl_zero_allmodels_20260514_005736/llama8b/evalshared/crows_pairs_scored_m4_baseicl_zero_llama8b_pt_crowspairs.csv,ok,,lower,,,15.19,3.98,bootstrap row CIs propagated as base_low-method_high/base_high-method_low,50,Stereotype preference %,m4_base_icl_zero,61.21,11.21,3.9799999999999986,results/10_additional_benchmarks/baselines/baseline_evalshared_all_20260306_1249/crows_pairs_metrics_overall_llama_8b.csv,outputs/10_additional_benchmarks/baselines/baseline_evalshared_all_20260306_1249/crows_pairs_scored_llama_8b.csv,perspective_taking
llama8b,m4_baseicl_zero_llama8b_pt,intervention_ablation,stereoset,StereoSet,ICL,perspective_taking,Perspective-taking,SS Score,1.27334,-1.6794750532040759,4.096713170962414,4229,200,results/new_results/m4_base_icl_zero/m4_base_icl_zero_allmodels_20260514_005736/llama8b/evalshared/stereoset_metrics_m4_baseicl_zero_llama8b_pt_stereoset.csv,outputs/new_outputs/m4_base_icl_zero/m4_base_icl_zero_allmodels_20260514_005736/llama8b/evalshared/stereoset_sentence_scores_m4_baseicl_zero_llama8b_pt_stereoset.csv,ok,,lower,,,8.29053,1.27334,bootstrap row CIs propagated as base_low-method_high/base_high-method_low,50,SS Score overall,m4_base_icl_zero,57.0172,7.01719,1.2733400000000001,results/10_additional_benchmarks/baselines/baseline_evalshared_all_20260306_1249/stereoset_metrics_llama_8b.csv,outputs/10_additional_benchmarks/baselines/baseline_evalshared_all_20260306_1249/stereoset_sentence_scores_llama_8b.csv,perspective_taking
llama8b,m4_baseicl_zero_llama8b_pt,intervention_ablation,bbq,BBQ Ambig.,ICL,perspective_taking,Perspective-taking,Bias_score_ambig,2.373,1.2850276013158037,5.027995496898154,15678,200,results/new_results/m4_base_icl_zero/m4_base_icl_zero_allmodels_20260514_005736/llama8b/bbq/bbq_metrics_m4_baseicl_zero_llama8b_pt_bbq.csv,outputs/new_outputs/m4_base_icl_zero/m4_base_icl_zero_allmodels_20260514_005736/llama8b/bbq/m4_baseicl_zero_llama8b_allstrat_bbq/bbq_preds_m4_baseicl_zero_llama8b_allstrat_bbq_instr_all_strategies_ALL.csv;outputs/new_outputs/m4_base_icl_zero/m4_base_icl_zero_allmodels_20260514_005736/llama8b/bbq/m4_baseicl_zero_llama8b_ci_bbq/bbq_preds_m4_baseicl_zero_llama8b_ci_bbq_instr_counter_imaging_ALL.csv;outputs/new_outputs/m4_base_icl_zero/m4_base_icl_zero_allmodels_20260514_005736/llama8b/bbq/m4_baseicl_zero_llama8b_ind_bbq/bbq_preds_m4_baseicl_zero_llama8b_ind_bbq_instr_individuating_ALL.csv;outputs/new_outputs/m4_base_icl_zero/m4_base_icl_zero_allmodels_20260514_005736/llama8b/bbq/m4_baseicl_zero_llama8b_pc_bbq/bbq_preds_m4_baseicl_zero_llama8b_pc_bbq_instr_positive_contact_ALL.csv;outputs/new_outputs/m4_base_icl_zero/m4_base_icl_zero_allmodels_20260514_005736/llama8b/bbq/m4_baseicl_zero_llama8b_pt_bbq/bbq_preds_m4_baseicl_zero_llama8b_pt_bbq_instr_perspective_taking_ALL.csv;outputs/new_outputs/m4_base_icl_zero/m4_base_icl_zero_allmodels_20260514_005736/llama8b/bbq/m4_baseicl_zero_llama8b_sr_bbq/bbq_preds_m4_baseicl_zero_llama8b_sr_bbq_instr_stereotype_replacement_ALL.csv,ok,,lower,,,7.39,2.373,bootstrap row CIs propagated as base_low-method_high/base_high-method_low,0,Bias score ambig.,m4_base_icl_zero,5.017,5.017,2.3729999999999993,results/10_additional_benchmarks/baselines/baseline_evalshared_all_20260306_1249/bbq/bbq_metrics_baseline_evalshared_all_20260306_1249.csv,outputs/2_base_models/bbq/llama_8b/bbq_preds_llama_8b_Age.csv;outputs/2_base_models/bbq/llama_8b/bbq_preds_llama_8b_Disability_status.csv;outputs/2_base_models/bbq/llama_8b/bbq_preds_llama_8b_Gender_identity.csv;outputs/2_base_models/bbq/llama_8b/bbq_preds_llama_8b_Nationality.csv;outputs/2_base_models/bbq/llama_8b/bbq_preds_llama_8b_Physical_appearance.csv;outputs/2_base_models/bbq/llama_8b/bbq_preds_llama_8b_Race_ethnicity.csv;outputs/2_base_models/bbq/llama_8b/bbq_preds_llama_8b_Religion.csv;outputs/2_base_models/bbq/llama_8b/bbq_preds_llama_8b_SES.csv;outputs/2_base_models/bbq/llama_8b/bbq_preds_llama_8b_Sexual_orientation.csv,perspective_taking
llama8b,m4_baseicl_zero_llama8b_pt,intervention_ablation,bbq,BBQ Disambig.,ICL,perspective_taking,Perspective-taking,Bias_score_disambig,2.191,-1.330636958482278,4.9826368061047654,15678,200,results/new_results/m4_base_icl_zero/m4_base_icl_zero_allmodels_20260514_005736/llama8b/bbq/bbq_metrics_m4_baseicl_zero_llama8b_pt_bbq.csv,outputs/new_outputs/m4_base_icl_zero/m4_base_icl_zero_allmodels_20260514_005736/llama8b/bbq/m4_baseicl_zero_llama8b_allstrat_bbq/bbq_preds_m4_baseicl_zero_llama8b_allstrat_bbq_instr_all_strategies_ALL.csv;outputs/new_outputs/m4_base_icl_zero/m4_base_icl_zero_allmodels_20260514_005736/llama8b/bbq/m4_baseicl_zero_llama8b_ci_bbq/bbq_preds_m4_baseicl_zero_llama8b_ci_bbq_instr_counter_imaging_ALL.csv;outputs/new_outputs/m4_base_icl_zero/m4_base_icl_zero_allmodels_20260514_005736/llama8b/bbq/m4_baseicl_zero_llama8b_ind_bbq/bbq_preds_m4_baseicl_zero_llama8b_ind_bbq_instr_individuating_ALL.csv;outputs/new_outputs/m4_base_icl_zero/m4_base_icl_zero_allmodels_20260514_005736/llama8b/bbq/m4_baseicl_zero_llama8b_pc_bbq/bbq_preds_m4_baseicl_zero_llama8b_pc_bbq_instr_positive_contact_ALL.csv;outputs/new_outputs/m4_base_icl_zero/m4_base_icl_zero_allmodels_20260514_005736/llama8b/bbq/m4_baseicl_zero_llama8b_pt_bbq/bbq_preds_m4_baseicl_zero_llama8b_pt_bbq_instr_perspective_taking_ALL.csv;outputs/new_outputs/m4_base_icl_zero/m4_base_icl_zero_allmodels_20260514_005736/llama8b/bbq/m4_baseicl_zero_llama8b_sr_bbq/bbq_preds_m4_baseicl_zero_llama8b_sr_bbq_instr_stereotype_replacement_ALL.csv,ok,,lower,,,3.047,2.191,bootstrap row CIs propagated as base_low-method_high/base_high-method_low,0,Bias score disambig.,m4_base_icl_zero,0.856,0.856,2.1910000000000003,results/10_additional_benchmarks/baselines/baseline_evalshared_all_20260306_1249/bbq/bbq_metrics_baseline_evalshared_all_20260306_1249.csv,outputs/2_base_models/bbq/llama_8b/bbq_preds_llama_8b_Age.csv;outputs/2_base_models/bbq/llama_8b/bbq_preds_llama_8b_Disability_status.csv;outputs/2_base_models/bbq/llama_8b/bbq_preds_llama_8b_Gender_identity.csv;outputs/2_base_models/bbq/llama_8b/bbq_preds_llama_8b_Nationality.csv;outputs/2_base_models/bbq/llama_8b/bbq_preds_llama_8b_Physical_appearance.csv;outputs/2_base_models/bbq/llama_8b/bbq_preds_llama_8b_Race_ethnicity.csv;outputs/2_base_models/bbq/llama_8b/bbq_preds_llama_8b_Religion.csv;outputs/2_base_models/bbq/llama_8b/bbq_preds_llama_8b_SES.csv;outputs/2_base_models/bbq/llama_8b/bbq_preds_llama_8b_Sexual_orientation.csv,perspective_taking
llama8b,m4_baseicl_zero_llama8b_pt,intervention_ablation,winobias,WinoBias,ICL,perspective_taking,Perspective-taking,abs_pro_anti_gap,-0.001263,-0.07782629753908765,0.07600254805486045,1584,200,results/new_results/m4_base_icl_zero/m4_base_icl_zero_allmodels_20260514_005736/llama8b/evalshared/winobias/m4_baseicl_zero_llama8b_pt_winobias/winobias_metrics_overall_m4_baseicl_zero_llama8b_pt_winobias.csv,outputs/new_outputs/m4_base_icl_zero/m4_base_icl_zero_allmodels_20260514_005736/llama8b/evalshared/winobias/m4_baseicl_zero_llama8b_pt_winobias/winobias_predictions_m4_baseicl_zero_llama8b_pt_winobias.csv,ok,,lower,,,0.276515,-0.001263,bootstrap row CIs propagated as base_low-method_high/base_high-method_low,0,Abs. pro/anti gap,m4_base_icl_zero,0.277778,0.277778,-0.0012630000000000141,results/10_additional_benchmarks/baselines/baseline_evalshared_all_20260306_1249/winobias/llama_8b/winobias_metrics_overall_llama_8b.csv,outputs/10_additional_benchmarks/baselines/baseline_evalshared_all_20260306_1249/winobias/llama_8b/winobias_predictions_llama_8b.csv,perspective_taking
llama8b,m4_baseicl_zero_llama8b_pt,intervention_ablation,winogender,WinoGender,ICL,perspective_taking,Perspective-taking,male_female_pair_disagreement_rate,0.0125,-0.08760416666666665,0.104375,240,200,results/new_results/m4_base_icl_zero/m4_base_icl_zero_allmodels_20260514_005736/llama8b/evalshared/winogender/m4_baseicl_zero_llama8b_pt_winogender/winogender_metrics_overall_m4_baseicl_zero_llama8b_pt_winogender.csv,outputs/new_outputs/m4_base_icl_zero/m4_base_icl_zero_allmodels_20260514_005736/llama8b/evalshared/winogender/m4_baseicl_zero_llama8b_pt_winogender/winogender_preds_m4_baseicl_zero_llama8b_pt_winogender.csv,ok,,lower,,,0.191667,0.0125,bootstrap row CIs propagated as base_low-method_high/base_high-method_low,0,Male/female pair disagreement,m4_base_icl_zero,0.179167,0.179167,0.012500000000000011,results/10_additional_benchmarks/baselines/baseline_evalshared_all_20260306_1249/winogender/llama_8b/winogender_metrics_overall_llama_8b.csv,outputs/10_additional_benchmarks/baselines/baseline_evalshared_all_20260306_1249/winogender/llama_8b/winogender_preds_llama_8b.csv,perspective_taking
llama8b,m3_finetune_pt,intervention_ablation,crowspairs,CrowS-Pairs,DIY IT,perspective_taking,Perspective-taking,stereotype_preference_pct,0.8,-3.6919478809780877,5.771045190029108,1499,200,results/new_results/m3_finetune_llama_ms500/evalshared/crows_pairs_metrics_overall_m3_finetune_pt.csv,outputs/new_outputs/m3_finetune_llama_ms500/evalshared/crows_pairs_scored_m3_finetune_pt.csv,ok,,target50,64.39,metric_score,15.19,0.8,bootstrap row CIs propagated as base_low-method_high/base_high-method_low,50,Stereotype preference %,m3_finetune_llama_ms500,64.39,14.39,0.7999999999999989,results/10_additional_benchmarks/baselines/baseline_evalshared_all_20260306_1249/crows_pairs_metrics_overall_llama_8b.csv,outputs/10_additional_benchmarks/baselines/baseline_evalshared_all_20260306_1249/crows_pairs_scored_llama_8b.csv,perspective_taking
llama8b,m3_finetune_pt,intervention_ablation,stereoset,StereoSet,DIY IT,perspective_taking,Perspective-taking,SS Score,1.19921,-1.5387798533932386,4.07129344998818,4229,200,results/new_results/m3_finetune_llama_ms500/evalshared/stereoset_metrics_m3_finetune_pt.csv,outputs/new_outputs/m3_finetune_llama_ms500/evalshared/stereoset_sentence_scores_m3_finetune_pt.csv,ok,,higher,68.83312107,ICAT Score,8.29053,1.19921,bootstrap row CIs propagated as base_low-method_high/base_high-method_low,50,SS Score overall,m3_finetune_llama_ms500,57.0913,7.09132,1.1992100000000008,results/10_additional_benchmarks/baselines/baseline_evalshared_all_20260306_1249/stereoset_metrics_llama_8b.csv,outputs/10_additional_benchmarks/baselines/baseline_evalshared_all_20260306_1249/stereoset_sentence_scores_llama_8b.csv,perspective_taking
llama8b,m3_finetune_pt:m3_finetune_pt_instr_off_ALL,intervention_ablation,bbq,BBQ Ambig.,DIY IT,perspective_taking,Perspective-taking,Bias_score_ambig,2.706,0.5223215338693228,4.374479524533431,15678,200,results/new_results/m3_finetune_llama_ms500/bbq/bbq_metrics_m3_finetune_pt.csv,outputs/new_outputs/m3_finetune_llama_ms500/bbq/m3_finetune_allstrat/bbq_preds_m3_finetune_allstrat_instr_off_ALL.csv;outputs/new_outputs/m3_finetune_llama_ms500/bbq/m3_finetune_allstrat_action_bbq/bbq_preds_m3_finetune_allstrat_action_bbq_instr_off_ALL.csv;outputs/new_outputs/m3_finetune_llama_ms500/bbq/m3_finetune_allstrat_event_bbq/bbq_preds_m3_finetune_allstrat_event_bbq_instr_off_ALL.csv;outputs/new_outputs/m3_finetune_llama_ms500/bbq/m3_finetune_allstrat_opinion_bbq/bbq_preds_m3_finetune_allstrat_opinion_bbq_instr_off_ALL.csv;outputs/new_outputs/m3_finetune_llama_ms500/bbq/m3_finetune_ci/bbq_preds_m3_finetune_ci_instr_off_ALL.csv;outputs/new_outputs/m3_finetune_llama_ms500/bbq/m3_finetune_ind/bbq_preds_m3_finetune_ind_instr_off_ALL.csv;outputs/new_outputs/m3_finetune_llama_ms500/bbq/m3_finetune_pc/bbq_preds_m3_finetune_pc_instr_off_ALL.csv;outputs/new_outputs/m3_finetune_llama_ms500/bbq/m3_finetune_pt/bbq_preds_m3_finetune_pt_instr_off_ALL.csv;outputs/new_outputs/m3_finetune_llama_ms500/bbq/m3_finetune_sr_indft_bbq/bbq_preds_m3_finetune_sr_indft_bbq_instr_off_ALL.csv,ok,,lower,0.736,mean_abs_bias_disambig,7.39,2.706,bootstrap row CIs propagated as base_low-method_high/base_high-method_low,0,Bias score ambig.,m3_finetune_llama_ms500,4.684,4.684,2.7059999999999995,results/10_additional_benchmarks/baselines/baseline_evalshared_all_20260306_1249/bbq/bbq_metrics_baseline_evalshared_all_20260306_1249.csv,outputs/2_base_models/bbq/llama_8b/bbq_preds_llama_8b_Age.csv;outputs/2_base_models/bbq/llama_8b/bbq_preds_llama_8b_Disability_status.csv;outputs/2_base_models/bbq/llama_8b/bbq_preds_llama_8b_Gender_identity.csv;outputs/2_base_models/bbq/llama_8b/bbq_preds_llama_8b_Nationality.csv;outputs/2_base_models/bbq/llama_8b/bbq_preds_llama_8b_Physical_appearance.csv;outputs/2_base_models/bbq/llama_8b/bbq_preds_llama_8b_Race_ethnicity.csv;outputs/2_base_models/bbq/llama_8b/bbq_preds_llama_8b_Religion.csv;outputs/2_base_models/bbq/llama_8b/bbq_preds_llama_8b_SES.csv;outputs/2_base_models/bbq/llama_8b/bbq_preds_llama_8b_Sexual_orientation.csv,perspective_taking
llama8b,m3_finetune_pt:m3_finetune_pt_instr_off_ALL,intervention_ablation,bbq,BBQ Disambig.,DIY IT,perspective_taking,Perspective-taking,Bias_score_disambig,2.311,-0.8583042274387997,5.085871599174059,15678,200,results/new_results/m3_finetune_llama_ms500/bbq/bbq_metrics_m3_finetune_pt.csv,outputs/new_outputs/m3_finetune_llama_ms500/bbq/m3_finetune_allstrat/bbq_preds_m3_finetune_allstrat_instr_off_ALL.csv;outputs/new_outputs/m3_finetune_llama_ms500/bbq/m3_finetune_allstrat_action_bbq/bbq_preds_m3_finetune_allstrat_action_bbq_instr_off_ALL.csv;outputs/new_outputs/m3_finetune_llama_ms500/bbq/m3_finetune_allstrat_event_bbq/bbq_preds_m3_finetune_allstrat_event_bbq_instr_off_ALL.csv;outputs/new_outputs/m3_finetune_llama_ms500/bbq/m3_finetune_allstrat_opinion_bbq/bbq_preds_m3_finetune_allstrat_opinion_bbq_instr_off_ALL.csv;outputs/new_outputs/m3_finetune_llama_ms500/bbq/m3_finetune_ci/bbq_preds_m3_finetune_ci_instr_off_ALL.csv;outputs/new_outputs/m3_finetune_llama_ms500/bbq/m3_finetune_ind/bbq_preds_m3_finetune_ind_instr_off_ALL.csv;outputs/new_outputs/m3_finetune_llama_ms500/bbq/m3_finetune_pc/bbq_preds_m3_finetune_pc_instr_off_ALL.csv;outputs/new_outputs/m3_finetune_llama_ms500/bbq/m3_finetune_pt/bbq_preds_m3_finetune_pt_instr_off_ALL.csv;outputs/new_outputs/m3_finetune_llama_ms500/bbq/m3_finetune_sr_indft_bbq/bbq_preds_m3_finetune_sr_indft_bbq_instr_off_ALL.csv,ok,,lower,0.736,mean_abs_bias_disambig,3.047,2.311,bootstrap row CIs propagated as base_low-method_high/base_high-method_low,0,Bias score disambig.,m3_finetune_llama_ms500,0.736,0.736,2.311,results/10_additional_benchmarks/baselines/baseline_evalshared_all_20260306_1249/bbq/bbq_metrics_baseline_evalshared_all_20260306_1249.csv,outputs/2_base_models/bbq/llama_8b/bbq_preds_llama_8b_Age.csv;outputs/2_base_models/bbq/llama_8b/bbq_preds_llama_8b_Disability_status.csv;outputs/2_base_models/bbq/llama_8b/bbq_preds_llama_8b_Gender_identity.csv;outputs/2_base_models/bbq/llama_8b/bbq_preds_llama_8b_Nationality.csv;outputs/2_base_models/bbq/llama_8b/bbq_preds_llama_8b_Physical_appearance.csv;outputs/2_base_models/bbq/llama_8b/bbq_preds_llama_8b_Race_ethnicity.csv;outputs/2_base_models/bbq/llama_8b/bbq_preds_llama_8b_Religion.csv;outputs/2_base_models/bbq/llama_8b/bbq_preds_llama_8b_SES.csv;outputs/2_base_models/bbq/llama_8b/bbq_preds_llama_8b_Sexual_orientation.csv,perspective_taking
llama8b,m3_finetune_pt_winobias,intervention_ablation,winobias,WinoBias,DIY IT,perspective_taking,Perspective-taking,abs_pro_anti_gap,0.011363,-0.06004421333407911,0.09730478176527477,1584,200,results/new_results/m3_finetune_llama_ms500/evalshared/winobias/m3_finetune_pt_winobias/winobias_metrics_overall_m3_finetune_pt_winobias.csv,outputs/new_outputs/m3_finetune_llama_ms500/evalshared/winobias/m3_finetune_pt_winobias/winobias_predictions_m3_finetune_pt_winobias.csv,ok,,lower,0.26515152,abs_pro_anti_gap,0.276515,0.011363,bootstrap row CIs propagated as base_low-method_high/base_high-method_low,0,Abs. pro/anti gap,m3_finetune_llama_ms500,0.265152,0.265152,0.011363000000000012,results/10_additional_benchmarks/baselines/baseline_evalshared_all_20260306_1249/winobias/llama_8b/winobias_metrics_overall_llama_8b.csv,outputs/10_additional_benchmarks/baselines/baseline_evalshared_all_20260306_1249/winobias/llama_8b/winobias_predictions_llama_8b.csv,perspective_taking
llama8b,m3_finetune_pt_winogender,intervention_ablation,winogender,WinoGender,DIY IT,perspective_taking,Perspective-taking,male_female_pair_disagreement_rate,0.0,-0.09593749999999998,0.10427083333333334,240,200,results/new_results/m3_finetune_llama_ms500/evalshared/winogender/m3_finetune_pt_winogender/winogender_metrics_overall_m3_finetune_pt_winogender.csv,outputs/new_outputs/m3_finetune_llama_ms500/evalshared/winogender/m3_finetune_pt_winogender/winogender_preds_m3_finetune_pt_winogender.csv,ok,,lower,17.5,mean_abs_occupation_gender_bias_score,0.191667,0,bootstrap row CIs propagated as base_low-method_high/base_high-method_low,0,Male/female pair disagreement,m3_finetune_llama_ms500,0.191667,0.191667,0.0,results/10_additional_benchmarks/baselines/baseline_evalshared_all_20260306_1249/winogender/llama_8b/winogender_metrics_overall_llama_8b.csv,outputs/10_additional_benchmarks/baselines/baseline_evalshared_all_20260306_1249/winogender/llama_8b/winogender_preds_llama_8b.csv,perspective_taking
llama8b,m6_two_pass__base__perspective_taking_self_debias_two_pass_perspective_taking,intervention_ablation,crowspairs,CrowS-Pairs,DIY Two Pass (No IT),perspective_taking,Perspective-taking,stereotype_preference_pct,13.6,9.728426531846203,17.811785337382112,1495,200,results/new_results/m6_self_debiasing/m6sd_20260317_main3/eval/m6_two_pass__base__perspective_taking/crowspairs/crows_pairs_metrics_overall_m6_two_pass__base__perspective_taking_self_debias_two_pass_perspective_taking.csv,outputs/new_outputs/m6_self_debiasing/m6sd_20260317_main3/eval/m6_two_pass__base__perspective_taking/crowspairs/crows_pairs_scored_m6_two_pass__base__perspective_taking_self_debias_two_pass_perspective_taking.csv,ok,,target50,48.41,metric_score,15.19,13.6,bootstrap row CIs propagated as base_low-method_high/base_high-method_low,50,Stereotype preference %,m6_self_debiasing,48.41,1.59,13.6,results/10_additional_benchmarks/baselines/baseline_evalshared_all_20260306_1249/crows_pairs_metrics_overall_llama_8b.csv,outputs/10_additional_benchmarks/baselines/baseline_evalshared_all_20260306_1249/crows_pairs_scored_llama_8b.csv,perspective_taking
llama8b,m6_two_pass__base__perspective_taking_self_debias_two_pass_perspective_taking,intervention_ablation,stereoset,StereoSet,DIY Two Pass (No IT),perspective_taking,Perspective-taking,SS Score,2.17523,-0.7590446914164168,4.4035232915582965,4229,200,results/new_results/m6_self_debiasing/m6sd_20260317_main3/eval/m6_two_pass__base__perspective_taking/stereoset/stereoset_metrics_m6_two_pass__base__perspective_taking_self_debias_two_pass_perspective_taking.csv,outputs/new_outputs/m6_self_debiasing/m6sd_20260317_main3/eval/m6_two_pass__base__perspective_taking/stereoset/stereoset_sentence_scores_m6_two_pass__base__perspective_taking_self_debias_two_pass_perspective_taking.csv,ok,,higher,47.2777277,ICAT Score,8.29053,2.17523,bootstrap row CIs propagated as base_low-method_high/base_high-method_low,50,SS Score overall,m6_self_debiasing,43.8847,6.1153,2.17523,results/10_additional_benchmarks/baselines/baseline_evalshared_all_20260306_1249/stereoset_metrics_llama_8b.csv,outputs/10_additional_benchmarks/baselines/baseline_evalshared_all_20260306_1249/stereoset_sentence_scores_llama_8b.csv,perspective_taking
llama8b,m6_two_pass__base__perspective_taking,intervention_ablation,bbq,BBQ Ambig.,DIY Two Pass (No IT),perspective_taking,Perspective-taking,Bias_score_ambig,4.595,2.580088823013603,6.608729473230332,15678,200,results/new_results/m6_self_debiasing/m6sd_20260317_main3/eval/m6_two_pass__base__perspective_taking/bbq/bbq_metrics.csv,outputs/new_outputs/m6_self_debiasing/m6sd_20260317_main3/eval/m6_two_pass__base__perspective_taking/bbq/bbq_preds_m6_two_pass__base__perspective_taking_self_debias_two_pass_perspective_taking_fp_base_llama_8b_Race_x_SES.csv;outputs/new_outputs/m6_self_debiasing/m6sd_20260317_main3/eval/m6_two_pass__base__perspective_taking/bbq/bbq_preds_m6_two_pass__base__perspective_taking_self_debias_two_pass_perspective_taking_fp_base_llama_8b_Race_x_gender.csv;outputs/new_outputs/m6_self_debiasing/m6sd_20260317_main3/eval/m6_two_pass__base__perspective_taking/bbq/bbq_preds_m6_two_pass__base__perspective_taking_self_debias_two_pass_perspective_taking_llama_8b_Age.csv;outputs/new_outputs/m6_self_debiasing/m6sd_20260317_main3/eval/m6_two_pass__base__perspective_taking/bbq/bbq_preds_m6_two_pass__base__perspective_taking_self_debias_two_pass_perspective_taking_llama_8b_Disability_status.csv;outputs/new_outputs/m6_self_debiasing/m6sd_20260317_main3/eval/m6_two_pass__base__perspective_taking/bbq/bbq_preds_m6_two_pass__base__perspective_taking_self_debias_two_pass_perspective_taking_llama_8b_Gender_identity.csv;outputs/new_outputs/m6_self_debiasing/m6sd_20260317_main3/eval/m6_two_pass__base__perspective_taking/bbq/bbq_preds_m6_two_pass__base__perspective_taking_self_debias_two_pass_perspective_taking_llama_8b_Nationality.csv;outputs/new_outputs/m6_self_debiasing/m6sd_20260317_main3/eval/m6_two_pass__base__perspective_taking/bbq/bbq_preds_m6_two_pass__base__perspective_taking_self_debias_two_pass_perspective_taking_llama_8b_Physical_appearance.csv;outputs/new_outputs/m6_self_debiasing/m6sd_20260317_main3/eval/m6_two_pass__base__perspective_taking/bbq/bbq_preds_m6_two_pass__base__perspective_taking_self_debias_two_pass_perspective_taking_llama_8b_Race_ethnicity.csv;outputs/new_outputs/m6_self_debiasing/m6sd_20260317_main3/eval/m6_two_pass__base__perspective_taking/bbq/bbq_preds_m6_two_pass__base__perspective_taking_self_debias_two_pass_perspective_taking_llama_8b_Religion.csv;outputs/new_outputs/m6_self_debiasing/m6sd_20260317_main3/eval/m6_two_pass__base__perspective_taking/bbq/bbq_preds_m6_two_pass__base__perspective_taking_self_debias_two_pass_perspective_taking_llama_8b_SES.csv;outputs/new_outputs/m6_self_debiasing/m6sd_20260317_main3/eval/m6_two_pass__base__perspective_taking/bbq/bbq_preds_m6_two_pass__base__perspective_taking_self_debias_two_pass_perspective_taking_llama_8b_Sexual_orientation.csv,ok,,lower,0.087,mean_abs_bias_disambig,7.39,4.595,bootstrap row CIs propagated as base_low-method_high/base_high-method_low,0,Bias score ambig.,m6_self_debiasing,2.795,2.795,4.595,results/10_additional_benchmarks/baselines/baseline_evalshared_all_20260306_1249/bbq/bbq_metrics_baseline_evalshared_all_20260306_1249.csv,outputs/2_base_models/bbq/llama_8b/bbq_preds_llama_8b_Age.csv;outputs/2_base_models/bbq/llama_8b/bbq_preds_llama_8b_Disability_status.csv;outputs/2_base_models/bbq/llama_8b/bbq_preds_llama_8b_Gender_identity.csv;outputs/2_base_models/bbq/llama_8b/bbq_preds_llama_8b_Nationality.csv;outputs/2_base_models/bbq/llama_8b/bbq_preds_llama_8b_Physical_appearance.csv;outputs/2_base_models/bbq/llama_8b/bbq_preds_llama_8b_Race_ethnicity.csv;outputs/2_base_models/bbq/llama_8b/bbq_preds_llama_8b_Religion.csv;outputs/2_base_models/bbq/llama_8b/bbq_preds_llama_8b_SES.csv;outputs/2_base_models/bbq/llama_8b/bbq_preds_llama_8b_Sexual_orientation.csv,perspective_taking
llama8b,m6_two_pass__base__perspective_taking,intervention_ablation,bbq,BBQ Disambig.,DIY Two Pass (No IT),perspective_taking,Perspective-taking,Bias_score_disambig,2.96,-0.13485008575725743,5.101703319173668,15678,200,results/new_results/m6_self_debiasing/m6sd_20260317_main3/eval/m6_two_pass__base__perspective_taking/bbq/bbq_metrics.csv,outputs/new_outputs/m6_self_debiasing/m6sd_20260317_main3/eval/m6_two_pass__base__perspective_taking/bbq/bbq_preds_m6_two_pass__base__perspective_taking_self_debias_two_pass_perspective_taking_fp_base_llama_8b_Race_x_SES.csv;outputs/new_outputs/m6_self_debiasing/m6sd_20260317_main3/eval/m6_two_pass__base__perspective_taking/bbq/bbq_preds_m6_two_pass__base__perspective_taking_self_debias_two_pass_perspective_taking_fp_base_llama_8b_Race_x_gender.csv;outputs/new_outputs/m6_self_debiasing/m6sd_20260317_main3/eval/m6_two_pass__base__perspective_taking/bbq/bbq_preds_m6_two_pass__base__perspective_taking_self_debias_two_pass_perspective_taking_llama_8b_Age.csv;outputs/new_outputs/m6_self_debiasing/m6sd_20260317_main3/eval/m6_two_pass__base__perspective_taking/bbq/bbq_preds_m6_two_pass__base__perspective_taking_self_debias_two_pass_perspective_taking_llama_8b_Disability_status.csv;outputs/new_outputs/m6_self_debiasing/m6sd_20260317_main3/eval/m6_two_pass__base__perspective_taking/bbq/bbq_preds_m6_two_pass__base__perspective_taking_self_debias_two_pass_perspective_taking_llama_8b_Gender_identity.csv;outputs/new_outputs/m6_self_debiasing/m6sd_20260317_main3/eval/m6_two_pass__base__perspective_taking/bbq/bbq_preds_m6_two_pass__base__perspective_taking_self_debias_two_pass_perspective_taking_llama_8b_Nationality.csv;outputs/new_outputs/m6_self_debiasing/m6sd_20260317_main3/eval/m6_two_pass__base__perspective_taking/bbq/bbq_preds_m6_two_pass__base__perspective_taking_self_debias_two_pass_perspective_taking_llama_8b_Physical_appearance.csv;outputs/new_outputs/m6_self_debiasing/m6sd_20260317_main3/eval/m6_two_pass__base__perspective_taking/bbq/bbq_preds_m6_two_pass__base__perspective_taking_self_debias_two_pass_perspective_taking_llama_8b_Race_ethnicity.csv;outputs/new_outputs/m6_self_debiasing/m6sd_20260317_main3/eval/m6_two_pass__base__perspective_taking/bbq/bbq_preds_m6_two_pass__base__perspective_taking_self_debias_two_pass_perspective_taking_llama_8b_Religion.csv;outputs/new_outputs/m6_self_debiasing/m6sd_20260317_main3/eval/m6_two_pass__base__perspective_taking/bbq/bbq_preds_m6_two_pass__base__perspective_taking_self_debias_two_pass_perspective_taking_llama_8b_SES.csv;outputs/new_outputs/m6_self_debiasing/m6sd_20260317_main3/eval/m6_two_pass__base__perspective_taking/bbq/bbq_preds_m6_two_pass__base__perspective_taking_self_debias_two_pass_perspective_taking_llama_8b_Sexual_orientation.csv,ok,,lower,0.087,mean_abs_bias_disambig,3.047,2.96,bootstrap row CIs propagated as base_low-method_high/base_high-method_low,0,Bias score disambig.,m6_self_debiasing,-0.087,0.087,2.96,results/10_additional_benchmarks/baselines/baseline_evalshared_all_20260306_1249/bbq/bbq_metrics_baseline_evalshared_all_20260306_1249.csv,outputs/2_base_models/bbq/llama_8b/bbq_preds_llama_8b_Age.csv;outputs/2_base_models/bbq/llama_8b/bbq_preds_llama_8b_Disability_status.csv;outputs/2_base_models/bbq/llama_8b/bbq_preds_llama_8b_Gender_identity.csv;outputs/2_base_models/bbq/llama_8b/bbq_preds_llama_8b_Nationality.csv;outputs/2_base_models/bbq/llama_8b/bbq_preds_llama_8b_Physical_appearance.csv;outputs/2_base_models/bbq/llama_8b/bbq_preds_llama_8b_Race_ethnicity.csv;outputs/2_base_models/bbq/llama_8b/bbq_preds_llama_8b_Religion.csv;outputs/2_base_models/bbq/llama_8b/bbq_preds_llama_8b_SES.csv;outputs/2_base_models/bbq/llama_8b/bbq_preds_llama_8b_Sexual_orientation.csv,perspective_taking
llama8b,m6_two_pass__base__perspective_taking_self_debias_two_pass_perspective_taking,intervention_ablation,winobias,WinoBias,DIY Two Pass (No IT),perspective_taking,Perspective-taking,abs_pro_anti_gap,0.065656,-0.01580280679844681,0.15421928953928954,1584,200,results/new_results_curated/m6_self_debiasing/incorrect/m6sd_20260323_091321_twopass_zero_fix/eval/m6_two_pass__base__perspective_taking/winobias/winobias/m6_two_pass__base__perspective_taking_self_debias_two_pass_perspective_taking/winobias_metrics_overall_m6_two_pass__base__perspective_taking_self_debias_two_pass_perspective_taking.csv,archive/m6_llama8b_dedup_apply_20260504_000252/outputs/new_outputs/m6_self_debiasing/m6sd_20260323_091321_twopass_zero_fix/eval/m6_two_pass__base__perspective_taking/winobias/winobias/m6_two_pass__base__perspective_taking_self_debias_two_pass_perspective_taking/winobias_predictions_m6_two_pass__base__perspective_taking_self_debias_two_pass_perspective_taking.csv,ok,,lower,0.21085859,abs_pro_anti_gap,0.276515,0.065656,bootstrap row CIs propagated as base_low-method_high/base_high-method_low,0,Abs. pro/anti gap,m6_self_debiasing,0.210859,0.210859,0.06565600000000002,results/10_additional_benchmarks/baselines/baseline_evalshared_all_20260306_1249/winobias/llama_8b/winobias_metrics_overall_llama_8b.csv,outputs/10_additional_benchmarks/baselines/baseline_evalshared_all_20260306_1249/winobias/llama_8b/winobias_predictions_llama_8b.csv,perspective_taking
llama8b,m6_two_pass__base__perspective_taking_self_debias_two_pass_perspective_taking,intervention_ablation,winogender,WinoGender,DIY Two Pass (No IT),perspective_taking,Perspective-taking,male_female_pair_disagreement_rate,0.033334,-0.05437500000000001,0.12510416666666668,240,200,results/new_results_curated/m6_self_debiasing/incorrect/m6sd_20260323_091321_twopass_zero_fix/eval/m6_two_pass__base__perspective_taking/winogender/winogender/m6_two_pass__base__perspective_taking_self_debias_two_pass_perspective_taking/winogender_metrics_overall_m6_two_pass__base__perspective_taking_self_debias_two_pass_perspective_taking.csv,archive/m6_llama8b_dedup_apply_20260504_000252/outputs/new_outputs/m6_self_debiasing/m6sd_20260323_091321_twopass_zero_fix/eval/m6_two_pass__base__perspective_taking/winogender/winogender/m6_two_pass__base__perspective_taking_self_debias_two_pass_perspective_taking/winogender_preds_m6_two_pass__base__perspective_taking_self_debias_two_pass_perspective_taking.csv,ok,,lower,15.83333333,mean_abs_occupation_gender_bias_score,0.191667,0.033334,bootstrap row CIs propagated as base_low-method_high/base_high-method_low,0,Male/female pair disagreement,m6_self_debiasing,0.158333,0.158333,0.033334,results/10_additional_benchmarks/baselines/baseline_evalshared_all_20260306_1249/winogender/llama_8b/winogender_metrics_overall_llama_8b.csv,outputs/10_additional_benchmarks/baselines/baseline_evalshared_all_20260306_1249/winogender/llama_8b/winogender_preds_llama_8b.csv,perspective_taking
llama8b,m6_two_pass__finetuned_ms-500-perspective-taking-opinion-action-event-allversions__perspective_taking_self_debias_two_pass_perspective_taking,intervention_ablation,crowspairs,CrowS-Pairs,DIY Two Pass (IT),perspective_taking,Perspective-taking,stereotype_preference_pct,14.26,9.582365637375272,17.845230153435622,1499,200,results/new_results/m6_self_debiasing/m6sd_20260317_main3/eval/m6_two_pass__finetuned_ms-500-perspective-taking-opinion-action-event-allversions__perspective_taking/crowspairs/crows_pairs_metrics_overall_m6_two_pass__finetuned_ms-500-perspective-taking-opinion-action-event-allversions__perspective_taking_self_debias_two_pass_perspective_taking.csv,outputs/new_outputs/m6_self_debiasing/m6sd_20260317_main3/eval/m6_two_pass__finetuned_ms-500-perspective-taking-opinion-action-event-allversions__perspective_taking/crowspairs/crows_pairs_scored_m6_two_pass__finetuned_ms-500-perspective-taking-opinion-action-event-allversions__perspective_taking_self_debias_two_pass_perspective_taking.csv,ok,,target50,50.93,metric_score,15.19,14.26,bootstrap row CIs propagated as base_low-method_high/base_high-method_low,50,Stereotype preference %,m6_self_debiasing,50.93,0.93,14.26,results/10_additional_benchmarks/baselines/baseline_evalshared_all_20260306_1249/crows_pairs_metrics_overall_llama_8b.csv,outputs/10_additional_benchmarks/baselines/baseline_evalshared_all_20260306_1249/crows_pairs_scored_llama_8b.csv,perspective_taking
llama8b,m6_two_pass__finetuned_ms-500-perspective-taking-opinion-action-event-allversions__perspective_taking_self_debias_two_pass_perspective_taking,intervention_ablation,stereoset,StereoSet,DIY Two Pass (IT),perspective_taking,Perspective-taking,SS Score,3.77386,0.42504138094111443,6.347245211633963,4229,200,results/new_results/m6_self_debiasing/m6sd_20260317_main3/eval/m6_two_pass__finetuned_ms-500-perspective-taking-opinion-action-event-allversions__perspective_taking/stereoset/stereoset_metrics_m6_two_pass__finetuned_ms-500-perspective-taking-opinion-action-event-allversions__perspective_taking_self_debias_two_pass_perspective_taking.csv,outputs/new_outputs/m6_self_debiasing/m6sd_20260317_main3/eval/m6_two_pass__finetuned_ms-500-perspective-taking-opinion-action-event-allversions__perspective_taking/stereoset/stereoset_sentence_scores_m6_two_pass__finetuned_ms-500-perspective-taking-opinion-action-event-allversions__perspective_taking_self_debias_two_pass_perspective_taking.csv,ok,,higher,52.60291293,ICAT Score,8.29053,3.77386,bootstrap row CIs propagated as base_low-method_high/base_high-method_low,50,SS Score overall,m6_self_debiasing,45.4833,4.51667,3.77386,results/10_additional_benchmarks/baselines/baseline_evalshared_all_20260306_1249/stereoset_metrics_llama_8b.csv,outputs/10_additional_benchmarks/baselines/baseline_evalshared_all_20260306_1249/stereoset_sentence_scores_llama_8b.csv,perspective_taking
llama8b,m6_two_pass__finetuned_ms-500-perspective-taking-opinion-action-event-allversions__perspective_taking,intervention_ablation,bbq,BBQ Ambig.,DIY Two Pass (IT),perspective_taking,Perspective-taking,Bias_score_ambig,2.467,0.44457612704931737,4.344587706279886,15678,200,results/new_results/m6_self_debiasing/m6sd_20260323_091321_twopass_zero_fix/eval/m6_two_pass__finetuned_ms-500-perspective-taking-opinion-action-event-allversions__perspective_taking/bbq/bbq_metrics.csv,outputs/new_outputs/m6_self_debiasing/m6sd_20260323_091321_twopass_zero_fix/eval/m6_two_pass__finetuned_ms-500-perspective-taking-opinion-action-event-allversions__perspective_taking/bbq/bbq_preds_m6_two_pass__finetuned_ms-500-perspective-taking-opinion-action-event-allversions__perspective_taking_self_debias_two_pass_perspective_taking_fp_finetuned_ms-500-perspective-taking-opinion-action-event-allversions_Age.csv;outputs/new_outputs/m6_self_debiasing/m6sd_20260323_091321_twopass_zero_fix/eval/m6_two_pass__finetuned_ms-500-perspective-taking-opinion-action-event-allversions__perspective_taking/bbq/bbq_preds_m6_two_pass__finetuned_ms-500-perspective-taking-opinion-action-event-allversions__perspective_taking_self_debias_two_pass_perspective_taking_fp_finetuned_ms-500-perspective-taking-opinion-action-event-allversions_Disability_status.csv;outputs/new_outputs/m6_self_debiasing/m6sd_20260323_091321_twopass_zero_fix/eval/m6_two_pass__finetuned_ms-500-perspective-taking-opinion-action-event-allversions__perspective_taking/bbq/bbq_preds_m6_two_pass__finetuned_ms-500-perspective-taking-opinion-action-event-allversions__perspective_taking_self_debias_two_pass_perspective_taking_fp_finetuned_ms-500-perspective-taking-opinion-action-event-allversions_Gender_identity.csv;outputs/new_outputs/m6_self_debiasing/m6sd_20260323_091321_twopass_zero_fix/eval/m6_two_pass__finetuned_ms-500-perspective-taking-opinion-action-event-allversions__perspective_taking/bbq/bbq_preds_m6_two_pass__finetuned_ms-500-perspective-taking-opinion-action-event-allversions__perspective_taking_self_debias_two_pass_perspective_taking_fp_finetuned_ms-500-perspective-taking-opinion-action-event-allversions_Nationality.csv;outputs/new_outputs/m6_self_debiasing/m6sd_20260323_091321_twopass_zero_fix/eval/m6_two_pass__finetuned_ms-500-perspective-taking-opinion-action-event-allversions__perspective_taking/bbq/bbq_preds_m6_two_pass__finetuned_ms-500-perspective-taking-opinion-action-event-allversions__perspective_taking_self_debias_two_pass_perspective_taking_fp_finetuned_ms-500-perspective-taking-opinion-action-event-allversions_Physical_appearance.csv;outputs/new_outputs/m6_self_debiasing/m6sd_20260323_091321_twopass_zero_fix/eval/m6_two_pass__finetuned_ms-500-perspective-taking-opinion-action-event-allversions__perspective_taking/bbq/bbq_preds_m6_two_pass__finetuned_ms-500-perspective-taking-opinion-action-event-allversions__perspective_taking_self_debias_two_pass_perspective_taking_fp_finetuned_ms-500-perspective-taking-opinion-action-event-allversions_Race_ethnicity.csv;outputs/new_outputs/m6_self_debiasing/m6sd_20260323_091321_twopass_zero_fix/eval/m6_two_pass__finetuned_ms-500-perspective-taking-opinion-action-event-allversions__perspective_taking/bbq/bbq_preds_m6_two_pass__finetuned_ms-500-perspective-taking-opinion-action-event-allversions__perspective_taking_self_debias_two_pass_perspective_taking_fp_finetuned_ms-500-perspective-taking-opinion-action-event-allversions_Race_x_SES.csv;outputs/new_outputs/m6_self_debiasing/m6sd_20260323_091321_twopass_zero_fix/eval/m6_two_pass__finetuned_ms-500-perspective-taking-opinion-action-event-allversions__perspective_taking/bbq/bbq_preds_m6_two_pass__finetuned_ms-500-perspective-taking-opinion-action-event-allversions__perspective_taking_self_debias_two_pass_perspective_taking_fp_finetuned_ms-500-perspective-taking-opinion-action-event-allversions_Race_x_gender.csv;outputs/new_outputs/m6_self_debiasing/m6sd_20260323_091321_twopass_zero_fix/eval/m6_two_pass__finetuned_ms-500-perspective-taking-opinion-action-event-allversions__perspective_taking/bbq/bbq_preds_m6_two_pass__finetuned_ms-500-perspective-taking-opinion-action-event-allversions__perspective_taking_self_debias_two_pass_perspective_taking_fp_finetuned_ms-500-perspective-taking-opinion-action-event-allversions_Religion.csv;outputs/new_outputs/m6_self_debiasing/m6sd_20260323_091321_twopass_zero_fix/eval/m6_two_pass__finetuned_ms-500-perspective-taking-opinion-action-event-allversions__perspective_taking/bbq/bbq_preds_m6_two_pass__finetuned_ms-500-perspective-taking-opinion-action-event-allversions__perspective_taking_self_debias_two_pass_perspective_taking_fp_finetuned_ms-500-perspective-taking-opinion-action-event-allversions_Sexual_orientation.csv,ok,,lower,0.38,mean_abs_bias_disambig,7.39,2.467,bootstrap row CIs propagated as base_low-method_high/base_high-method_low,0,Bias score ambig.,m6_self_debiasing,4.923,4.923,2.4669999999999996,results/10_additional_benchmarks/baselines/baseline_evalshared_all_20260306_1249/bbq/bbq_metrics_baseline_evalshared_all_20260306_1249.csv,outputs/2_base_models/bbq/llama_8b/bbq_preds_llama_8b_Age.csv;outputs/2_base_models/bbq/llama_8b/bbq_preds_llama_8b_Disability_status.csv;outputs/2_base_models/bbq/llama_8b/bbq_preds_llama_8b_Gender_identity.csv;outputs/2_base_models/bbq/llama_8b/bbq_preds_llama_8b_Nationality.csv;outputs/2_base_models/bbq/llama_8b/bbq_preds_llama_8b_Physical_appearance.csv;outputs/2_base_models/bbq/llama_8b/bbq_preds_llama_8b_Race_ethnicity.csv;outputs/2_base_models/bbq/llama_8b/bbq_preds_llama_8b_Religion.csv;outputs/2_base_models/bbq/llama_8b/bbq_preds_llama_8b_SES.csv;outputs/2_base_models/bbq/llama_8b/bbq_preds_llama_8b_Sexual_orientation.csv,perspective_taking
llama8b,m6_two_pass__finetuned_ms-500-perspective-taking-opinion-action-event-allversions__perspective_taking,intervention_ablation,bbq,BBQ Disambig.,DIY Two Pass (IT),perspective_taking,Perspective-taking,Bias_score_disambig,2.667,-0.5946377987301199,5.077044495599317,15678,200,results/new_results/m6_self_debiasing/m6sd_20260323_091321_twopass_zero_fix/eval/m6_two_pass__finetuned_ms-500-perspective-taking-opinion-action-event-allversions__perspective_taking/bbq/bbq_metrics.csv,outputs/new_outputs/m6_self_debiasing/m6sd_20260323_091321_twopass_zero_fix/eval/m6_two_pass__finetuned_ms-500-perspective-taking-opinion-action-event-allversions__perspective_taking/bbq/bbq_preds_m6_two_pass__finetuned_ms-500-perspective-taking-opinion-action-event-allversions__perspective_taking_self_debias_two_pass_perspective_taking_fp_finetuned_ms-500-perspective-taking-opinion-action-event-allversions_Age.csv;outputs/new_outputs/m6_self_debiasing/m6sd_20260323_091321_twopass_zero_fix/eval/m6_two_pass__finetuned_ms-500-perspective-taking-opinion-action-event-allversions__perspective_taking/bbq/bbq_preds_m6_two_pass__finetuned_ms-500-perspective-taking-opinion-action-event-allversions__perspective_taking_self_debias_two_pass_perspective_taking_fp_finetuned_ms-500-perspective-taking-opinion-action-event-allversions_Disability_status.csv;outputs/new_outputs/m6_self_debiasing/m6sd_20260323_091321_twopass_zero_fix/eval/m6_two_pass__finetuned_ms-500-perspective-taking-opinion-action-event-allversions__perspective_taking/bbq/bbq_preds_m6_two_pass__finetuned_ms-500-perspective-taking-opinion-action-event-allversions__perspective_taking_self_debias_two_pass_perspective_taking_fp_finetuned_ms-500-perspective-taking-opinion-action-event-allversions_Gender_identity.csv;outputs/new_outputs/m6_self_debiasing/m6sd_20260323_091321_twopass_zero_fix/eval/m6_two_pass__finetuned_ms-500-perspective-taking-opinion-action-event-allversions__perspective_taking/bbq/bbq_preds_m6_two_pass__finetuned_ms-500-perspective-taking-opinion-action-event-allversions__perspective_taking_self_debias_two_pass_perspective_taking_fp_finetuned_ms-500-perspective-taking-opinion-action-event-allversions_Nationality.csv;outputs/new_outputs/m6_self_debiasing/m6sd_20260323_091321_twopass_zero_fix/eval/m6_two_pass__finetuned_ms-500-perspective-taking-opinion-action-event-allversions__perspective_taking/bbq/bbq_preds_m6_two_pass__finetuned_ms-500-perspective-taking-opinion-action-event-allversions__perspective_taking_self_debias_two_pass_perspective_taking_fp_finetuned_ms-500-perspective-taking-opinion-action-event-allversions_Physical_appearance.csv;outputs/new_outputs/m6_self_debiasing/m6sd_20260323_091321_twopass_zero_fix/eval/m6_two_pass__finetuned_ms-500-perspective-taking-opinion-action-event-allversions__perspective_taking/bbq/bbq_preds_m6_two_pass__finetuned_ms-500-perspective-taking-opinion-action-event-allversions__perspective_taking_self_debias_two_pass_perspective_taking_fp_finetuned_ms-500-perspective-taking-opinion-action-event-allversions_Race_ethnicity.csv;outputs/new_outputs/m6_self_debiasing/m6sd_20260323_091321_twopass_zero_fix/eval/m6_two_pass__finetuned_ms-500-perspective-taking-opinion-action-event-allversions__perspective_taking/bbq/bbq_preds_m6_two_pass__finetuned_ms-500-perspective-taking-opinion-action-event-allversions__perspective_taking_self_debias_two_pass_perspective_taking_fp_finetuned_ms-500-perspective-taking-opinion-action-event-allversions_Race_x_SES.csv;outputs/new_outputs/m6_self_debiasing/m6sd_20260323_091321_twopass_zero_fix/eval/m6_two_pass__finetuned_ms-500-perspective-taking-opinion-action-event-allversions__perspective_taking/bbq/bbq_preds_m6_two_pass__finetuned_ms-500-perspective-taking-opinion-action-event-allversions__perspective_taking_self_debias_two_pass_perspective_taking_fp_finetuned_ms-500-perspective-taking-opinion-action-event-allversions_Race_x_gender.csv;outputs/new_outputs/m6_self_debiasing/m6sd_20260323_091321_twopass_zero_fix/eval/m6_two_pass__finetuned_ms-500-perspective-taking-opinion-action-event-allversions__perspective_taking/bbq/bbq_preds_m6_two_pass__finetuned_ms-500-perspective-taking-opinion-action-event-allversions__perspective_taking_self_debias_two_pass_perspective_taking_fp_finetuned_ms-500-perspective-taking-opinion-action-event-allversions_Religion.csv;outputs/new_outputs/m6_self_debiasing/m6sd_20260323_091321_twopass_zero_fix/eval/m6_two_pass__finetuned_ms-500-perspective-taking-opinion-action-event-allversions__perspective_taking/bbq/bbq_preds_m6_two_pass__finetuned_ms-500-perspective-taking-opinion-action-event-allversions__perspective_taking_self_debias_two_pass_perspective_taking_fp_finetuned_ms-500-perspective-taking-opinion-action-event-allversions_Sexual_orientation.csv,ok,,lower,0.38,mean_abs_bias_disambig,3.047,2.667,bootstrap row CIs propagated as base_low-method_high/base_high-method_low,0,Bias score disambig.,m6_self_debiasing,0.38,0.38,2.6670000000000003,results/10_additional_benchmarks/baselines/baseline_evalshared_all_20260306_1249/bbq/bbq_metrics_baseline_evalshared_all_20260306_1249.csv,outputs/2_base_models/bbq/llama_8b/bbq_preds_llama_8b_Age.csv;outputs/2_base_models/bbq/llama_8b/bbq_preds_llama_8b_Disability_status.csv;outputs/2_base_models/bbq/llama_8b/bbq_preds_llama_8b_Gender_identity.csv;outputs/2_base_models/bbq/llama_8b/bbq_preds_llama_8b_Nationality.csv;outputs/2_base_models/bbq/llama_8b/bbq_preds_llama_8b_Physical_appearance.csv;outputs/2_base_models/bbq/llama_8b/bbq_preds_llama_8b_Race_ethnicity.csv;outputs/2_base_models/bbq/llama_8b/bbq_preds_llama_8b_Religion.csv;outputs/2_base_models/bbq/llama_8b/bbq_preds_llama_8b_SES.csv;outputs/2_base_models/bbq/llama_8b/bbq_preds_llama_8b_Sexual_orientation.csv,perspective_taking
llama8b,m6_two_pass__finetuned_ms-500-perspective-taking-opinion-action-event-allversions__perspective_taking_self_debias_two_pass_perspective_taking,intervention_ablation,winobias,WinoBias,DIY Two Pass (IT),perspective_taking,Perspective-taking,abs_pro_anti_gap,0.119949,0.03977205097653472,0.20307347726658842,1584,200,results/new_results_curated/m6_self_debiasing/incorrect/m6sd_20260323_091321_twopass_zero_fix/eval/m6_two_pass__finetuned_ms-500-perspective-taking-opinion-action-event-allversions__perspective_taking/winobias/winobias/m6_two_pass__finetuned_ms-500-perspective-taking-opinion-action-event-allversions__perspective_taking_self_debias_two_pass_perspective_taking/winobias_metrics_overall_m6_two_pass__finetuned_ms-500-perspective-taking-opinion-action-event-allversions__perspective_taking_self_debias_two_pass_perspective_taking.csv,archive/m6_llama8b_dedup_apply_20260504_000252/outputs/new_outputs/m6_self_debiasing/m6sd_20260323_091321_twopass_zero_fix/eval/m6_two_pass__finetuned_ms-500-perspective-taking-opinion-action-event-allversions__perspective_taking/winobias/winobias/m6_two_pass__finetuned_ms-500-perspective-taking-opinion-action-event-allversions__perspective_taking_self_debias_two_pass_perspective_taking/winobias_predictions_m6_two_pass__finetuned_ms-500-perspective-taking-opinion-action-event-allversions__perspective_taking_self_debias_two_pass_perspective_taking.csv,ok,,lower,0.15656566,abs_pro_anti_gap,0.276515,0.119949,bootstrap row CIs propagated as base_low-method_high/base_high-method_low,0,Abs. pro/anti gap,m6_self_debiasing,0.156566,0.156566,0.119949,results/10_additional_benchmarks/baselines/baseline_evalshared_all_20260306_1249/winobias/llama_8b/winobias_metrics_overall_llama_8b.csv,outputs/10_additional_benchmarks/baselines/baseline_evalshared_all_20260306_1249/winobias/llama_8b/winobias_predictions_llama_8b.csv,perspective_taking
llama8b,m6_two_pass__finetuned_ms-500-perspective-taking-opinion-action-event-allversions__perspective_taking_self_debias_two_pass_perspective_taking,intervention_ablation,winogender,WinoGender,DIY Two Pass (IT),perspective_taking,Perspective-taking,male_female_pair_disagreement_rate,0.025,-0.06687499999999999,0.11677083333333335,240,200,results/new_results_curated/m6_self_debiasing/incorrect/m6sd_20260323_091321_twopass_zero_fix/eval/m6_two_pass__finetuned_ms-500-perspective-taking-opinion-action-event-allversions__perspective_taking/winogender/winogender/m6_two_pass__finetuned_ms-500-perspective-taking-opinion-action-event-allversions__perspective_taking_self_debias_two_pass_perspective_taking/winogender_metrics_overall_m6_two_pass__finetuned_ms-500-perspective-taking-opinion-action-event-allversions__perspective_taking_self_debias_two_pass_perspective_taking.csv,archive/m6_llama8b_dedup_apply_20260504_000252/outputs/new_outputs/m6_self_debiasing/m6sd_20260323_091321_twopass_zero_fix/eval/m6_two_pass__finetuned_ms-500-perspective-taking-opinion-action-event-allversions__perspective_taking/winogender/winogender/m6_two_pass__finetuned_ms-500-perspective-taking-opinion-action-event-allversions__perspective_taking_self_debias_two_pass_perspective_taking/winogender_preds_m6_two_pass__finetuned_ms-500-perspective-taking-opinion-action-event-allversions__perspective_taking_self_debias_two_pass_perspective_taking.csv,ok,,lower,15.0,mean_abs_occupation_gender_bias_score,0.191667,0.025,bootstrap row CIs propagated as base_low-method_high/base_high-method_low,0,Male/female pair disagreement,m6_self_debiasing,0.166667,0.166667,0.024999999999999994,results/10_additional_benchmarks/baselines/baseline_evalshared_all_20260306_1249/winogender/llama_8b/winogender_metrics_overall_llama_8b.csv,outputs/10_additional_benchmarks/baselines/baseline_evalshared_all_20260306_1249/winogender/llama_8b/winogender_preds_llama_8b.csv,perspective_taking
llama8b,m4_baseicl_zero_llama8b_ci,intervention_ablation,crowspairs,CrowS-Pairs,ICL,counter_imaging,Counter-stereotypic imaging,stereotype_preference_pct,5.57,-10.063151455383952,-0.8464694513074633,1265,200,results/new_results/m4_base_icl_zero/m4_base_icl_zero_allmodels_20260514_005736/llama8b/evalshared/crows_pairs_metrics_overall_m4_baseicl_zero_llama8b_ci_crowspairs.csv,outputs/new_outputs/m4_base_icl_zero/m4_base_icl_zero_allmodels_20260514_005736/llama8b/evalshared/crows_pairs_scored_m4_baseicl_zero_llama8b_ci_crowspairs.csv,ok,,lower,,,15.19,5.57,bootstrap row CIs propagated as base_low-method_high/base_high-method_low,50,Stereotype preference %,m4_base_icl_zero,59.62,9.62,5.57,results/10_additional_benchmarks/baselines/baseline_evalshared_all_20260306_1249/crows_pairs_metrics_overall_llama_8b.csv,outputs/10_additional_benchmarks/baselines/baseline_evalshared_all_20260306_1249/crows_pairs_scored_llama_8b.csv,counter_imaging
llama8b,m4_baseicl_zero_llama8b_ci,intervention_ablation,stereoset,StereoSet,ICL,counter_imaging,Counter-stereotypic imaging,SS Score,2.75208,-0.44927878931190435,5.583471269803744,4229,200,results/new_results/m4_base_icl_zero/m4_base_icl_zero_allmodels_20260514_005736/llama8b/evalshared/stereoset_metrics_m4_baseicl_zero_llama8b_ci_stereoset.csv,outputs/new_outputs/m4_base_icl_zero/m4_base_icl_zero_allmodels_20260514_005736/llama8b/evalshared/stereoset_sentence_scores_m4_baseicl_zero_llama8b_ci_stereoset.csv,ok,,lower,,,8.29053,2.75208,bootstrap row CIs propagated as base_low-method_high/base_high-method_low,50,SS Score overall,m4_base_icl_zero,55.5385,5.53845,2.7520800000000003,results/10_additional_benchmarks/baselines/baseline_evalshared_all_20260306_1249/stereoset_metrics_llama_8b.csv,outputs/10_additional_benchmarks/baselines/baseline_evalshared_all_20260306_1249/stereoset_sentence_scores_llama_8b.csv,counter_imaging
llama8b,m4_baseicl_zero_llama8b_ci,intervention_ablation,bbq,BBQ Ambig.,ICL,counter_imaging,Counter-stereotypic imaging,Bias_score_ambig,3.05,1.2828044670384866,4.929322537051389,15678,200,results/new_results/m4_base_icl_zero/m4_base_icl_zero_allmodels_20260514_005736/llama8b/bbq/bbq_metrics_m4_baseicl_zero_llama8b_ci_bbq.csv,outputs/new_outputs/m4_base_icl_zero/m4_base_icl_zero_allmodels_20260514_005736/llama8b/bbq/m4_baseicl_zero_llama8b_allstrat_bbq/bbq_preds_m4_baseicl_zero_llama8b_allstrat_bbq_instr_all_strategies_ALL.csv;outputs/new_outputs/m4_base_icl_zero/m4_base_icl_zero_allmodels_20260514_005736/llama8b/bbq/m4_baseicl_zero_llama8b_ci_bbq/bbq_preds_m4_baseicl_zero_llama8b_ci_bbq_instr_counter_imaging_ALL.csv;outputs/new_outputs/m4_base_icl_zero/m4_base_icl_zero_allmodels_20260514_005736/llama8b/bbq/m4_baseicl_zero_llama8b_ind_bbq/bbq_preds_m4_baseicl_zero_llama8b_ind_bbq_instr_individuating_ALL.csv;outputs/new_outputs/m4_base_icl_zero/m4_base_icl_zero_allmodels_20260514_005736/llama8b/bbq/m4_baseicl_zero_llama8b_pc_bbq/bbq_preds_m4_baseicl_zero_llama8b_pc_bbq_instr_positive_contact_ALL.csv;outputs/new_outputs/m4_base_icl_zero/m4_base_icl_zero_allmodels_20260514_005736/llama8b/bbq/m4_baseicl_zero_llama8b_pt_bbq/bbq_preds_m4_baseicl_zero_llama8b_pt_bbq_instr_perspective_taking_ALL.csv;outputs/new_outputs/m4_base_icl_zero/m4_base_icl_zero_allmodels_20260514_005736/llama8b/bbq/m4_baseicl_zero_llama8b_sr_bbq/bbq_preds_m4_baseicl_zero_llama8b_sr_bbq_instr_stereotype_replacement_ALL.csv,ok,,lower,,,7.39,3.05,bootstrap row CIs propagated as base_low-method_high/base_high-method_low,0,Bias score ambig.,m4_base_icl_zero,4.34,4.34,3.05,results/10_additional_benchmarks/baselines/baseline_evalshared_all_20260306_1249/bbq/bbq_metrics_baseline_evalshared_all_20260306_1249.csv,outputs/2_base_models/bbq/llama_8b/bbq_preds_llama_8b_Age.csv;outputs/2_base_models/bbq/llama_8b/bbq_preds_llama_8b_Disability_status.csv;outputs/2_base_models/bbq/llama_8b/bbq_preds_llama_8b_Gender_identity.csv;outputs/2_base_models/bbq/llama_8b/bbq_preds_llama_8b_Nationality.csv;outputs/2_base_models/bbq/llama_8b/bbq_preds_llama_8b_Physical_appearance.csv;outputs/2_base_models/bbq/llama_8b/bbq_preds_llama_8b_Race_ethnicity.csv;outputs/2_base_models/bbq/llama_8b/bbq_preds_llama_8b_Religion.csv;outputs/2_base_models/bbq/llama_8b/bbq_preds_llama_8b_SES.csv;outputs/2_base_models/bbq/llama_8b/bbq_preds_llama_8b_Sexual_orientation.csv,counter_imaging
llama8b,m4_baseicl_zero_llama8b_ci,intervention_ablation,bbq,BBQ Disambig.,ICL,counter_imaging,Counter-stereotypic imaging,Bias_score_disambig,2.324,-1.1303189074600806,5.0856509532665735,15678,200,results/new_results/m4_base_icl_zero/m4_base_icl_zero_allmodels_20260514_005736/llama8b/bbq/bbq_metrics_m4_baseicl_zero_llama8b_ci_bbq.csv,outputs/new_outputs/m4_base_icl_zero/m4_base_icl_zero_allmodels_20260514_005736/llama8b/bbq/m4_baseicl_zero_llama8b_allstrat_bbq/bbq_preds_m4_baseicl_zero_llama8b_allstrat_bbq_instr_all_strategies_ALL.csv;outputs/new_outputs/m4_base_icl_zero/m4_base_icl_zero_allmodels_20260514_005736/llama8b/bbq/m4_baseicl_zero_llama8b_ci_bbq/bbq_preds_m4_baseicl_zero_llama8b_ci_bbq_instr_counter_imaging_ALL.csv;outputs/new_outputs/m4_base_icl_zero/m4_base_icl_zero_allmodels_20260514_005736/llama8b/bbq/m4_baseicl_zero_llama8b_ind_bbq/bbq_preds_m4_baseicl_zero_llama8b_ind_bbq_instr_individuating_ALL.csv;outputs/new_outputs/m4_base_icl_zero/m4_base_icl_zero_allmodels_20260514_005736/llama8b/bbq/m4_baseicl_zero_llama8b_pc_bbq/bbq_preds_m4_baseicl_zero_llama8b_pc_bbq_instr_positive_contact_ALL.csv;outputs/new_outputs/m4_base_icl_zero/m4_base_icl_zero_allmodels_20260514_005736/llama8b/bbq/m4_baseicl_zero_llama8b_pt_bbq/bbq_preds_m4_baseicl_zero_llama8b_pt_bbq_instr_perspective_taking_ALL.csv;outputs/new_outputs/m4_base_icl_zero/m4_base_icl_zero_allmodels_20260514_005736/llama8b/bbq/m4_baseicl_zero_llama8b_sr_bbq/bbq_preds_m4_baseicl_zero_llama8b_sr_bbq_instr_stereotype_replacement_ALL.csv,ok,,lower,,,3.047,2.324,bootstrap row CIs propagated as base_low-method_high/base_high-method_low,0,Bias score disambig.,m4_base_icl_zero,0.723,0.723,2.3240000000000003,results/10_additional_benchmarks/baselines/baseline_evalshared_all_20260306_1249/bbq/bbq_metrics_baseline_evalshared_all_20260306_1249.csv,outputs/2_base_models/bbq/llama_8b/bbq_preds_llama_8b_Age.csv;outputs/2_base_models/bbq/llama_8b/bbq_preds_llama_8b_Disability_status.csv;outputs/2_base_models/bbq/llama_8b/bbq_preds_llama_8b_Gender_identity.csv;outputs/2_base_models/bbq/llama_8b/bbq_preds_llama_8b_Nationality.csv;outputs/2_base_models/bbq/llama_8b/bbq_preds_llama_8b_Physical_appearance.csv;outputs/2_base_models/bbq/llama_8b/bbq_preds_llama_8b_Race_ethnicity.csv;outputs/2_base_models/bbq/llama_8b/bbq_preds_llama_8b_Religion.csv;outputs/2_base_models/bbq/llama_8b/bbq_preds_llama_8b_SES.csv;outputs/2_base_models/bbq/llama_8b/bbq_preds_llama_8b_Sexual_orientation.csv,counter_imaging
llama8b,m4_baseicl_zero_llama8b_ci,intervention_ablation,winobias,WinoBias,ICL,counter_imaging,Counter-stereotypic imaging,abs_pro_anti_gap,-0.001263,-0.07827441133900459,0.08062003606177723,1584,200,results/new_results/m4_base_icl_zero/m4_base_icl_zero_allmodels_20260514_005736/llama8b/evalshared/winobias/m4_baseicl_zero_llama8b_ci_winobias/winobias_metrics_overall_m4_baseicl_zero_llama8b_ci_winobias.csv,outputs/new_outputs/m4_base_icl_zero/m4_base_icl_zero_allmodels_20260514_005736/llama8b/evalshared/winobias/m4_baseicl_zero_llama8b_ci_winobias/winobias_predictions_m4_baseicl_zero_llama8b_ci_winobias.csv,ok,,lower,,,0.276515,-0.001263,bootstrap row CIs propagated as base_low-method_high/base_high-method_low,0,Abs. pro/anti gap,m4_base_icl_zero,0.277778,0.277778,-0.0012630000000000141,results/10_additional_benchmarks/baselines/baseline_evalshared_all_20260306_1249/winobias/llama_8b/winobias_metrics_overall_llama_8b.csv,outputs/10_additional_benchmarks/baselines/baseline_evalshared_all_20260306_1249/winobias/llama_8b/winobias_predictions_llama_8b.csv,counter_imaging
llama8b,m4_baseicl_zero_llama8b_ci,intervention_ablation,winogender,WinoGender,ICL,counter_imaging,Counter-stereotypic imaging,male_female_pair_disagreement_rate,0.0125,-0.07927083333333332,0.11270833333333333,240,200,results/new_results/m4_base_icl_zero/m4_base_icl_zero_allmodels_20260514_005736/llama8b/evalshared/winogender/m4_baseicl_zero_llama8b_ci_winogender/winogender_metrics_overall_m4_baseicl_zero_llama8b_ci_winogender.csv,outputs/new_outputs/m4_base_icl_zero/m4_base_icl_zero_allmodels_20260514_005736/llama8b/evalshared/winogender/m4_baseicl_zero_llama8b_ci_winogender/winogender_preds_m4_baseicl_zero_llama8b_ci_winogender.csv,ok,,lower,,,0.191667,0.0125,bootstrap row CIs propagated as base_low-method_high/base_high-method_low,0,Male/female pair disagreement,m4_base_icl_zero,0.179167,0.179167,0.012500000000000011,results/10_additional_benchmarks/baselines/baseline_evalshared_all_20260306_1249/winogender/llama_8b/winogender_metrics_overall_llama_8b.csv,outputs/10_additional_benchmarks/baselines/baseline_evalshared_all_20260306_1249/winogender/llama_8b/winogender_preds_llama_8b.csv,counter_imaging
llama8b,m3_finetune_ci,intervention_ablation,crowspairs,CrowS-Pairs,DIY IT,counter_imaging,Counter-stereotypic imaging,stereotype_preference_pct,0.93,-3.919552853134604,5.6900003066668,1499,200,results/new_results/m3_finetune_llama_ms500/evalshared/crows_pairs_metrics_overall_m3_finetune_ci.csv,outputs/new_outputs/m3_finetune_llama_ms500/evalshared/crows_pairs_scored_m3_finetune_ci.csv,ok,,target50,64.26,metric_score,15.19,0.93,bootstrap row CIs propagated as base_low-method_high/base_high-method_low,50,Stereotype preference %,m3_finetune_llama_ms500,64.26,14.26,0.9299999999999997,results/10_additional_benchmarks/baselines/baseline_evalshared_all_20260306_1249/crows_pairs_metrics_overall_llama_8b.csv,outputs/10_additional_benchmarks/baselines/baseline_evalshared_all_20260306_1249/crows_pairs_scored_llama_8b.csv,counter_imaging
llama8b,m3_finetune_ci,intervention_ablation,stereoset,StereoSet,DIY IT,counter_imaging,Counter-stereotypic imaging,SS Score,1.05155,-2.176046346654063,3.554622842279505,4229,200,results/new_results/m3_finetune_llama_ms500/evalshared/stereoset_metrics_m3_finetune_ci.csv,outputs/new_outputs/m3_finetune_llama_ms500/evalshared/stereoset_sentence_scores_m3_finetune_ci.csv,ok,,higher,68.55703101,ICAT Score,8.29053,1.05155,bootstrap row CIs propagated as base_low-method_high/base_high-method_low,50,SS Score overall,m3_finetune_llama_ms500,57.239,7.23898,1.0515500000000007,results/10_additional_benchmarks/baselines/baseline_evalshared_all_20260306_1249/stereoset_metrics_llama_8b.csv,outputs/10_additional_benchmarks/baselines/baseline_evalshared_all_20260306_1249/stereoset_sentence_scores_llama_8b.csv,counter_imaging
llama8b,m3_finetune_ci:m3_finetune_ci_instr_off_ALL,intervention_ablation,bbq,BBQ Ambig.,DIY IT,counter_imaging,Counter-stereotypic imaging,Bias_score_ambig,3.239,0.5634495179995751,4.347117871889602,15678,200,results/new_results/m3_finetune_llama_ms500/bbq/bbq_metrics_m3_finetune_ci.csv,outputs/new_outputs/m3_finetune_llama_ms500/bbq/m3_finetune_allstrat/bbq_preds_m3_finetune_allstrat_instr_off_ALL.csv;outputs/new_outputs/m3_finetune_llama_ms500/bbq/m3_finetune_allstrat_action_bbq/bbq_preds_m3_finetune_allstrat_action_bbq_instr_off_ALL.csv;outputs/new_outputs/m3_finetune_llama_ms500/bbq/m3_finetune_allstrat_event_bbq/bbq_preds_m3_finetune_allstrat_event_bbq_instr_off_ALL.csv;outputs/new_outputs/m3_finetune_llama_ms500/bbq/m3_finetune_allstrat_opinion_bbq/bbq_preds_m3_finetune_allstrat_opinion_bbq_instr_off_ALL.csv;outputs/new_outputs/m3_finetune_llama_ms500/bbq/m3_finetune_ci/bbq_preds_m3_finetune_ci_instr_off_ALL.csv;outputs/new_outputs/m3_finetune_llama_ms500/bbq/m3_finetune_ind/bbq_preds_m3_finetune_ind_instr_off_ALL.csv;outputs/new_outputs/m3_finetune_llama_ms500/bbq/m3_finetune_pc/bbq_preds_m3_finetune_pc_instr_off_ALL.csv;outputs/new_outputs/m3_finetune_llama_ms500/bbq/m3_finetune_pt/bbq_preds_m3_finetune_pt_instr_off_ALL.csv;outputs/new_outputs/m3_finetune_llama_ms500/bbq/m3_finetune_sr_indft_bbq/bbq_preds_m3_finetune_sr_indft_bbq_instr_off_ALL.csv,ok,,lower,0.66,mean_abs_bias_disambig,7.39,3.239,bootstrap row CIs propagated as base_low-method_high/base_high-method_low,0,Bias score ambig.,m3_finetune_llama_ms500,4.151,4.151,3.239,results/10_additional_benchmarks/baselines/baseline_evalshared_all_20260306_1249/bbq/bbq_metrics_baseline_evalshared_all_20260306_1249.csv,outputs/2_base_models/bbq/llama_8b/bbq_preds_llama_8b_Age.csv;outputs/2_base_models/bbq/llama_8b/bbq_preds_llama_8b_Disability_status.csv;outputs/2_base_models/bbq/llama_8b/bbq_preds_llama_8b_Gender_identity.csv;outputs/2_base_models/bbq/llama_8b/bbq_preds_llama_8b_Nationality.csv;outputs/2_base_models/bbq/llama_8b/bbq_preds_llama_8b_Physical_appearance.csv;outputs/2_base_models/bbq/llama_8b/bbq_preds_llama_8b_Race_ethnicity.csv;outputs/2_base_models/bbq/llama_8b/bbq_preds_llama_8b_Religion.csv;outputs/2_base_models/bbq/llama_8b/bbq_preds_llama_8b_SES.csv;outputs/2_base_models/bbq/llama_8b/bbq_preds_llama_8b_Sexual_orientation.csv,counter_imaging
llama8b,m3_finetune_ci:m3_finetune_ci_instr_off_ALL,intervention_ablation,bbq,BBQ Disambig.,DIY IT,counter_imaging,Counter-stereotypic imaging,Bias_score_disambig,2.387,-0.8259010346158342,5.090666795781825,15678,200,results/new_results/m3_finetune_llama_ms500/bbq/bbq_metrics_m3_finetune_ci.csv,outputs/new_outputs/m3_finetune_llama_ms500/bbq/m3_finetune_allstrat/bbq_preds_m3_finetune_allstrat_instr_off_ALL.csv;outputs/new_outputs/m3_finetune_llama_ms500/bbq/m3_finetune_allstrat_action_bbq/bbq_preds_m3_finetune_allstrat_action_bbq_instr_off_ALL.csv;outputs/new_outputs/m3_finetune_llama_ms500/bbq/m3_finetune_allstrat_event_bbq/bbq_preds_m3_finetune_allstrat_event_bbq_instr_off_ALL.csv;outputs/new_outputs/m3_finetune_llama_ms500/bbq/m3_finetune_allstrat_opinion_bbq/bbq_preds_m3_finetune_allstrat_opinion_bbq_instr_off_ALL.csv;outputs/new_outputs/m3_finetune_llama_ms500/bbq/m3_finetune_ci/bbq_preds_m3_finetune_ci_instr_off_ALL.csv;outputs/new_outputs/m3_finetune_llama_ms500/bbq/m3_finetune_ind/bbq_preds_m3_finetune_ind_instr_off_ALL.csv;outputs/new_outputs/m3_finetune_llama_ms500/bbq/m3_finetune_pc/bbq_preds_m3_finetune_pc_instr_off_ALL.csv;outputs/new_outputs/m3_finetune_llama_ms500/bbq/m3_finetune_pt/bbq_preds_m3_finetune_pt_instr_off_ALL.csv;outputs/new_outputs/m3_finetune_llama_ms500/bbq/m3_finetune_sr_indft_bbq/bbq_preds_m3_finetune_sr_indft_bbq_instr_off_ALL.csv,ok,,lower,0.66,mean_abs_bias_disambig,3.047,2.387,bootstrap row CIs propagated as base_low-method_high/base_high-method_low,0,Bias score disambig.,m3_finetune_llama_ms500,0.66,0.66,2.387,results/10_additional_benchmarks/baselines/baseline_evalshared_all_20260306_1249/bbq/bbq_metrics_baseline_evalshared_all_20260306_1249.csv,outputs/2_base_models/bbq/llama_8b/bbq_preds_llama_8b_Age.csv;outputs/2_base_models/bbq/llama_8b/bbq_preds_llama_8b_Disability_status.csv;outputs/2_base_models/bbq/llama_8b/bbq_preds_llama_8b_Gender_identity.csv;outputs/2_base_models/bbq/llama_8b/bbq_preds_llama_8b_Nationality.csv;outputs/2_base_models/bbq/llama_8b/bbq_preds_llama_8b_Physical_appearance.csv;outputs/2_base_models/bbq/llama_8b/bbq_preds_llama_8b_Race_ethnicity.csv;outputs/2_base_models/bbq/llama_8b/bbq_preds_llama_8b_Religion.csv;outputs/2_base_models/bbq/llama_8b/bbq_preds_llama_8b_SES.csv;outputs/2_base_models/bbq/llama_8b/bbq_preds_llama_8b_Sexual_orientation.csv,counter_imaging
llama8b,m3_finetune_ci_winobias,intervention_ablation,winobias,WinoBias,DIY IT,counter_imaging,Counter-stereotypic imaging,abs_pro_anti_gap,0.003788,-0.06840481644370183,0.0851790520471177,1584,200,results/new_results/m3_finetune_llama_ms500/evalshared/winobias/m3_finetune_ci_winobias/winobias_metrics_overall_m3_finetune_ci_winobias.csv,outputs/new_outputs/m3_finetune_llama_ms500/evalshared/winobias/m3_finetune_ci_winobias/winobias_predictions_m3_finetune_ci_winobias.csv,ok,,lower,0.27272727,abs_pro_anti_gap,0.276515,0.003788,bootstrap row CIs propagated as base_low-method_high/base_high-method_low,0,Abs. pro/anti gap,m3_finetune_llama_ms500,0.272727,0.272727,0.0037880000000000136,results/10_additional_benchmarks/baselines/baseline_evalshared_all_20260306_1249/winobias/llama_8b/winobias_metrics_overall_llama_8b.csv,outputs/10_additional_benchmarks/baselines/baseline_evalshared_all_20260306_1249/winobias/llama_8b/winobias_predictions_llama_8b.csv,counter_imaging
llama8b,m3_finetune_ci_winogender,intervention_ablation,winogender,WinoGender,DIY IT,counter_imaging,Counter-stereotypic imaging,male_female_pair_disagreement_rate,-0.004166,-0.10020833333333332,0.10854166666666668,240,200,results/new_results/m3_finetune_llama_ms500/evalshared/winogender/m3_finetune_ci_winogender/winogender_metrics_overall_m3_finetune_ci_winogender.csv,outputs/new_outputs/m3_finetune_llama_ms500/evalshared/winogender/m3_finetune_ci_winogender/winogender_preds_m3_finetune_ci_winogender.csv,ok,,lower,17.91666667,mean_abs_occupation_gender_bias_score,0.191667,-0.004166,bootstrap row CIs propagated as base_low-method_high/base_high-method_low,0,Male/female pair disagreement,m3_finetune_llama_ms500,0.195833,0.195833,-0.004166000000000003,results/10_additional_benchmarks/baselines/baseline_evalshared_all_20260306_1249/winogender/llama_8b/winogender_metrics_overall_llama_8b.csv,outputs/10_additional_benchmarks/baselines/baseline_evalshared_all_20260306_1249/winogender/llama_8b/winogender_preds_llama_8b.csv,counter_imaging
llama8b,m6_two_pass__base__counter_imaging_self_debias_two_pass_counter_imaging,intervention_ablation,crowspairs,CrowS-Pairs,DIY Two Pass (No IT),counter_imaging,Counter-stereotypic imaging,stereotype_preference_pct,12.01,8.010826893700846,17.28227212545428,1499,200,results/new_results/m6_self_debiasing/m6sd_20260317_main3/eval/m6_two_pass__base__counter_imaging/crowspairs/crows_pairs_metrics_overall_m6_two_pass__base__counter_imaging_self_debias_two_pass_counter_imaging.csv,outputs/new_outputs/m6_self_debiasing/m6sd_20260317_main3/eval/m6_two_pass__base__counter_imaging/crowspairs/crows_pairs_scored_m6_two_pass__base__counter_imaging_self_debias_two_pass_counter_imaging.csv,ok,,target50,46.82,metric_score,15.19,12.01,bootstrap row CIs propagated as base_low-method_high/base_high-method_low,50,Stereotype preference %,m6_self_debiasing,46.82,3.18,12.01,results/10_additional_benchmarks/baselines/baseline_evalshared_all_20260306_1249/crows_pairs_metrics_overall_llama_8b.csv,outputs/10_additional_benchmarks/baselines/baseline_evalshared_all_20260306_1249/crows_pairs_scored_llama_8b.csv,counter_imaging
llama8b,m6_two_pass__base__counter_imaging_self_debias_two_pass_counter_imaging,intervention_ablation,stereoset,StereoSet,DIY Two Pass (No IT),counter_imaging,Counter-stereotypic imaging,SS Score,0.97036,-2.176046346654063,3.502601087727604,4229,200,results/new_results/m6_self_debiasing/m6sd_20260317_main3/eval/m6_two_pass__base__counter_imaging/stereoset/stereoset_metrics_m6_two_pass__base__counter_imaging_self_debias_two_pass_counter_imaging.csv,outputs/new_outputs/m6_self_debiasing/m6sd_20260317_main3/eval/m6_two_pass__base__counter_imaging/stereoset/stereoset_sentence_scores_m6_two_pass__base__counter_imaging_self_debias_two_pass_counter_imaging.csv,ok,,higher,44.80528389,ICAT Score,8.29053,0.97036,bootstrap row CIs propagated as base_low-method_high/base_high-method_low,50,SS Score overall,m6_self_debiasing,42.6798,7.32017,0.9703600000000003,results/10_additional_benchmarks/baselines/baseline_evalshared_all_20260306_1249/stereoset_metrics_llama_8b.csv,outputs/10_additional_benchmarks/baselines/baseline_evalshared_all_20260306_1249/stereoset_sentence_scores_llama_8b.csv,counter_imaging
llama8b,m6_two_pass__base__counter_imaging,intervention_ablation,bbq,BBQ Ambig.,DIY Two Pass (No IT),counter_imaging,Counter-stereotypic imaging,Bias_score_ambig,4.619,2.5530691910278285,6.66952364519832,15678,200,results/new_results/m6_self_debiasing/m6sd_20260317_main3/eval/m6_two_pass__base__counter_imaging/bbq/bbq_metrics.csv,outputs/new_outputs/m6_self_debiasing/m6sd_20260317_main3/eval/m6_two_pass__base__counter_imaging/bbq/bbq_preds_m6_two_pass__base__counter_imaging_self_debias_two_pass_counter_imaging_fp_base_llama_8b_Race_x_SES.csv;outputs/new_outputs/m6_self_debiasing/m6sd_20260317_main3/eval/m6_two_pass__base__counter_imaging/bbq/bbq_preds_m6_two_pass__base__counter_imaging_self_debias_two_pass_counter_imaging_fp_base_llama_8b_Race_x_gender.csv;outputs/new_outputs/m6_self_debiasing/m6sd_20260317_main3/eval/m6_two_pass__base__counter_imaging/bbq/bbq_preds_m6_two_pass__base__counter_imaging_self_debias_two_pass_counter_imaging_llama_8b_Age.csv;outputs/new_outputs/m6_self_debiasing/m6sd_20260317_main3/eval/m6_two_pass__base__counter_imaging/bbq/bbq_preds_m6_two_pass__base__counter_imaging_self_debias_two_pass_counter_imaging_llama_8b_Disability_status.csv;outputs/new_outputs/m6_self_debiasing/m6sd_20260317_main3/eval/m6_two_pass__base__counter_imaging/bbq/bbq_preds_m6_two_pass__base__counter_imaging_self_debias_two_pass_counter_imaging_llama_8b_Gender_identity.csv;outputs/new_outputs/m6_self_debiasing/m6sd_20260317_main3/eval/m6_two_pass__base__counter_imaging/bbq/bbq_preds_m6_two_pass__base__counter_imaging_self_debias_two_pass_counter_imaging_llama_8b_Nationality.csv;outputs/new_outputs/m6_self_debiasing/m6sd_20260317_main3/eval/m6_two_pass__base__counter_imaging/bbq/bbq_preds_m6_two_pass__base__counter_imaging_self_debias_two_pass_counter_imaging_llama_8b_Physical_appearance.csv;outputs/new_outputs/m6_self_debiasing/m6sd_20260317_main3/eval/m6_two_pass__base__counter_imaging/bbq/bbq_preds_m6_two_pass__base__counter_imaging_self_debias_two_pass_counter_imaging_llama_8b_Race_ethnicity.csv;outputs/new_outputs/m6_self_debiasing/m6sd_20260317_main3/eval/m6_two_pass__base__counter_imaging/bbq/bbq_preds_m6_two_pass__base__counter_imaging_self_debias_two_pass_counter_imaging_llama_8b_Religion.csv;outputs/new_outputs/m6_self_debiasing/m6sd_20260317_main3/eval/m6_two_pass__base__counter_imaging/bbq/bbq_preds_m6_two_pass__base__counter_imaging_self_debias_two_pass_counter_imaging_llama_8b_SES.csv;outputs/new_outputs/m6_self_debiasing/m6sd_20260317_main3/eval/m6_two_pass__base__counter_imaging/bbq/bbq_preds_m6_two_pass__base__counter_imaging_self_debias_two_pass_counter_imaging_llama_8b_Sexual_orientation.csv,ok,,lower,0.087,mean_abs_bias_disambig,7.39,4.619,bootstrap row CIs propagated as base_low-method_high/base_high-method_low,0,Bias score ambig.,m6_self_debiasing,2.771,2.771,4.619,results/10_additional_benchmarks/baselines/baseline_evalshared_all_20260306_1249/bbq/bbq_metrics_baseline_evalshared_all_20260306_1249.csv,outputs/2_base_models/bbq/llama_8b/bbq_preds_llama_8b_Age.csv;outputs/2_base_models/bbq/llama_8b/bbq_preds_llama_8b_Disability_status.csv;outputs/2_base_models/bbq/llama_8b/bbq_preds_llama_8b_Gender_identity.csv;outputs/2_base_models/bbq/llama_8b/bbq_preds_llama_8b_Nationality.csv;outputs/2_base_models/bbq/llama_8b/bbq_preds_llama_8b_Physical_appearance.csv;outputs/2_base_models/bbq/llama_8b/bbq_preds_llama_8b_Race_ethnicity.csv;outputs/2_base_models/bbq/llama_8b/bbq_preds_llama_8b_Religion.csv;outputs/2_base_models/bbq/llama_8b/bbq_preds_llama_8b_SES.csv;outputs/2_base_models/bbq/llama_8b/bbq_preds_llama_8b_Sexual_orientation.csv,counter_imaging
llama8b,m6_two_pass__base__counter_imaging,intervention_ablation,bbq,BBQ Disambig.,DIY Two Pass (No IT),counter_imaging,Counter-stereotypic imaging,Bias_score_disambig,2.96,-0.2577860889208561,5.09825633351988,15678,200,results/new_results/m6_self_debiasing/m6sd_20260317_main3/eval/m6_two_pass__base__counter_imaging/bbq/bbq_metrics.csv,outputs/new_outputs/m6_self_debiasing/m6sd_20260317_main3/eval/m6_two_pass__base__counter_imaging/bbq/bbq_preds_m6_two_pass__base__counter_imaging_self_debias_two_pass_counter_imaging_fp_base_llama_8b_Race_x_SES.csv;outputs/new_outputs/m6_self_debiasing/m6sd_20260317_main3/eval/m6_two_pass__base__counter_imaging/bbq/bbq_preds_m6_two_pass__base__counter_imaging_self_debias_two_pass_counter_imaging_fp_base_llama_8b_Race_x_gender.csv;outputs/new_outputs/m6_self_debiasing/m6sd_20260317_main3/eval/m6_two_pass__base__counter_imaging/bbq/bbq_preds_m6_two_pass__base__counter_imaging_self_debias_two_pass_counter_imaging_llama_8b_Age.csv;outputs/new_outputs/m6_self_debiasing/m6sd_20260317_main3/eval/m6_two_pass__base__counter_imaging/bbq/bbq_preds_m6_two_pass__base__counter_imaging_self_debias_two_pass_counter_imaging_llama_8b_Disability_status.csv;outputs/new_outputs/m6_self_debiasing/m6sd_20260317_main3/eval/m6_two_pass__base__counter_imaging/bbq/bbq_preds_m6_two_pass__base__counter_imaging_self_debias_two_pass_counter_imaging_llama_8b_Gender_identity.csv;outputs/new_outputs/m6_self_debiasing/m6sd_20260317_main3/eval/m6_two_pass__base__counter_imaging/bbq/bbq_preds_m6_two_pass__base__counter_imaging_self_debias_two_pass_counter_imaging_llama_8b_Nationality.csv;outputs/new_outputs/m6_self_debiasing/m6sd_20260317_main3/eval/m6_two_pass__base__counter_imaging/bbq/bbq_preds_m6_two_pass__base__counter_imaging_self_debias_two_pass_counter_imaging_llama_8b_Physical_appearance.csv;outputs/new_outputs/m6_self_debiasing/m6sd_20260317_main3/eval/m6_two_pass__base__counter_imaging/bbq/bbq_preds_m6_two_pass__base__counter_imaging_self_debias_two_pass_counter_imaging_llama_8b_Race_ethnicity.csv;outputs/new_outputs/m6_self_debiasing/m6sd_20260317_main3/eval/m6_two_pass__base__counter_imaging/bbq/bbq_preds_m6_two_pass__base__counter_imaging_self_debias_two_pass_counter_imaging_llama_8b_Religion.csv;outputs/new_outputs/m6_self_debiasing/m6sd_20260317_main3/eval/m6_two_pass__base__counter_imaging/bbq/bbq_preds_m6_two_pass__base__counter_imaging_self_debias_two_pass_counter_imaging_llama_8b_SES.csv;outputs/new_outputs/m6_self_debiasing/m6sd_20260317_main3/eval/m6_two_pass__base__counter_imaging/bbq/bbq_preds_m6_two_pass__base__counter_imaging_self_debias_two_pass_counter_imaging_llama_8b_Sexual_orientation.csv,ok,,lower,0.087,mean_abs_bias_disambig,3.047,2.96,bootstrap row CIs propagated as base_low-method_high/base_high-method_low,0,Bias score disambig.,m6_self_debiasing,0.087,0.087,2.96,results/10_additional_benchmarks/baselines/baseline_evalshared_all_20260306_1249/bbq/bbq_metrics_baseline_evalshared_all_20260306_1249.csv,outputs/2_base_models/bbq/llama_8b/bbq_preds_llama_8b_Age.csv;outputs/2_base_models/bbq/llama_8b/bbq_preds_llama_8b_Disability_status.csv;outputs/2_base_models/bbq/llama_8b/bbq_preds_llama_8b_Gender_identity.csv;outputs/2_base_models/bbq/llama_8b/bbq_preds_llama_8b_Nationality.csv;outputs/2_base_models/bbq/llama_8b/bbq_preds_llama_8b_Physical_appearance.csv;outputs/2_base_models/bbq/llama_8b/bbq_preds_llama_8b_Race_ethnicity.csv;outputs/2_base_models/bbq/llama_8b/bbq_preds_llama_8b_Religion.csv;outputs/2_base_models/bbq/llama_8b/bbq_preds_llama_8b_SES.csv;outputs/2_base_models/bbq/llama_8b/bbq_preds_llama_8b_Sexual_orientation.csv,counter_imaging
llama8b,m6_two_pass__base__counter_imaging_self_debias_two_pass_counter_imaging,intervention_ablation,winobias,WinoBias,DIY Two Pass (No IT),counter_imaging,Counter-stereotypic imaging,abs_pro_anti_gap,0.117424,0.028824627477623904,0.20059314124326338,1584,200,results/new_results_curated/m6_self_debiasing/incorrect/m6sd_20260323_091321_twopass_zero_fix/eval/m6_two_pass__base__counter_imaging/winobias/winobias/m6_two_pass__base__counter_imaging_self_debias_two_pass_counter_imaging/winobias_metrics_overall_m6_two_pass__base__counter_imaging_self_debias_two_pass_counter_imaging.csv,archive/m6_llama8b_dedup_apply_20260504_000252/outputs/new_outputs/m6_self_debiasing/m6sd_20260323_091321_twopass_zero_fix/eval/m6_two_pass__base__counter_imaging/winobias/winobias/m6_two_pass__base__counter_imaging_self_debias_two_pass_counter_imaging/winobias_predictions_m6_two_pass__base__counter_imaging_self_debias_two_pass_counter_imaging.csv,ok,,lower,0.15909091,abs_pro_anti_gap,0.276515,0.117424,bootstrap row CIs propagated as base_low-method_high/base_high-method_low,0,Abs. pro/anti gap,m6_self_debiasing,0.159091,0.159091,0.117424,results/10_additional_benchmarks/baselines/baseline_evalshared_all_20260306_1249/winobias/llama_8b/winobias_metrics_overall_llama_8b.csv,outputs/10_additional_benchmarks/baselines/baseline_evalshared_all_20260306_1249/winobias/llama_8b/winobias_predictions_llama_8b.csv,counter_imaging
llama8b,m6_two_pass__base__counter_imaging_self_debias_two_pass_counter_imaging,intervention_ablation,winogender,WinoGender,DIY Two Pass (No IT),counter_imaging,Counter-stereotypic imaging,male_female_pair_disagreement_rate,0.025,-0.06677083333333331,0.12093750000000002,240,200,results/new_results_curated/m6_self_debiasing/incorrect/m6sd_20260323_091321_twopass_zero_fix/eval/m6_two_pass__base__counter_imaging/winogender/winogender/m6_two_pass__base__counter_imaging_self_debias_two_pass_counter_imaging/winogender_metrics_overall_m6_two_pass__base__counter_imaging_self_debias_two_pass_counter_imaging.csv,archive/m6_llama8b_dedup_apply_20260504_000252/outputs/new_outputs/m6_self_debiasing/m6sd_20260323_091321_twopass_zero_fix/eval/m6_two_pass__base__counter_imaging/winogender/winogender/m6_two_pass__base__counter_imaging_self_debias_two_pass_counter_imaging/winogender_preds_m6_two_pass__base__counter_imaging_self_debias_two_pass_counter_imaging.csv,ok,,lower,16.66666667,mean_abs_occupation_gender_bias_score,0.191667,0.025,bootstrap row CIs propagated as base_low-method_high/base_high-method_low,0,Male/female pair disagreement,m6_self_debiasing,0.166667,0.166667,0.024999999999999994,results/10_additional_benchmarks/baselines/baseline_evalshared_all_20260306_1249/winogender/llama_8b/winogender_metrics_overall_llama_8b.csv,outputs/10_additional_benchmarks/baselines/baseline_evalshared_all_20260306_1249/winogender/llama_8b/winogender_preds_llama_8b.csv,counter_imaging
llama8b,m6_two_pass__finetuned_ms-500-counter-imaging-opinion-action-event-allversions__counter_imaging_self_debias_two_pass_counter_imaging,intervention_ablation,crowspairs,CrowS-Pairs,DIY Two Pass (IT),counter_imaging,Counter-stereotypic imaging,stereotype_preference_pct,14.33,10.343314926739803,17.745429754234024,1499,200,results/new_results/m6_self_debiasing/m6sd_20260317_main3/eval/m6_two_pass__finetuned_ms-500-counter-imaging-opinion-action-event-allversions__counter_imaging/crowspairs/crows_pairs_metrics_overall_m6_two_pass__finetuned_ms-500-counter-imaging-opinion-action-event-allversions__counter_imaging_self_debias_two_pass_counter_imaging.csv,outputs/new_outputs/m6_self_debiasing/m6sd_20260317_main3/eval/m6_two_pass__finetuned_ms-500-counter-imaging-opinion-action-event-allversions__counter_imaging/crowspairs/crows_pairs_scored_m6_two_pass__finetuned_ms-500-counter-imaging-opinion-action-event-allversions__counter_imaging_self_debias_two_pass_counter_imaging.csv,ok,,target50,49.14,metric_score,15.19,14.33,bootstrap row CIs propagated as base_low-method_high/base_high-method_low,50,Stereotype preference %,m6_self_debiasing,49.14,0.86,14.33,results/10_additional_benchmarks/baselines/baseline_evalshared_all_20260306_1249/crows_pairs_metrics_overall_llama_8b.csv,outputs/10_additional_benchmarks/baselines/baseline_evalshared_all_20260306_1249/crows_pairs_scored_llama_8b.csv,counter_imaging
llama8b,m6_two_pass__finetuned_ms-500-counter-imaging-opinion-action-event-allversions__counter_imaging_self_debias_two_pass_counter_imaging,intervention_ablation,stereoset,StereoSet,DIY Two Pass (IT),counter_imaging,Counter-stereotypic imaging,SS Score,1.07119,-2.0111137384724582,3.7863561125561693,4229,200,results/new_results/m6_self_debiasing/m6sd_20260317_main3/eval/m6_two_pass__finetuned_ms-500-counter-imaging-opinion-action-event-allversions__counter_imaging/stereoset/stereoset_metrics_m6_two_pass__finetuned_ms-500-counter-imaging-opinion-action-event-allversions__counter_imaging_self_debias_two_pass_counter_imaging.csv,outputs/new_outputs/m6_self_debiasing/m6sd_20260317_main3/eval/m6_two_pass__finetuned_ms-500-counter-imaging-opinion-action-event-allversions__counter_imaging/stereoset/stereoset_sentence_scores_m6_two_pass__finetuned_ms-500-counter-imaging-opinion-action-event-allversions__counter_imaging_self_debias_two_pass_counter_imaging.csv,ok,,higher,45.00807137,ICAT Score,8.29053,1.07119,bootstrap row CIs propagated as base_low-method_high/base_high-method_low,50,SS Score overall,m6_self_debiasing,42.7807,7.21934,1.0711900000000005,results/10_additional_benchmarks/baselines/baseline_evalshared_all_20260306_1249/stereoset_metrics_llama_8b.csv,outputs/10_additional_benchmarks/baselines/baseline_evalshared_all_20260306_1249/stereoset_sentence_scores_llama_8b.csv,counter_imaging
llama8b,m6_two_pass__finetuned_ms-500-counter-imaging-opinion-action-event-allversions__counter_imaging,intervention_ablation,bbq,BBQ Ambig.,DIY Two Pass (IT),counter_imaging,Counter-stereotypic imaging,Bias_score_ambig,5.327,3.2265841871903644,7.511971260492083,15678,200,results/new_results/m6_self_debiasing/m6sd_20260317_main3/eval/m6_two_pass__finetuned_ms-500-counter-imaging-opinion-action-event-allversions__counter_imaging/bbq/bbq_metrics.csv,outputs/new_outputs/m6_self_debiasing/m6sd_20260317_main3/eval/m6_two_pass__finetuned_ms-500-counter-imaging-opinion-action-event-allversions__counter_imaging/bbq/bbq_preds_m6_two_pass__finetuned_ms-500-counter-imaging-opinion-action-event-allversions__counter_imaging_self_debias_two_pass_counter_imaging_fp_finetuned_ms-500-counter-imaging-opinion-action-event-allversions_Age.csv;outputs/new_outputs/m6_self_debiasing/m6sd_20260317_main3/eval/m6_two_pass__finetuned_ms-500-counter-imaging-opinion-action-event-allversions__counter_imaging/bbq/bbq_preds_m6_two_pass__finetuned_ms-500-counter-imaging-opinion-action-event-allversions__counter_imaging_self_debias_two_pass_counter_imaging_fp_finetuned_ms-500-counter-imaging-opinion-action-event-allversions_Disability_status.csv;outputs/new_outputs/m6_self_debiasing/m6sd_20260317_main3/eval/m6_two_pass__finetuned_ms-500-counter-imaging-opinion-action-event-allversions__counter_imaging/bbq/bbq_preds_m6_two_pass__finetuned_ms-500-counter-imaging-opinion-action-event-allversions__counter_imaging_self_debias_two_pass_counter_imaging_fp_finetuned_ms-500-counter-imaging-opinion-action-event-allversions_Gender_identity.csv;outputs/new_outputs/m6_self_debiasing/m6sd_20260317_main3/eval/m6_two_pass__finetuned_ms-500-counter-imaging-opinion-action-event-allversions__counter_imaging/bbq/bbq_preds_m6_two_pass__finetuned_ms-500-counter-imaging-opinion-action-event-allversions__counter_imaging_self_debias_two_pass_counter_imaging_fp_finetuned_ms-500-counter-imaging-opinion-action-event-allversions_Nationality.csv;outputs/new_outputs/m6_self_debiasing/m6sd_20260317_main3/eval/m6_two_pass__finetuned_ms-500-counter-imaging-opinion-action-event-allversions__counter_imaging/bbq/bbq_preds_m6_two_pass__finetuned_ms-500-counter-imaging-opinion-action-event-allversions__counter_imaging_self_debias_two_pass_counter_imaging_fp_finetuned_ms-500-counter-imaging-opinion-action-event-allversions_Physical_appearance.csv;outputs/new_outputs/m6_self_debiasing/m6sd_20260317_main3/eval/m6_two_pass__finetuned_ms-500-counter-imaging-opinion-action-event-allversions__counter_imaging/bbq/bbq_preds_m6_two_pass__finetuned_ms-500-counter-imaging-opinion-action-event-allversions__counter_imaging_self_debias_two_pass_counter_imaging_fp_finetuned_ms-500-counter-imaging-opinion-action-event-allversions_Race_ethnicity.csv;outputs/new_outputs/m6_self_debiasing/m6sd_20260317_main3/eval/m6_two_pass__finetuned_ms-500-counter-imaging-opinion-action-event-allversions__counter_imaging/bbq/bbq_preds_m6_two_pass__finetuned_ms-500-counter-imaging-opinion-action-event-allversions__counter_imaging_self_debias_two_pass_counter_imaging_fp_finetuned_ms-500-counter-imaging-opinion-action-event-allversions_Race_x_SES.csv;outputs/new_outputs/m6_self_debiasing/m6sd_20260317_main3/eval/m6_two_pass__finetuned_ms-500-counter-imaging-opinion-action-event-allversions__counter_imaging/bbq/bbq_preds_m6_two_pass__finetuned_ms-500-counter-imaging-opinion-action-event-allversions__counter_imaging_self_debias_two_pass_counter_imaging_fp_finetuned_ms-500-counter-imaging-opinion-action-event-allversions_Race_x_gender.csv;outputs/new_outputs/m6_self_debiasing/m6sd_20260317_main3/eval/m6_two_pass__finetuned_ms-500-counter-imaging-opinion-action-event-allversions__counter_imaging/bbq/bbq_preds_m6_two_pass__finetuned_ms-500-counter-imaging-opinion-action-event-allversions__counter_imaging_self_debias_two_pass_counter_imaging_fp_finetuned_ms-500-counter-imaging-opinion-action-event-allversions_Religion.csv;outputs/new_outputs/m6_self_debiasing/m6sd_20260317_main3/eval/m6_two_pass__finetuned_ms-500-counter-imaging-opinion-action-event-allversions__counter_imaging/bbq/bbq_preds_m6_two_pass__finetuned_ms-500-counter-imaging-opinion-action-event-allversions__counter_imaging_self_debias_two_pass_counter_imaging_fp_finetuned_ms-500-counter-imaging-opinion-action-event-allversions_Sexual_orientation.csv,ok,,lower,0.799,mean_abs_bias_disambig,7.39,5.327,bootstrap row CIs propagated as base_low-method_high/base_high-method_low,0,Bias score ambig.,m6_self_debiasing,2.063,2.063,5.327,results/10_additional_benchmarks/baselines/baseline_evalshared_all_20260306_1249/bbq/bbq_metrics_baseline_evalshared_all_20260306_1249.csv,outputs/2_base_models/bbq/llama_8b/bbq_preds_llama_8b_Age.csv;outputs/2_base_models/bbq/llama_8b/bbq_preds_llama_8b_Disability_status.csv;outputs/2_base_models/bbq/llama_8b/bbq_preds_llama_8b_Gender_identity.csv;outputs/2_base_models/bbq/llama_8b/bbq_preds_llama_8b_Nationality.csv;outputs/2_base_models/bbq/llama_8b/bbq_preds_llama_8b_Physical_appearance.csv;outputs/2_base_models/bbq/llama_8b/bbq_preds_llama_8b_Race_ethnicity.csv;outputs/2_base_models/bbq/llama_8b/bbq_preds_llama_8b_Religion.csv;outputs/2_base_models/bbq/llama_8b/bbq_preds_llama_8b_SES.csv;outputs/2_base_models/bbq/llama_8b/bbq_preds_llama_8b_Sexual_orientation.csv,counter_imaging
llama8b,m6_two_pass__finetuned_ms-500-counter-imaging-opinion-action-event-allversions__counter_imaging,intervention_ablation,bbq,BBQ Disambig.,DIY Two Pass (IT),counter_imaging,Counter-stereotypic imaging,Bias_score_disambig,2.248,-0.8774705270351408,5.0625724028592005,15678,200,results/new_results/m6_self_debiasing/m6sd_20260317_main3/eval/m6_two_pass__finetuned_ms-500-counter-imaging-opinion-action-event-allversions__counter_imaging/bbq/bbq_metrics.csv,outputs/new_outputs/m6_self_debiasing/m6sd_20260317_main3/eval/m6_two_pass__finetuned_ms-500-counter-imaging-opinion-action-event-allversions__counter_imaging/bbq/bbq_preds_m6_two_pass__finetuned_ms-500-counter-imaging-opinion-action-event-allversions__counter_imaging_self_debias_two_pass_counter_imaging_fp_finetuned_ms-500-counter-imaging-opinion-action-event-allversions_Age.csv;outputs/new_outputs/m6_self_debiasing/m6sd_20260317_main3/eval/m6_two_pass__finetuned_ms-500-counter-imaging-opinion-action-event-allversions__counter_imaging/bbq/bbq_preds_m6_two_pass__finetuned_ms-500-counter-imaging-opinion-action-event-allversions__counter_imaging_self_debias_two_pass_counter_imaging_fp_finetuned_ms-500-counter-imaging-opinion-action-event-allversions_Disability_status.csv;outputs/new_outputs/m6_self_debiasing/m6sd_20260317_main3/eval/m6_two_pass__finetuned_ms-500-counter-imaging-opinion-action-event-allversions__counter_imaging/bbq/bbq_preds_m6_two_pass__finetuned_ms-500-counter-imaging-opinion-action-event-allversions__counter_imaging_self_debias_two_pass_counter_imaging_fp_finetuned_ms-500-counter-imaging-opinion-action-event-allversions_Gender_identity.csv;outputs/new_outputs/m6_self_debiasing/m6sd_20260317_main3/eval/m6_two_pass__finetuned_ms-500-counter-imaging-opinion-action-event-allversions__counter_imaging/bbq/bbq_preds_m6_two_pass__finetuned_ms-500-counter-imaging-opinion-action-event-allversions__counter_imaging_self_debias_two_pass_counter_imaging_fp_finetuned_ms-500-counter-imaging-opinion-action-event-allversions_Nationality.csv;outputs/new_outputs/m6_self_debiasing/m6sd_20260317_main3/eval/m6_two_pass__finetuned_ms-500-counter-imaging-opinion-action-event-allversions__counter_imaging/bbq/bbq_preds_m6_two_pass__finetuned_ms-500-counter-imaging-opinion-action-event-allversions__counter_imaging_self_debias_two_pass_counter_imaging_fp_finetuned_ms-500-counter-imaging-opinion-action-event-allversions_Physical_appearance.csv;outputs/new_outputs/m6_self_debiasing/m6sd_20260317_main3/eval/m6_two_pass__finetuned_ms-500-counter-imaging-opinion-action-event-allversions__counter_imaging/bbq/bbq_preds_m6_two_pass__finetuned_ms-500-counter-imaging-opinion-action-event-allversions__counter_imaging_self_debias_two_pass_counter_imaging_fp_finetuned_ms-500-counter-imaging-opinion-action-event-allversions_Race_ethnicity.csv;outputs/new_outputs/m6_self_debiasing/m6sd_20260317_main3/eval/m6_two_pass__finetuned_ms-500-counter-imaging-opinion-action-event-allversions__counter_imaging/bbq/bbq_preds_m6_two_pass__finetuned_ms-500-counter-imaging-opinion-action-event-allversions__counter_imaging_self_debias_two_pass_counter_imaging_fp_finetuned_ms-500-counter-imaging-opinion-action-event-allversions_Race_x_SES.csv;outputs/new_outputs/m6_self_debiasing/m6sd_20260317_main3/eval/m6_two_pass__finetuned_ms-500-counter-imaging-opinion-action-event-allversions__counter_imaging/bbq/bbq_preds_m6_two_pass__finetuned_ms-500-counter-imaging-opinion-action-event-allversions__counter_imaging_self_debias_two_pass_counter_imaging_fp_finetuned_ms-500-counter-imaging-opinion-action-event-allversions_Race_x_gender.csv;outputs/new_outputs/m6_self_debiasing/m6sd_20260317_main3/eval/m6_two_pass__finetuned_ms-500-counter-imaging-opinion-action-event-allversions__counter_imaging/bbq/bbq_preds_m6_two_pass__finetuned_ms-500-counter-imaging-opinion-action-event-allversions__counter_imaging_self_debias_two_pass_counter_imaging_fp_finetuned_ms-500-counter-imaging-opinion-action-event-allversions_Religion.csv;outputs/new_outputs/m6_self_debiasing/m6sd_20260317_main3/eval/m6_two_pass__finetuned_ms-500-counter-imaging-opinion-action-event-allversions__counter_imaging/bbq/bbq_preds_m6_two_pass__finetuned_ms-500-counter-imaging-opinion-action-event-allversions__counter_imaging_self_debias_two_pass_counter_imaging_fp_finetuned_ms-500-counter-imaging-opinion-action-event-allversions_Sexual_orientation.csv,ok,,lower,0.799,mean_abs_bias_disambig,3.047,2.248,bootstrap row CIs propagated as base_low-method_high/base_high-method_low,0,Bias score disambig.,m6_self_debiasing,0.799,0.799,2.248,results/10_additional_benchmarks/baselines/baseline_evalshared_all_20260306_1249/bbq/bbq_metrics_baseline_evalshared_all_20260306_1249.csv,outputs/2_base_models/bbq/llama_8b/bbq_preds_llama_8b_Age.csv;outputs/2_base_models/bbq/llama_8b/bbq_preds_llama_8b_Disability_status.csv;outputs/2_base_models/bbq/llama_8b/bbq_preds_llama_8b_Gender_identity.csv;outputs/2_base_models/bbq/llama_8b/bbq_preds_llama_8b_Nationality.csv;outputs/2_base_models/bbq/llama_8b/bbq_preds_llama_8b_Physical_appearance.csv;outputs/2_base_models/bbq/llama_8b/bbq_preds_llama_8b_Race_ethnicity.csv;outputs/2_base_models/bbq/llama_8b/bbq_preds_llama_8b_Religion.csv;outputs/2_base_models/bbq/llama_8b/bbq_preds_llama_8b_SES.csv;outputs/2_base_models/bbq/llama_8b/bbq_preds_llama_8b_Sexual_orientation.csv,counter_imaging
llama8b,m6_two_pass__finetuned_ms-500-counter-imaging-opinion-action-event-allversions__counter_imaging_self_debias_two_pass_counter_imaging,intervention_ablation,winobias,WinoBias,DIY Two Pass (IT),counter_imaging,Counter-stereotypic imaging,abs_pro_anti_gap,0.145202,0.06196613480233584,0.2333761203402872,1584,200,results/new_results_curated/m6_self_debiasing/incorrect/m6sd_20260323_091321_twopass_zero_fix/eval/m6_two_pass__finetuned_ms-500-counter-imaging-opinion-action-event-allversions__counter_imaging/winobias/winobias/m6_two_pass__finetuned_ms-500-counter-imaging-opinion-action-event-allversions__counter_imaging_self_debias_two_pass_counter_imaging/winobias_metrics_overall_m6_two_pass__finetuned_ms-500-counter-imaging-opinion-action-event-allversions__counter_imaging_self_debias_two_pass_counter_imaging.csv,archive/m6_llama8b_dedup_apply_20260504_000252/outputs/new_outputs/m6_self_debiasing/m6sd_20260323_091321_twopass_zero_fix/eval/m6_two_pass__finetuned_ms-500-counter-imaging-opinion-action-event-allversions__counter_imaging/winobias/winobias/m6_two_pass__finetuned_ms-500-counter-imaging-opinion-action-event-allversions__counter_imaging_self_debias_two_pass_counter_imaging/winobias_predictions_m6_two_pass__finetuned_ms-500-counter-imaging-opinion-action-event-allversions__counter_imaging_self_debias_two_pass_counter_imaging.csv,ok,,lower,0.13131313,abs_pro_anti_gap,0.276515,0.145202,bootstrap row CIs propagated as base_low-method_high/base_high-method_low,0,Abs. pro/anti gap,m6_self_debiasing,0.131313,0.131313,0.145202,results/10_additional_benchmarks/baselines/baseline_evalshared_all_20260306_1249/winobias/llama_8b/winobias_metrics_overall_llama_8b.csv,outputs/10_additional_benchmarks/baselines/baseline_evalshared_all_20260306_1249/winobias/llama_8b/winobias_predictions_llama_8b.csv,counter_imaging
llama8b,m6_two_pass__finetuned_ms-500-counter-imaging-opinion-action-event-allversions__counter_imaging_self_debias_two_pass_counter_imaging,intervention_ablation,winogender,WinoGender,DIY Two Pass (IT),counter_imaging,Counter-stereotypic imaging,male_female_pair_disagreement_rate,0.05,-0.04177083333333331,0.14187500000000003,240,200,results/new_results_curated/m6_self_debiasing/incorrect/m6sd_20260323_091321_twopass_zero_fix/eval/m6_two_pass__finetuned_ms-500-counter-imaging-opinion-action-event-allversions__counter_imaging/winogender/winogender/m6_two_pass__finetuned_ms-500-counter-imaging-opinion-action-event-allversions__counter_imaging_self_debias_two_pass_counter_imaging/winogender_metrics_overall_m6_two_pass__finetuned_ms-500-counter-imaging-opinion-action-event-allversions__counter_imaging_self_debias_two_pass_counter_imaging.csv,archive/m6_llama8b_dedup_apply_20260504_000252/outputs/new_outputs/m6_self_debiasing/m6sd_20260323_091321_twopass_zero_fix/eval/m6_two_pass__finetuned_ms-500-counter-imaging-opinion-action-event-allversions__counter_imaging/winogender/winogender/m6_two_pass__finetuned_ms-500-counter-imaging-opinion-action-event-allversions__counter_imaging_self_debias_two_pass_counter_imaging/winogender_preds_m6_two_pass__finetuned_ms-500-counter-imaging-opinion-action-event-allversions__counter_imaging_self_debias_two_pass_counter_imaging.csv,ok,,lower,13.33333333,mean_abs_occupation_gender_bias_score,0.191667,0.05,bootstrap row CIs propagated as base_low-method_high/base_high-method_low,0,Male/female pair disagreement,m6_self_debiasing,0.141667,0.141667,0.05000000000000002,results/10_additional_benchmarks/baselines/baseline_evalshared_all_20260306_1249/winogender/llama_8b/winogender_metrics_overall_llama_8b.csv,outputs/10_additional_benchmarks/baselines/baseline_evalshared_all_20260306_1249/winogender/llama_8b/winogender_preds_llama_8b.csv,counter_imaging
llama8b,m4_baseicl_zero_llama8b_pc,intervention_ablation,crowspairs,CrowS-Pairs,ICL,positive_contact,Positive contact,stereotype_preference_pct,5.38,-10.630775577995287,-1.4691577638934703,1258,200,results/new_results/m4_base_icl_zero/m4_base_icl_zero_allmodels_20260514_005736/llama8b/evalshared/crows_pairs_metrics_overall_m4_baseicl_zero_llama8b_pc_crowspairs.csv,outputs/new_outputs/m4_base_icl_zero/m4_base_icl_zero_allmodels_20260514_005736/llama8b/evalshared/crows_pairs_scored_m4_baseicl_zero_llama8b_pc_crowspairs.csv,ok,,lower,,,15.19,5.38,bootstrap row CIs propagated as base_low-method_high/base_high-method_low,50,Stereotype preference %,m4_base_icl_zero,59.81,9.81,5.379999999999999,results/10_additional_benchmarks/baselines/baseline_evalshared_all_20260306_1249/crows_pairs_metrics_overall_llama_8b.csv,outputs/10_additional_benchmarks/baselines/baseline_evalshared_all_20260306_1249/crows_pairs_scored_llama_8b.csv,positive_contact
llama8b,m4_baseicl_zero_llama8b_pc,intervention_ablation,stereoset,StereoSet,ICL,positive_contact,Positive contact,SS Score,2.52381,-0.30917474580279336,5.322771340742502,4229,200,results/new_results/m4_base_icl_zero/m4_base_icl_zero_allmodels_20260514_005736/llama8b/evalshared/stereoset_metrics_m4_baseicl_zero_llama8b_pc_stereoset.csv,outputs/new_outputs/m4_base_icl_zero/m4_base_icl_zero_allmodels_20260514_005736/llama8b/evalshared/stereoset_sentence_scores_m4_baseicl_zero_llama8b_pc_stereoset.csv,ok,,lower,,,8.29053,2.52381,bootstrap row CIs propagated as base_low-method_high/base_high-method_low,50,SS Score overall,m4_base_icl_zero,55.7667,5.76672,2.52381,results/10_additional_benchmarks/baselines/baseline_evalshared_all_20260306_1249/stereoset_metrics_llama_8b.csv,outputs/10_additional_benchmarks/baselines/baseline_evalshared_all_20260306_1249/stereoset_sentence_scores_llama_8b.csv,positive_contact
llama8b,m4_baseicl_zero_llama8b_pc,intervention_ablation,bbq,BBQ Ambig.,ICL,positive_contact,Positive contact,Bias_score_ambig,3.652,1.2604876191008838,5.0285940330497425,15678,200,results/new_results/m4_base_icl_zero/m4_base_icl_zero_allmodels_20260514_005736/llama8b/bbq/bbq_metrics_m4_baseicl_zero_llama8b_pc_bbq.csv,outputs/new_outputs/m4_base_icl_zero/m4_base_icl_zero_allmodels_20260514_005736/llama8b/bbq/m4_baseicl_zero_llama8b_allstrat_bbq/bbq_preds_m4_baseicl_zero_llama8b_allstrat_bbq_instr_all_strategies_ALL.csv;outputs/new_outputs/m4_base_icl_zero/m4_base_icl_zero_allmodels_20260514_005736/llama8b/bbq/m4_baseicl_zero_llama8b_ci_bbq/bbq_preds_m4_baseicl_zero_llama8b_ci_bbq_instr_counter_imaging_ALL.csv;outputs/new_outputs/m4_base_icl_zero/m4_base_icl_zero_allmodels_20260514_005736/llama8b/bbq/m4_baseicl_zero_llama8b_ind_bbq/bbq_preds_m4_baseicl_zero_llama8b_ind_bbq_instr_individuating_ALL.csv;outputs/new_outputs/m4_base_icl_zero/m4_base_icl_zero_allmodels_20260514_005736/llama8b/bbq/m4_baseicl_zero_llama8b_pc_bbq/bbq_preds_m4_baseicl_zero_llama8b_pc_bbq_instr_positive_contact_ALL.csv;outputs/new_outputs/m4_base_icl_zero/m4_base_icl_zero_allmodels_20260514_005736/llama8b/bbq/m4_baseicl_zero_llama8b_pt_bbq/bbq_preds_m4_baseicl_zero_llama8b_pt_bbq_instr_perspective_taking_ALL.csv;outputs/new_outputs/m4_base_icl_zero/m4_base_icl_zero_allmodels_20260514_005736/llama8b/bbq/m4_baseicl_zero_llama8b_sr_bbq/bbq_preds_m4_baseicl_zero_llama8b_sr_bbq_instr_stereotype_replacement_ALL.csv,ok,,lower,,,7.39,3.652,bootstrap row CIs propagated as base_low-method_high/base_high-method_low,0,Bias score ambig.,m4_base_icl_zero,3.738,3.738,3.6519999999999997,results/10_additional_benchmarks/baselines/baseline_evalshared_all_20260306_1249/bbq/bbq_metrics_baseline_evalshared_all_20260306_1249.csv,outputs/2_base_models/bbq/llama_8b/bbq_preds_llama_8b_Age.csv;outputs/2_base_models/bbq/llama_8b/bbq_preds_llama_8b_Disability_status.csv;outputs/2_base_models/bbq/llama_8b/bbq_preds_llama_8b_Gender_identity.csv;outputs/2_base_models/bbq/llama_8b/bbq_preds_llama_8b_Nationality.csv;outputs/2_base_models/bbq/llama_8b/bbq_preds_llama_8b_Physical_appearance.csv;outputs/2_base_models/bbq/llama_8b/bbq_preds_llama_8b_Race_ethnicity.csv;outputs/2_base_models/bbq/llama_8b/bbq_preds_llama_8b_Religion.csv;outputs/2_base_models/bbq/llama_8b/bbq_preds_llama_8b_SES.csv;outputs/2_base_models/bbq/llama_8b/bbq_preds_llama_8b_Sexual_orientation.csv,positive_contact
llama8b,m4_baseicl_zero_llama8b_pc,intervention_ablation,bbq,BBQ Disambig.,ICL,positive_contact,Positive contact,Bias_score_disambig,1.787,-1.1420254862266719,5.058809060385248,15678,200,results/new_results/m4_base_icl_zero/m4_base_icl_zero_allmodels_20260514_005736/llama8b/bbq/bbq_metrics_m4_baseicl_zero_llama8b_pc_bbq.csv,outputs/new_outputs/m4_base_icl_zero/m4_base_icl_zero_allmodels_20260514_005736/llama8b/bbq/m4_baseicl_zero_llama8b_allstrat_bbq/bbq_preds_m4_baseicl_zero_llama8b_allstrat_bbq_instr_all_strategies_ALL.csv;outputs/new_outputs/m4_base_icl_zero/m4_base_icl_zero_allmodels_20260514_005736/llama8b/bbq/m4_baseicl_zero_llama8b_ci_bbq/bbq_preds_m4_baseicl_zero_llama8b_ci_bbq_instr_counter_imaging_ALL.csv;outputs/new_outputs/m4_base_icl_zero/m4_base_icl_zero_allmodels_20260514_005736/llama8b/bbq/m4_baseicl_zero_llama8b_ind_bbq/bbq_preds_m4_baseicl_zero_llama8b_ind_bbq_instr_individuating_ALL.csv;outputs/new_outputs/m4_base_icl_zero/m4_base_icl_zero_allmodels_20260514_005736/llama8b/bbq/m4_baseicl_zero_llama8b_pc_bbq/bbq_preds_m4_baseicl_zero_llama8b_pc_bbq_instr_positive_contact_ALL.csv;outputs/new_outputs/m4_base_icl_zero/m4_base_icl_zero_allmodels_20260514_005736/llama8b/bbq/m4_baseicl_zero_llama8b_pt_bbq/bbq_preds_m4_baseicl_zero_llama8b_pt_bbq_instr_perspective_taking_ALL.csv;outputs/new_outputs/m4_base_icl_zero/m4_base_icl_zero_allmodels_20260514_005736/llama8b/bbq/m4_baseicl_zero_llama8b_sr_bbq/bbq_preds_m4_baseicl_zero_llama8b_sr_bbq_instr_stereotype_replacement_ALL.csv,ok,,lower,,,3.047,1.787,bootstrap row CIs propagated as base_low-method_high/base_high-method_low,0,Bias score disambig.,m4_base_icl_zero,1.26,1.26,1.7870000000000001,results/10_additional_benchmarks/baselines/baseline_evalshared_all_20260306_1249/bbq/bbq_metrics_baseline_evalshared_all_20260306_1249.csv,outputs/2_base_models/bbq/llama_8b/bbq_preds_llama_8b_Age.csv;outputs/2_base_models/bbq/llama_8b/bbq_preds_llama_8b_Disability_status.csv;outputs/2_base_models/bbq/llama_8b/bbq_preds_llama_8b_Gender_identity.csv;outputs/2_base_models/bbq/llama_8b/bbq_preds_llama_8b_Nationality.csv;outputs/2_base_models/bbq/llama_8b/bbq_preds_llama_8b_Physical_appearance.csv;outputs/2_base_models/bbq/llama_8b/bbq_preds_llama_8b_Race_ethnicity.csv;outputs/2_base_models/bbq/llama_8b/bbq_preds_llama_8b_Religion.csv;outputs/2_base_models/bbq/llama_8b/bbq_preds_llama_8b_SES.csv;outputs/2_base_models/bbq/llama_8b/bbq_preds_llama_8b_Sexual_orientation.csv,positive_contact
llama8b,m4_baseicl_zero_llama8b_pc,intervention_ablation,winobias,WinoBias,ICL,positive_contact,Positive contact,abs_pro_anti_gap,-0.001263,-0.0760478234656689,0.08528427776483824,1584,200,results/new_results/m4_base_icl_zero/m4_base_icl_zero_allmodels_20260514_005736/llama8b/evalshared/winobias/m4_baseicl_zero_llama8b_pc_winobias/winobias_metrics_overall_m4_baseicl_zero_llama8b_pc_winobias.csv,outputs/new_outputs/m4_base_icl_zero/m4_base_icl_zero_allmodels_20260514_005736/llama8b/evalshared/winobias/m4_baseicl_zero_llama8b_pc_winobias/winobias_predictions_m4_baseicl_zero_llama8b_pc_winobias.csv,ok,,lower,,,0.276515,-0.001263,bootstrap row CIs propagated as base_low-method_high/base_high-method_low,0,Abs. pro/anti gap,m4_base_icl_zero,0.277778,0.277778,-0.0012630000000000141,results/10_additional_benchmarks/baselines/baseline_evalshared_all_20260306_1249/winobias/llama_8b/winobias_metrics_overall_llama_8b.csv,outputs/10_additional_benchmarks/baselines/baseline_evalshared_all_20260306_1249/winobias/llama_8b/winobias_predictions_llama_8b.csv,positive_contact
llama8b,m4_baseicl_zero_llama8b_pc,intervention_ablation,winogender,WinoGender,ICL,positive_contact,Positive contact,male_female_pair_disagreement_rate,0.0125,-0.08354166666666665,0.11270833333333333,240,200,results/new_results/m4_base_icl_zero/m4_base_icl_zero_allmodels_20260514_005736/llama8b/evalshared/winogender/m4_baseicl_zero_llama8b_pc_winogender/winogender_metrics_overall_m4_baseicl_zero_llama8b_pc_winogender.csv,outputs/new_outputs/m4_base_icl_zero/m4_base_icl_zero_allmodels_20260514_005736/llama8b/evalshared/winogender/m4_baseicl_zero_llama8b_pc_winogender/winogender_preds_m4_baseicl_zero_llama8b_pc_winogender.csv,ok,,lower,,,0.191667,0.0125,bootstrap row CIs propagated as base_low-method_high/base_high-method_low,0,Male/female pair disagreement,m4_base_icl_zero,0.179167,0.179167,0.012500000000000011,results/10_additional_benchmarks/baselines/baseline_evalshared_all_20260306_1249/winogender/llama_8b/winogender_metrics_overall_llama_8b.csv,outputs/10_additional_benchmarks/baselines/baseline_evalshared_all_20260306_1249/winogender/llama_8b/winogender_preds_llama_8b.csv,positive_contact
llama8b,m3_finetune_pc,intervention_ablation,crowspairs,CrowS-Pairs,DIY IT,positive_contact,Positive contact,stereotype_preference_pct,0.87,-3.784951394575195,5.037537845743314,1495,200,results/new_results/m3_finetune_llama_ms500/evalshared/crows_pairs_metrics_overall_m3_finetune_pc.csv,outputs/new_outputs/m3_finetune_llama_ms500/evalshared/crows_pairs_scored_m3_finetune_pc.csv,ok,,target50,64.32,metric_score,15.19,0.87,bootstrap row CIs propagated as base_low-method_high/base_high-method_low,50,Stereotype preference %,m3_finetune_llama_ms500,64.32,14.32,0.8699999999999992,results/10_additional_benchmarks/baselines/baseline_evalshared_all_20260306_1249/crows_pairs_metrics_overall_llama_8b.csv,outputs/10_additional_benchmarks/baselines/baseline_evalshared_all_20260306_1249/crows_pairs_scored_llama_8b.csv,positive_contact
llama8b,m3_finetune_pc,intervention_ablation,stereoset,StereoSet,DIY IT,positive_contact,Positive contact,SS Score,1.38306,-1.4903050366516997,4.284109718609611,4229,200,results/new_results/m3_finetune_llama_ms500/evalshared/stereoset_metrics_m3_finetune_pc.csv,outputs/new_outputs/m3_finetune_llama_ms500/evalshared/stereoset_sentence_scores_m3_finetune_pc.csv,ok,,higher,69.1323942,ICAT Score,8.29053,1.38306,bootstrap row CIs propagated as base_low-method_high/base_high-method_low,50,SS Score overall,m3_finetune_llama_ms500,56.9075,6.90747,1.3830600000000004,results/10_additional_benchmarks/baselines/baseline_evalshared_all_20260306_1249/stereoset_metrics_llama_8b.csv,outputs/10_additional_benchmarks/baselines/baseline_evalshared_all_20260306_1249/stereoset_sentence_scores_llama_8b.csv,positive_contact
llama8b,m3_finetune_pc:m3_finetune_pc_instr_off_ALL,intervention_ablation,bbq,BBQ Ambig.,DIY IT,positive_contact,Positive contact,Bias_score_ambig,2.86,0.4176632125067199,4.382517009997553,15678,200,results/new_results/m3_finetune_llama_ms500/bbq/bbq_metrics_m3_finetune_pc.csv,outputs/new_outputs/m3_finetune_llama_ms500/bbq/m3_finetune_allstrat/bbq_preds_m3_finetune_allstrat_instr_off_ALL.csv;outputs/new_outputs/m3_finetune_llama_ms500/bbq/m3_finetune_allstrat_action_bbq/bbq_preds_m3_finetune_allstrat_action_bbq_instr_off_ALL.csv;outputs/new_outputs/m3_finetune_llama_ms500/bbq/m3_finetune_allstrat_event_bbq/bbq_preds_m3_finetune_allstrat_event_bbq_instr_off_ALL.csv;outputs/new_outputs/m3_finetune_llama_ms500/bbq/m3_finetune_allstrat_opinion_bbq/bbq_preds_m3_finetune_allstrat_opinion_bbq_instr_off_ALL.csv;outputs/new_outputs/m3_finetune_llama_ms500/bbq/m3_finetune_ci/bbq_preds_m3_finetune_ci_instr_off_ALL.csv;outputs/new_outputs/m3_finetune_llama_ms500/bbq/m3_finetune_ind/bbq_preds_m3_finetune_ind_instr_off_ALL.csv;outputs/new_outputs/m3_finetune_llama_ms500/bbq/m3_finetune_pc/bbq_preds_m3_finetune_pc_instr_off_ALL.csv;outputs/new_outputs/m3_finetune_llama_ms500/bbq/m3_finetune_pt/bbq_preds_m3_finetune_pt_instr_off_ALL.csv;outputs/new_outputs/m3_finetune_llama_ms500/bbq/m3_finetune_sr_indft_bbq/bbq_preds_m3_finetune_sr_indft_bbq_instr_off_ALL.csv,ok,,lower,0.658,mean_abs_bias_disambig,7.39,2.86,bootstrap row CIs propagated as base_low-method_high/base_high-method_low,0,Bias score ambig.,m3_finetune_llama_ms500,4.53,4.53,2.8599999999999994,results/10_additional_benchmarks/baselines/baseline_evalshared_all_20260306_1249/bbq/bbq_metrics_baseline_evalshared_all_20260306_1249.csv,outputs/2_base_models/bbq/llama_8b/bbq_preds_llama_8b_Age.csv;outputs/2_base_models/bbq/llama_8b/bbq_preds_llama_8b_Disability_status.csv;outputs/2_base_models/bbq/llama_8b/bbq_preds_llama_8b_Gender_identity.csv;outputs/2_base_models/bbq/llama_8b/bbq_preds_llama_8b_Nationality.csv;outputs/2_base_models/bbq/llama_8b/bbq_preds_llama_8b_Physical_appearance.csv;outputs/2_base_models/bbq/llama_8b/bbq_preds_llama_8b_Race_ethnicity.csv;outputs/2_base_models/bbq/llama_8b/bbq_preds_llama_8b_Religion.csv;outputs/2_base_models/bbq/llama_8b/bbq_preds_llama_8b_SES.csv;outputs/2_base_models/bbq/llama_8b/bbq_preds_llama_8b_Sexual_orientation.csv,positive_contact
llama8b,m3_finetune_pc:m3_finetune_pc_instr_off_ALL,intervention_ablation,bbq,BBQ Disambig.,DIY IT,positive_contact,Positive contact,Bias_score_disambig,2.389,-1.01581210063286,5.085837239868851,15678,200,results/new_results/m3_finetune_llama_ms500/bbq/bbq_metrics_m3_finetune_pc.csv,outputs/new_outputs/m3_finetune_llama_ms500/bbq/m3_finetune_allstrat/bbq_preds_m3_finetune_allstrat_instr_off_ALL.csv;outputs/new_outputs/m3_finetune_llama_ms500/bbq/m3_finetune_allstrat_action_bbq/bbq_preds_m3_finetune_allstrat_action_bbq_instr_off_ALL.csv;outputs/new_outputs/m3_finetune_llama_ms500/bbq/m3_finetune_allstrat_event_bbq/bbq_preds_m3_finetune_allstrat_event_bbq_instr_off_ALL.csv;outputs/new_outputs/m3_finetune_llama_ms500/bbq/m3_finetune_allstrat_opinion_bbq/bbq_preds_m3_finetune_allstrat_opinion_bbq_instr_off_ALL.csv;outputs/new_outputs/m3_finetune_llama_ms500/bbq/m3_finetune_ci/bbq_preds_m3_finetune_ci_instr_off_ALL.csv;outputs/new_outputs/m3_finetune_llama_ms500/bbq/m3_finetune_ind/bbq_preds_m3_finetune_ind_instr_off_ALL.csv;outputs/new_outputs/m3_finetune_llama_ms500/bbq/m3_finetune_pc/bbq_preds_m3_finetune_pc_instr_off_ALL.csv;outputs/new_outputs/m3_finetune_llama_ms500/bbq/m3_finetune_pt/bbq_preds_m3_finetune_pt_instr_off_ALL.csv;outputs/new_outputs/m3_finetune_llama_ms500/bbq/m3_finetune_sr_indft_bbq/bbq_preds_m3_finetune_sr_indft_bbq_instr_off_ALL.csv,ok,,lower,0.658,mean_abs_bias_disambig,3.047,2.389,bootstrap row CIs propagated as base_low-method_high/base_high-method_low,0,Bias score disambig.,m3_finetune_llama_ms500,0.658,0.658,2.3890000000000002,results/10_additional_benchmarks/baselines/baseline_evalshared_all_20260306_1249/bbq/bbq_metrics_baseline_evalshared_all_20260306_1249.csv,outputs/2_base_models/bbq/llama_8b/bbq_preds_llama_8b_Age.csv;outputs/2_base_models/bbq/llama_8b/bbq_preds_llama_8b_Disability_status.csv;outputs/2_base_models/bbq/llama_8b/bbq_preds_llama_8b_Gender_identity.csv;outputs/2_base_models/bbq/llama_8b/bbq_preds_llama_8b_Nationality.csv;outputs/2_base_models/bbq/llama_8b/bbq_preds_llama_8b_Physical_appearance.csv;outputs/2_base_models/bbq/llama_8b/bbq_preds_llama_8b_Race_ethnicity.csv;outputs/2_base_models/bbq/llama_8b/bbq_preds_llama_8b_Religion.csv;outputs/2_base_models/bbq/llama_8b/bbq_preds_llama_8b_SES.csv;outputs/2_base_models/bbq/llama_8b/bbq_preds_llama_8b_Sexual_orientation.csv,positive_contact
llama8b,m3_finetune_pc_winobias,intervention_ablation,winobias,WinoBias,DIY IT,positive_contact,Positive contact,abs_pro_anti_gap,0.012626,-0.05922636948383331,0.08801322220979463,1584,200,results/new_results/m3_finetune_llama_ms500/evalshared/winobias/m3_finetune_pc_winobias/winobias_metrics_overall_m3_finetune_pc_winobias.csv,outputs/new_outputs/m3_finetune_llama_ms500/evalshared/winobias/m3_finetune_pc_winobias/winobias_predictions_m3_finetune_pc_winobias.csv,ok,,lower,0.26388889,abs_pro_anti_gap,0.276515,0.012626,bootstrap row CIs propagated as base_low-method_high/base_high-method_low,0,Abs. pro/anti gap,m3_finetune_llama_ms500,0.263889,0.263889,0.012626000000000026,results/10_additional_benchmarks/baselines/baseline_evalshared_all_20260306_1249/winobias/llama_8b/winobias_metrics_overall_llama_8b.csv,outputs/10_additional_benchmarks/baselines/baseline_evalshared_all_20260306_1249/winobias/llama_8b/winobias_predictions_llama_8b.csv,positive_contact
llama8b,m3_finetune_pc_winogender,intervention_ablation,winogender,WinoGender,DIY IT,positive_contact,Positive contact,male_female_pair_disagreement_rate,-0.025,-0.12510416666666663,0.0751041666666667,240,200,results/new_results/m3_finetune_llama_ms500/evalshared/winogender/m3_finetune_pc_winogender/winogender_metrics_overall_m3_finetune_pc_winogender.csv,outputs/new_outputs/m3_finetune_llama_ms500/evalshared/winogender/m3_finetune_pc_winogender/winogender_preds_m3_finetune_pc_winogender.csv,ok,,lower,20.83333333,mean_abs_occupation_gender_bias_score,0.191667,-0.025,bootstrap row CIs propagated as base_low-method_high/base_high-method_low,0,Male/female pair disagreement,m3_finetune_llama_ms500,0.216667,0.216667,-0.024999999999999994,results/10_additional_benchmarks/baselines/baseline_evalshared_all_20260306_1249/winogender/llama_8b/winogender_metrics_overall_llama_8b.csv,outputs/10_additional_benchmarks/baselines/baseline_evalshared_all_20260306_1249/winogender/llama_8b/winogender_preds_llama_8b.csv,positive_contact
llama8b,m6_two_pass__base__positive_contact_self_debias_two_pass_positive_contact,intervention_ablation,crowspairs,CrowS-Pairs,DIY Two Pass (No IT),positive_contact,Positive contact,stereotype_preference_pct,14.46,10.477515767784787,17.745296775687457,1499,200,results/new_results/m6_self_debiasing/m6sd_20260317_main3/eval/m6_two_pass__base__positive_contact/crowspairs/crows_pairs_metrics_overall_m6_two_pass__base__positive_contact_self_debias_two_pass_positive_contact.csv,outputs/new_outputs/m6_self_debiasing/m6sd_20260317_main3/eval/m6_two_pass__base__positive_contact/crowspairs/crows_pairs_scored_m6_two_pass__base__positive_contact_self_debias_two_pass_positive_contact.csv,ok,,target50,49.27,metric_score,15.19,14.46,bootstrap row CIs propagated as base_low-method_high/base_high-method_low,50,Stereotype preference %,m6_self_debiasing,49.27,0.73,14.459999999999999,results/10_additional_benchmarks/baselines/baseline_evalshared_all_20260306_1249/crows_pairs_metrics_overall_llama_8b.csv,outputs/10_additional_benchmarks/baselines/baseline_evalshared_all_20260306_1249/crows_pairs_scored_llama_8b.csv,positive_contact
llama8b,m6_two_pass__base__positive_contact_self_debias_two_pass_positive_contact,intervention_ablation,stereoset,StereoSet,DIY Two Pass (No IT),positive_contact,Positive contact,SS Score,1.86657,-1.3017261764010453,4.259281153937109,4229,200,results/new_results/m6_self_debiasing/m6sd_20260317_main3/eval/m6_two_pass__base__positive_contact/stereoset/stereoset_metrics_m6_two_pass__base__positive_contact_self_debias_two_pass_positive_contact.csv,outputs/new_outputs/m6_self_debiasing/m6sd_20260317_main3/eval/m6_two_pass__base__positive_contact/stereoset/stereoset_sentence_scores_m6_two_pass__base__positive_contact_self_debias_two_pass_positive_contact.csv,ok,,higher,45.202362,ICAT Score,8.29053,1.86657,bootstrap row CIs propagated as base_low-method_high/base_high-method_low,50,SS Score overall,m6_self_debiasing,43.576,6.42396,1.8665700000000003,results/10_additional_benchmarks/baselines/baseline_evalshared_all_20260306_1249/stereoset_metrics_llama_8b.csv,outputs/10_additional_benchmarks/baselines/baseline_evalshared_all_20260306_1249/stereoset_sentence_scores_llama_8b.csv,positive_contact
llama8b,m6_two_pass__base__positive_contact,intervention_ablation,bbq,BBQ Ambig.,DIY Two Pass (No IT),positive_contact,Positive contact,Bias_score_ambig,3.492,1.6896380397862876,5.653551280467482,15678,200,results/new_results/m6_self_debiasing/m6sd_20260317_main3/eval/m6_two_pass__base__positive_contact/bbq/bbq_metrics.csv,outputs/new_outputs/m6_self_debiasing/m6sd_20260317_main3/eval/m6_two_pass__base__positive_contact/bbq/bbq_preds_m6_two_pass__base__positive_contact_self_debias_two_pass_positive_contact_fp_base_llama_8b_Race_x_SES.csv;outputs/new_outputs/m6_self_debiasing/m6sd_20260317_main3/eval/m6_two_pass__base__positive_contact/bbq/bbq_preds_m6_two_pass__base__positive_contact_self_debias_two_pass_positive_contact_fp_base_llama_8b_Race_x_gender.csv;outputs/new_outputs/m6_self_debiasing/m6sd_20260317_main3/eval/m6_two_pass__base__positive_contact/bbq/bbq_preds_m6_two_pass__base__positive_contact_self_debias_two_pass_positive_contact_llama_8b_Age.csv;outputs/new_outputs/m6_self_debiasing/m6sd_20260317_main3/eval/m6_two_pass__base__positive_contact/bbq/bbq_preds_m6_two_pass__base__positive_contact_self_debias_two_pass_positive_contact_llama_8b_Disability_status.csv;outputs/new_outputs/m6_self_debiasing/m6sd_20260317_main3/eval/m6_two_pass__base__positive_contact/bbq/bbq_preds_m6_two_pass__base__positive_contact_self_debias_two_pass_positive_contact_llama_8b_Gender_identity.csv;outputs/new_outputs/m6_self_debiasing/m6sd_20260317_main3/eval/m6_two_pass__base__positive_contact/bbq/bbq_preds_m6_two_pass__base__positive_contact_self_debias_two_pass_positive_contact_llama_8b_Nationality.csv;outputs/new_outputs/m6_self_debiasing/m6sd_20260317_main3/eval/m6_two_pass__base__positive_contact/bbq/bbq_preds_m6_two_pass__base__positive_contact_self_debias_two_pass_positive_contact_llama_8b_Physical_appearance.csv;outputs/new_outputs/m6_self_debiasing/m6sd_20260317_main3/eval/m6_two_pass__base__positive_contact/bbq/bbq_preds_m6_two_pass__base__positive_contact_self_debias_two_pass_positive_contact_llama_8b_Race_ethnicity.csv;outputs/new_outputs/m6_self_debiasing/m6sd_20260317_main3/eval/m6_two_pass__base__positive_contact/bbq/bbq_preds_m6_two_pass__base__positive_contact_self_debias_two_pass_positive_contact_llama_8b_Religion.csv;outputs/new_outputs/m6_self_debiasing/m6sd_20260317_main3/eval/m6_two_pass__base__positive_contact/bbq/bbq_preds_m6_two_pass__base__positive_contact_self_debias_two_pass_positive_contact_llama_8b_SES.csv;outputs/new_outputs/m6_self_debiasing/m6sd_20260317_main3/eval/m6_two_pass__base__positive_contact/bbq/bbq_preds_m6_two_pass__base__positive_contact_self_debias_two_pass_positive_contact_llama_8b_Sexual_orientation.csv,ok,,lower,0.024,mean_abs_bias_disambig,7.39,3.492,bootstrap row CIs propagated as base_low-method_high/base_high-method_low,0,Bias score ambig.,m6_self_debiasing,3.898,3.898,3.4919999999999995,results/10_additional_benchmarks/baselines/baseline_evalshared_all_20260306_1249/bbq/bbq_metrics_baseline_evalshared_all_20260306_1249.csv,outputs/2_base_models/bbq/llama_8b/bbq_preds_llama_8b_Age.csv;outputs/2_base_models/bbq/llama_8b/bbq_preds_llama_8b_Disability_status.csv;outputs/2_base_models/bbq/llama_8b/bbq_preds_llama_8b_Gender_identity.csv;outputs/2_base_models/bbq/llama_8b/bbq_preds_llama_8b_Nationality.csv;outputs/2_base_models/bbq/llama_8b/bbq_preds_llama_8b_Physical_appearance.csv;outputs/2_base_models/bbq/llama_8b/bbq_preds_llama_8b_Race_ethnicity.csv;outputs/2_base_models/bbq/llama_8b/bbq_preds_llama_8b_Religion.csv;outputs/2_base_models/bbq/llama_8b/bbq_preds_llama_8b_SES.csv;outputs/2_base_models/bbq/llama_8b/bbq_preds_llama_8b_Sexual_orientation.csv,positive_contact
llama8b,m6_two_pass__base__positive_contact,intervention_ablation,bbq,BBQ Disambig.,DIY Two Pass (No IT),positive_contact,Positive contact,Bias_score_disambig,3.023,-0.1643126553800418,5.112097650692559,15678,200,results/new_results/m6_self_debiasing/m6sd_20260317_main3/eval/m6_two_pass__base__positive_contact/bbq/bbq_metrics.csv,outputs/new_outputs/m6_self_debiasing/m6sd_20260317_main3/eval/m6_two_pass__base__positive_contact/bbq/bbq_preds_m6_two_pass__base__positive_contact_self_debias_two_pass_positive_contact_fp_base_llama_8b_Race_x_SES.csv;outputs/new_outputs/m6_self_debiasing/m6sd_20260317_main3/eval/m6_two_pass__base__positive_contact/bbq/bbq_preds_m6_two_pass__base__positive_contact_self_debias_two_pass_positive_contact_fp_base_llama_8b_Race_x_gender.csv;outputs/new_outputs/m6_self_debiasing/m6sd_20260317_main3/eval/m6_two_pass__base__positive_contact/bbq/bbq_preds_m6_two_pass__base__positive_contact_self_debias_two_pass_positive_contact_llama_8b_Age.csv;outputs/new_outputs/m6_self_debiasing/m6sd_20260317_main3/eval/m6_two_pass__base__positive_contact/bbq/bbq_preds_m6_two_pass__base__positive_contact_self_debias_two_pass_positive_contact_llama_8b_Disability_status.csv;outputs/new_outputs/m6_self_debiasing/m6sd_20260317_main3/eval/m6_two_pass__base__positive_contact/bbq/bbq_preds_m6_two_pass__base__positive_contact_self_debias_two_pass_positive_contact_llama_8b_Gender_identity.csv;outputs/new_outputs/m6_self_debiasing/m6sd_20260317_main3/eval/m6_two_pass__base__positive_contact/bbq/bbq_preds_m6_two_pass__base__positive_contact_self_debias_two_pass_positive_contact_llama_8b_Nationality.csv;outputs/new_outputs/m6_self_debiasing/m6sd_20260317_main3/eval/m6_two_pass__base__positive_contact/bbq/bbq_preds_m6_two_pass__base__positive_contact_self_debias_two_pass_positive_contact_llama_8b_Physical_appearance.csv;outputs/new_outputs/m6_self_debiasing/m6sd_20260317_main3/eval/m6_two_pass__base__positive_contact/bbq/bbq_preds_m6_two_pass__base__positive_contact_self_debias_two_pass_positive_contact_llama_8b_Race_ethnicity.csv;outputs/new_outputs/m6_self_debiasing/m6sd_20260317_main3/eval/m6_two_pass__base__positive_contact/bbq/bbq_preds_m6_two_pass__base__positive_contact_self_debias_two_pass_positive_contact_llama_8b_Religion.csv;outputs/new_outputs/m6_self_debiasing/m6sd_20260317_main3/eval/m6_two_pass__base__positive_contact/bbq/bbq_preds_m6_two_pass__base__positive_contact_self_debias_two_pass_positive_contact_llama_8b_SES.csv;outputs/new_outputs/m6_self_debiasing/m6sd_20260317_main3/eval/m6_two_pass__base__positive_contact/bbq/bbq_preds_m6_two_pass__base__positive_contact_self_debias_two_pass_positive_contact_llama_8b_Sexual_orientation.csv,ok,,lower,0.024,mean_abs_bias_disambig,3.047,3.023,bootstrap row CIs propagated as base_low-method_high/base_high-method_low,0,Bias score disambig.,m6_self_debiasing,0.024,0.024,3.023,results/10_additional_benchmarks/baselines/baseline_evalshared_all_20260306_1249/bbq/bbq_metrics_baseline_evalshared_all_20260306_1249.csv,outputs/2_base_models/bbq/llama_8b/bbq_preds_llama_8b_Age.csv;outputs/2_base_models/bbq/llama_8b/bbq_preds_llama_8b_Disability_status.csv;outputs/2_base_models/bbq/llama_8b/bbq_preds_llama_8b_Gender_identity.csv;outputs/2_base_models/bbq/llama_8b/bbq_preds_llama_8b_Nationality.csv;outputs/2_base_models/bbq/llama_8b/bbq_preds_llama_8b_Physical_appearance.csv;outputs/2_base_models/bbq/llama_8b/bbq_preds_llama_8b_Race_ethnicity.csv;outputs/2_base_models/bbq/llama_8b/bbq_preds_llama_8b_Religion.csv;outputs/2_base_models/bbq/llama_8b/bbq_preds_llama_8b_SES.csv;outputs/2_base_models/bbq/llama_8b/bbq_preds_llama_8b_Sexual_orientation.csv,positive_contact
llama8b,m6_two_pass__base__positive_contact_self_debias_two_pass_positive_contact,intervention_ablation,winobias,WinoBias,DIY Two Pass (No IT),positive_contact,Positive contact,abs_pro_anti_gap,0.121212,0.031849847482007004,0.2035826902732918,1584,200,results/new_results_curated/m6_self_debiasing/incorrect/m6sd_20260323_091321_twopass_zero_fix/eval/m6_two_pass__base__positive_contact/winobias/winobias/m6_two_pass__base__positive_contact_self_debias_two_pass_positive_contact/winobias_metrics_overall_m6_two_pass__base__positive_contact_self_debias_two_pass_positive_contact.csv,archive/m6_llama8b_dedup_apply_20260504_000252/outputs/new_outputs/m6_self_debiasing/m6sd_20260323_091321_twopass_zero_fix/eval/m6_two_pass__base__positive_contact/winobias/winobias/m6_two_pass__base__positive_contact_self_debias_two_pass_positive_contact/winobias_predictions_m6_two_pass__base__positive_contact_self_debias_two_pass_positive_contact.csv,ok,,lower,0.15530303,abs_pro_anti_gap,0.276515,0.121212,bootstrap row CIs propagated as base_low-method_high/base_high-method_low,0,Abs. pro/anti gap,m6_self_debiasing,0.155303,0.155303,0.12121200000000001,results/10_additional_benchmarks/baselines/baseline_evalshared_all_20260306_1249/winobias/llama_8b/winobias_metrics_overall_llama_8b.csv,outputs/10_additional_benchmarks/baselines/baseline_evalshared_all_20260306_1249/winobias/llama_8b/winobias_predictions_llama_8b.csv,positive_contact
llama8b,m6_two_pass__base__positive_contact_self_debias_two_pass_positive_contact,intervention_ablation,winogender,WinoGender,DIY Two Pass (No IT),positive_contact,Positive contact,male_female_pair_disagreement_rate,0.025,-0.06270833333333334,0.12093750000000002,240,200,results/new_results_curated/m6_self_debiasing/incorrect/m6sd_20260323_091321_twopass_zero_fix/eval/m6_two_pass__base__positive_contact/winogender/winogender/m6_two_pass__base__positive_contact_self_debias_two_pass_positive_contact/winogender_metrics_overall_m6_two_pass__base__positive_contact_self_debias_two_pass_positive_contact.csv,archive/m6_llama8b_dedup_apply_20260504_000252/outputs/new_outputs/m6_self_debiasing/m6sd_20260323_091321_twopass_zero_fix/eval/m6_two_pass__base__positive_contact/winogender/winogender/m6_two_pass__base__positive_contact_self_debias_two_pass_positive_contact/winogender_preds_m6_two_pass__base__positive_contact_self_debias_two_pass_positive_contact.csv,ok,,lower,16.66666667,mean_abs_occupation_gender_bias_score,0.191667,0.025,bootstrap row CIs propagated as base_low-method_high/base_high-method_low,0,Male/female pair disagreement,m6_self_debiasing,0.166667,0.166667,0.024999999999999994,results/10_additional_benchmarks/baselines/baseline_evalshared_all_20260306_1249/winogender/llama_8b/winogender_metrics_overall_llama_8b.csv,outputs/10_additional_benchmarks/baselines/baseline_evalshared_all_20260306_1249/winogender/llama_8b/winogender_preds_llama_8b.csv,positive_contact
llama8b,m6_two_pass__finetuned_ms-500-positive-contact-opinion-action-event-allversions__positive_contact_self_debias_two_pass_positive_contact,intervention_ablation,crowspairs,CrowS-Pairs,DIY Two Pass (IT),positive_contact,Positive contact,stereotype_preference_pct,13.27,9.244425267088852,17.77865225729714,1499,200,results/new_results/m6_self_debiasing/m6sd_20260323_091321_twopass_zero_fix/eval/m6_two_pass__finetuned_ms-500-positive-contact-opinion-action-event-allversions__positive_contact/crowspairs/crows_pairs_metrics_overall_m6_two_pass__finetuned_ms-500-positive-contact-opinion-action-event-allversions__positive_contact_self_debias_two_pass_positive_contact.csv,outputs/new_outputs/m6_self_debiasing/m6sd_20260323_091321_twopass_zero_fix/eval/m6_two_pass__finetuned_ms-500-positive-contact-opinion-action-event-allversions__positive_contact/crowspairs/crows_pairs_scored_m6_two_pass__finetuned_ms-500-positive-contact-opinion-action-event-allversions__positive_contact_self_debias_two_pass_positive_contact.csv,ok,,target50,48.08,metric_score,15.19,13.27,bootstrap row CIs propagated as base_low-method_high/base_high-method_low,50,Stereotype preference %,m6_self_debiasing,48.08,1.92,13.27,results/10_additional_benchmarks/baselines/baseline_evalshared_all_20260306_1249/crows_pairs_metrics_overall_llama_8b.csv,outputs/10_additional_benchmarks/baselines/baseline_evalshared_all_20260306_1249/crows_pairs_scored_llama_8b.csv,positive_contact
llama8b,m6_two_pass__finetuned_ms-500-positive-contact-opinion-action-event-allversions__positive_contact_self_debias_two_pass_positive_contact,intervention_ablation,stereoset,StereoSet,DIY Two Pass (IT),positive_contact,Positive contact,SS Score,3.23435,0.02187278316386365,5.915109955072127,4229,200,results/new_results/m6_self_debiasing/m6sd_20260324_twopass_zero_missing_stereoset/eval/m6_two_pass__finetuned_ms-500-positive-contact-opinion-action-event-allversions__positive_contact/stereoset/stereoset_metrics_m6_two_pass__finetuned_ms-500-positive-contact-opinion-action-event-allversions__positive_contact_self_debias_two_pass_positive_contact.csv,outputs/new_outputs/m6_self_debiasing/m6sd_20260324_twopass_zero_missing_stereoset/eval/m6_two_pass__finetuned_ms-500-positive-contact-opinion-action-event-allversions__positive_contact/stereoset/stereoset_sentence_scores_m6_two_pass__finetuned_ms-500-positive-contact-opinion-action-event-allversions__positive_contact_self_debias_two_pass_positive_contact.csv,ok,,higher,50.43161418,ICAT Score,8.29053,3.23435,bootstrap row CIs propagated as base_low-method_high/base_high-method_low,50,SS Score overall,m6_self_debiasing,44.9438,5.05618,3.23435,results/10_additional_benchmarks/baselines/baseline_evalshared_all_20260306_1249/stereoset_metrics_llama_8b.csv,outputs/10_additional_benchmarks/baselines/baseline_evalshared_all_20260306_1249/stereoset_sentence_scores_llama_8b.csv,positive_contact
llama8b,m6_two_pass__finetuned_ms-500-positive-contact-opinion-action-event-allversions__positive_contact,intervention_ablation,bbq,BBQ Ambig.,DIY Two Pass (IT),positive_contact,Positive contact,Bias_score_ambig,4.375,2.3150713607159092,6.271271423244931,15678,200,results/new_results/m6_self_debiasing/m6sd_20260317_main3/eval/m6_two_pass__finetuned_ms-500-positive-contact-opinion-action-event-allversions__positive_contact/bbq/bbq_metrics.csv,outputs/new_outputs/m6_self_debiasing/m6sd_20260317_main3/eval/m6_two_pass__finetuned_ms-500-positive-contact-opinion-action-event-allversions__positive_contact/bbq/bbq_preds_m6_two_pass__finetuned_ms-500-positive-contact-opinion-action-event-allversions__positive_contact_self_debias_two_pass_positive_contact_fp_finetuned_ms-500-positive-contact-opinion-action-event-allversions_Age.csv;outputs/new_outputs/m6_self_debiasing/m6sd_20260317_main3/eval/m6_two_pass__finetuned_ms-500-positive-contact-opinion-action-event-allversions__positive_contact/bbq/bbq_preds_m6_two_pass__finetuned_ms-500-positive-contact-opinion-action-event-allversions__positive_contact_self_debias_two_pass_positive_contact_fp_finetuned_ms-500-positive-contact-opinion-action-event-allversions_Disability_status.csv;outputs/new_outputs/m6_self_debiasing/m6sd_20260317_main3/eval/m6_two_pass__finetuned_ms-500-positive-contact-opinion-action-event-allversions__positive_contact/bbq/bbq_preds_m6_two_pass__finetuned_ms-500-positive-contact-opinion-action-event-allversions__positive_contact_self_debias_two_pass_positive_contact_fp_finetuned_ms-500-positive-contact-opinion-action-event-allversions_Gender_identity.csv;outputs/new_outputs/m6_self_debiasing/m6sd_20260317_main3/eval/m6_two_pass__finetuned_ms-500-positive-contact-opinion-action-event-allversions__positive_contact/bbq/bbq_preds_m6_two_pass__finetuned_ms-500-positive-contact-opinion-action-event-allversions__positive_contact_self_debias_two_pass_positive_contact_fp_finetuned_ms-500-positive-contact-opinion-action-event-allversions_Nationality.csv;outputs/new_outputs/m6_self_debiasing/m6sd_20260317_main3/eval/m6_two_pass__finetuned_ms-500-positive-contact-opinion-action-event-allversions__positive_contact/bbq/bbq_preds_m6_two_pass__finetuned_ms-500-positive-contact-opinion-action-event-allversions__positive_contact_self_debias_two_pass_positive_contact_fp_finetuned_ms-500-positive-contact-opinion-action-event-allversions_Physical_appearance.csv;outputs/new_outputs/m6_self_debiasing/m6sd_20260317_main3/eval/m6_two_pass__finetuned_ms-500-positive-contact-opinion-action-event-allversions__positive_contact/bbq/bbq_preds_m6_two_pass__finetuned_ms-500-positive-contact-opinion-action-event-allversions__positive_contact_self_debias_two_pass_positive_contact_fp_finetuned_ms-500-positive-contact-opinion-action-event-allversions_Race_ethnicity.csv;outputs/new_outputs/m6_self_debiasing/m6sd_20260317_main3/eval/m6_two_pass__finetuned_ms-500-positive-contact-opinion-action-event-allversions__positive_contact/bbq/bbq_preds_m6_two_pass__finetuned_ms-500-positive-contact-opinion-action-event-allversions__positive_contact_self_debias_two_pass_positive_contact_fp_finetuned_ms-500-positive-contact-opinion-action-event-allversions_Race_x_SES.csv;outputs/new_outputs/m6_self_debiasing/m6sd_20260317_main3/eval/m6_two_pass__finetuned_ms-500-positive-contact-opinion-action-event-allversions__positive_contact/bbq/bbq_preds_m6_two_pass__finetuned_ms-500-positive-contact-opinion-action-event-allversions__positive_contact_self_debias_two_pass_positive_contact_fp_finetuned_ms-500-positive-contact-opinion-action-event-allversions_Race_x_gender.csv;outputs/new_outputs/m6_self_debiasing/m6sd_20260317_main3/eval/m6_two_pass__finetuned_ms-500-positive-contact-opinion-action-event-allversions__positive_contact/bbq/bbq_preds_m6_two_pass__finetuned_ms-500-positive-contact-opinion-action-event-allversions__positive_contact_self_debias_two_pass_positive_contact_fp_finetuned_ms-500-positive-contact-opinion-action-event-allversions_Religion.csv;outputs/new_outputs/m6_self_debiasing/m6sd_20260317_main3/eval/m6_two_pass__finetuned_ms-500-positive-contact-opinion-action-event-allversions__positive_contact/bbq/bbq_preds_m6_two_pass__finetuned_ms-500-positive-contact-opinion-action-event-allversions__positive_contact_self_debias_two_pass_positive_contact_fp_finetuned_ms-500-positive-contact-opinion-action-event-allversions_Sexual_orientation.csv,ok,,lower,1.192,mean_abs_bias_disambig,7.39,4.375,bootstrap row CIs propagated as base_low-method_high/base_high-method_low,0,Bias score ambig.,m6_self_debiasing,3.015,3.015,4.375,results/10_additional_benchmarks/baselines/baseline_evalshared_all_20260306_1249/bbq/bbq_metrics_baseline_evalshared_all_20260306_1249.csv,outputs/2_base_models/bbq/llama_8b/bbq_preds_llama_8b_Age.csv;outputs/2_base_models/bbq/llama_8b/bbq_preds_llama_8b_Disability_status.csv;outputs/2_base_models/bbq/llama_8b/bbq_preds_llama_8b_Gender_identity.csv;outputs/2_base_models/bbq/llama_8b/bbq_preds_llama_8b_Nationality.csv;outputs/2_base_models/bbq/llama_8b/bbq_preds_llama_8b_Physical_appearance.csv;outputs/2_base_models/bbq/llama_8b/bbq_preds_llama_8b_Race_ethnicity.csv;outputs/2_base_models/bbq/llama_8b/bbq_preds_llama_8b_Religion.csv;outputs/2_base_models/bbq/llama_8b/bbq_preds_llama_8b_SES.csv;outputs/2_base_models/bbq/llama_8b/bbq_preds_llama_8b_Sexual_orientation.csv,positive_contact
llama8b,m6_two_pass__finetuned_ms-500-positive-contact-opinion-action-event-allversions__positive_contact,intervention_ablation,bbq,BBQ Disambig.,DIY Two Pass (IT),positive_contact,Positive contact,Bias_score_disambig,1.855,-1.621574693507285,5.018490368597402,15678,200,results/new_results/m6_self_debiasing/m6sd_20260317_main3/eval/m6_two_pass__finetuned_ms-500-positive-contact-opinion-action-event-allversions__positive_contact/bbq/bbq_metrics.csv,outputs/new_outputs/m6_self_debiasing/m6sd_20260317_main3/eval/m6_two_pass__finetuned_ms-500-positive-contact-opinion-action-event-allversions__positive_contact/bbq/bbq_preds_m6_two_pass__finetuned_ms-500-positive-contact-opinion-action-event-allversions__positive_contact_self_debias_two_pass_positive_contact_fp_finetuned_ms-500-positive-contact-opinion-action-event-allversions_Age.csv;outputs/new_outputs/m6_self_debiasing/m6sd_20260317_main3/eval/m6_two_pass__finetuned_ms-500-positive-contact-opinion-action-event-allversions__positive_contact/bbq/bbq_preds_m6_two_pass__finetuned_ms-500-positive-contact-opinion-action-event-allversions__positive_contact_self_debias_two_pass_positive_contact_fp_finetuned_ms-500-positive-contact-opinion-action-event-allversions_Disability_status.csv;outputs/new_outputs/m6_self_debiasing/m6sd_20260317_main3/eval/m6_two_pass__finetuned_ms-500-positive-contact-opinion-action-event-allversions__positive_contact/bbq/bbq_preds_m6_two_pass__finetuned_ms-500-positive-contact-opinion-action-event-allversions__positive_contact_self_debias_two_pass_positive_contact_fp_finetuned_ms-500-positive-contact-opinion-action-event-allversions_Gender_identity.csv;outputs/new_outputs/m6_self_debiasing/m6sd_20260317_main3/eval/m6_two_pass__finetuned_ms-500-positive-contact-opinion-action-event-allversions__positive_contact/bbq/bbq_preds_m6_two_pass__finetuned_ms-500-positive-contact-opinion-action-event-allversions__positive_contact_self_debias_two_pass_positive_contact_fp_finetuned_ms-500-positive-contact-opinion-action-event-allversions_Nationality.csv;outputs/new_outputs/m6_self_debiasing/m6sd_20260317_main3/eval/m6_two_pass__finetuned_ms-500-positive-contact-opinion-action-event-allversions__positive_contact/bbq/bbq_preds_m6_two_pass__finetuned_ms-500-positive-contact-opinion-action-event-allversions__positive_contact_self_debias_two_pass_positive_contact_fp_finetuned_ms-500-positive-contact-opinion-action-event-allversions_Physical_appearance.csv;outputs/new_outputs/m6_self_debiasing/m6sd_20260317_main3/eval/m6_two_pass__finetuned_ms-500-positive-contact-opinion-action-event-allversions__positive_contact/bbq/bbq_preds_m6_two_pass__finetuned_ms-500-positive-contact-opinion-action-event-allversions__positive_contact_self_debias_two_pass_positive_contact_fp_finetuned_ms-500-positive-contact-opinion-action-event-allversions_Race_ethnicity.csv;outputs/new_outputs/m6_self_debiasing/m6sd_20260317_main3/eval/m6_two_pass__finetuned_ms-500-positive-contact-opinion-action-event-allversions__positive_contact/bbq/bbq_preds_m6_two_pass__finetuned_ms-500-positive-contact-opinion-action-event-allversions__positive_contact_self_debias_two_pass_positive_contact_fp_finetuned_ms-500-positive-contact-opinion-action-event-allversions_Race_x_SES.csv;outputs/new_outputs/m6_self_debiasing/m6sd_20260317_main3/eval/m6_two_pass__finetuned_ms-500-positive-contact-opinion-action-event-allversions__positive_contact/bbq/bbq_preds_m6_two_pass__finetuned_ms-500-positive-contact-opinion-action-event-allversions__positive_contact_self_debias_two_pass_positive_contact_fp_finetuned_ms-500-positive-contact-opinion-action-event-allversions_Race_x_gender.csv;outputs/new_outputs/m6_self_debiasing/m6sd_20260317_main3/eval/m6_two_pass__finetuned_ms-500-positive-contact-opinion-action-event-allversions__positive_contact/bbq/bbq_preds_m6_two_pass__finetuned_ms-500-positive-contact-opinion-action-event-allversions__positive_contact_self_debias_two_pass_positive_contact_fp_finetuned_ms-500-positive-contact-opinion-action-event-allversions_Religion.csv;outputs/new_outputs/m6_self_debiasing/m6sd_20260317_main3/eval/m6_two_pass__finetuned_ms-500-positive-contact-opinion-action-event-allversions__positive_contact/bbq/bbq_preds_m6_two_pass__finetuned_ms-500-positive-contact-opinion-action-event-allversions__positive_contact_self_debias_two_pass_positive_contact_fp_finetuned_ms-500-positive-contact-opinion-action-event-allversions_Sexual_orientation.csv,ok,,lower,1.192,mean_abs_bias_disambig,3.047,1.855,bootstrap row CIs propagated as base_low-method_high/base_high-method_low,0,Bias score disambig.,m6_self_debiasing,-1.192,1.192,1.8550000000000002,results/10_additional_benchmarks/baselines/baseline_evalshared_all_20260306_1249/bbq/bbq_metrics_baseline_evalshared_all_20260306_1249.csv,outputs/2_base_models/bbq/llama_8b/bbq_preds_llama_8b_Age.csv;outputs/2_base_models/bbq/llama_8b/bbq_preds_llama_8b_Disability_status.csv;outputs/2_base_models/bbq/llama_8b/bbq_preds_llama_8b_Gender_identity.csv;outputs/2_base_models/bbq/llama_8b/bbq_preds_llama_8b_Nationality.csv;outputs/2_base_models/bbq/llama_8b/bbq_preds_llama_8b_Physical_appearance.csv;outputs/2_base_models/bbq/llama_8b/bbq_preds_llama_8b_Race_ethnicity.csv;outputs/2_base_models/bbq/llama_8b/bbq_preds_llama_8b_Religion.csv;outputs/2_base_models/bbq/llama_8b/bbq_preds_llama_8b_SES.csv;outputs/2_base_models/bbq/llama_8b/bbq_preds_llama_8b_Sexual_orientation.csv,positive_contact
llama8b,m6_two_pass__finetuned_ms-500-positive-contact-opinion-action-event-allversions__positive_contact_self_debias_two_pass_positive_contact,intervention_ablation,winobias,WinoBias,DIY Two Pass (IT),positive_contact,Positive contact,abs_pro_anti_gap,0.190656,0.10501506880427297,0.27493501151503064,1584,200,results/new_results/m6_self_debiasing/m6sd_20260323_091321_twopass_zero_fix/eval/m6_two_pass__finetuned_ms-500-positive-contact-opinion-action-event-allversions__positive_contact/winobias/winobias/m6_two_pass__finetuned_ms-500-positive-contact-opinion-action-event-allversions__positive_contact_self_debias_two_pass_positive_contact/winobias_metrics_overall_m6_two_pass__finetuned_ms-500-positive-contact-opinion-action-event-allversions__positive_contact_self_debias_two_pass_positive_contact.csv,outputs/new_outputs/m6_self_debiasing/m6sd_20260323_091321_twopass_zero_fix/eval/m6_two_pass__finetuned_ms-500-positive-contact-opinion-action-event-allversions__positive_contact/winobias/winobias/m6_two_pass__finetuned_ms-500-positive-contact-opinion-action-event-allversions__positive_contact_self_debias_two_pass_positive_contact/winobias_predictions_m6_two_pass__finetuned_ms-500-positive-contact-opinion-action-event-allversions__positive_contact_self_debias_two_pass_positive_contact.csv,ok,,lower,0.08585859,abs_pro_anti_gap,0.276515,0.190656,bootstrap row CIs propagated as base_low-method_high/base_high-method_low,0,Abs. pro/anti gap,m6_self_debiasing,0.0858586,0.0858586,0.1906564,results/10_additional_benchmarks/baselines/baseline_evalshared_all_20260306_1249/winobias/llama_8b/winobias_metrics_overall_llama_8b.csv,outputs/10_additional_benchmarks/baselines/baseline_evalshared_all_20260306_1249/winobias/llama_8b/winobias_predictions_llama_8b.csv,positive_contact
llama8b,m6_two_pass__finetuned_ms-500-positive-contact-opinion-action-event-allversions__positive_contact_self_debias_two_pass_positive_contact,intervention_ablation,winogender,WinoGender,DIY Two Pass (IT),positive_contact,Positive contact,male_female_pair_disagreement_rate,0.0625,-0.02510416666666665,0.15020833333333336,240,200,results/new_results/m6_self_debiasing/m6sd_20260323_091321_twopass_zero_fix/eval/m6_two_pass__finetuned_ms-500-positive-contact-opinion-action-event-allversions__positive_contact/winogender/winogender/m6_two_pass__finetuned_ms-500-positive-contact-opinion-action-event-allversions__positive_contact_self_debias_two_pass_positive_contact/winogender_metrics_overall_m6_two_pass__finetuned_ms-500-positive-contact-opinion-action-event-allversions__positive_contact_self_debias_two_pass_positive_contact.csv,outputs/new_outputs/m6_self_debiasing/m6sd_20260323_091321_twopass_zero_fix/eval/m6_two_pass__finetuned_ms-500-positive-contact-opinion-action-event-allversions__positive_contact/winogender/winogender/m6_two_pass__finetuned_ms-500-positive-contact-opinion-action-event-allversions__positive_contact_self_debias_two_pass_positive_contact/winogender_preds_m6_two_pass__finetuned_ms-500-positive-contact-opinion-action-event-allversions__positive_contact_self_debias_two_pass_positive_contact.csv,ok,,lower,12.91666667,mean_abs_occupation_gender_bias_score,0.191667,0.0625,bootstrap row CIs propagated as base_low-method_high/base_high-method_low,0,Male/female pair disagreement,m6_self_debiasing,0.129167,0.129167,0.0625,results/10_additional_benchmarks/baselines/baseline_evalshared_all_20260306_1249/winogender/llama_8b/winogender_metrics_overall_llama_8b.csv,outputs/10_additional_benchmarks/baselines/baseline_evalshared_all_20260306_1249/winogender/llama_8b/winogender_preds_llama_8b.csv,positive_contact
llama8b,,intervention_ablation,__mean__,Mean over six bias metrics,Base Model,__base__,Base Model,mean_normalized_bias_error,0.0,0.0,0.0,,200,computed_from_panel_rows,,base,,lower,,,5.73095,0,,,Mean normalized bias error,summary,,5.73095,,,,__base__
llama8b,,intervention_ablation,__mean__,Mean over six bias metrics,ICL,stereotype_replacement,Stereotype replacement,mean_normalized_bias_error,2.19186,,,,200,computed_from_panel_rows,,missing,row_file_not_found,lower,,,5.73095,2.19186,,,Mean normalized bias error,summary,,3.53909,,computed_from_panel_rows,,stereotype_replacement
llama8b,,intervention_ablation,__mean__,Mean over six bias metrics,DIY IT,stereotype_replacement,Stereotype replacement,mean_normalized_bias_error,1.06958,,,,200,computed_from_panel_rows,,missing,row_file_not_found,lower,,,5.73095,1.06958,,,Mean normalized bias error,summary,,4.66137,,computed_from_panel_rows,,stereotype_replacement
llama8b,,intervention_ablation,__mean__,Mean over six bias metrics,DIY Two Pass (No IT),stereotype_replacement,Stereotype replacement,mean_normalized_bias_error,2.81298,,,,200,computed_from_panel_rows,,missing,row_file_not_found,lower,,,5.73095,2.81298,,,Mean normalized bias error,summary,,2.91797,,computed_from_panel_rows,,stereotype_replacement
llama8b,,intervention_ablation,__mean__,Mean over six bias metrics,DIY Two Pass (IT),stereotype_replacement,Stereotype replacement,mean_normalized_bias_error,2.8936,,,,200,computed_from_panel_rows,,missing,row_file_not_found,lower,,,5.73095,2.8936,,,Mean normalized bias error,summary,,2.83735,,computed_from_panel_rows,,stereotype_replacement
llama8b,,intervention_ablation,__mean__,Mean over six bias metrics,ICL,individuating,Individuation,mean_normalized_bias_error,2.46772,,,,200,computed_from_panel_rows,,missing,row_file_not_found,lower,,,5.73095,2.46772,,,Mean normalized bias error,summary,,3.26323,,computed_from_panel_rows,,individuating
llama8b,,intervention_ablation,__mean__,Mean over six bias metrics,DIY IT,individuating,Individuation,mean_normalized_bias_error,1.11923,,,,200,computed_from_panel_rows,,missing,row_file_not_found,lower,,,5.73095,1.11923,,,Mean normalized bias error,summary,,4.61172,,computed_from_panel_rows,,individuating
llama8b,,intervention_ablation,__mean__,Mean over six bias metrics,DIY Two Pass (No IT),individuating,Individuation,mean_normalized_bias_error,3.46382,,,,200,computed_from_panel_rows,,missing,row_file_not_found,lower,,,5.73095,3.46382,,,Mean normalized bias error,summary,,2.26713,,computed_from_panel_rows,,individuating
llama8b,,intervention_ablation,__mean__,Mean over six bias metrics,DIY Two Pass (IT),individuating,Individuation,mean_normalized_bias_error,3.97345,,,,200,computed_from_panel_rows,,missing,row_file_not_found,lower,,,5.73095,3.97345,,,Mean normalized bias error,summary,,1.7575,,computed_from_panel_rows,,individuating
llama8b,,intervention_ablation,__mean__,Mean over six bias metrics,ICL,perspective_taking,Perspective-taking,mean_normalized_bias_error,1.63809,,,,200,computed_from_panel_rows,,missing,row_file_not_found,lower,,,5.73095,1.63809,,,Mean normalized bias error,summary,,4.09286,,computed_from_panel_rows,,perspective_taking
llama8b,,intervention_ablation,__mean__,Mean over six bias metrics,DIY IT,perspective_taking,Perspective-taking,mean_normalized_bias_error,1.17126,,,,200,computed_from_panel_rows,,missing,row_file_not_found,lower,,,5.73095,1.17126,,,Mean normalized bias error,summary,,4.55969,,computed_from_panel_rows,,perspective_taking
llama8b,,intervention_ablation,__mean__,Mean over six bias metrics,DIY Two Pass (No IT),perspective_taking,Perspective-taking,mean_normalized_bias_error,3.90487,,,,200,computed_from_panel_rows,,missing,row_file_not_found,lower,,,5.73095,3.90487,,,Mean normalized bias error,summary,,1.82608,,computed_from_panel_rows,,perspective_taking
llama8b,,intervention_ablation,__mean__,Mean over six bias metrics,DIY Two Pass (IT),perspective_taking,Perspective-taking,mean_normalized_bias_error,3.88547,,,,200,computed_from_panel_rows,,missing,row_file_not_found,lower,,,5.73095,3.88547,,,Mean normalized bias error,summary,,1.84548,,computed_from_panel_rows,,perspective_taking
llama8b,,intervention_ablation,__mean__,Mean over six bias metrics,ICL,counter_imaging,Counter-stereotypic imaging,mean_normalized_bias_error,2.28455,,,,200,computed_from_panel_rows,,missing,row_file_not_found,lower,,,5.73095,2.28455,,,Mean normalized bias error,summary,,3.4464,,computed_from_panel_rows,,counter_imaging
llama8b,,intervention_ablation,__mean__,Mean over six bias metrics,DIY IT,counter_imaging,Counter-stereotypic imaging,mean_normalized_bias_error,1.26786,,,,200,computed_from_panel_rows,,missing,row_file_not_found,lower,,,5.73095,1.26786,,,Mean normalized bias error,summary,,4.46309,,computed_from_panel_rows,,counter_imaging
llama8b,,intervention_ablation,__mean__,Mean over six bias metrics,DIY Two Pass (No IT),counter_imaging,Counter-stereotypic imaging,mean_normalized_bias_error,3.4503,,,,200,computed_from_panel_rows,,missing,row_file_not_found,lower,,,5.73095,3.4503,,,Mean normalized bias error,summary,,2.28065,,computed_from_panel_rows,,counter_imaging
llama8b,,intervention_ablation,__mean__,Mean over six bias metrics,DIY Two Pass (IT),counter_imaging,Counter-stereotypic imaging,mean_normalized_bias_error,3.8619,,,,200,computed_from_panel_rows,,missing,row_file_not_found,lower,,,5.73095,3.8619,,,Mean normalized bias error,summary,,1.86905,,computed_from_panel_rows,,counter_imaging
llama8b,,intervention_ablation,__mean__,Mean over six bias metrics,ICL,positive_contact,Positive contact,mean_normalized_bias_error,2.22567,,,,200,computed_from_panel_rows,,missing,row_file_not_found,lower,,,5.73095,2.22567,,,Mean normalized bias error,summary,,3.50528,,computed_from_panel_rows,,positive_contact
llama8b,,intervention_ablation,__mean__,Mean over six bias metrics,DIY IT,positive_contact,Positive contact,mean_normalized_bias_error,1.24828,,,,200,computed_from_panel_rows,,missing,row_file_not_found,lower,,,5.73095,1.24828,,,Mean normalized bias error,summary,,4.48267,,computed_from_panel_rows,,positive_contact
llama8b,,intervention_ablation,__mean__,Mean over six bias metrics,DIY Two Pass (No IT),positive_contact,Positive contact,mean_normalized_bias_error,3.8313,,,,200,computed_from_panel_rows,,missing,row_file_not_found,lower,,,5.73095,3.8313,,,Mean normalized bias error,summary,,1.89965,,computed_from_panel_rows,,positive_contact
llama8b,,intervention_ablation,__mean__,Mean over six bias metrics,DIY Two Pass (IT),positive_contact,Positive contact,mean_normalized_bias_error,3.83125,,,,200,computed_from_panel_rows,,missing,row_file_not_found,lower,,,5.73095,3.83125,,,Mean normalized bias error,summary,,1.8997,,computed_from_panel_rows,,positive_contact
