figure_slug,strategy_key,strategy_label,ft_checkpoint,dataset_key,panel_label,method,method_family,shot,bias_error,bias_reduction_vs_base,source_model,metric_source_file
all_strategies_all_versions,all_strategies,All interventions,all-version,crowspairs,CrowS-Pairs,ICL,ICL,,0.33,14.86,m4_baseicl_zero_llama8b,results/new_results/m4_base_icl_zero/m4_base_icl_zero_allmodels_20260514_005736/llama8b/evalshared/crows_pairs_metrics_overall_m4_baseicl_zero_llama8b_allstrat_crowspairs.csv
all_strategies_all_versions,all_strategies,All interventions,all-version,crowspairs,CrowS-Pairs,DIY IT,DIY IT,,14.19,1.0,m3_finetune_allstrat,results/new_results/m3_finetune_llama_ms500/evalshared/crows_pairs_metrics_overall_m3_finetune_allstrat.csv
all_strategies_all_versions,all_strategies,All interventions,all-version,crowspairs,CrowS-Pairs,"DIY Two Pass (No IT), 0-shot",Two Pass (No IT),0,4.18,11.01,m6_two_pass__base__all_strategies_self_debias_two_pass_all_strategies,results/new_results/m6_self_debiasing/m6sd_20260324_twopass_zero_allstrategies_truncfix/eval/m6_two_pass__base__all_strategies/crowspairs/crows_pairs_metrics_overall_m6_two_pass__base__all_strategies_self_debias_two_pass_all_strategies.csv
all_strategies_all_versions,all_strategies,All interventions,all-version,crowspairs,CrowS-Pairs,"DIY Two Pass (No IT), 1-shot",Two Pass (No IT),1,4.18,11.01,m6_two_pass_one__base__all_strategies_self_debias_two_pass_all_strategies,results/new_results/m6_self_debiasing/m6sd_20260319_shot125_twopass_sep/eval/m6_two_pass_one__base__all_strategies/crowspairs/crows_pairs_metrics_overall_m6_two_pass_one__base__all_strategies_self_debias_two_pass_all_strategies.csv
all_strategies_all_versions,all_strategies,All interventions,all-version,crowspairs,CrowS-Pairs,"DIY Two Pass (No IT), 2-shot",Two Pass (No IT),2,2.45,12.739999999999998,m6_two_pass_two__base__all_strategies_self_debias_two_pass_all_strategies,results/new_results/m6_self_debiasing/m6sd_20260326_twoshot_crows_stereoset_fix/eval/m6_two_pass_two__base__all_strategies/crowspairs/crows_pairs_metrics_overall_m6_two_pass_two__base__all_strategies_self_debias_two_pass_all_strategies.csv
all_strategies_all_versions,all_strategies,All interventions,all-version,crowspairs,CrowS-Pairs,"DIY Two Pass (IT), 0-shot",Two Pass (IT),0,0.86,14.33,m6_two_pass__finetuned_ms-500-allstrategies-opinion-action-event-allversions__all_strategies_self_debias_two_pass_all_strategies,results/new_results/m6_self_debiasing/m6sd_20260324_twopass_zero_allstrategies_truncfix/eval/m6_two_pass__finetuned_ms-500-allstrategies-opinion-action-event-allversions__all_strategies/crowspairs/crows_pairs_metrics_overall_m6_two_pass__finetuned_ms-500-allstrategies-opinion-action-event-allversions__all_strategies_self_debias_two_pass_all_strategies.csv
all_strategies_all_versions,all_strategies,All interventions,all-version,crowspairs,CrowS-Pairs,"DIY Two Pass (IT), 1-shot",Two Pass (IT),1,1.06,14.129999999999999,m6_two_pass_one__finetuned_ms-500-allstrategies-opinion-action-event-allversions__all_strategies_self_debias_two_pass_all_strategies,results/new_results/m6_self_debiasing/m6sd_20260324_twopass_one_allstrategies_truncfix/eval/m6_two_pass_one__finetuned_ms-500-allstrategies-opinion-action-event-allversions__all_strategies/crowspairs/crows_pairs_metrics_overall_m6_two_pass_one__finetuned_ms-500-allstrategies-opinion-action-event-allversions__all_strategies_self_debias_two_pass_all_strategies.csv
all_strategies_all_versions,all_strategies,All interventions,all-version,crowspairs,CrowS-Pairs,"DIY Two Pass (IT), 2-shot",Two Pass (IT),2,1.33,13.86,m6_two_pass_two__finetuned_ms-500-allstrategies-opinion-action-event-allversions__all_strategies_self_debias_two_pass_all_strategies,results/new_results/m6_self_debiasing/m6sd_20260326_twoshot_crows_stereoset_fix/eval/m6_two_pass_two__finetuned_ms-500-allstrategies-opinion-action-event-allversions__all_strategies/crowspairs/crows_pairs_metrics_overall_m6_two_pass_two__finetuned_ms-500-allstrategies-opinion-action-event-allversions__all_strategies_self_debias_two_pass_all_strategies.csv
all_strategies_all_versions,all_strategies,All interventions,all-version,stereoset,StereoSet,ICL,ICL,,0.204296,8.086234000000001,m4_baseicl_zero_llama8b,results/new_results/m4_base_icl_zero/m4_base_icl_zero_allmodels_20260514_005736/llama8b/evalshared/stereoset_metrics_m4_baseicl_zero_llama8b_allstrat_stereoset.csv
all_strategies_all_versions,all_strategies,All interventions,all-version,stereoset,StereoSet,DIY IT,DIY IT,,6.92228,1.3682500000000006,m3_finetune_allstrat,results/new_results/m3_finetune_llama_ms500/evalshared/stereoset_metrics_m3_finetune_allstrat.csv
all_strategies_all_versions,all_strategies,All interventions,all-version,stereoset,StereoSet,"DIY Two Pass (No IT), 0-shot",Two Pass (No IT),0,4.88712,3.40341,m6_two_pass__base__all_strategies_self_debias_two_pass_all_strategies,results/new_results/m6_self_debiasing/m6sd_20260324_twopass_zero_allstrategies_truncfix/eval/m6_two_pass__base__all_strategies/stereoset/stereoset_metrics_m6_two_pass__base__all_strategies_self_debias_two_pass_all_strategies.csv
all_strategies_all_versions,all_strategies,All interventions,all-version,stereoset,StereoSet,"DIY Two Pass (No IT), 1-shot",Two Pass (No IT),1,3.34238,4.94815,m6_two_pass_one__base__all_strategies_self_debias_two_pass_all_strategies,results/new_results/m6_self_debiasing/m6sd_20260319_shot125_twopass_sep/eval/m6_two_pass_one__base__all_strategies/stereoset/stereoset_metrics_m6_two_pass_one__base__all_strategies_self_debias_two_pass_all_strategies.csv
all_strategies_all_versions,all_strategies,All interventions,all-version,stereoset,StereoSet,"DIY Two Pass (No IT), 2-shot",Two Pass (No IT),2,3.75219,4.53834,m6_two_pass_two__base__all_strategies_self_debias_two_pass_all_strategies,results/new_results/m6_self_debiasing/m6sd_20260326_twoshot_crows_stereoset_fix/eval/m6_two_pass_two__base__all_strategies/stereoset/stereoset_metrics_m6_two_pass_two__base__all_strategies_self_debias_two_pass_all_strategies.csv
all_strategies_all_versions,all_strategies,All interventions,all-version,stereoset,StereoSet,"DIY Two Pass (IT), 0-shot",Two Pass (IT),0,6.12982,2.160710000000001,m6_two_pass__finetuned_ms-500-allstrategies-opinion-action-event-allversions__all_strategies_self_debias_two_pass_all_strategies,results/new_results/m6_self_debiasing/m6sd_20260324_twopass_zero_allstrategies_truncfix/eval/m6_two_pass__finetuned_ms-500-allstrategies-opinion-action-event-allversions__all_strategies/stereoset/stereoset_metrics_m6_two_pass__finetuned_ms-500-allstrategies-opinion-action-event-allversions__all_strategies_self_debias_two_pass_all_strategies.csv
all_strategies_all_versions,all_strategies,All interventions,all-version,stereoset,StereoSet,"DIY Two Pass (IT), 1-shot",Two Pass (IT),1,4.61213,3.678400000000001,m6_two_pass_one__finetuned_ms-500-allstrategies-opinion-action-event-allversions__all_strategies_self_debias_two_pass_all_strategies,results/new_results/m6_self_debiasing/m6sd_20260324_twopass_one_allstrategies_truncfix/eval/m6_two_pass_one__finetuned_ms-500-allstrategies-opinion-action-event-allversions__all_strategies/stereoset/stereoset_metrics_m6_two_pass_one__finetuned_ms-500-allstrategies-opinion-action-event-allversions__all_strategies_self_debias_two_pass_all_strategies.csv
all_strategies_all_versions,all_strategies,All interventions,all-version,stereoset,StereoSet,"DIY Two Pass (IT), 2-shot",Two Pass (IT),2,5.33827,2.9522600000000008,m6_two_pass_two__finetuned_ms-500-allstrategies-opinion-action-event-allversions__all_strategies_self_debias_two_pass_all_strategies,results/new_results/m6_self_debiasing/m6sd_20260326_twoshot_crows_stereoset_fix/eval/m6_two_pass_two__finetuned_ms-500-allstrategies-opinion-action-event-allversions__all_strategies/stereoset/stereoset_metrics_m6_two_pass_two__finetuned_ms-500-allstrategies-opinion-action-event-allversions__all_strategies_self_debias_two_pass_all_strategies.csv
all_strategies_all_versions,all_strategies,All interventions,all-version,bbq,BBQ Ambig.,ICL,ICL,,4.056,3.3339999999999996,m4_baseicl_zero_llama8b,results/new_results/m4_base_icl_zero/m4_base_icl_zero_allmodels_20260514_005736/llama8b/bbq/bbq_metrics_m4_baseicl_zero_llama8b_allstrat_bbq.csv
all_strategies_all_versions,all_strategies,All interventions,all-version,bbq,BBQ Ambig.,DIY IT,DIY IT,,4.448,2.9419999999999993,m3_finetune_allstrat:m3_finetune_allstrat_instr_off_ALL,results/new_results/m3_finetune_llama_ms500/bbq/bbq_metrics_m3_finetune_allstrat.csv
all_strategies_all_versions,all_strategies,All interventions,all-version,bbq,BBQ Ambig.,"DIY Two Pass (No IT), 0-shot",Two Pass (No IT),0,2.281,5.109,m6_two_pass__base__all_strategies,recomputed_from_predictions:archive/m6_llama8b_dedup_apply_20260504_000252/outputs/new_outputs/m6_self_debiasing/m6sd_20260325_bbq_allstrategies_maxlenfix_zero/eval/m6_two_pass__base__all_strategies/bbq
all_strategies_all_versions,all_strategies,All interventions,all-version,bbq,BBQ Ambig.,"DIY Two Pass (No IT), 1-shot",Two Pass (No IT),1,3.744,3.6459999999999995,m6_two_pass_one__base__all_strategies,results/new_results/m6_self_debiasing/m6sd_20260325_bbq_allstrategies_maxlenfix_one/eval/m6_two_pass_one__base__all_strategies/bbq/bbq_metrics.csv
all_strategies_all_versions,all_strategies,All interventions,all-version,bbq,BBQ Ambig.,"DIY Two Pass (No IT), 2-shot",Two Pass (No IT),2,4.356,3.034,m6_two_pass_two__base__all_strategies,results/new_results/m6_self_debiasing/m6sd_20260330_twoshot_bbq_allstrategies_fix/eval/m6_two_pass_two__base__all_strategies/bbq/bbq_metrics.csv
all_strategies_all_versions,all_strategies,All interventions,all-version,bbq,BBQ Ambig.,"DIY Two Pass (IT), 0-shot",Two Pass (IT),0,1.604,5.786,m6_two_pass__finetuned_ms-500-allstrategies-opinion-action-event-allversions__all_strategies,recomputed_from_predictions:archive/m6_llama8b_dedup_apply_20260504_000252/outputs/new_outputs/m6_self_debiasing/m6sd_20260325_bbq_allstrategies_maxlenfix_zero/eval/m6_two_pass__finetuned_ms-500-allstrategies-opinion-action-event-allversions__all_strategies/bbq
all_strategies_all_versions,all_strategies,All interventions,all-version,bbq,BBQ Ambig.,"DIY Two Pass (IT), 1-shot",Two Pass (IT),1,3.689,3.7009999999999996,m6_two_pass_one__finetuned_ms-500-allstrategies-opinion-action-event-allversions__all_strategies,recomputed_from_predictions:archive/m6_llama8b_dedup_apply_20260504_000252/outputs/new_outputs/m6_self_debiasing/m6sd_20260325_bbq_allstrategies_maxlenfix_one/eval/m6_two_pass_one__finetuned_ms-500-allstrategies-opinion-action-event-allversions__all_strategies/bbq
all_strategies_all_versions,all_strategies,All interventions,all-version,bbq,BBQ Ambig.,"DIY Two Pass (IT), 2-shot",Two Pass (IT),2,4.501,2.8889999999999993,m6_two_pass_two__finetuned_ms-500-allstrategies-opinion-action-event-allversions__all_strategies,results/new_results/m6_self_debiasing/m6sd_20260330_twoshot_bbq_allstrategies_fix/eval/m6_two_pass_two__finetuned_ms-500-allstrategies-opinion-action-event-allversions__all_strategies/bbq/bbq_metrics.csv
all_strategies_all_versions,all_strategies,All interventions,all-version,bbq,BBQ Disambig.,ICL,ICL,,1.468,1.5790000000000002,m4_baseicl_zero_llama8b,results/new_results/m4_base_icl_zero/m4_base_icl_zero_allmodels_20260514_005736/llama8b/bbq/bbq_metrics_m4_baseicl_zero_llama8b_allstrat_bbq.csv
all_strategies_all_versions,all_strategies,All interventions,all-version,bbq,BBQ Disambig.,DIY IT,DIY IT,,0.797,2.25,m3_finetune_allstrat:m3_finetune_allstrat_instr_off_ALL,results/new_results/m3_finetune_llama_ms500/bbq/bbq_metrics_m3_finetune_allstrat.csv
all_strategies_all_versions,all_strategies,All interventions,all-version,bbq,BBQ Disambig.,"DIY Two Pass (No IT), 0-shot",Two Pass (No IT),0,0.662,2.3850000000000002,m6_two_pass__base__all_strategies,recomputed_from_predictions:archive/m6_llama8b_dedup_apply_20260504_000252/outputs/new_outputs/m6_self_debiasing/m6sd_20260325_bbq_allstrategies_maxlenfix_zero/eval/m6_two_pass__base__all_strategies/bbq
all_strategies_all_versions,all_strategies,All interventions,all-version,bbq,BBQ Disambig.,"DIY Two Pass (No IT), 1-shot",Two Pass (No IT),1,0.96,2.087,m6_two_pass_one__base__all_strategies,results/new_results/m6_self_debiasing/m6sd_20260325_bbq_allstrategies_maxlenfix_one/eval/m6_two_pass_one__base__all_strategies/bbq/bbq_metrics.csv
all_strategies_all_versions,all_strategies,All interventions,all-version,bbq,BBQ Disambig.,"DIY Two Pass (No IT), 2-shot",Two Pass (No IT),2,0.888,2.1590000000000003,m6_two_pass_two__base__all_strategies,results/new_results/m6_self_debiasing/m6sd_20260330_twoshot_bbq_allstrategies_fix/eval/m6_two_pass_two__base__all_strategies/bbq/bbq_metrics.csv
all_strategies_all_versions,all_strategies,All interventions,all-version,bbq,BBQ Disambig.,"DIY Two Pass (IT), 0-shot",Two Pass (IT),0,0.895,2.152,m6_two_pass__finetuned_ms-500-allstrategies-opinion-action-event-allversions__all_strategies,recomputed_from_predictions:archive/m6_llama8b_dedup_apply_20260504_000252/outputs/new_outputs/m6_self_debiasing/m6sd_20260325_bbq_allstrategies_maxlenfix_zero/eval/m6_two_pass__finetuned_ms-500-allstrategies-opinion-action-event-allversions__all_strategies/bbq
all_strategies_all_versions,all_strategies,All interventions,all-version,bbq,BBQ Disambig.,"DIY Two Pass (IT), 1-shot",Two Pass (IT),1,1.283,1.7640000000000002,m6_two_pass_one__finetuned_ms-500-allstrategies-opinion-action-event-allversions__all_strategies,recomputed_from_predictions:archive/m6_llama8b_dedup_apply_20260504_000252/outputs/new_outputs/m6_self_debiasing/m6sd_20260325_bbq_allstrategies_maxlenfix_one/eval/m6_two_pass_one__finetuned_ms-500-allstrategies-opinion-action-event-allversions__all_strategies/bbq
all_strategies_all_versions,all_strategies,All interventions,all-version,bbq,BBQ Disambig.,"DIY Two Pass (IT), 2-shot",Two Pass (IT),2,1.802,1.245,m6_two_pass_two__finetuned_ms-500-allstrategies-opinion-action-event-allversions__all_strategies,results/new_results/m6_self_debiasing/m6sd_20260330_twoshot_bbq_allstrategies_fix/eval/m6_two_pass_two__finetuned_ms-500-allstrategies-opinion-action-event-allversions__all_strategies/bbq/bbq_metrics.csv
all_strategies_all_versions,all_strategies,All interventions,all-version,winobias,WinoBias,ICL,ICL,,0.277778,-0.0012630000000000141,m4_baseicl_zero_llama8b,results/new_results/m4_base_icl_zero/m4_base_icl_zero_allmodels_20260514_005736/llama8b/evalshared/winobias/m4_baseicl_zero_llama8b_allstrat_winobias/winobias_metrics_overall_m4_baseicl_zero_llama8b_allstrat_winobias.csv
all_strategies_all_versions,all_strategies,All interventions,all-version,winobias,WinoBias,DIY IT,DIY IT,,0.261364,0.015151000000000026,m3_finetune_allstrat_winobias,results/new_results/m3_finetune_llama_ms500/evalshared/winobias/m3_finetune_allstrat_winobias/winobias_metrics_overall_m3_finetune_allstrat_winobias.csv
all_strategies_all_versions,all_strategies,All interventions,all-version,winobias,WinoBias,"DIY Two Pass (No IT), 0-shot",Two Pass (No IT),0,0.119949,0.156566,m6_two_pass__base__all_strategies_self_debias_two_pass_all_strategies,results/new_results/m6_self_debiasing/m6sd_20260324_twopass_zero_allstrategies_truncfix/eval/m6_two_pass__base__all_strategies/winobias/winobias/m6_two_pass__base__all_strategies_self_debias_two_pass_all_strategies/winobias_metrics_overall_m6_two_pass__base__all_strategies_self_debias_two_pass_all_strategies.csv
all_strategies_all_versions,all_strategies,All interventions,all-version,winobias,WinoBias,"DIY Two Pass (No IT), 1-shot",Two Pass (No IT),1,0.0833333,0.1931817,m6_two_pass_one__base__all_strategies_self_debias_two_pass_all_strategies,results/new_results/m6_self_debiasing/m6sd_20260319_shot125_twopass_sep/eval/m6_two_pass_one__base__all_strategies/winobias/winobias/m6_two_pass_one__base__all_strategies_self_debias_two_pass_all_strategies/winobias_metrics_overall_m6_two_pass_one__base__all_strategies_self_debias_two_pass_all_strategies.csv
all_strategies_all_versions,all_strategies,All interventions,all-version,winobias,WinoBias,"DIY Two Pass (No IT), 2-shot",Two Pass (No IT),2,0.0795455,0.19696950000000002,m6_two_pass_two__base__all_strategies_self_debias_two_pass_all_strategies,results/new_results/m6_self_debiasing/m6sd_20260326_twoshot_wino_allstrategies_fix/eval/m6_two_pass_two__base__all_strategies/winobias/winobias/m6_two_pass_two__base__all_strategies_self_debias_two_pass_all_strategies/winobias_metrics_overall_m6_two_pass_two__base__all_strategies_self_debias_two_pass_all_strategies.csv
all_strategies_all_versions,all_strategies,All interventions,all-version,winobias,WinoBias,"DIY Two Pass (IT), 0-shot",Two Pass (IT),0,0.0896465,0.1868685,m6_two_pass__finetuned_ms-500-allstrategies-opinion-action-event-allversions__all_strategies_self_debias_two_pass_all_strategies,results/new_results/m6_self_debiasing/m6sd_20260324_twopass_zero_allstrategies_truncfix/eval/m6_two_pass__finetuned_ms-500-allstrategies-opinion-action-event-allversions__all_strategies/winobias/winobias/m6_two_pass__finetuned_ms-500-allstrategies-opinion-action-event-allversions__all_strategies_self_debias_two_pass_all_strategies/winobias_metrics_overall_m6_two_pass__finetuned_ms-500-allstrategies-opinion-action-event-allversions__all_strategies_self_debias_two_pass_all_strategies.csv
all_strategies_all_versions,all_strategies,All interventions,all-version,winobias,WinoBias,"DIY Two Pass (IT), 1-shot",Two Pass (IT),1,0.0707071,0.20580790000000002,m6_two_pass_one__finetuned_ms-500-allstrategies-opinion-action-event-allversions__all_strategies_self_debias_two_pass_all_strategies,results/new_results/m6_self_debiasing/m6sd_20260324_twopass_one_allstrategies_truncfix/eval/m6_two_pass_one__finetuned_ms-500-allstrategies-opinion-action-event-allversions__all_strategies/winobias/winobias/m6_two_pass_one__finetuned_ms-500-allstrategies-opinion-action-event-allversions__all_strategies_self_debias_two_pass_all_strategies/winobias_metrics_overall_m6_two_pass_one__finetuned_ms-500-allstrategies-opinion-action-event-allversions__all_strategies_self_debias_two_pass_all_strategies.csv
all_strategies_all_versions,all_strategies,All interventions,all-version,winobias,WinoBias,"DIY Two Pass (IT), 2-shot",Two Pass (IT),2,0.094697,0.181818,m6_two_pass_two__finetuned_ms-500-allstrategies-opinion-action-event-allversions__all_strategies_self_debias_two_pass_all_strategies,results/new_results/m6_self_debiasing/m6sd_20260326_twoshot_wino_allstrategies_fix/eval/m6_two_pass_two__finetuned_ms-500-allstrategies-opinion-action-event-allversions__all_strategies/winobias/winobias/m6_two_pass_two__finetuned_ms-500-allstrategies-opinion-action-event-allversions__all_strategies_self_debias_two_pass_all_strategies/winobias_metrics_overall_m6_two_pass_two__finetuned_ms-500-allstrategies-opinion-action-event-allversions__all_strategies_self_debias_two_pass_all_strategies.csv
all_strategies_all_versions,all_strategies,All interventions,all-version,winogender,WinoGender,ICL,ICL,,0.179167,0.012500000000000011,m4_baseicl_zero_llama8b,results/new_results/m4_base_icl_zero/m4_base_icl_zero_allmodels_20260514_005736/llama8b/evalshared/winogender/m4_baseicl_zero_llama8b_allstrat_winogender/winogender_metrics_overall_m4_baseicl_zero_llama8b_allstrat_winogender.csv
all_strategies_all_versions,all_strategies,All interventions,all-version,winogender,WinoGender,DIY IT,DIY IT,,0.225,-0.033333,m3_finetune_allstrat_winogender,results/new_results/m3_finetune_llama_ms500/evalshared/winogender/m3_finetune_allstrat_winogender/winogender_metrics_overall_m3_finetune_allstrat_winogender.csv
all_strategies_all_versions,all_strategies,All interventions,all-version,winogender,WinoGender,"DIY Two Pass (No IT), 0-shot",Two Pass (No IT),0,0.158333,0.033334,m6_two_pass__base__all_strategies_self_debias_two_pass_all_strategies,results/new_results/m6_self_debiasing/m6sd_20260324_twopass_zero_allstrategies_truncfix/eval/m6_two_pass__base__all_strategies/winogender/winogender/m6_two_pass__base__all_strategies_self_debias_two_pass_all_strategies/winogender_metrics_overall_m6_two_pass__base__all_strategies_self_debias_two_pass_all_strategies.csv
all_strategies_all_versions,all_strategies,All interventions,all-version,winogender,WinoGender,"DIY Two Pass (No IT), 1-shot",Two Pass (No IT),1,0.0916667,0.1000003,m6_two_pass_one__base__all_strategies_self_debias_two_pass_all_strategies,results/new_results/m6_self_debiasing/m6sd_20260319_shot125_twopass_sep/eval/m6_two_pass_one__base__all_strategies/winogender/winogender/m6_two_pass_one__base__all_strategies_self_debias_two_pass_all_strategies/winogender_metrics_overall_m6_two_pass_one__base__all_strategies_self_debias_two_pass_all_strategies.csv
all_strategies_all_versions,all_strategies,All interventions,all-version,winogender,WinoGender,"DIY Two Pass (No IT), 2-shot",Two Pass (No IT),2,0.133333,0.058334,m6_two_pass_two__base__all_strategies_self_debias_two_pass_all_strategies,results/new_results/m6_self_debiasing/m6sd_20260326_twoshot_wino_allstrategies_fix/eval/m6_two_pass_two__base__all_strategies/winogender/winogender/m6_two_pass_two__base__all_strategies_self_debias_two_pass_all_strategies/winogender_metrics_overall_m6_two_pass_two__base__all_strategies_self_debias_two_pass_all_strategies.csv
all_strategies_all_versions,all_strategies,All interventions,all-version,winogender,WinoGender,"DIY Two Pass (IT), 0-shot",Two Pass (IT),0,0.141667,0.05000000000000002,m6_two_pass__finetuned_ms-500-allstrategies-opinion-action-event-allversions__all_strategies_self_debias_two_pass_all_strategies,results/new_results/m6_self_debiasing/m6sd_20260324_twopass_zero_allstrategies_truncfix/eval/m6_two_pass__finetuned_ms-500-allstrategies-opinion-action-event-allversions__all_strategies/winogender/winogender/m6_two_pass__finetuned_ms-500-allstrategies-opinion-action-event-allversions__all_strategies_self_debias_two_pass_all_strategies/winogender_metrics_overall_m6_two_pass__finetuned_ms-500-allstrategies-opinion-action-event-allversions__all_strategies_self_debias_two_pass_all_strategies.csv
all_strategies_all_versions,all_strategies,All interventions,all-version,winogender,WinoGender,"DIY Two Pass (IT), 1-shot",Two Pass (IT),1,0.1,0.091667,m6_two_pass_one__finetuned_ms-500-allstrategies-opinion-action-event-allversions__all_strategies_self_debias_two_pass_all_strategies,results/new_results/m6_self_debiasing/m6sd_20260324_twopass_one_allstrategies_truncfix/eval/m6_two_pass_one__finetuned_ms-500-allstrategies-opinion-action-event-allversions__all_strategies/winogender/winogender/m6_two_pass_one__finetuned_ms-500-allstrategies-opinion-action-event-allversions__all_strategies_self_debias_two_pass_all_strategies/winogender_metrics_overall_m6_two_pass_one__finetuned_ms-500-allstrategies-opinion-action-event-allversions__all_strategies_self_debias_two_pass_all_strategies.csv
all_strategies_all_versions,all_strategies,All interventions,all-version,winogender,WinoGender,"DIY Two Pass (IT), 2-shot",Two Pass (IT),2,0.154167,0.037500000000000006,m6_two_pass_two__finetuned_ms-500-allstrategies-opinion-action-event-allversions__all_strategies_self_debias_two_pass_all_strategies,results/new_results/m6_self_debiasing/m6sd_20260326_twoshot_wino_allstrategies_fix/eval/m6_two_pass_two__finetuned_ms-500-allstrategies-opinion-action-event-allversions__all_strategies/winogender/winogender/m6_two_pass_two__finetuned_ms-500-allstrategies-opinion-action-event-allversions__all_strategies_self_debias_two_pass_all_strategies/winogender_metrics_overall_m6_two_pass_two__finetuned_ms-500-allstrategies-opinion-action-event-allversions__all_strategies_self_debias_two_pass_all_strategies.csv
all_strategies_opinion,all_strategies,All interventions,opinion,crowspairs,CrowS-Pairs,ICL,ICL,,0.33,14.86,m4_baseicl_zero_llama8b,results/new_results/m4_base_icl_zero/m4_base_icl_zero_allmodels_20260514_005736/llama8b/evalshared/crows_pairs_metrics_overall_m4_baseicl_zero_llama8b_allstrat_crowspairs.csv
all_strategies_opinion,all_strategies,All interventions,opinion,crowspairs,CrowS-Pairs,DIY IT,DIY IT,,13.99,1.1999999999999993,m3_finetune_allstrat_opinion_crowspairs,results/new_results/m3_finetune_llama_ms500/evalshared/crows_pairs_metrics_overall_m3_finetune_allstrat_opinion_crowspairs.csv
all_strategies_opinion,all_strategies,All interventions,opinion,crowspairs,CrowS-Pairs,"DIY Two Pass (No IT), 0-shot",Two Pass (No IT),0,4.18,11.01,m6_two_pass__base__all_strategies_self_debias_two_pass_all_strategies,results/new_results/m6_self_debiasing/m6sd_20260324_twopass_zero_allstrategies_truncfix/eval/m6_two_pass__base__all_strategies/crowspairs/crows_pairs_metrics_overall_m6_two_pass__base__all_strategies_self_debias_two_pass_all_strategies.csv
all_strategies_opinion,all_strategies,All interventions,opinion,crowspairs,CrowS-Pairs,"DIY Two Pass (No IT), 1-shot",Two Pass (No IT),1,4.18,11.01,m6_two_pass_one__base__all_strategies_self_debias_two_pass_all_strategies,results/new_results/m6_self_debiasing/m6sd_20260319_shot125_twopass_sep/eval/m6_two_pass_one__base__all_strategies/crowspairs/crows_pairs_metrics_overall_m6_two_pass_one__base__all_strategies_self_debias_two_pass_all_strategies.csv
all_strategies_opinion,all_strategies,All interventions,opinion,crowspairs,CrowS-Pairs,"DIY Two Pass (No IT), 2-shot",Two Pass (No IT),2,2.45,12.739999999999998,m6_two_pass_two__base__all_strategies_self_debias_two_pass_all_strategies,results/new_results/m6_self_debiasing/m6sd_20260326_twoshot_crows_stereoset_fix/eval/m6_two_pass_two__base__all_strategies/crowspairs/crows_pairs_metrics_overall_m6_two_pass_two__base__all_strategies_self_debias_two_pass_all_strategies.csv
all_strategies_opinion,all_strategies,All interventions,opinion,crowspairs,CrowS-Pairs,"DIY Two Pass (IT), 0-shot",Two Pass (IT),0,1.92,13.27,m6_two_pass__finetuned_ms-500-allstrategies-opinion__all_strategies_self_debias_two_pass_all_strategies,results/new_results/m6_self_debiasing/m6sd_20260324_twopass_zero_allstrategies_truncfix/eval/m6_two_pass__finetuned_ms-500-allstrategies-opinion__all_strategies/crowspairs/crows_pairs_metrics_overall_m6_two_pass__finetuned_ms-500-allstrategies-opinion__all_strategies_self_debias_two_pass_all_strategies.csv
all_strategies_opinion,all_strategies,All interventions,opinion,crowspairs,CrowS-Pairs,"DIY Two Pass (IT), 1-shot",Two Pass (IT),1,1.46,13.73,m6_two_pass_one__finetuned_ms-500-allstrategies-opinion__all_strategies_self_debias_two_pass_all_strategies,results/new_results/m6_self_debiasing/m6sd_20260324_twopass_one_allstrategies_truncfix/eval/m6_two_pass_one__finetuned_ms-500-allstrategies-opinion__all_strategies/crowspairs/crows_pairs_metrics_overall_m6_two_pass_one__finetuned_ms-500-allstrategies-opinion__all_strategies_self_debias_two_pass_all_strategies.csv
all_strategies_opinion,all_strategies,All interventions,opinion,crowspairs,CrowS-Pairs,"DIY Two Pass (IT), 2-shot",Two Pass (IT),2,1.72,13.469999999999999,m6_two_pass_two__finetuned_ms-500-allstrategies-opinion__all_strategies_self_debias_two_pass_all_strategies,results/new_results/m6_self_debiasing/m6sd_20260326_twoshot_crows_stereoset_fix/eval/m6_two_pass_two__finetuned_ms-500-allstrategies-opinion__all_strategies/crowspairs/crows_pairs_metrics_overall_m6_two_pass_two__finetuned_ms-500-allstrategies-opinion__all_strategies_self_debias_two_pass_all_strategies.csv
all_strategies_opinion,all_strategies,All interventions,opinion,stereoset,StereoSet,ICL,ICL,,0.204296,8.086234000000001,m4_baseicl_zero_llama8b,results/new_results/m4_base_icl_zero/m4_base_icl_zero_allmodels_20260514_005736/llama8b/evalshared/stereoset_metrics_m4_baseicl_zero_llama8b_allstrat_stereoset.csv
all_strategies_opinion,all_strategies,All interventions,opinion,stereoset,StereoSet,DIY IT,DIY IT,,7.26669,1.0238400000000007,m3_finetune_allstrat_opinion_stereoset,results/new_results/m3_finetune_llama_ms500/evalshared/stereoset_metrics_m3_finetune_allstrat_opinion_stereoset.csv
all_strategies_opinion,all_strategies,All interventions,opinion,stereoset,StereoSet,"DIY Two Pass (No IT), 0-shot",Two Pass (No IT),0,4.88712,3.40341,m6_two_pass__base__all_strategies_self_debias_two_pass_all_strategies,results/new_results/m6_self_debiasing/m6sd_20260324_twopass_zero_allstrategies_truncfix/eval/m6_two_pass__base__all_strategies/stereoset/stereoset_metrics_m6_two_pass__base__all_strategies_self_debias_two_pass_all_strategies.csv
all_strategies_opinion,all_strategies,All interventions,opinion,stereoset,StereoSet,"DIY Two Pass (No IT), 1-shot",Two Pass (No IT),1,3.34238,4.94815,m6_two_pass_one__base__all_strategies_self_debias_two_pass_all_strategies,results/new_results/m6_self_debiasing/m6sd_20260319_shot125_twopass_sep/eval/m6_two_pass_one__base__all_strategies/stereoset/stereoset_metrics_m6_two_pass_one__base__all_strategies_self_debias_two_pass_all_strategies.csv
all_strategies_opinion,all_strategies,All interventions,opinion,stereoset,StereoSet,"DIY Two Pass (No IT), 2-shot",Two Pass (No IT),2,3.75219,4.53834,m6_two_pass_two__base__all_strategies_self_debias_two_pass_all_strategies,results/new_results/m6_self_debiasing/m6sd_20260326_twoshot_crows_stereoset_fix/eval/m6_two_pass_two__base__all_strategies/stereoset/stereoset_metrics_m6_two_pass_two__base__all_strategies_self_debias_two_pass_all_strategies.csv
all_strategies_opinion,all_strategies,All interventions,opinion,stereoset,StereoSet,"DIY Two Pass (IT), 0-shot",Two Pass (IT),0,4.90898,3.3815500000000007,m6_two_pass__finetuned_ms-500-allstrategies-opinion__all_strategies_self_debias_two_pass_all_strategies,results/new_results/m6_self_debiasing/m6sd_20260324_twopass_zero_allstrategies_truncfix/eval/m6_two_pass__finetuned_ms-500-allstrategies-opinion__all_strategies/stereoset/stereoset_metrics_m6_two_pass__finetuned_ms-500-allstrategies-opinion__all_strategies_self_debias_two_pass_all_strategies.csv
all_strategies_opinion,all_strategies,All interventions,opinion,stereoset,StereoSet,"DIY Two Pass (IT), 1-shot",Two Pass (IT),1,4.12844,4.16209,m6_two_pass_one__finetuned_ms-500-allstrategies-opinion__all_strategies_self_debias_two_pass_all_strategies,results/new_results/m6_self_debiasing/m6sd_20260324_twopass_one_allstrategies_truncfix/eval/m6_two_pass_one__finetuned_ms-500-allstrategies-opinion__all_strategies/stereoset/stereoset_metrics_m6_two_pass_one__finetuned_ms-500-allstrategies-opinion__all_strategies_self_debias_two_pass_all_strategies.csv
all_strategies_opinion,all_strategies,All interventions,opinion,stereoset,StereoSet,"DIY Two Pass (IT), 2-shot",Two Pass (IT),2,4.23615,4.05438,m6_two_pass_two__finetuned_ms-500-allstrategies-opinion__all_strategies_self_debias_two_pass_all_strategies,results/new_results/m6_self_debiasing/m6sd_20260326_twoshot_crows_stereoset_fix/eval/m6_two_pass_two__finetuned_ms-500-allstrategies-opinion__all_strategies/stereoset/stereoset_metrics_m6_two_pass_two__finetuned_ms-500-allstrategies-opinion__all_strategies_self_debias_two_pass_all_strategies.csv
all_strategies_opinion,all_strategies,All interventions,opinion,bbq,BBQ Ambig.,ICL,ICL,,4.056,3.3339999999999996,m4_baseicl_zero_llama8b,results/new_results/m4_base_icl_zero/m4_base_icl_zero_allmodels_20260514_005736/llama8b/bbq/bbq_metrics_m4_baseicl_zero_llama8b_allstrat_bbq.csv
all_strategies_opinion,all_strategies,All interventions,opinion,bbq,BBQ Ambig.,DIY IT,DIY IT,,4.298,3.0919999999999996,m3_finetune_allstrat_opinion_bbq:m3_finetune_allstrat_opinion_bbq_instr_off_ALL,results/new_results/m3_finetune_llama_ms500/bbq/bbq_metrics_m3_finetune_allstrat_opinion_bbq.csv
all_strategies_opinion,all_strategies,All interventions,opinion,bbq,BBQ Ambig.,"DIY Two Pass (No IT), 0-shot",Two Pass (No IT),0,2.281,5.109,m6_two_pass__base__all_strategies,recomputed_from_predictions:archive/m6_llama8b_dedup_apply_20260504_000252/outputs/new_outputs/m6_self_debiasing/m6sd_20260325_bbq_allstrategies_maxlenfix_zero/eval/m6_two_pass__base__all_strategies/bbq
all_strategies_opinion,all_strategies,All interventions,opinion,bbq,BBQ Ambig.,"DIY Two Pass (No IT), 1-shot",Two Pass (No IT),1,3.744,3.6459999999999995,m6_two_pass_one__base__all_strategies,results/new_results/m6_self_debiasing/m6sd_20260325_bbq_allstrategies_maxlenfix_one/eval/m6_two_pass_one__base__all_strategies/bbq/bbq_metrics.csv
all_strategies_opinion,all_strategies,All interventions,opinion,bbq,BBQ Ambig.,"DIY Two Pass (No IT), 2-shot",Two Pass (No IT),2,4.356,3.034,m6_two_pass_two__base__all_strategies,results/new_results/m6_self_debiasing/m6sd_20260330_twoshot_bbq_allstrategies_fix/eval/m6_two_pass_two__base__all_strategies/bbq/bbq_metrics.csv
all_strategies_opinion,all_strategies,All interventions,opinion,bbq,BBQ Ambig.,"DIY Two Pass (IT), 0-shot",Two Pass (IT),0,0.0,7.39,m6_two_pass__finetuned_ms-500-allstrategies-opinion__all_strategies,recomputed_from_predictions:archive/m6_llama8b_dedup_apply_20260504_000252/outputs/new_outputs/m6_self_debiasing/m6sd_20260324_twopass_zero_allstrategies_truncfix/eval/m6_two_pass__finetuned_ms-500-allstrategies-opinion__all_strategies/bbq
all_strategies_opinion,all_strategies,All interventions,opinion,bbq,BBQ Ambig.,"DIY Two Pass (IT), 1-shot",Two Pass (IT),1,3.677,3.7129999999999996,m6_two_pass_one__finetuned_ms-500-allstrategies-opinion__all_strategies,recomputed_from_predictions:archive/m6_llama8b_dedup_apply_20260504_000252/outputs/new_outputs/m6_self_debiasing/m6sd_20260325_bbq_allstrategies_maxlenfix_one/eval/m6_two_pass_one__finetuned_ms-500-allstrategies-opinion__all_strategies/bbq
all_strategies_opinion,all_strategies,All interventions,opinion,bbq,BBQ Ambig.,"DIY Two Pass (IT), 2-shot",Two Pass (IT),2,4.625,2.7649999999999997,m6_two_pass_two__finetuned_ms-500-allstrategies-opinion__all_strategies,results/new_results/m6_self_debiasing/m6sd_20260330_twoshot_bbq_allstrategies_fix/eval/m6_two_pass_two__finetuned_ms-500-allstrategies-opinion__all_strategies/bbq/bbq_metrics.csv
all_strategies_opinion,all_strategies,All interventions,opinion,bbq,BBQ Disambig.,ICL,ICL,,1.468,1.5790000000000002,m4_baseicl_zero_llama8b,results/new_results/m4_base_icl_zero/m4_base_icl_zero_allmodels_20260514_005736/llama8b/bbq/bbq_metrics_m4_baseicl_zero_llama8b_allstrat_bbq.csv
all_strategies_opinion,all_strategies,All interventions,opinion,bbq,BBQ Disambig.,DIY IT,DIY IT,,0.677,2.37,m3_finetune_allstrat_opinion_bbq:m3_finetune_allstrat_opinion_bbq_instr_off_ALL,results/new_results/m3_finetune_llama_ms500/bbq/bbq_metrics_m3_finetune_allstrat_opinion_bbq.csv
all_strategies_opinion,all_strategies,All interventions,opinion,bbq,BBQ Disambig.,"DIY Two Pass (No IT), 0-shot",Two Pass (No IT),0,0.662,2.3850000000000002,m6_two_pass__base__all_strategies,recomputed_from_predictions:archive/m6_llama8b_dedup_apply_20260504_000252/outputs/new_outputs/m6_self_debiasing/m6sd_20260325_bbq_allstrategies_maxlenfix_zero/eval/m6_two_pass__base__all_strategies/bbq
all_strategies_opinion,all_strategies,All interventions,opinion,bbq,BBQ Disambig.,"DIY Two Pass (No IT), 1-shot",Two Pass (No IT),1,0.96,2.087,m6_two_pass_one__base__all_strategies,results/new_results/m6_self_debiasing/m6sd_20260325_bbq_allstrategies_maxlenfix_one/eval/m6_two_pass_one__base__all_strategies/bbq/bbq_metrics.csv
all_strategies_opinion,all_strategies,All interventions,opinion,bbq,BBQ Disambig.,"DIY Two Pass (No IT), 2-shot",Two Pass (No IT),2,0.888,2.1590000000000003,m6_two_pass_two__base__all_strategies,results/new_results/m6_self_debiasing/m6sd_20260330_twoshot_bbq_allstrategies_fix/eval/m6_two_pass_two__base__all_strategies/bbq/bbq_metrics.csv
all_strategies_opinion,all_strategies,All interventions,opinion,bbq,BBQ Disambig.,"DIY Two Pass (IT), 0-shot",Two Pass (IT),0,0.0,3.047,m6_two_pass__finetuned_ms-500-allstrategies-opinion__all_strategies,recomputed_from_predictions:archive/m6_llama8b_dedup_apply_20260504_000252/outputs/new_outputs/m6_self_debiasing/m6sd_20260324_twopass_zero_allstrategies_truncfix/eval/m6_two_pass__finetuned_ms-500-allstrategies-opinion__all_strategies/bbq
all_strategies_opinion,all_strategies,All interventions,opinion,bbq,BBQ Disambig.,"DIY Two Pass (IT), 1-shot",Two Pass (IT),1,0.419,2.628,m6_two_pass_one__finetuned_ms-500-allstrategies-opinion__all_strategies,recomputed_from_predictions:archive/m6_llama8b_dedup_apply_20260504_000252/outputs/new_outputs/m6_self_debiasing/m6sd_20260325_bbq_allstrategies_maxlenfix_one/eval/m6_two_pass_one__finetuned_ms-500-allstrategies-opinion__all_strategies/bbq
all_strategies_opinion,all_strategies,All interventions,opinion,bbq,BBQ Disambig.,"DIY Two Pass (IT), 2-shot",Two Pass (IT),2,1.386,1.6610000000000003,m6_two_pass_two__finetuned_ms-500-allstrategies-opinion__all_strategies,results/new_results/m6_self_debiasing/m6sd_20260330_twoshot_bbq_allstrategies_fix/eval/m6_two_pass_two__finetuned_ms-500-allstrategies-opinion__all_strategies/bbq/bbq_metrics.csv
all_strategies_opinion,all_strategies,All interventions,opinion,winobias,WinoBias,ICL,ICL,,0.277778,-0.0012630000000000141,m4_baseicl_zero_llama8b,results/new_results/m4_base_icl_zero/m4_base_icl_zero_allmodels_20260514_005736/llama8b/evalshared/winobias/m4_baseicl_zero_llama8b_allstrat_winobias/winobias_metrics_overall_m4_baseicl_zero_llama8b_allstrat_winobias.csv
all_strategies_opinion,all_strategies,All interventions,opinion,winobias,WinoBias,DIY IT,DIY IT,,0.262626,0.013888999999999985,m3_finetune_allstrat_opinion_winobias,results/new_results/m3_finetune_llama_ms500/evalshared/winobias/m3_finetune_allstrat_opinion_winobias/winobias_metrics_overall_m3_finetune_allstrat_opinion_winobias.csv
all_strategies_opinion,all_strategies,All interventions,opinion,winobias,WinoBias,"DIY Two Pass (No IT), 0-shot",Two Pass (No IT),0,0.119949,0.156566,m6_two_pass__base__all_strategies_self_debias_two_pass_all_strategies,results/new_results/m6_self_debiasing/m6sd_20260324_twopass_zero_allstrategies_truncfix/eval/m6_two_pass__base__all_strategies/winobias/winobias/m6_two_pass__base__all_strategies_self_debias_two_pass_all_strategies/winobias_metrics_overall_m6_two_pass__base__all_strategies_self_debias_two_pass_all_strategies.csv
all_strategies_opinion,all_strategies,All interventions,opinion,winobias,WinoBias,"DIY Two Pass (No IT), 1-shot",Two Pass (No IT),1,0.0833333,0.1931817,m6_two_pass_one__base__all_strategies_self_debias_two_pass_all_strategies,results/new_results/m6_self_debiasing/m6sd_20260319_shot125_twopass_sep/eval/m6_two_pass_one__base__all_strategies/winobias/winobias/m6_two_pass_one__base__all_strategies_self_debias_two_pass_all_strategies/winobias_metrics_overall_m6_two_pass_one__base__all_strategies_self_debias_two_pass_all_strategies.csv
all_strategies_opinion,all_strategies,All interventions,opinion,winobias,WinoBias,"DIY Two Pass (No IT), 2-shot",Two Pass (No IT),2,0.0795455,0.19696950000000002,m6_two_pass_two__base__all_strategies_self_debias_two_pass_all_strategies,results/new_results/m6_self_debiasing/m6sd_20260326_twoshot_wino_allstrategies_fix/eval/m6_two_pass_two__base__all_strategies/winobias/winobias/m6_two_pass_two__base__all_strategies_self_debias_two_pass_all_strategies/winobias_metrics_overall_m6_two_pass_two__base__all_strategies_self_debias_two_pass_all_strategies.csv
all_strategies_opinion,all_strategies,All interventions,opinion,winobias,WinoBias,"DIY Two Pass (IT), 0-shot",Two Pass (IT),0,0.0972222,0.17929280000000003,m6_two_pass__finetuned_ms-500-allstrategies-opinion__all_strategies_self_debias_two_pass_all_strategies,results/new_results/m6_self_debiasing/m6sd_20260324_twopass_zero_allstrategies_truncfix/eval/m6_two_pass__finetuned_ms-500-allstrategies-opinion__all_strategies/winobias/winobias/m6_two_pass__finetuned_ms-500-allstrategies-opinion__all_strategies_self_debias_two_pass_all_strategies/winobias_metrics_overall_m6_two_pass__finetuned_ms-500-allstrategies-opinion__all_strategies_self_debias_two_pass_all_strategies.csv
all_strategies_opinion,all_strategies,All interventions,opinion,winobias,WinoBias,"DIY Two Pass (IT), 1-shot",Two Pass (IT),1,0.0732323,0.2032827,m6_two_pass_one__finetuned_ms-500-allstrategies-opinion__all_strategies_self_debias_two_pass_all_strategies,results/new_results/m6_self_debiasing/m6sd_20260324_twopass_one_allstrategies_truncfix/eval/m6_two_pass_one__finetuned_ms-500-allstrategies-opinion__all_strategies/winobias/winobias/m6_two_pass_one__finetuned_ms-500-allstrategies-opinion__all_strategies_self_debias_two_pass_all_strategies/winobias_metrics_overall_m6_two_pass_one__finetuned_ms-500-allstrategies-opinion__all_strategies_self_debias_two_pass_all_strategies.csv
all_strategies_opinion,all_strategies,All interventions,opinion,winobias,WinoBias,"DIY Two Pass (IT), 2-shot",Two Pass (IT),2,0.084596,0.191919,m6_two_pass_two__finetuned_ms-500-allstrategies-opinion__all_strategies_self_debias_two_pass_all_strategies,results/new_results/m6_self_debiasing/m6sd_20260326_twoshot_wino_allstrategies_fix/eval/m6_two_pass_two__finetuned_ms-500-allstrategies-opinion__all_strategies/winobias/winobias/m6_two_pass_two__finetuned_ms-500-allstrategies-opinion__all_strategies_self_debias_two_pass_all_strategies/winobias_metrics_overall_m6_two_pass_two__finetuned_ms-500-allstrategies-opinion__all_strategies_self_debias_two_pass_all_strategies.csv
all_strategies_opinion,all_strategies,All interventions,opinion,winogender,WinoGender,ICL,ICL,,0.179167,0.012500000000000011,m4_baseicl_zero_llama8b,results/new_results/m4_base_icl_zero/m4_base_icl_zero_allmodels_20260514_005736/llama8b/evalshared/winogender/m4_baseicl_zero_llama8b_allstrat_winogender/winogender_metrics_overall_m4_baseicl_zero_llama8b_allstrat_winogender.csv
all_strategies_opinion,all_strategies,All interventions,opinion,winogender,WinoGender,DIY IT,DIY IT,,0.2125,-0.02083299999999999,m3_finetune_allstrat_opinion_winogender,results/new_results/m3_finetune_llama_ms500/evalshared/winogender/m3_finetune_allstrat_opinion_winogender/winogender_metrics_overall_m3_finetune_allstrat_opinion_winogender.csv
all_strategies_opinion,all_strategies,All interventions,opinion,winogender,WinoGender,"DIY Two Pass (No IT), 0-shot",Two Pass (No IT),0,0.158333,0.033334,m6_two_pass__base__all_strategies_self_debias_two_pass_all_strategies,results/new_results/m6_self_debiasing/m6sd_20260324_twopass_zero_allstrategies_truncfix/eval/m6_two_pass__base__all_strategies/winogender/winogender/m6_two_pass__base__all_strategies_self_debias_two_pass_all_strategies/winogender_metrics_overall_m6_two_pass__base__all_strategies_self_debias_two_pass_all_strategies.csv
all_strategies_opinion,all_strategies,All interventions,opinion,winogender,WinoGender,"DIY Two Pass (No IT), 1-shot",Two Pass (No IT),1,0.0916667,0.1000003,m6_two_pass_one__base__all_strategies_self_debias_two_pass_all_strategies,results/new_results/m6_self_debiasing/m6sd_20260319_shot125_twopass_sep/eval/m6_two_pass_one__base__all_strategies/winogender/winogender/m6_two_pass_one__base__all_strategies_self_debias_two_pass_all_strategies/winogender_metrics_overall_m6_two_pass_one__base__all_strategies_self_debias_two_pass_all_strategies.csv
all_strategies_opinion,all_strategies,All interventions,opinion,winogender,WinoGender,"DIY Two Pass (No IT), 2-shot",Two Pass (No IT),2,0.133333,0.058334,m6_two_pass_two__base__all_strategies_self_debias_two_pass_all_strategies,results/new_results/m6_self_debiasing/m6sd_20260326_twoshot_wino_allstrategies_fix/eval/m6_two_pass_two__base__all_strategies/winogender/winogender/m6_two_pass_two__base__all_strategies_self_debias_two_pass_all_strategies/winogender_metrics_overall_m6_two_pass_two__base__all_strategies_self_debias_two_pass_all_strategies.csv
all_strategies_opinion,all_strategies,All interventions,opinion,winogender,WinoGender,"DIY Two Pass (IT), 0-shot",Two Pass (IT),0,0.120833,0.07083400000000001,m6_two_pass__finetuned_ms-500-allstrategies-opinion__all_strategies_self_debias_two_pass_all_strategies,results/new_results/m6_self_debiasing/m6sd_20260324_twopass_zero_allstrategies_truncfix/eval/m6_two_pass__finetuned_ms-500-allstrategies-opinion__all_strategies/winogender/winogender/m6_two_pass__finetuned_ms-500-allstrategies-opinion__all_strategies_self_debias_two_pass_all_strategies/winogender_metrics_overall_m6_two_pass__finetuned_ms-500-allstrategies-opinion__all_strategies_self_debias_two_pass_all_strategies.csv
all_strategies_opinion,all_strategies,All interventions,opinion,winogender,WinoGender,"DIY Two Pass (IT), 1-shot",Two Pass (IT),1,0.120833,0.07083400000000001,m6_two_pass_one__finetuned_ms-500-allstrategies-opinion__all_strategies_self_debias_two_pass_all_strategies,results/new_results/m6_self_debiasing/m6sd_20260324_twopass_one_allstrategies_truncfix/eval/m6_two_pass_one__finetuned_ms-500-allstrategies-opinion__all_strategies/winogender/winogender/m6_two_pass_one__finetuned_ms-500-allstrategies-opinion__all_strategies_self_debias_two_pass_all_strategies/winogender_metrics_overall_m6_two_pass_one__finetuned_ms-500-allstrategies-opinion__all_strategies_self_debias_two_pass_all_strategies.csv
all_strategies_opinion,all_strategies,All interventions,opinion,winogender,WinoGender,"DIY Two Pass (IT), 2-shot",Two Pass (IT),2,0.141667,0.05000000000000002,m6_two_pass_two__finetuned_ms-500-allstrategies-opinion__all_strategies_self_debias_two_pass_all_strategies,results/new_results/m6_self_debiasing/m6sd_20260326_twoshot_wino_allstrategies_fix/eval/m6_two_pass_two__finetuned_ms-500-allstrategies-opinion__all_strategies/winogender/winogender/m6_two_pass_two__finetuned_ms-500-allstrategies-opinion__all_strategies_self_debias_two_pass_all_strategies/winogender_metrics_overall_m6_two_pass_two__finetuned_ms-500-allstrategies-opinion__all_strategies_self_debias_two_pass_all_strategies.csv
all_strategies_action,all_strategies,All interventions,action,crowspairs,CrowS-Pairs,ICL,ICL,,0.33,14.86,m4_baseicl_zero_llama8b,results/new_results/m4_base_icl_zero/m4_base_icl_zero_allmodels_20260514_005736/llama8b/evalshared/crows_pairs_metrics_overall_m4_baseicl_zero_llama8b_allstrat_crowspairs.csv
all_strategies_action,all_strategies,All interventions,action,crowspairs,CrowS-Pairs,DIY IT,DIY IT,,14.52,0.6699999999999999,m3_finetune_allstrat_action_crowspairs,results/new_results/m3_finetune_llama_ms500/evalshared/crows_pairs_metrics_overall_m3_finetune_allstrat_action_crowspairs.csv
all_strategies_action,all_strategies,All interventions,action,crowspairs,CrowS-Pairs,"DIY Two Pass (No IT), 0-shot",Two Pass (No IT),0,4.18,11.01,m6_two_pass__base__all_strategies_self_debias_two_pass_all_strategies,results/new_results/m6_self_debiasing/m6sd_20260324_twopass_zero_allstrategies_truncfix/eval/m6_two_pass__base__all_strategies/crowspairs/crows_pairs_metrics_overall_m6_two_pass__base__all_strategies_self_debias_two_pass_all_strategies.csv
all_strategies_action,all_strategies,All interventions,action,crowspairs,CrowS-Pairs,"DIY Two Pass (No IT), 1-shot",Two Pass (No IT),1,4.18,11.01,m6_two_pass_one__base__all_strategies_self_debias_two_pass_all_strategies,results/new_results/m6_self_debiasing/m6sd_20260319_shot125_twopass_sep/eval/m6_two_pass_one__base__all_strategies/crowspairs/crows_pairs_metrics_overall_m6_two_pass_one__base__all_strategies_self_debias_two_pass_all_strategies.csv
all_strategies_action,all_strategies,All interventions,action,crowspairs,CrowS-Pairs,"DIY Two Pass (No IT), 2-shot",Two Pass (No IT),2,2.45,12.739999999999998,m6_two_pass_two__base__all_strategies_self_debias_two_pass_all_strategies,results/new_results/m6_self_debiasing/m6sd_20260326_twoshot_crows_stereoset_fix/eval/m6_two_pass_two__base__all_strategies/crowspairs/crows_pairs_metrics_overall_m6_two_pass_two__base__all_strategies_self_debias_two_pass_all_strategies.csv
all_strategies_action,all_strategies,All interventions,action,crowspairs,CrowS-Pairs,"DIY Two Pass (IT), 0-shot",Two Pass (IT),0,3.05,12.14,m6_two_pass__finetuned_ms-500-allstrategies-action__all_strategies_self_debias_two_pass_all_strategies,results/new_results/m6_self_debiasing/m6sd_20260324_twopass_zero_allstrategies_truncfix/eval/m6_two_pass__finetuned_ms-500-allstrategies-action__all_strategies/crowspairs/crows_pairs_metrics_overall_m6_two_pass__finetuned_ms-500-allstrategies-action__all_strategies_self_debias_two_pass_all_strategies.csv
all_strategies_action,all_strategies,All interventions,action,crowspairs,CrowS-Pairs,"DIY Two Pass (IT), 1-shot",Two Pass (IT),1,2.98,12.209999999999999,m6_two_pass_one__finetuned_ms-500-allstrategies-action__all_strategies_self_debias_two_pass_all_strategies,results/new_results/m6_self_debiasing/m6sd_20260324_twopass_one_allstrategies_truncfix/eval/m6_two_pass_one__finetuned_ms-500-allstrategies-action__all_strategies/crowspairs/crows_pairs_metrics_overall_m6_two_pass_one__finetuned_ms-500-allstrategies-action__all_strategies_self_debias_two_pass_all_strategies.csv
all_strategies_action,all_strategies,All interventions,action,crowspairs,CrowS-Pairs,"DIY Two Pass (IT), 2-shot",Two Pass (IT),2,4.71,10.48,m6_two_pass_two__finetuned_ms-500-allstrategies-action__all_strategies_self_debias_two_pass_all_strategies,results/new_results/m6_self_debiasing/m6sd_20260326_twoshot_crows_stereoset_fix/eval/m6_two_pass_two__finetuned_ms-500-allstrategies-action__all_strategies/crowspairs/crows_pairs_metrics_overall_m6_two_pass_two__finetuned_ms-500-allstrategies-action__all_strategies_self_debias_two_pass_all_strategies.csv
all_strategies_action,all_strategies,All interventions,action,stereoset,StereoSet,ICL,ICL,,0.204296,8.086234000000001,m4_baseicl_zero_llama8b,results/new_results/m4_base_icl_zero/m4_base_icl_zero_allmodels_20260514_005736/llama8b/evalshared/stereoset_metrics_m4_baseicl_zero_llama8b_allstrat_stereoset.csv
all_strategies_action,all_strategies,All interventions,action,stereoset,StereoSet,DIY IT,DIY IT,,7.03509,1.2554400000000001,m3_finetune_allstrat_action_stereoset,results/new_results/m3_finetune_llama_ms500/evalshared/stereoset_metrics_m3_finetune_allstrat_action_stereoset.csv
all_strategies_action,all_strategies,All interventions,action,stereoset,StereoSet,"DIY Two Pass (No IT), 0-shot",Two Pass (No IT),0,4.88712,3.40341,m6_two_pass__base__all_strategies_self_debias_two_pass_all_strategies,results/new_results/m6_self_debiasing/m6sd_20260324_twopass_zero_allstrategies_truncfix/eval/m6_two_pass__base__all_strategies/stereoset/stereoset_metrics_m6_two_pass__base__all_strategies_self_debias_two_pass_all_strategies.csv
all_strategies_action,all_strategies,All interventions,action,stereoset,StereoSet,"DIY Two Pass (No IT), 1-shot",Two Pass (No IT),1,3.34238,4.94815,m6_two_pass_one__base__all_strategies_self_debias_two_pass_all_strategies,results/new_results/m6_self_debiasing/m6sd_20260319_shot125_twopass_sep/eval/m6_two_pass_one__base__all_strategies/stereoset/stereoset_metrics_m6_two_pass_one__base__all_strategies_self_debias_two_pass_all_strategies.csv
all_strategies_action,all_strategies,All interventions,action,stereoset,StereoSet,"DIY Two Pass (No IT), 2-shot",Two Pass (No IT),2,3.75219,4.53834,m6_two_pass_two__base__all_strategies_self_debias_two_pass_all_strategies,results/new_results/m6_self_debiasing/m6sd_20260326_twoshot_crows_stereoset_fix/eval/m6_two_pass_two__base__all_strategies/stereoset/stereoset_metrics_m6_two_pass_two__base__all_strategies_self_debias_two_pass_all_strategies.csv
all_strategies_action,all_strategies,All interventions,action,stereoset,StereoSet,"DIY Two Pass (IT), 0-shot",Two Pass (IT),0,5.42324,2.8672900000000006,m6_two_pass__finetuned_ms-500-allstrategies-action__all_strategies_self_debias_two_pass_all_strategies,results/new_results/m6_self_debiasing/m6sd_20260324_twopass_zero_allstrategies_truncfix/eval/m6_two_pass__finetuned_ms-500-allstrategies-action__all_strategies/stereoset/stereoset_metrics_m6_two_pass__finetuned_ms-500-allstrategies-action__all_strategies_self_debias_two_pass_all_strategies.csv
all_strategies_action,all_strategies,All interventions,action,stereoset,StereoSet,"DIY Two Pass (IT), 1-shot",Two Pass (IT),1,3.83241,4.458120000000001,m6_two_pass_one__finetuned_ms-500-allstrategies-action__all_strategies_self_debias_two_pass_all_strategies,results/new_results/m6_self_debiasing/m6sd_20260324_twopass_one_allstrategies_truncfix/eval/m6_two_pass_one__finetuned_ms-500-allstrategies-action__all_strategies/stereoset/stereoset_metrics_m6_two_pass_one__finetuned_ms-500-allstrategies-action__all_strategies_self_debias_two_pass_all_strategies.csv
all_strategies_action,all_strategies,All interventions,action,stereoset,StereoSet,"DIY Two Pass (IT), 2-shot",Two Pass (IT),2,5.21371,3.0768200000000006,m6_two_pass_two__finetuned_ms-500-allstrategies-action__all_strategies_self_debias_two_pass_all_strategies,results/new_results/m6_self_debiasing/m6sd_20260326_twoshot_crows_stereoset_fix/eval/m6_two_pass_two__finetuned_ms-500-allstrategies-action__all_strategies/stereoset/stereoset_metrics_m6_two_pass_two__finetuned_ms-500-allstrategies-action__all_strategies_self_debias_two_pass_all_strategies.csv
all_strategies_action,all_strategies,All interventions,action,bbq,BBQ Ambig.,ICL,ICL,,4.056,3.3339999999999996,m4_baseicl_zero_llama8b,results/new_results/m4_base_icl_zero/m4_base_icl_zero_allmodels_20260514_005736/llama8b/bbq/bbq_metrics_m4_baseicl_zero_llama8b_allstrat_bbq.csv
all_strategies_action,all_strategies,All interventions,action,bbq,BBQ Ambig.,DIY IT,DIY IT,,4.325,3.0649999999999995,m3_finetune_allstrat_action_bbq:m3_finetune_allstrat_action_bbq_instr_off_ALL,results/new_results/m3_finetune_llama_ms500/bbq/bbq_metrics_m3_finetune_allstrat_action_bbq.csv
all_strategies_action,all_strategies,All interventions,action,bbq,BBQ Ambig.,"DIY Two Pass (No IT), 0-shot",Two Pass (No IT),0,2.281,5.109,m6_two_pass__base__all_strategies,recomputed_from_predictions:archive/m6_llama8b_dedup_apply_20260504_000252/outputs/new_outputs/m6_self_debiasing/m6sd_20260325_bbq_allstrategies_maxlenfix_zero/eval/m6_two_pass__base__all_strategies/bbq
all_strategies_action,all_strategies,All interventions,action,bbq,BBQ Ambig.,"DIY Two Pass (No IT), 1-shot",Two Pass (No IT),1,3.744,3.6459999999999995,m6_two_pass_one__base__all_strategies,results/new_results/m6_self_debiasing/m6sd_20260325_bbq_allstrategies_maxlenfix_one/eval/m6_two_pass_one__base__all_strategies/bbq/bbq_metrics.csv
all_strategies_action,all_strategies,All interventions,action,bbq,BBQ Ambig.,"DIY Two Pass (No IT), 2-shot",Two Pass (No IT),2,4.356,3.034,m6_two_pass_two__base__all_strategies,results/new_results/m6_self_debiasing/m6sd_20260330_twoshot_bbq_allstrategies_fix/eval/m6_two_pass_two__base__all_strategies/bbq/bbq_metrics.csv
all_strategies_action,all_strategies,All interventions,action,bbq,BBQ Ambig.,"DIY Two Pass (IT), 0-shot",Two Pass (IT),0,1.814,5.576,m6_two_pass__finetuned_ms-500-allstrategies-action__all_strategies,recomputed_from_predictions:archive/m6_llama8b_dedup_apply_20260504_000252/outputs/new_outputs/m6_self_debiasing/m6sd_20260325_bbq_allstrategies_maxlenfix_zero/eval/m6_two_pass__finetuned_ms-500-allstrategies-action__all_strategies/bbq
all_strategies_action,all_strategies,All interventions,action,bbq,BBQ Ambig.,"DIY Two Pass (IT), 1-shot",Two Pass (IT),1,3.906,3.4839999999999995,m6_two_pass_one__finetuned_ms-500-allstrategies-action__all_strategies,recomputed_from_predictions:archive/m6_llama8b_dedup_apply_20260504_000252/outputs/new_outputs/m6_self_debiasing/m6sd_20260325_bbq_allstrategies_maxlenfix_one/eval/m6_two_pass_one__finetuned_ms-500-allstrategies-action__all_strategies/bbq
all_strategies_action,all_strategies,All interventions,action,bbq,BBQ Ambig.,"DIY Two Pass (IT), 2-shot",Two Pass (IT),2,4.54,2.8499999999999996,m6_two_pass_two__finetuned_ms-500-allstrategies-action__all_strategies,results/new_results/m6_self_debiasing/m6sd_20260330_twoshot_bbq_allstrategies_fix/eval/m6_two_pass_two__finetuned_ms-500-allstrategies-action__all_strategies/bbq/bbq_metrics.csv
all_strategies_action,all_strategies,All interventions,action,bbq,BBQ Disambig.,ICL,ICL,,1.468,1.5790000000000002,m4_baseicl_zero_llama8b,results/new_results/m4_base_icl_zero/m4_base_icl_zero_allmodels_20260514_005736/llama8b/bbq/bbq_metrics_m4_baseicl_zero_llama8b_allstrat_bbq.csv
all_strategies_action,all_strategies,All interventions,action,bbq,BBQ Disambig.,DIY IT,DIY IT,,0.772,2.2750000000000004,m3_finetune_allstrat_action_bbq:m3_finetune_allstrat_action_bbq_instr_off_ALL,results/new_results/m3_finetune_llama_ms500/bbq/bbq_metrics_m3_finetune_allstrat_action_bbq.csv
all_strategies_action,all_strategies,All interventions,action,bbq,BBQ Disambig.,"DIY Two Pass (No IT), 0-shot",Two Pass (No IT),0,0.662,2.3850000000000002,m6_two_pass__base__all_strategies,recomputed_from_predictions:archive/m6_llama8b_dedup_apply_20260504_000252/outputs/new_outputs/m6_self_debiasing/m6sd_20260325_bbq_allstrategies_maxlenfix_zero/eval/m6_two_pass__base__all_strategies/bbq
all_strategies_action,all_strategies,All interventions,action,bbq,BBQ Disambig.,"DIY Two Pass (No IT), 1-shot",Two Pass (No IT),1,0.96,2.087,m6_two_pass_one__base__all_strategies,results/new_results/m6_self_debiasing/m6sd_20260325_bbq_allstrategies_maxlenfix_one/eval/m6_two_pass_one__base__all_strategies/bbq/bbq_metrics.csv
all_strategies_action,all_strategies,All interventions,action,bbq,BBQ Disambig.,"DIY Two Pass (No IT), 2-shot",Two Pass (No IT),2,0.888,2.1590000000000003,m6_two_pass_two__base__all_strategies,results/new_results/m6_self_debiasing/m6sd_20260330_twoshot_bbq_allstrategies_fix/eval/m6_two_pass_two__base__all_strategies/bbq/bbq_metrics.csv
all_strategies_action,all_strategies,All interventions,action,bbq,BBQ Disambig.,"DIY Two Pass (IT), 0-shot",Two Pass (IT),0,1.309,1.7380000000000002,m6_two_pass__finetuned_ms-500-allstrategies-action__all_strategies,recomputed_from_predictions:archive/m6_llama8b_dedup_apply_20260504_000252/outputs/new_outputs/m6_self_debiasing/m6sd_20260325_bbq_allstrategies_maxlenfix_zero/eval/m6_two_pass__finetuned_ms-500-allstrategies-action__all_strategies/bbq
all_strategies_action,all_strategies,All interventions,action,bbq,BBQ Disambig.,"DIY Two Pass (IT), 1-shot",Two Pass (IT),1,1.089,1.9580000000000002,m6_two_pass_one__finetuned_ms-500-allstrategies-action__all_strategies,recomputed_from_predictions:archive/m6_llama8b_dedup_apply_20260504_000252/outputs/new_outputs/m6_self_debiasing/m6sd_20260325_bbq_allstrategies_maxlenfix_one/eval/m6_two_pass_one__finetuned_ms-500-allstrategies-action__all_strategies/bbq
all_strategies_action,all_strategies,All interventions,action,bbq,BBQ Disambig.,"DIY Two Pass (IT), 2-shot",Two Pass (IT),2,2.231,0.8160000000000003,m6_two_pass_two__finetuned_ms-500-allstrategies-action__all_strategies,results/new_results/m6_self_debiasing/m6sd_20260330_twoshot_bbq_allstrategies_fix/eval/m6_two_pass_two__finetuned_ms-500-allstrategies-action__all_strategies/bbq/bbq_metrics.csv
all_strategies_action,all_strategies,All interventions,action,winobias,WinoBias,ICL,ICL,,0.277778,-0.0012630000000000141,m4_baseicl_zero_llama8b,results/new_results/m4_base_icl_zero/m4_base_icl_zero_allmodels_20260514_005736/llama8b/evalshared/winobias/m4_baseicl_zero_llama8b_allstrat_winobias/winobias_metrics_overall_m4_baseicl_zero_llama8b_allstrat_winobias.csv
all_strategies_action,all_strategies,All interventions,action,winobias,WinoBias,DIY IT,DIY IT,,0.262626,0.013888999999999985,m3_finetune_allstrat_action_winobias,results/new_results/m3_finetune_llama_ms500/evalshared/winobias/m3_finetune_allstrat_action_winobias/winobias_metrics_overall_m3_finetune_allstrat_action_winobias.csv
all_strategies_action,all_strategies,All interventions,action,winobias,WinoBias,"DIY Two Pass (No IT), 0-shot",Two Pass (No IT),0,0.119949,0.156566,m6_two_pass__base__all_strategies_self_debias_two_pass_all_strategies,results/new_results/m6_self_debiasing/m6sd_20260324_twopass_zero_allstrategies_truncfix/eval/m6_two_pass__base__all_strategies/winobias/winobias/m6_two_pass__base__all_strategies_self_debias_two_pass_all_strategies/winobias_metrics_overall_m6_two_pass__base__all_strategies_self_debias_two_pass_all_strategies.csv
all_strategies_action,all_strategies,All interventions,action,winobias,WinoBias,"DIY Two Pass (No IT), 1-shot",Two Pass (No IT),1,0.0833333,0.1931817,m6_two_pass_one__base__all_strategies_self_debias_two_pass_all_strategies,results/new_results/m6_self_debiasing/m6sd_20260319_shot125_twopass_sep/eval/m6_two_pass_one__base__all_strategies/winobias/winobias/m6_two_pass_one__base__all_strategies_self_debias_two_pass_all_strategies/winobias_metrics_overall_m6_two_pass_one__base__all_strategies_self_debias_two_pass_all_strategies.csv
all_strategies_action,all_strategies,All interventions,action,winobias,WinoBias,"DIY Two Pass (No IT), 2-shot",Two Pass (No IT),2,0.0795455,0.19696950000000002,m6_two_pass_two__base__all_strategies_self_debias_two_pass_all_strategies,results/new_results/m6_self_debiasing/m6sd_20260326_twoshot_wino_allstrategies_fix/eval/m6_two_pass_two__base__all_strategies/winobias/winobias/m6_two_pass_two__base__all_strategies_self_debias_two_pass_all_strategies/winobias_metrics_overall_m6_two_pass_two__base__all_strategies_self_debias_two_pass_all_strategies.csv
all_strategies_action,all_strategies,All interventions,action,winobias,WinoBias,"DIY Two Pass (IT), 0-shot",Two Pass (IT),0,0.103535,0.17298000000000002,m6_two_pass__finetuned_ms-500-allstrategies-action__all_strategies_self_debias_two_pass_all_strategies,results/new_results/m6_self_debiasing/m6sd_20260324_twopass_zero_allstrategies_truncfix/eval/m6_two_pass__finetuned_ms-500-allstrategies-action__all_strategies/winobias/winobias/m6_two_pass__finetuned_ms-500-allstrategies-action__all_strategies_self_debias_two_pass_all_strategies/winobias_metrics_overall_m6_two_pass__finetuned_ms-500-allstrategies-action__all_strategies_self_debias_two_pass_all_strategies.csv
all_strategies_action,all_strategies,All interventions,action,winobias,WinoBias,"DIY Two Pass (IT), 1-shot",Two Pass (IT),1,0.0656566,0.2108584,m6_two_pass_one__finetuned_ms-500-allstrategies-action__all_strategies_self_debias_two_pass_all_strategies,results/new_results/m6_self_debiasing/m6sd_20260324_twopass_one_allstrategies_truncfix/eval/m6_two_pass_one__finetuned_ms-500-allstrategies-action__all_strategies/winobias/winobias/m6_two_pass_one__finetuned_ms-500-allstrategies-action__all_strategies_self_debias_two_pass_all_strategies/winobias_metrics_overall_m6_two_pass_one__finetuned_ms-500-allstrategies-action__all_strategies_self_debias_two_pass_all_strategies.csv
all_strategies_action,all_strategies,All interventions,action,winobias,WinoBias,"DIY Two Pass (IT), 2-shot",Two Pass (IT),2,0.0858586,0.1906564,m6_two_pass_two__finetuned_ms-500-allstrategies-action__all_strategies_self_debias_two_pass_all_strategies,results/new_results/m6_self_debiasing/m6sd_20260326_twoshot_wino_allstrategies_fix/eval/m6_two_pass_two__finetuned_ms-500-allstrategies-action__all_strategies/winobias/winobias/m6_two_pass_two__finetuned_ms-500-allstrategies-action__all_strategies_self_debias_two_pass_all_strategies/winobias_metrics_overall_m6_two_pass_two__finetuned_ms-500-allstrategies-action__all_strategies_self_debias_two_pass_all_strategies.csv
all_strategies_action,all_strategies,All interventions,action,winogender,WinoGender,ICL,ICL,,0.179167,0.012500000000000011,m4_baseicl_zero_llama8b,results/new_results/m4_base_icl_zero/m4_base_icl_zero_allmodels_20260514_005736/llama8b/evalshared/winogender/m4_baseicl_zero_llama8b_allstrat_winogender/winogender_metrics_overall_m4_baseicl_zero_llama8b_allstrat_winogender.csv
all_strategies_action,all_strategies,All interventions,action,winogender,WinoGender,DIY IT,DIY IT,,0.183333,0.008334000000000008,m3_finetune_allstrat_action_winogender,results/new_results/m3_finetune_llama_ms500/evalshared/winogender/m3_finetune_allstrat_action_winogender/winogender_metrics_overall_m3_finetune_allstrat_action_winogender.csv
all_strategies_action,all_strategies,All interventions,action,winogender,WinoGender,"DIY Two Pass (No IT), 0-shot",Two Pass (No IT),0,0.158333,0.033334,m6_two_pass__base__all_strategies_self_debias_two_pass_all_strategies,results/new_results/m6_self_debiasing/m6sd_20260324_twopass_zero_allstrategies_truncfix/eval/m6_two_pass__base__all_strategies/winogender/winogender/m6_two_pass__base__all_strategies_self_debias_two_pass_all_strategies/winogender_metrics_overall_m6_two_pass__base__all_strategies_self_debias_two_pass_all_strategies.csv
all_strategies_action,all_strategies,All interventions,action,winogender,WinoGender,"DIY Two Pass (No IT), 1-shot",Two Pass (No IT),1,0.0916667,0.1000003,m6_two_pass_one__base__all_strategies_self_debias_two_pass_all_strategies,results/new_results/m6_self_debiasing/m6sd_20260319_shot125_twopass_sep/eval/m6_two_pass_one__base__all_strategies/winogender/winogender/m6_two_pass_one__base__all_strategies_self_debias_two_pass_all_strategies/winogender_metrics_overall_m6_two_pass_one__base__all_strategies_self_debias_two_pass_all_strategies.csv
all_strategies_action,all_strategies,All interventions,action,winogender,WinoGender,"DIY Two Pass (No IT), 2-shot",Two Pass (No IT),2,0.133333,0.058334,m6_two_pass_two__base__all_strategies_self_debias_two_pass_all_strategies,results/new_results/m6_self_debiasing/m6sd_20260326_twoshot_wino_allstrategies_fix/eval/m6_two_pass_two__base__all_strategies/winogender/winogender/m6_two_pass_two__base__all_strategies_self_debias_two_pass_all_strategies/winogender_metrics_overall_m6_two_pass_two__base__all_strategies_self_debias_two_pass_all_strategies.csv
all_strategies_action,all_strategies,All interventions,action,winogender,WinoGender,"DIY Two Pass (IT), 0-shot",Two Pass (IT),0,0.141667,0.05000000000000002,m6_two_pass__finetuned_ms-500-allstrategies-action__all_strategies_self_debias_two_pass_all_strategies,results/new_results/m6_self_debiasing/m6sd_20260324_twopass_zero_allstrategies_truncfix/eval/m6_two_pass__finetuned_ms-500-allstrategies-action__all_strategies/winogender/winogender/m6_two_pass__finetuned_ms-500-allstrategies-action__all_strategies_self_debias_two_pass_all_strategies/winogender_metrics_overall_m6_two_pass__finetuned_ms-500-allstrategies-action__all_strategies_self_debias_two_pass_all_strategies.csv
all_strategies_action,all_strategies,All interventions,action,winogender,WinoGender,"DIY Two Pass (IT), 1-shot",Two Pass (IT),1,0.116667,0.075,m6_two_pass_one__finetuned_ms-500-allstrategies-action__all_strategies_self_debias_two_pass_all_strategies,results/new_results/m6_self_debiasing/m6sd_20260324_twopass_one_allstrategies_truncfix/eval/m6_two_pass_one__finetuned_ms-500-allstrategies-action__all_strategies/winogender/winogender/m6_two_pass_one__finetuned_ms-500-allstrategies-action__all_strategies_self_debias_two_pass_all_strategies/winogender_metrics_overall_m6_two_pass_one__finetuned_ms-500-allstrategies-action__all_strategies_self_debias_two_pass_all_strategies.csv
all_strategies_action,all_strategies,All interventions,action,winogender,WinoGender,"DIY Two Pass (IT), 2-shot",Two Pass (IT),2,0.170833,0.02083399999999999,m6_two_pass_two__finetuned_ms-500-allstrategies-action__all_strategies_self_debias_two_pass_all_strategies,results/new_results/m6_self_debiasing/m6sd_20260326_twoshot_wino_allstrategies_fix/eval/m6_two_pass_two__finetuned_ms-500-allstrategies-action__all_strategies/winogender/winogender/m6_two_pass_two__finetuned_ms-500-allstrategies-action__all_strategies_self_debias_two_pass_all_strategies/winogender_metrics_overall_m6_two_pass_two__finetuned_ms-500-allstrategies-action__all_strategies_self_debias_two_pass_all_strategies.csv
all_strategies_event,all_strategies,All interventions,event,crowspairs,CrowS-Pairs,ICL,ICL,,0.33,14.86,m4_baseicl_zero_llama8b,results/new_results/m4_base_icl_zero/m4_base_icl_zero_allmodels_20260514_005736/llama8b/evalshared/crows_pairs_metrics_overall_m4_baseicl_zero_llama8b_allstrat_crowspairs.csv
all_strategies_event,all_strategies,All interventions,event,crowspairs,CrowS-Pairs,DIY IT,DIY IT,,14.32,0.8699999999999992,m3_finetune_allstrat_event_crowspairs,results/new_results/m3_finetune_llama_ms500/evalshared/crows_pairs_metrics_overall_m3_finetune_allstrat_event_crowspairs.csv
all_strategies_event,all_strategies,All interventions,event,crowspairs,CrowS-Pairs,"DIY Two Pass (No IT), 0-shot",Two Pass (No IT),0,4.18,11.01,m6_two_pass__base__all_strategies_self_debias_two_pass_all_strategies,results/new_results/m6_self_debiasing/m6sd_20260324_twopass_zero_allstrategies_truncfix/eval/m6_two_pass__base__all_strategies/crowspairs/crows_pairs_metrics_overall_m6_two_pass__base__all_strategies_self_debias_two_pass_all_strategies.csv
all_strategies_event,all_strategies,All interventions,event,crowspairs,CrowS-Pairs,"DIY Two Pass (No IT), 1-shot",Two Pass (No IT),1,4.18,11.01,m6_two_pass_one__base__all_strategies_self_debias_two_pass_all_strategies,results/new_results/m6_self_debiasing/m6sd_20260319_shot125_twopass_sep/eval/m6_two_pass_one__base__all_strategies/crowspairs/crows_pairs_metrics_overall_m6_two_pass_one__base__all_strategies_self_debias_two_pass_all_strategies.csv
all_strategies_event,all_strategies,All interventions,event,crowspairs,CrowS-Pairs,"DIY Two Pass (No IT), 2-shot",Two Pass (No IT),2,2.45,12.739999999999998,m6_two_pass_two__base__all_strategies_self_debias_two_pass_all_strategies,results/new_results/m6_self_debiasing/m6sd_20260326_twoshot_crows_stereoset_fix/eval/m6_two_pass_two__base__all_strategies/crowspairs/crows_pairs_metrics_overall_m6_two_pass_two__base__all_strategies_self_debias_two_pass_all_strategies.csv
all_strategies_event,all_strategies,All interventions,event,crowspairs,CrowS-Pairs,"DIY Two Pass (IT), 0-shot",Two Pass (IT),0,2.79,12.399999999999999,m6_two_pass__finetuned_ms-500-allstrategies-event__all_strategies_self_debias_two_pass_all_strategies,results/new_results/m6_self_debiasing/m6sd_20260324_twopass_zero_allstrategies_truncfix/eval/m6_two_pass__finetuned_ms-500-allstrategies-event__all_strategies/crowspairs/crows_pairs_metrics_overall_m6_two_pass__finetuned_ms-500-allstrategies-event__all_strategies_self_debias_two_pass_all_strategies.csv
all_strategies_event,all_strategies,All interventions,event,crowspairs,CrowS-Pairs,"DIY Two Pass (IT), 1-shot",Two Pass (IT),1,4.31,10.879999999999999,m6_two_pass_one__finetuned_ms-500-allstrategies-event__all_strategies_self_debias_two_pass_all_strategies,results/new_results/m6_self_debiasing/m6sd_20260324_twopass_one_allstrategies_truncfix/eval/m6_two_pass_one__finetuned_ms-500-allstrategies-event__all_strategies/crowspairs/crows_pairs_metrics_overall_m6_two_pass_one__finetuned_ms-500-allstrategies-event__all_strategies_self_debias_two_pass_all_strategies.csv
all_strategies_event,all_strategies,All interventions,event,crowspairs,CrowS-Pairs,"DIY Two Pass (IT), 2-shot",Two Pass (IT),2,5.44,9.75,m6_two_pass_two__finetuned_ms-500-allstrategies-event__all_strategies_self_debias_two_pass_all_strategies,results/new_results/m6_self_debiasing/m6sd_20260326_twoshot_crows_stereoset_fix/eval/m6_two_pass_two__finetuned_ms-500-allstrategies-event__all_strategies/crowspairs/crows_pairs_metrics_overall_m6_two_pass_two__finetuned_ms-500-allstrategies-event__all_strategies_self_debias_two_pass_all_strategies.csv
all_strategies_event,all_strategies,All interventions,event,stereoset,StereoSet,ICL,ICL,,0.204296,8.086234000000001,m4_baseicl_zero_llama8b,results/new_results/m4_base_icl_zero/m4_base_icl_zero_allmodels_20260514_005736/llama8b/evalshared/stereoset_metrics_m4_baseicl_zero_llama8b_allstrat_stereoset.csv
all_strategies_event,all_strategies,All interventions,event,stereoset,StereoSet,DIY IT,DIY IT,,6.7831,1.5074300000000003,m3_finetune_allstrat_event_stereoset,results/new_results/m3_finetune_llama_ms500/evalshared/stereoset_metrics_m3_finetune_allstrat_event_stereoset.csv
all_strategies_event,all_strategies,All interventions,event,stereoset,StereoSet,"DIY Two Pass (No IT), 0-shot",Two Pass (No IT),0,4.88712,3.40341,m6_two_pass__base__all_strategies_self_debias_two_pass_all_strategies,results/new_results/m6_self_debiasing/m6sd_20260324_twopass_zero_allstrategies_truncfix/eval/m6_two_pass__base__all_strategies/stereoset/stereoset_metrics_m6_two_pass__base__all_strategies_self_debias_two_pass_all_strategies.csv
all_strategies_event,all_strategies,All interventions,event,stereoset,StereoSet,"DIY Two Pass (No IT), 1-shot",Two Pass (No IT),1,3.34238,4.94815,m6_two_pass_one__base__all_strategies_self_debias_two_pass_all_strategies,results/new_results/m6_self_debiasing/m6sd_20260319_shot125_twopass_sep/eval/m6_two_pass_one__base__all_strategies/stereoset/stereoset_metrics_m6_two_pass_one__base__all_strategies_self_debias_two_pass_all_strategies.csv
all_strategies_event,all_strategies,All interventions,event,stereoset,StereoSet,"DIY Two Pass (No IT), 2-shot",Two Pass (No IT),2,3.75219,4.53834,m6_two_pass_two__base__all_strategies_self_debias_two_pass_all_strategies,results/new_results/m6_self_debiasing/m6sd_20260326_twoshot_crows_stereoset_fix/eval/m6_two_pass_two__base__all_strategies/stereoset/stereoset_metrics_m6_two_pass_two__base__all_strategies_self_debias_two_pass_all_strategies.csv
all_strategies_event,all_strategies,All interventions,event,stereoset,StereoSet,"DIY Two Pass (IT), 0-shot",Two Pass (IT),0,5.50089,2.7896400000000003,m6_two_pass__finetuned_ms-500-allstrategies-event__all_strategies_self_debias_two_pass_all_strategies,results/new_results/m6_self_debiasing/m6sd_20260324_twopass_zero_allstrategies_truncfix/eval/m6_two_pass__finetuned_ms-500-allstrategies-event__all_strategies/stereoset/stereoset_metrics_m6_two_pass__finetuned_ms-500-allstrategies-event__all_strategies_self_debias_two_pass_all_strategies.csv
all_strategies_event,all_strategies,All interventions,event,stereoset,StereoSet,"DIY Two Pass (IT), 1-shot",Two Pass (IT),1,4.85918,3.43135,m6_two_pass_one__finetuned_ms-500-allstrategies-event__all_strategies_self_debias_two_pass_all_strategies,results/new_results/m6_self_debiasing/m6sd_20260324_twopass_one_allstrategies_truncfix/eval/m6_two_pass_one__finetuned_ms-500-allstrategies-event__all_strategies/stereoset/stereoset_metrics_m6_two_pass_one__finetuned_ms-500-allstrategies-event__all_strategies_self_debias_two_pass_all_strategies.csv
all_strategies_event,all_strategies,All interventions,event,stereoset,StereoSet,"DIY Two Pass (IT), 2-shot",Two Pass (IT),2,6.54588,1.74465,m6_two_pass_two__finetuned_ms-500-allstrategies-event__all_strategies_self_debias_two_pass_all_strategies,results/new_results/m6_self_debiasing/m6sd_20260326_twoshot_crows_stereoset_fix/eval/m6_two_pass_two__finetuned_ms-500-allstrategies-event__all_strategies/stereoset/stereoset_metrics_m6_two_pass_two__finetuned_ms-500-allstrategies-event__all_strategies_self_debias_two_pass_all_strategies.csv
all_strategies_event,all_strategies,All interventions,event,bbq,BBQ Ambig.,ICL,ICL,,4.056,3.3339999999999996,m4_baseicl_zero_llama8b,results/new_results/m4_base_icl_zero/m4_base_icl_zero_allmodels_20260514_005736/llama8b/bbq/bbq_metrics_m4_baseicl_zero_llama8b_allstrat_bbq.csv
all_strategies_event,all_strategies,All interventions,event,bbq,BBQ Ambig.,DIY IT,DIY IT,,4.742,2.6479999999999997,m3_finetune_allstrat_event_bbq:m3_finetune_allstrat_event_bbq_instr_off_ALL,results/new_results/m3_finetune_llama_ms500/bbq/bbq_metrics_m3_finetune_allstrat_event_bbq.csv
all_strategies_event,all_strategies,All interventions,event,bbq,BBQ Ambig.,"DIY Two Pass (No IT), 0-shot",Two Pass (No IT),0,2.281,5.109,m6_two_pass__base__all_strategies,recomputed_from_predictions:archive/m6_llama8b_dedup_apply_20260504_000252/outputs/new_outputs/m6_self_debiasing/m6sd_20260325_bbq_allstrategies_maxlenfix_zero/eval/m6_two_pass__base__all_strategies/bbq
all_strategies_event,all_strategies,All interventions,event,bbq,BBQ Ambig.,"DIY Two Pass (No IT), 1-shot",Two Pass (No IT),1,3.744,3.6459999999999995,m6_two_pass_one__base__all_strategies,results/new_results/m6_self_debiasing/m6sd_20260325_bbq_allstrategies_maxlenfix_one/eval/m6_two_pass_one__base__all_strategies/bbq/bbq_metrics.csv
all_strategies_event,all_strategies,All interventions,event,bbq,BBQ Ambig.,"DIY Two Pass (No IT), 2-shot",Two Pass (No IT),2,4.356,3.034,m6_two_pass_two__base__all_strategies,results/new_results/m6_self_debiasing/m6sd_20260330_twoshot_bbq_allstrategies_fix/eval/m6_two_pass_two__base__all_strategies/bbq/bbq_metrics.csv
all_strategies_event,all_strategies,All interventions,event,bbq,BBQ Ambig.,"DIY Two Pass (IT), 0-shot",Two Pass (IT),0,1.779,5.611,m6_two_pass__finetuned_ms-500-allstrategies-event__all_strategies,recomputed_from_predictions:archive/m6_llama8b_dedup_apply_20260504_000252/outputs/new_outputs/m6_self_debiasing/m6sd_20260325_bbq_allstrategies_maxlenfix_zero/eval/m6_two_pass__finetuned_ms-500-allstrategies-event__all_strategies/bbq
all_strategies_event,all_strategies,All interventions,event,bbq,BBQ Ambig.,"DIY Two Pass (IT), 1-shot",Two Pass (IT),1,3.991,3.3989999999999996,m6_two_pass_one__finetuned_ms-500-allstrategies-event__all_strategies,recomputed_from_predictions:archive/m6_llama8b_dedup_apply_20260504_000252/outputs/new_outputs/m6_self_debiasing/m6sd_20260325_bbq_allstrategies_maxlenfix_one/eval/m6_two_pass_one__finetuned_ms-500-allstrategies-event__all_strategies/bbq
all_strategies_event,all_strategies,All interventions,event,bbq,BBQ Ambig.,"DIY Two Pass (IT), 2-shot",Two Pass (IT),2,5.217,2.173,m6_two_pass_two__finetuned_ms-500-allstrategies-event__all_strategies,results/new_results/m6_self_debiasing/m6sd_20260330_twoshot_bbq_allstrategies_fix/eval/m6_two_pass_two__finetuned_ms-500-allstrategies-event__all_strategies/bbq/bbq_metrics.csv
all_strategies_event,all_strategies,All interventions,event,bbq,BBQ Disambig.,ICL,ICL,,1.468,1.5790000000000002,m4_baseicl_zero_llama8b,results/new_results/m4_base_icl_zero/m4_base_icl_zero_allmodels_20260514_005736/llama8b/bbq/bbq_metrics_m4_baseicl_zero_llama8b_allstrat_bbq.csv
all_strategies_event,all_strategies,All interventions,event,bbq,BBQ Disambig.,DIY IT,DIY IT,,0.973,2.0740000000000003,m3_finetune_allstrat_event_bbq:m3_finetune_allstrat_event_bbq_instr_off_ALL,results/new_results/m3_finetune_llama_ms500/bbq/bbq_metrics_m3_finetune_allstrat_event_bbq.csv
all_strategies_event,all_strategies,All interventions,event,bbq,BBQ Disambig.,"DIY Two Pass (No IT), 0-shot",Two Pass (No IT),0,0.662,2.3850000000000002,m6_two_pass__base__all_strategies,recomputed_from_predictions:archive/m6_llama8b_dedup_apply_20260504_000252/outputs/new_outputs/m6_self_debiasing/m6sd_20260325_bbq_allstrategies_maxlenfix_zero/eval/m6_two_pass__base__all_strategies/bbq
all_strategies_event,all_strategies,All interventions,event,bbq,BBQ Disambig.,"DIY Two Pass (No IT), 1-shot",Two Pass (No IT),1,0.96,2.087,m6_two_pass_one__base__all_strategies,results/new_results/m6_self_debiasing/m6sd_20260325_bbq_allstrategies_maxlenfix_one/eval/m6_two_pass_one__base__all_strategies/bbq/bbq_metrics.csv
all_strategies_event,all_strategies,All interventions,event,bbq,BBQ Disambig.,"DIY Two Pass (No IT), 2-shot",Two Pass (No IT),2,0.888,2.1590000000000003,m6_two_pass_two__base__all_strategies,results/new_results/m6_self_debiasing/m6sd_20260330_twoshot_bbq_allstrategies_fix/eval/m6_two_pass_two__base__all_strategies/bbq/bbq_metrics.csv
all_strategies_event,all_strategies,All interventions,event,bbq,BBQ Disambig.,"DIY Two Pass (IT), 0-shot",Two Pass (IT),0,1.102,1.945,m6_two_pass__finetuned_ms-500-allstrategies-event__all_strategies,recomputed_from_predictions:archive/m6_llama8b_dedup_apply_20260504_000252/outputs/new_outputs/m6_self_debiasing/m6sd_20260325_bbq_allstrategies_maxlenfix_zero/eval/m6_two_pass__finetuned_ms-500-allstrategies-event__all_strategies/bbq
all_strategies_event,all_strategies,All interventions,event,bbq,BBQ Disambig.,"DIY Two Pass (IT), 1-shot",Two Pass (IT),1,0.956,2.091,m6_two_pass_one__finetuned_ms-500-allstrategies-event__all_strategies,recomputed_from_predictions:archive/m6_llama8b_dedup_apply_20260504_000252/outputs/new_outputs/m6_self_debiasing/m6sd_20260325_bbq_allstrategies_maxlenfix_one/eval/m6_two_pass_one__finetuned_ms-500-allstrategies-event__all_strategies/bbq
all_strategies_event,all_strategies,All interventions,event,bbq,BBQ Disambig.,"DIY Two Pass (IT), 2-shot",Two Pass (IT),2,2.513,0.5340000000000003,m6_two_pass_two__finetuned_ms-500-allstrategies-event__all_strategies,results/new_results/m6_self_debiasing/m6sd_20260330_twoshot_bbq_allstrategies_fix/eval/m6_two_pass_two__finetuned_ms-500-allstrategies-event__all_strategies/bbq/bbq_metrics.csv
all_strategies_event,all_strategies,All interventions,event,winobias,WinoBias,ICL,ICL,,0.277778,-0.0012630000000000141,m4_baseicl_zero_llama8b,results/new_results/m4_base_icl_zero/m4_base_icl_zero_allmodels_20260514_005736/llama8b/evalshared/winobias/m4_baseicl_zero_llama8b_allstrat_winobias/winobias_metrics_overall_m4_baseicl_zero_llama8b_allstrat_winobias.csv
all_strategies_event,all_strategies,All interventions,event,winobias,WinoBias,DIY IT,DIY IT,,0.270202,0.006313000000000013,m3_finetune_allstrat_event_winobias,results/new_results/m3_finetune_llama_ms500/evalshared/winobias/m3_finetune_allstrat_event_winobias/winobias_metrics_overall_m3_finetune_allstrat_event_winobias.csv
all_strategies_event,all_strategies,All interventions,event,winobias,WinoBias,"DIY Two Pass (No IT), 0-shot",Two Pass (No IT),0,0.119949,0.156566,m6_two_pass__base__all_strategies_self_debias_two_pass_all_strategies,results/new_results/m6_self_debiasing/m6sd_20260324_twopass_zero_allstrategies_truncfix/eval/m6_two_pass__base__all_strategies/winobias/winobias/m6_two_pass__base__all_strategies_self_debias_two_pass_all_strategies/winobias_metrics_overall_m6_two_pass__base__all_strategies_self_debias_two_pass_all_strategies.csv
all_strategies_event,all_strategies,All interventions,event,winobias,WinoBias,"DIY Two Pass (No IT), 1-shot",Two Pass (No IT),1,0.0833333,0.1931817,m6_two_pass_one__base__all_strategies_self_debias_two_pass_all_strategies,results/new_results/m6_self_debiasing/m6sd_20260319_shot125_twopass_sep/eval/m6_two_pass_one__base__all_strategies/winobias/winobias/m6_two_pass_one__base__all_strategies_self_debias_two_pass_all_strategies/winobias_metrics_overall_m6_two_pass_one__base__all_strategies_self_debias_two_pass_all_strategies.csv
all_strategies_event,all_strategies,All interventions,event,winobias,WinoBias,"DIY Two Pass (No IT), 2-shot",Two Pass (No IT),2,0.0795455,0.19696950000000002,m6_two_pass_two__base__all_strategies_self_debias_two_pass_all_strategies,results/new_results/m6_self_debiasing/m6sd_20260326_twoshot_wino_allstrategies_fix/eval/m6_two_pass_two__base__all_strategies/winobias/winobias/m6_two_pass_two__base__all_strategies_self_debias_two_pass_all_strategies/winobias_metrics_overall_m6_two_pass_two__base__all_strategies_self_debias_two_pass_all_strategies.csv
all_strategies_event,all_strategies,All interventions,event,winobias,WinoBias,"DIY Two Pass (IT), 0-shot",Two Pass (IT),0,0.10101,0.17550500000000002,m6_two_pass__finetuned_ms-500-allstrategies-event__all_strategies_self_debias_two_pass_all_strategies,results/new_results/m6_self_debiasing/m6sd_20260324_twopass_zero_allstrategies_truncfix/eval/m6_two_pass__finetuned_ms-500-allstrategies-event__all_strategies/winobias/winobias/m6_two_pass__finetuned_ms-500-allstrategies-event__all_strategies_self_debias_two_pass_all_strategies/winobias_metrics_overall_m6_two_pass__finetuned_ms-500-allstrategies-event__all_strategies_self_debias_two_pass_all_strategies.csv
all_strategies_event,all_strategies,All interventions,event,winobias,WinoBias,"DIY Two Pass (IT), 1-shot",Two Pass (IT),1,0.0656566,0.2108584,m6_two_pass_one__finetuned_ms-500-allstrategies-event__all_strategies_self_debias_two_pass_all_strategies,results/new_results/m6_self_debiasing/m6sd_20260324_twopass_one_allstrategies_truncfix/eval/m6_two_pass_one__finetuned_ms-500-allstrategies-event__all_strategies/winobias/winobias/m6_two_pass_one__finetuned_ms-500-allstrategies-event__all_strategies_self_debias_two_pass_all_strategies/winobias_metrics_overall_m6_two_pass_one__finetuned_ms-500-allstrategies-event__all_strategies_self_debias_two_pass_all_strategies.csv
all_strategies_event,all_strategies,All interventions,event,winobias,WinoBias,"DIY Two Pass (IT), 2-shot",Two Pass (IT),2,0.10101,0.17550500000000002,m6_two_pass_two__finetuned_ms-500-allstrategies-event__all_strategies_self_debias_two_pass_all_strategies,results/new_results/m6_self_debiasing/m6sd_20260326_twoshot_wino_allstrategies_fix/eval/m6_two_pass_two__finetuned_ms-500-allstrategies-event__all_strategies/winobias/winobias/m6_two_pass_two__finetuned_ms-500-allstrategies-event__all_strategies_self_debias_two_pass_all_strategies/winobias_metrics_overall_m6_two_pass_two__finetuned_ms-500-allstrategies-event__all_strategies_self_debias_two_pass_all_strategies.csv
all_strategies_event,all_strategies,All interventions,event,winogender,WinoGender,ICL,ICL,,0.179167,0.012500000000000011,m4_baseicl_zero_llama8b,results/new_results/m4_base_icl_zero/m4_base_icl_zero_allmodels_20260514_005736/llama8b/evalshared/winogender/m4_baseicl_zero_llama8b_allstrat_winogender/winogender_metrics_overall_m4_baseicl_zero_llama8b_allstrat_winogender.csv
all_strategies_event,all_strategies,All interventions,event,winogender,WinoGender,DIY IT,DIY IT,,0.208333,-0.016665999999999986,m3_finetune_allstrat_event_winogender,results/new_results/m3_finetune_llama_ms500/evalshared/winogender/m3_finetune_allstrat_event_winogender/winogender_metrics_overall_m3_finetune_allstrat_event_winogender.csv
all_strategies_event,all_strategies,All interventions,event,winogender,WinoGender,"DIY Two Pass (No IT), 0-shot",Two Pass (No IT),0,0.158333,0.033334,m6_two_pass__base__all_strategies_self_debias_two_pass_all_strategies,results/new_results/m6_self_debiasing/m6sd_20260324_twopass_zero_allstrategies_truncfix/eval/m6_two_pass__base__all_strategies/winogender/winogender/m6_two_pass__base__all_strategies_self_debias_two_pass_all_strategies/winogender_metrics_overall_m6_two_pass__base__all_strategies_self_debias_two_pass_all_strategies.csv
all_strategies_event,all_strategies,All interventions,event,winogender,WinoGender,"DIY Two Pass (No IT), 1-shot",Two Pass (No IT),1,0.0916667,0.1000003,m6_two_pass_one__base__all_strategies_self_debias_two_pass_all_strategies,results/new_results/m6_self_debiasing/m6sd_20260319_shot125_twopass_sep/eval/m6_two_pass_one__base__all_strategies/winogender/winogender/m6_two_pass_one__base__all_strategies_self_debias_two_pass_all_strategies/winogender_metrics_overall_m6_two_pass_one__base__all_strategies_self_debias_two_pass_all_strategies.csv
all_strategies_event,all_strategies,All interventions,event,winogender,WinoGender,"DIY Two Pass (No IT), 2-shot",Two Pass (No IT),2,0.133333,0.058334,m6_two_pass_two__base__all_strategies_self_debias_two_pass_all_strategies,results/new_results/m6_self_debiasing/m6sd_20260326_twoshot_wino_allstrategies_fix/eval/m6_two_pass_two__base__all_strategies/winogender/winogender/m6_two_pass_two__base__all_strategies_self_debias_two_pass_all_strategies/winogender_metrics_overall_m6_two_pass_two__base__all_strategies_self_debias_two_pass_all_strategies.csv
all_strategies_event,all_strategies,All interventions,event,winogender,WinoGender,"DIY Two Pass (IT), 0-shot",Two Pass (IT),0,0.108333,0.083334,m6_two_pass__finetuned_ms-500-allstrategies-event__all_strategies_self_debias_two_pass_all_strategies,results/new_results/m6_self_debiasing/m6sd_20260324_twopass_zero_allstrategies_truncfix/eval/m6_two_pass__finetuned_ms-500-allstrategies-event__all_strategies/winogender/winogender/m6_two_pass__finetuned_ms-500-allstrategies-event__all_strategies_self_debias_two_pass_all_strategies/winogender_metrics_overall_m6_two_pass__finetuned_ms-500-allstrategies-event__all_strategies_self_debias_two_pass_all_strategies.csv
all_strategies_event,all_strategies,All interventions,event,winogender,WinoGender,"DIY Two Pass (IT), 1-shot",Two Pass (IT),1,0.0791667,0.1125003,m6_two_pass_one__finetuned_ms-500-allstrategies-event__all_strategies_self_debias_two_pass_all_strategies,results/new_results/m6_self_debiasing/m6sd_20260324_twopass_one_allstrategies_truncfix/eval/m6_two_pass_one__finetuned_ms-500-allstrategies-event__all_strategies/winogender/winogender/m6_two_pass_one__finetuned_ms-500-allstrategies-event__all_strategies_self_debias_two_pass_all_strategies/winogender_metrics_overall_m6_two_pass_one__finetuned_ms-500-allstrategies-event__all_strategies_self_debias_two_pass_all_strategies.csv
all_strategies_event,all_strategies,All interventions,event,winogender,WinoGender,"DIY Two Pass (IT), 2-shot",Two Pass (IT),2,0.1375,0.05416699999999999,m6_two_pass_two__finetuned_ms-500-allstrategies-event__all_strategies_self_debias_two_pass_all_strategies,results/new_results/m6_self_debiasing/m6sd_20260326_twoshot_wino_allstrategies_fix/eval/m6_two_pass_two__finetuned_ms-500-allstrategies-event__all_strategies/winogender/winogender/m6_two_pass_two__finetuned_ms-500-allstrategies-event__all_strategies_self_debias_two_pass_all_strategies/winogender_metrics_overall_m6_two_pass_two__finetuned_ms-500-allstrategies-event__all_strategies_self_debias_two_pass_all_strategies.csv
stereotype_replacement_all_versions,stereotype_replacement,Stereotype replacement,matched all-version,crowspairs,CrowS-Pairs,ICL,ICL,,9.35,5.84,m4_baseicl_zero_llama8b,results/new_results/m4_base_icl_zero/m4_base_icl_zero_allmodels_20260514_005736/llama8b/evalshared/crows_pairs_metrics_overall_m4_baseicl_zero_llama8b_sr_crowspairs.csv
stereotype_replacement_all_versions,stereotype_replacement,Stereotype replacement,matched all-version,crowspairs,CrowS-Pairs,DIY IT,DIY IT,,14.85,0.33999999999999986,m3_finetune_sr_indft_crowspairs,results/new_results/m3_finetune_llama_ms500/evalshared/crows_pairs_metrics_overall_m3_finetune_sr_indft_crowspairs.csv
stereotype_replacement_all_versions,stereotype_replacement,Stereotype replacement,matched all-version,crowspairs,CrowS-Pairs,"DIY Two Pass (No IT), 0-shot",Two Pass (No IT),0,5.77,9.42,m6_two_pass__base__stereotype_replacement_self_debias_two_pass_stereotype_replacement,results/new_results/m6_self_debiasing/m6sd_20260317_main3/eval/m6_two_pass__base__stereotype_replacement/crowspairs/crows_pairs_metrics_overall_m6_two_pass__base__stereotype_replacement_self_debias_two_pass_stereotype_replacement.csv
stereotype_replacement_all_versions,stereotype_replacement,Stereotype replacement,matched all-version,crowspairs,CrowS-Pairs,"DIY Two Pass (No IT), 1-shot",Two Pass (No IT),1,6.5,8.69,m6_two_pass_one__base__stereotype_replacement_self_debias_two_pass_stereotype_replacement,results/new_results/m6_self_debiasing/m6sd_20260319_shot125_twopass_sep/eval/m6_two_pass_one__base__stereotype_replacement/crowspairs/crows_pairs_metrics_overall_m6_two_pass_one__base__stereotype_replacement_self_debias_two_pass_stereotype_replacement.csv
stereotype_replacement_all_versions,stereotype_replacement,Stereotype replacement,matched all-version,crowspairs,CrowS-Pairs,"DIY Two Pass (No IT), 2-shot",Two Pass (No IT),2,5.84,9.35,m6_two_pass_two__base__stereotype_replacement_self_debias_two_pass_stereotype_replacement,results/new_results/m6_self_debiasing/m6sd_20260319_shot125_twopass_sep/eval/m6_two_pass_two__base__stereotype_replacement/crowspairs/crows_pairs_metrics_overall_m6_two_pass_two__base__stereotype_replacement_self_debias_two_pass_stereotype_replacement.csv
stereotype_replacement_all_versions,stereotype_replacement,Stereotype replacement,matched all-version,crowspairs,CrowS-Pairs,"DIY Two Pass (IT), 0-shot",Two Pass (IT),0,3.98,11.209999999999999,m6_two_pass__finetuned_ms-500-stereotype-replacement-opinion-action-event-allversions__stereotype_replacement_self_debias_two_pass_stereotype_replacement,results/new_results/m6_self_debiasing/m6sd_20260323_091321_twopass_zero_fix/eval/m6_two_pass__finetuned_ms-500-stereotype-replacement-opinion-action-event-allversions__stereotype_replacement/crowspairs/crows_pairs_metrics_overall_m6_two_pass__finetuned_ms-500-stereotype-replacement-opinion-action-event-allversions__stereotype_replacement_self_debias_two_pass_stereotype_replacement.csv
stereotype_replacement_all_versions,stereotype_replacement,Stereotype replacement,matched all-version,crowspairs,CrowS-Pairs,"DIY Two Pass (IT), 1-shot",Two Pass (IT),1,3.65,11.54,m6_two_pass_one__finetuned_ms-500-stereotype-replacement-opinion-action-event-allversions__stereotype_replacement_self_debias_two_pass_stereotype_replacement,results/new_results/m6_self_debiasing/m6sd_20260319_shot125_twopass_sep/eval/m6_two_pass_one__finetuned_ms-500-stereotype-replacement-opinion-action-event-allversions__stereotype_replacement/crowspairs/crows_pairs_metrics_overall_m6_two_pass_one__finetuned_ms-500-stereotype-replacement-opinion-action-event-allversions__stereotype_replacement_self_debias_two_pass_stereotype_replacement.csv
stereotype_replacement_all_versions,stereotype_replacement,Stereotype replacement,matched all-version,crowspairs,CrowS-Pairs,"DIY Two Pass (IT), 2-shot",Two Pass (IT),2,4.71,10.48,m6_two_pass_two__finetuned_ms-500-stereotype-replacement-opinion-action-event-allversions__stereotype_replacement_self_debias_two_pass_stereotype_replacement,results/new_results/m6_self_debiasing/m6sd_20260319_shot125_twopass_sep/eval/m6_two_pass_two__finetuned_ms-500-stereotype-replacement-opinion-action-event-allversions__stereotype_replacement/crowspairs/crows_pairs_metrics_overall_m6_two_pass_two__finetuned_ms-500-stereotype-replacement-opinion-action-event-allversions__stereotype_replacement_self_debias_two_pass_stereotype_replacement.csv
stereotype_replacement_all_versions,stereotype_replacement,Stereotype replacement,matched all-version,stereoset,StereoSet,ICL,ICL,,6.13057,2.1599600000000008,m4_baseicl_zero_llama8b,results/new_results/m4_base_icl_zero/m4_base_icl_zero_allmodels_20260514_005736/llama8b/evalshared/stereoset_metrics_m4_baseicl_zero_llama8b_sr_stereoset.csv
stereotype_replacement_all_versions,stereotype_replacement,Stereotype replacement,matched all-version,stereoset,StereoSet,DIY IT,DIY IT,,6.94888,1.3416500000000005,m3_finetune_sr_indft_stereoset,results/new_results/m3_finetune_llama_ms500/evalshared/stereoset_metrics_m3_finetune_sr_indft_stereoset.csv
stereotype_replacement_all_versions,stereotype_replacement,Stereotype replacement,matched all-version,stereoset,StereoSet,"DIY Two Pass (No IT), 0-shot",Two Pass (No IT),0,6.5868,1.7037300000000002,m6_two_pass__base__stereotype_replacement_self_debias_two_pass_stereotype_replacement,results/new_results/m6_self_debiasing/m6sd_20260317_main3/eval/m6_two_pass__base__stereotype_replacement/stereoset/stereoset_metrics_m6_two_pass__base__stereotype_replacement_self_debias_two_pass_stereotype_replacement.csv
stereotype_replacement_all_versions,stereotype_replacement,Stereotype replacement,matched all-version,stereoset,StereoSet,"DIY Two Pass (No IT), 1-shot",Two Pass (No IT),1,6.0261,2.264430000000001,m6_two_pass_one__base__stereotype_replacement_self_debias_two_pass_stereotype_replacement,results/new_results/m6_self_debiasing/m6sd_20260319_shot125_twopass_sep/eval/m6_two_pass_one__base__stereotype_replacement/stereoset/stereoset_metrics_m6_two_pass_one__base__stereotype_replacement_self_debias_two_pass_stereotype_replacement.csv
stereotype_replacement_all_versions,stereotype_replacement,Stereotype replacement,matched all-version,stereoset,StereoSet,"DIY Two Pass (No IT), 2-shot",Two Pass (No IT),2,7.07273,1.2178000000000004,m6_two_pass_two__base__stereotype_replacement_self_debias_two_pass_stereotype_replacement,results/new_results/m6_self_debiasing/m6sd_20260319_shot125_twopass_sep/eval/m6_two_pass_two__base__stereotype_replacement/stereoset/stereoset_metrics_m6_two_pass_two__base__stereotype_replacement_self_debias_two_pass_stereotype_replacement.csv
stereotype_replacement_all_versions,stereotype_replacement,Stereotype replacement,matched all-version,stereoset,StereoSet,"DIY Two Pass (IT), 0-shot",Two Pass (IT),0,5.92883,2.361700000000001,m6_two_pass__finetuned_ms-500-stereotype-replacement-opinion-action-event-allversions__stereotype_replacement_self_debias_two_pass_stereotype_replacement,results/new_results/m6_self_debiasing/m6sd_20260324_twopass_zero_missing_stereoset/eval/m6_two_pass__finetuned_ms-500-stereotype-replacement-opinion-action-event-allversions__stereotype_replacement/stereoset/stereoset_metrics_m6_two_pass__finetuned_ms-500-stereotype-replacement-opinion-action-event-allversions__stereotype_replacement_self_debias_two_pass_stereotype_replacement.csv
stereotype_replacement_all_versions,stereotype_replacement,Stereotype replacement,matched all-version,stereoset,StereoSet,"DIY Two Pass (IT), 1-shot",Two Pass (IT),1,5.15772,3.13281,m6_two_pass_one__finetuned_ms-500-stereotype-replacement-opinion-action-event-allversions__stereotype_replacement_self_debias_two_pass_stereotype_replacement,results/new_results/m6_self_debiasing/m6sd_20260319_shot125_twopass_sep/eval/m6_two_pass_one__finetuned_ms-500-stereotype-replacement-opinion-action-event-allversions__stereotype_replacement/stereoset/stereoset_metrics_m6_two_pass_one__finetuned_ms-500-stereotype-replacement-opinion-action-event-allversions__stereotype_replacement_self_debias_two_pass_stereotype_replacement.csv
stereotype_replacement_all_versions,stereotype_replacement,Stereotype replacement,matched all-version,stereoset,StereoSet,"DIY Two Pass (IT), 2-shot",Two Pass (IT),2,5.47044,2.8200900000000004,m6_two_pass_two__finetuned_ms-500-stereotype-replacement-opinion-action-event-allversions__stereotype_replacement_self_debias_two_pass_stereotype_replacement,results/new_results/m6_self_debiasing/m6sd_20260319_shot125_twopass_sep/eval/m6_two_pass_two__finetuned_ms-500-stereotype-replacement-opinion-action-event-allversions__stereotype_replacement/stereoset/stereoset_metrics_m6_two_pass_two__finetuned_ms-500-stereotype-replacement-opinion-action-event-allversions__stereotype_replacement_self_debias_two_pass_stereotype_replacement.csv
stereotype_replacement_all_versions,stereotype_replacement,Stereotype replacement,matched all-version,bbq,BBQ Ambig.,ICL,ICL,,4.234,3.1559999999999997,m4_baseicl_zero_llama8b,results/new_results/m4_base_icl_zero/m4_base_icl_zero_allmodels_20260514_005736/llama8b/bbq/bbq_metrics_m4_baseicl_zero_llama8b_sr_bbq.csv
stereotype_replacement_all_versions,stereotype_replacement,Stereotype replacement,matched all-version,bbq,BBQ Ambig.,DIY IT,DIY IT,,4.974,2.4159999999999995,m3_finetune_sr_indft_bbq:m3_finetune_sr_indft_bbq_instr_off_ALL,results/new_results/m3_finetune_llama_ms500/bbq/bbq_metrics_m3_finetune_sr_indft_bbq.csv
stereotype_replacement_all_versions,stereotype_replacement,Stereotype replacement,matched all-version,bbq,BBQ Ambig.,"DIY Two Pass (No IT), 0-shot",Two Pass (No IT),0,4.284,3.106,m6_two_pass__base__stereotype_replacement,results/new_results/m6_self_debiasing/m6sd_20260317_main3/eval/m6_two_pass__base__stereotype_replacement/bbq/bbq_metrics.csv
stereotype_replacement_all_versions,stereotype_replacement,Stereotype replacement,matched all-version,bbq,BBQ Ambig.,"DIY Two Pass (No IT), 1-shot",Two Pass (No IT),1,3.461,3.929,m6_two_pass_one__base__stereotype_replacement,results/new_results/m6_self_debiasing/m6sd_20260319_shot125_twopass_sep/eval/m6_two_pass_one__base__stereotype_replacement/bbq/bbq_metrics.csv
stereotype_replacement_all_versions,stereotype_replacement,Stereotype replacement,matched all-version,bbq,BBQ Ambig.,"DIY Two Pass (No IT), 2-shot",Two Pass (No IT),2,2.713,4.677,m6_two_pass_two__base__stereotype_replacement,results/new_results/m6_self_debiasing/m6sd_20260319_shot125_twopass_sep/eval/m6_two_pass_two__base__stereotype_replacement/bbq/bbq_metrics.csv
stereotype_replacement_all_versions,stereotype_replacement,Stereotype replacement,matched all-version,bbq,BBQ Ambig.,"DIY Two Pass (IT), 0-shot",Two Pass (IT),0,4.987,2.4029999999999996,m6_two_pass__finetuned_ms-500-stereotype-replacement-opinion-action-event-allversions__stereotype_replacement:m6_two_pass__finetuned_ms-500-stereotype-replacement-opinion-action-event-allversions__stereotype_replacement_self_debias_two_pass_stereotype_replacement_fp_finetuned_ms-500-stereotype-replacement-opinion-action-event-allversions_Age,recomputed_from_predictions:outputs/new_outputs/m6_self_debiasing/m6sd_20260323_091321_twopass_zero_fix/eval/m6_two_pass__finetuned_ms-500-stereotype-replacement-opinion-action-event-allversions__stereotype_replacement/bbq
stereotype_replacement_all_versions,stereotype_replacement,Stereotype replacement,matched all-version,bbq,BBQ Ambig.,"DIY Two Pass (IT), 1-shot",Two Pass (IT),1,3.534,3.856,m6_two_pass_one__finetuned_ms-500-stereotype-replacement-opinion-action-event-allversions__stereotype_replacement:m6_two_pass_one__finetuned_ms-500-stereotype-replacement-opinion-action-event-allversions__stereotype_replacement_self_debias_two_pass_stereotype_replacement_fp_finetuned_ms-500-stereotype-replacement-opinion-action-event-allversions_Age,recomputed_from_predictions:outputs/new_outputs/m6_self_debiasing/m6sd_20260319_shot125_twopass_sep/eval/m6_two_pass_one__finetuned_ms-500-stereotype-replacement-opinion-action-event-allversions__stereotype_replacement/bbq
stereotype_replacement_all_versions,stereotype_replacement,Stereotype replacement,matched all-version,bbq,BBQ Ambig.,"DIY Two Pass (IT), 2-shot",Two Pass (IT),2,3.011,4.379,m6_two_pass_two__finetuned_ms-500-stereotype-replacement-opinion-action-event-allversions__stereotype_replacement:m6_two_pass_two__finetuned_ms-500-stereotype-replacement-opinion-action-event-allversions__stereotype_replacement_self_debias_two_pass_stereotype_replacement_fp_finetuned_ms-500-stereotype-replacement-opinion-action-event-allversions_Age,recomputed_from_predictions:outputs/new_outputs/m6_self_debiasing/m6sd_20260319_shot125_twopass_sep/eval/m6_two_pass_two__finetuned_ms-500-stereotype-replacement-opinion-action-event-allversions__stereotype_replacement/bbq
stereotype_replacement_all_versions,stereotype_replacement,Stereotype replacement,matched all-version,bbq,BBQ Disambig.,ICL,ICL,,1.063,1.9840000000000002,m4_baseicl_zero_llama8b,results/new_results/m4_base_icl_zero/m4_base_icl_zero_allmodels_20260514_005736/llama8b/bbq/bbq_metrics_m4_baseicl_zero_llama8b_sr_bbq.csv
stereotype_replacement_all_versions,stereotype_replacement,Stereotype replacement,matched all-version,bbq,BBQ Disambig.,DIY IT,DIY IT,,0.751,2.2960000000000003,m3_finetune_sr_indft_bbq:m3_finetune_sr_indft_bbq_instr_off_ALL,results/new_results/m3_finetune_llama_ms500/bbq/bbq_metrics_m3_finetune_sr_indft_bbq.csv
stereotype_replacement_all_versions,stereotype_replacement,Stereotype replacement,matched all-version,bbq,BBQ Disambig.,"DIY Two Pass (No IT), 0-shot",Two Pass (No IT),0,0.539,2.508,m6_two_pass__base__stereotype_replacement,results/new_results/m6_self_debiasing/m6sd_20260317_main3/eval/m6_two_pass__base__stereotype_replacement/bbq/bbq_metrics.csv
stereotype_replacement_all_versions,stereotype_replacement,Stereotype replacement,matched all-version,bbq,BBQ Disambig.,"DIY Two Pass (No IT), 1-shot",Two Pass (No IT),1,0.395,2.652,m6_two_pass_one__base__stereotype_replacement,results/new_results/m6_self_debiasing/m6sd_20260319_shot125_twopass_sep/eval/m6_two_pass_one__base__stereotype_replacement/bbq/bbq_metrics.csv
stereotype_replacement_all_versions,stereotype_replacement,Stereotype replacement,matched all-version,bbq,BBQ Disambig.,"DIY Two Pass (No IT), 2-shot",Two Pass (No IT),2,0.122,2.9250000000000003,m6_two_pass_two__base__stereotype_replacement,results/new_results/m6_self_debiasing/m6sd_20260319_shot125_twopass_sep/eval/m6_two_pass_two__base__stereotype_replacement/bbq/bbq_metrics.csv
stereotype_replacement_all_versions,stereotype_replacement,Stereotype replacement,matched all-version,bbq,BBQ Disambig.,"DIY Two Pass (IT), 0-shot",Two Pass (IT),0,1.811,1.2360000000000002,m6_two_pass__finetuned_ms-500-stereotype-replacement-opinion-action-event-allversions__stereotype_replacement:m6_two_pass__finetuned_ms-500-stereotype-replacement-opinion-action-event-allversions__stereotype_replacement_self_debias_two_pass_stereotype_replacement_fp_finetuned_ms-500-stereotype-replacement-opinion-action-event-allversions_Age,recomputed_from_predictions:outputs/new_outputs/m6_self_debiasing/m6sd_20260323_091321_twopass_zero_fix/eval/m6_two_pass__finetuned_ms-500-stereotype-replacement-opinion-action-event-allversions__stereotype_replacement/bbq
stereotype_replacement_all_versions,stereotype_replacement,Stereotype replacement,matched all-version,bbq,BBQ Disambig.,"DIY Two Pass (IT), 1-shot",Two Pass (IT),1,1.304,1.743,m6_two_pass_one__finetuned_ms-500-stereotype-replacement-opinion-action-event-allversions__stereotype_replacement:m6_two_pass_one__finetuned_ms-500-stereotype-replacement-opinion-action-event-allversions__stereotype_replacement_self_debias_two_pass_stereotype_replacement_fp_finetuned_ms-500-stereotype-replacement-opinion-action-event-allversions_Age,recomputed_from_predictions:outputs/new_outputs/m6_self_debiasing/m6sd_20260319_shot125_twopass_sep/eval/m6_two_pass_one__finetuned_ms-500-stereotype-replacement-opinion-action-event-allversions__stereotype_replacement/bbq
stereotype_replacement_all_versions,stereotype_replacement,Stereotype replacement,matched all-version,bbq,BBQ Disambig.,"DIY Two Pass (IT), 2-shot",Two Pass (IT),2,0.857,2.1900000000000004,m6_two_pass_two__finetuned_ms-500-stereotype-replacement-opinion-action-event-allversions__stereotype_replacement:m6_two_pass_two__finetuned_ms-500-stereotype-replacement-opinion-action-event-allversions__stereotype_replacement_self_debias_two_pass_stereotype_replacement_fp_finetuned_ms-500-stereotype-replacement-opinion-action-event-allversions_Age,recomputed_from_predictions:outputs/new_outputs/m6_self_debiasing/m6sd_20260319_shot125_twopass_sep/eval/m6_two_pass_two__finetuned_ms-500-stereotype-replacement-opinion-action-event-allversions__stereotype_replacement/bbq
stereotype_replacement_all_versions,stereotype_replacement,Stereotype replacement,matched all-version,winobias,WinoBias,ICL,ICL,,0.277778,-0.0012630000000000141,m4_baseicl_zero_llama8b,results/new_results/m4_base_icl_zero/m4_base_icl_zero_allmodels_20260514_005736/llama8b/evalshared/winobias/m4_baseicl_zero_llama8b_sr_winobias/winobias_metrics_overall_m4_baseicl_zero_llama8b_sr_winobias.csv
stereotype_replacement_all_versions,stereotype_replacement,Stereotype replacement,matched all-version,winobias,WinoBias,DIY IT,DIY IT,,0.265152,0.011363000000000012,m3_finetune_sr_indft_winobias,results/new_results/m3_finetune_llama_ms500/evalshared/winobias/m3_finetune_sr_indft_winobias/winobias_metrics_overall_m3_finetune_sr_indft_winobias.csv
stereotype_replacement_all_versions,stereotype_replacement,Stereotype replacement,matched all-version,winobias,WinoBias,"DIY Two Pass (No IT), 0-shot",Two Pass (No IT),0,0.17803,0.09848500000000002,m6_two_pass__base__stereotype_replacement_self_debias_two_pass_stereotype_replacement,results/new_results_curated/m6_self_debiasing/incorrect/m6sd_20260323_091321_twopass_zero_fix/eval/m6_two_pass__base__stereotype_replacement/winobias/winobias/m6_two_pass__base__stereotype_replacement_self_debias_two_pass_stereotype_replacement/winobias_metrics_overall_m6_two_pass__base__stereotype_replacement_self_debias_two_pass_stereotype_replacement.csv
stereotype_replacement_all_versions,stereotype_replacement,Stereotype replacement,matched all-version,winobias,WinoBias,"DIY Two Pass (No IT), 1-shot",Two Pass (No IT),1,0.188131,0.08838400000000002,m6_two_pass_one__base__stereotype_replacement_self_debias_two_pass_stereotype_replacement,results/new_results/m6_self_debiasing/m6sd_20260319_shot125_twopass_sep/eval/m6_two_pass_one__base__stereotype_replacement/winobias/winobias/m6_two_pass_one__base__stereotype_replacement_self_debias_two_pass_stereotype_replacement/winobias_metrics_overall_m6_two_pass_one__base__stereotype_replacement_self_debias_two_pass_stereotype_replacement.csv
stereotype_replacement_all_versions,stereotype_replacement,Stereotype replacement,matched all-version,winobias,WinoBias,"DIY Two Pass (No IT), 2-shot",Two Pass (No IT),2,0.224747,0.05176800000000001,m6_two_pass_two__base__stereotype_replacement_self_debias_two_pass_stereotype_replacement,results/new_results/m6_self_debiasing/m6sd_20260319_shot125_twopass_sep/eval/m6_two_pass_two__base__stereotype_replacement/winobias/winobias/m6_two_pass_two__base__stereotype_replacement_self_debias_two_pass_stereotype_replacement/winobias_metrics_overall_m6_two_pass_two__base__stereotype_replacement_self_debias_two_pass_stereotype_replacement.csv
stereotype_replacement_all_versions,stereotype_replacement,Stereotype replacement,matched all-version,winobias,WinoBias,"DIY Two Pass (IT), 0-shot",Two Pass (IT),0,0.146465,0.13005,m6_two_pass__finetuned_ms-500-stereotype-replacement-opinion-action-event-allversions__stereotype_replacement_self_debias_two_pass_stereotype_replacement,results/new_results/m6_self_debiasing/m6sd_20260323_091321_twopass_zero_fix/eval/m6_two_pass__finetuned_ms-500-stereotype-replacement-opinion-action-event-allversions__stereotype_replacement/winobias/winobias/m6_two_pass__finetuned_ms-500-stereotype-replacement-opinion-action-event-allversions__stereotype_replacement_self_debias_two_pass_stereotype_replacement/winobias_metrics_overall_m6_two_pass__finetuned_ms-500-stereotype-replacement-opinion-action-event-allversions__stereotype_replacement_self_debias_two_pass_stereotype_replacement.csv
stereotype_replacement_all_versions,stereotype_replacement,Stereotype replacement,matched all-version,winobias,WinoBias,"DIY Two Pass (IT), 1-shot",Two Pass (IT),1,0.138889,0.137626,m6_two_pass_one__finetuned_ms-500-stereotype-replacement-opinion-action-event-allversions__stereotype_replacement_self_debias_two_pass_stereotype_replacement,results/new_results/m6_self_debiasing/m6sd_20260319_shot125_twopass_sep/eval/m6_two_pass_one__finetuned_ms-500-stereotype-replacement-opinion-action-event-allversions__stereotype_replacement/winobias/winobias/m6_two_pass_one__finetuned_ms-500-stereotype-replacement-opinion-action-event-allversions__stereotype_replacement_self_debias_two_pass_stereotype_replacement/winobias_metrics_overall_m6_two_pass_one__finetuned_ms-500-stereotype-replacement-opinion-action-event-allversions__stereotype_replacement_self_debias_two_pass_stereotype_replacement.csv
stereotype_replacement_all_versions,stereotype_replacement,Stereotype replacement,matched all-version,winobias,WinoBias,"DIY Two Pass (IT), 2-shot",Two Pass (IT),2,0.17803,0.09848500000000002,m6_two_pass_two__finetuned_ms-500-stereotype-replacement-opinion-action-event-allversions__stereotype_replacement_self_debias_two_pass_stereotype_replacement,results/new_results/m6_self_debiasing/m6sd_20260319_shot125_twopass_sep/eval/m6_two_pass_two__finetuned_ms-500-stereotype-replacement-opinion-action-event-allversions__stereotype_replacement/winobias/winobias/m6_two_pass_two__finetuned_ms-500-stereotype-replacement-opinion-action-event-allversions__stereotype_replacement_self_debias_two_pass_stereotype_replacement/winobias_metrics_overall_m6_two_pass_two__finetuned_ms-500-stereotype-replacement-opinion-action-event-allversions__stereotype_replacement_self_debias_two_pass_stereotype_replacement.csv
stereotype_replacement_all_versions,stereotype_replacement,Stereotype replacement,matched all-version,winogender,WinoGender,ICL,ICL,,0.179167,0.012500000000000011,m4_baseicl_zero_llama8b,results/new_results/m4_base_icl_zero/m4_base_icl_zero_allmodels_20260514_005736/llama8b/evalshared/winogender/m4_baseicl_zero_llama8b_sr_winogender/winogender_metrics_overall_m4_baseicl_zero_llama8b_sr_winogender.csv
stereotype_replacement_all_versions,stereotype_replacement,Stereotype replacement,matched all-version,winogender,WinoGender,DIY IT,DIY IT,,0.179167,0.012500000000000011,m3_finetune_sr_indft_winogender,results/new_results/m3_finetune_llama_ms500/evalshared/winogender/m3_finetune_sr_indft_winogender/winogender_metrics_overall_m3_finetune_sr_indft_winogender.csv
stereotype_replacement_all_versions,stereotype_replacement,Stereotype replacement,matched all-version,winogender,WinoGender,"DIY Two Pass (No IT), 0-shot",Two Pass (No IT),0,0.15,0.04166700000000001,m6_two_pass__base__stereotype_replacement_self_debias_two_pass_stereotype_replacement,results/new_results_curated/m6_self_debiasing/incorrect/m6sd_20260323_091321_twopass_zero_fix/eval/m6_two_pass__base__stereotype_replacement/winogender/winogender/m6_two_pass__base__stereotype_replacement_self_debias_two_pass_stereotype_replacement/winogender_metrics_overall_m6_two_pass__base__stereotype_replacement_self_debias_two_pass_stereotype_replacement.csv
stereotype_replacement_all_versions,stereotype_replacement,Stereotype replacement,matched all-version,winogender,WinoGender,"DIY Two Pass (No IT), 1-shot",Two Pass (No IT),1,0.179167,0.012500000000000011,m6_two_pass_one__base__stereotype_replacement_self_debias_two_pass_stereotype_replacement,results/new_results/m6_self_debiasing/m6sd_20260319_shot125_twopass_sep/eval/m6_two_pass_one__base__stereotype_replacement/winogender/winogender/m6_two_pass_one__base__stereotype_replacement_self_debias_two_pass_stereotype_replacement/winogender_metrics_overall_m6_two_pass_one__base__stereotype_replacement_self_debias_two_pass_stereotype_replacement.csv
stereotype_replacement_all_versions,stereotype_replacement,Stereotype replacement,matched all-version,winogender,WinoGender,"DIY Two Pass (No IT), 2-shot",Two Pass (No IT),2,0.170833,0.02083399999999999,m6_two_pass_two__base__stereotype_replacement_self_debias_two_pass_stereotype_replacement,results/new_results/m6_self_debiasing/m6sd_20260319_shot125_twopass_sep/eval/m6_two_pass_two__base__stereotype_replacement/winogender/winogender/m6_two_pass_two__base__stereotype_replacement_self_debias_two_pass_stereotype_replacement/winogender_metrics_overall_m6_two_pass_two__base__stereotype_replacement_self_debias_two_pass_stereotype_replacement.csv
stereotype_replacement_all_versions,stereotype_replacement,Stereotype replacement,matched all-version,winogender,WinoGender,"DIY Two Pass (IT), 0-shot",Two Pass (IT),0,0.170833,0.02083399999999999,m6_two_pass__finetuned_ms-500-stereotype-replacement-opinion-action-event-allversions__stereotype_replacement_self_debias_two_pass_stereotype_replacement,results/new_results/m6_self_debiasing/m6sd_20260323_091321_twopass_zero_fix/eval/m6_two_pass__finetuned_ms-500-stereotype-replacement-opinion-action-event-allversions__stereotype_replacement/winogender/winogender/m6_two_pass__finetuned_ms-500-stereotype-replacement-opinion-action-event-allversions__stereotype_replacement_self_debias_two_pass_stereotype_replacement/winogender_metrics_overall_m6_two_pass__finetuned_ms-500-stereotype-replacement-opinion-action-event-allversions__stereotype_replacement_self_debias_two_pass_stereotype_replacement.csv
stereotype_replacement_all_versions,stereotype_replacement,Stereotype replacement,matched all-version,winogender,WinoGender,"DIY Two Pass (IT), 1-shot",Two Pass (IT),1,0.154167,0.037500000000000006,m6_two_pass_one__finetuned_ms-500-stereotype-replacement-opinion-action-event-allversions__stereotype_replacement_self_debias_two_pass_stereotype_replacement,results/new_results/m6_self_debiasing/m6sd_20260319_shot125_twopass_sep/eval/m6_two_pass_one__finetuned_ms-500-stereotype-replacement-opinion-action-event-allversions__stereotype_replacement/winogender/winogender/m6_two_pass_one__finetuned_ms-500-stereotype-replacement-opinion-action-event-allversions__stereotype_replacement_self_debias_two_pass_stereotype_replacement/winogender_metrics_overall_m6_two_pass_one__finetuned_ms-500-stereotype-replacement-opinion-action-event-allversions__stereotype_replacement_self_debias_two_pass_stereotype_replacement.csv
stereotype_replacement_all_versions,stereotype_replacement,Stereotype replacement,matched all-version,winogender,WinoGender,"DIY Two Pass (IT), 2-shot",Two Pass (IT),2,0.175,0.016667000000000015,m6_two_pass_two__finetuned_ms-500-stereotype-replacement-opinion-action-event-allversions__stereotype_replacement_self_debias_two_pass_stereotype_replacement,results/new_results/m6_self_debiasing/m6sd_20260319_shot125_twopass_sep/eval/m6_two_pass_two__finetuned_ms-500-stereotype-replacement-opinion-action-event-allversions__stereotype_replacement/winogender/winogender/m6_two_pass_two__finetuned_ms-500-stereotype-replacement-opinion-action-event-allversions__stereotype_replacement_self_debias_two_pass_stereotype_replacement/winogender_metrics_overall_m6_two_pass_two__finetuned_ms-500-stereotype-replacement-opinion-action-event-allversions__stereotype_replacement_self_debias_two_pass_stereotype_replacement.csv
individuation_all_versions,individuating,Individuation,matched all-version,crowspairs,CrowS-Pairs,ICL,ICL,,8.29,6.9,m4_baseicl_zero_llama8b,results/new_results/m4_base_icl_zero/m4_base_icl_zero_allmodels_20260514_005736/llama8b/evalshared/crows_pairs_metrics_overall_m4_baseicl_zero_llama8b_ind_crowspairs.csv
individuation_all_versions,individuating,Individuation,matched all-version,crowspairs,CrowS-Pairs,DIY IT,DIY IT,,14.32,0.8699999999999992,m3_finetune_ind,results/new_results/m3_finetune_llama_ms500/evalshared/crows_pairs_metrics_overall_m3_finetune_ind.csv
individuation_all_versions,individuating,Individuation,matched all-version,crowspairs,CrowS-Pairs,"DIY Two Pass (No IT), 0-shot",Two Pass (No IT),0,2.45,12.739999999999998,m6_two_pass__base__individuating_self_debias_two_pass_individuating,results/new_results/m6_self_debiasing/m6sd_20260317_main3/eval/m6_two_pass__base__individuating/crowspairs/crows_pairs_metrics_overall_m6_two_pass__base__individuating_self_debias_two_pass_individuating.csv
individuation_all_versions,individuating,Individuation,matched all-version,crowspairs,CrowS-Pairs,"DIY Two Pass (No IT), 1-shot",Two Pass (No IT),1,3.78,11.41,m6_two_pass_one__base__individuating_self_debias_two_pass_individuating,results/new_results/m6_self_debiasing/m6sd_20260319_shot125_twopass_sep/eval/m6_two_pass_one__base__individuating/crowspairs/crows_pairs_metrics_overall_m6_two_pass_one__base__individuating_self_debias_two_pass_individuating.csv
individuation_all_versions,individuating,Individuation,matched all-version,crowspairs,CrowS-Pairs,"DIY Two Pass (No IT), 2-shot",Two Pass (No IT),2,3.38,11.809999999999999,m6_two_pass_two__base__individuating_self_debias_two_pass_individuating,results/new_results/m6_self_debiasing/m6sd_20260326_twoshot_crows_stereoset_fix/eval/m6_two_pass_two__base__individuating/crowspairs/crows_pairs_metrics_overall_m6_two_pass_two__base__individuating_self_debias_two_pass_individuating.csv
individuation_all_versions,individuating,Individuation,matched all-version,crowspairs,CrowS-Pairs,"DIY Two Pass (IT), 0-shot",Two Pass (IT),0,0.07,15.12,m6_two_pass__finetuned_ms-500-individuating-opinion-action-event-allversions__individuating_self_debias_two_pass_individuating,results/new_results/m6_self_debiasing/m6sd_20260317_main3/eval/m6_two_pass__finetuned_ms-500-individuating-opinion-action-event-allversions__individuating/crowspairs/crows_pairs_metrics_overall_m6_two_pass__finetuned_ms-500-individuating-opinion-action-event-allversions__individuating_self_debias_two_pass_individuating.csv
individuation_all_versions,individuating,Individuation,matched all-version,crowspairs,CrowS-Pairs,"DIY Two Pass (IT), 1-shot",Two Pass (IT),1,1.66,13.53,m6_two_pass_one__finetuned_ms-500-individuating-opinion-action-event-allversions__individuating_self_debias_two_pass_individuating,results/new_results/m6_self_debiasing/m6sd_20260319_shot125_twopass_sep/eval/m6_two_pass_one__finetuned_ms-500-individuating-opinion-action-event-allversions__individuating/crowspairs/crows_pairs_metrics_overall_m6_two_pass_one__finetuned_ms-500-individuating-opinion-action-event-allversions__individuating_self_debias_two_pass_individuating.csv
individuation_all_versions,individuating,Individuation,matched all-version,crowspairs,CrowS-Pairs,"DIY Two Pass (IT), 2-shot",Two Pass (IT),2,49.87,-34.68,m6_two_pass_two__finetuned_ms-500-individuating-opinion-action-event-allversions__individuating_self_debias_two_pass_individuating,results/new_results/m6_self_debiasing/m6sd_20260319_shot125_twopass_sep/eval/m6_two_pass_two__finetuned_ms-500-individuating-opinion-action-event-allversions__individuating/crowspairs/crows_pairs_metrics_overall_m6_two_pass_two__finetuned_ms-500-individuating-opinion-action-event-allversions__individuating_self_debias_two_pass_individuating.csv
individuation_all_versions,individuating,Individuation,matched all-version,stereoset,StereoSet,ICL,ICL,,5.90646,2.3840700000000004,m4_baseicl_zero_llama8b,results/new_results/m4_base_icl_zero/m4_base_icl_zero_allmodels_20260514_005736/llama8b/evalshared/stereoset_metrics_m4_baseicl_zero_llama8b_ind_stereoset.csv
individuation_all_versions,individuating,Individuation,matched all-version,stereoset,StereoSet,DIY IT,DIY IT,,7.30785,0.9826800000000002,m3_finetune_ind,results/new_results/m3_finetune_llama_ms500/evalshared/stereoset_metrics_m3_finetune_ind.csv
individuation_all_versions,individuating,Individuation,matched all-version,stereoset,StereoSet,"DIY Two Pass (No IT), 0-shot",Two Pass (No IT),0,6.4877,1.8028300000000002,m6_two_pass__base__individuating_self_debias_two_pass_individuating,results/new_results/m6_self_debiasing/m6sd_20260317_main3/eval/m6_two_pass__base__individuating/stereoset/stereoset_metrics_m6_two_pass__base__individuating_self_debias_two_pass_individuating.csv
individuation_all_versions,individuating,Individuation,matched all-version,stereoset,StereoSet,"DIY Two Pass (No IT), 1-shot",Two Pass (No IT),1,5.18238,3.10815,m6_two_pass_one__base__individuating_self_debias_two_pass_individuating,results/new_results/m6_self_debiasing/m6sd_20260319_shot125_twopass_sep/eval/m6_two_pass_one__base__individuating/stereoset/stereoset_metrics_m6_two_pass_one__base__individuating_self_debias_two_pass_individuating.csv
individuation_all_versions,individuating,Individuation,matched all-version,stereoset,StereoSet,"DIY Two Pass (No IT), 2-shot",Two Pass (No IT),2,5.3259,2.9646300000000005,m6_two_pass_two__base__individuating_self_debias_two_pass_individuating,results/new_results/m6_self_debiasing/m6sd_20260326_twoshot_crows_stereoset_fix/eval/m6_two_pass_two__base__individuating/stereoset/stereoset_metrics_m6_two_pass_two__base__individuating_self_debias_two_pass_individuating.csv
individuation_all_versions,individuating,Individuation,matched all-version,stereoset,StereoSet,"DIY Two Pass (IT), 0-shot",Two Pass (IT),0,4.82187,3.4686600000000007,m6_two_pass__finetuned_ms-500-individuating-opinion-action-event-allversions__individuating_self_debias_two_pass_individuating,results/new_results/m6_self_debiasing/m6sd_20260317_main3/eval/m6_two_pass__finetuned_ms-500-individuating-opinion-action-event-allversions__individuating/stereoset/stereoset_metrics_m6_two_pass__finetuned_ms-500-individuating-opinion-action-event-allversions__individuating_self_debias_two_pass_individuating.csv
individuation_all_versions,individuating,Individuation,matched all-version,stereoset,StereoSet,"DIY Two Pass (IT), 1-shot",Two Pass (IT),1,4.3942,3.8963300000000007,m6_two_pass_one__finetuned_ms-500-individuating-opinion-action-event-allversions__individuating_self_debias_two_pass_individuating,results/new_results/m6_self_debiasing/m6sd_20260319_shot125_twopass_sep/eval/m6_two_pass_one__finetuned_ms-500-individuating-opinion-action-event-allversions__individuating/stereoset/stereoset_metrics_m6_two_pass_one__finetuned_ms-500-individuating-opinion-action-event-allversions__individuating_self_debias_two_pass_individuating.csv
individuation_all_versions,individuating,Individuation,matched all-version,stereoset,StereoSet,"DIY Two Pass (IT), 2-shot",Two Pass (IT),2,49.9455,-41.654970000000006,m6_two_pass_two__finetuned_ms-500-individuating-opinion-action-event-allversions__individuating_self_debias_two_pass_individuating,results/new_results/m6_self_debiasing/m6sd_20260319_shot125_twopass_sep/eval/m6_two_pass_two__finetuned_ms-500-individuating-opinion-action-event-allversions__individuating/stereoset/stereoset_metrics_m6_two_pass_two__finetuned_ms-500-individuating-opinion-action-event-allversions__individuating_self_debias_two_pass_individuating.csv
individuation_all_versions,individuating,Individuation,matched all-version,bbq,BBQ Ambig.,ICL,ICL,,3.93,3.4599999999999995,m4_baseicl_zero_llama8b,results/new_results/m4_base_icl_zero/m4_base_icl_zero_allmodels_20260514_005736/llama8b/bbq/bbq_metrics_m4_baseicl_zero_llama8b_ind_bbq.csv
individuation_all_versions,individuating,Individuation,matched all-version,bbq,BBQ Ambig.,DIY IT,DIY IT,,4.804,2.5859999999999994,m3_finetune_ind:m3_finetune_ind_instr_off_ALL,results/new_results/m3_finetune_llama_ms500/bbq/bbq_metrics_m3_finetune_ind.csv
individuation_all_versions,individuating,Individuation,matched all-version,bbq,BBQ Ambig.,"DIY Two Pass (No IT), 0-shot",Two Pass (No IT),0,4.103,3.287,m6_two_pass__base__individuating,results/new_results/m6_self_debiasing/m6sd_20260317_main3/eval/m6_two_pass__base__individuating/bbq/bbq_metrics.csv
individuation_all_versions,individuating,Individuation,matched all-version,bbq,BBQ Ambig.,"DIY Two Pass (No IT), 1-shot",Two Pass (No IT),1,2.641,4.749,m6_two_pass_one__base__individuating,results/new_results/m6_self_debiasing/m6sd_20260319_shot125_twopass_sep/eval/m6_two_pass_one__base__individuating/bbq/bbq_metrics.csv
individuation_all_versions,individuating,Individuation,matched all-version,bbq,BBQ Ambig.,"DIY Two Pass (No IT), 2-shot",Two Pass (No IT),2,0.653,6.737,m6_two_pass_two__base__individuating,results/new_results/m6_self_debiasing/m6sd_20260319_shot125_twopass_sep/eval/m6_two_pass_two__base__individuating/bbq/bbq_metrics.csv
individuation_all_versions,individuating,Individuation,matched all-version,bbq,BBQ Ambig.,"DIY Two Pass (IT), 0-shot",Two Pass (IT),0,5.004,2.386,m6_two_pass__finetuned_ms-500-individuating-opinion-action-event-allversions__individuating,results/new_results/m6_self_debiasing/m6sd_20260323_091321_twopass_zero_fix/eval/m6_two_pass__finetuned_ms-500-individuating-opinion-action-event-allversions__individuating/bbq/bbq_metrics.csv
individuation_all_versions,individuating,Individuation,matched all-version,bbq,BBQ Ambig.,"DIY Two Pass (IT), 1-shot",Two Pass (IT),1,4.385,3.005,m6_two_pass_one__finetuned_ms-500-individuating-opinion-action-event-allversions__individuating,results/new_results/m6_self_debiasing/m6sd_20260319_shot125_twopass_sep/eval/m6_two_pass_one__finetuned_ms-500-individuating-opinion-action-event-allversions__individuating/bbq/bbq_metrics.csv
individuation_all_versions,individuating,Individuation,matched all-version,bbq,BBQ Ambig.,"DIY Two Pass (IT), 2-shot",Two Pass (IT),2,0.828,6.561999999999999,m6_two_pass_two__finetuned_ms-500-individuating-opinion-action-event-allversions__individuating,results/new_results/m6_self_debiasing/m6sd_20260319_shot125_twopass_sep/eval/m6_two_pass_two__finetuned_ms-500-individuating-opinion-action-event-allversions__individuating/bbq/bbq_metrics.csv
individuation_all_versions,individuating,Individuation,matched all-version,bbq,BBQ Disambig.,ICL,ICL,,0.996,2.051,m4_baseicl_zero_llama8b,results/new_results/m4_base_icl_zero/m4_base_icl_zero_allmodels_20260514_005736/llama8b/bbq/bbq_metrics_m4_baseicl_zero_llama8b_ind_bbq.csv
individuation_all_versions,individuating,Individuation,matched all-version,bbq,BBQ Disambig.,DIY IT,DIY IT,,0.731,2.3160000000000003,m3_finetune_ind:m3_finetune_ind_instr_off_ALL,results/new_results/m3_finetune_llama_ms500/bbq/bbq_metrics_m3_finetune_ind.csv
individuation_all_versions,individuating,Individuation,matched all-version,bbq,BBQ Disambig.,"DIY Two Pass (No IT), 0-shot",Two Pass (No IT),0,0.177,2.87,m6_two_pass__base__individuating,results/new_results/m6_self_debiasing/m6sd_20260317_main3/eval/m6_two_pass__base__individuating/bbq/bbq_metrics.csv
individuation_all_versions,individuating,Individuation,matched all-version,bbq,BBQ Disambig.,"DIY Two Pass (No IT), 1-shot",Two Pass (No IT),1,0.094,2.9530000000000003,m6_two_pass_one__base__individuating,results/new_results/m6_self_debiasing/m6sd_20260319_shot125_twopass_sep/eval/m6_two_pass_one__base__individuating/bbq/bbq_metrics.csv
individuation_all_versions,individuating,Individuation,matched all-version,bbq,BBQ Disambig.,"DIY Two Pass (No IT), 2-shot",Two Pass (No IT),2,0.025,3.0220000000000002,m6_two_pass_two__base__individuating,results/new_results/m6_self_debiasing/m6sd_20260319_shot125_twopass_sep/eval/m6_two_pass_two__base__individuating/bbq/bbq_metrics.csv
individuation_all_versions,individuating,Individuation,matched all-version,bbq,BBQ Disambig.,"DIY Two Pass (IT), 0-shot",Two Pass (IT),0,0.188,2.859,m6_two_pass__finetuned_ms-500-individuating-opinion-action-event-allversions__individuating,results/new_results/m6_self_debiasing/m6sd_20260323_091321_twopass_zero_fix/eval/m6_two_pass__finetuned_ms-500-individuating-opinion-action-event-allversions__individuating/bbq/bbq_metrics.csv
individuation_all_versions,individuating,Individuation,matched all-version,bbq,BBQ Disambig.,"DIY Two Pass (IT), 1-shot",Two Pass (IT),1,0.794,2.253,m6_two_pass_one__finetuned_ms-500-individuating-opinion-action-event-allversions__individuating,results/new_results/m6_self_debiasing/m6sd_20260319_shot125_twopass_sep/eval/m6_two_pass_one__finetuned_ms-500-individuating-opinion-action-event-allversions__individuating/bbq/bbq_metrics.csv
individuation_all_versions,individuating,Individuation,matched all-version,bbq,BBQ Disambig.,"DIY Two Pass (IT), 2-shot",Two Pass (IT),2,0.006,3.0410000000000004,m6_two_pass_two__finetuned_ms-500-individuating-opinion-action-event-allversions__individuating,results/new_results/m6_self_debiasing/m6sd_20260319_shot125_twopass_sep/eval/m6_two_pass_two__finetuned_ms-500-individuating-opinion-action-event-allversions__individuating/bbq/bbq_metrics.csv
individuation_all_versions,individuating,Individuation,matched all-version,winobias,WinoBias,ICL,ICL,,0.277778,-0.0012630000000000141,m4_baseicl_zero_llama8b,results/new_results/m4_base_icl_zero/m4_base_icl_zero_allmodels_20260514_005736/llama8b/evalshared/winobias/m4_baseicl_zero_llama8b_ind_winobias/winobias_metrics_overall_m4_baseicl_zero_llama8b_ind_winobias.csv
individuation_all_versions,individuating,Individuation,matched all-version,winobias,WinoBias,DIY IT,DIY IT,,0.286616,-0.010100999999999971,m3_finetune_ind_winobias,results/new_results/m3_finetune_llama_ms500/evalshared/winobias/m3_finetune_ind_winobias/winobias_metrics_overall_m3_finetune_ind_winobias.csv
individuation_all_versions,individuating,Individuation,matched all-version,winobias,WinoBias,"DIY Two Pass (No IT), 0-shot",Two Pass (No IT),0,0.218434,0.05808100000000002,m6_two_pass__base__individuating_self_debias_two_pass_individuating,results/new_results_curated/m6_self_debiasing/incorrect/m6sd_20260323_091321_twopass_zero_fix/eval/m6_two_pass__base__individuating/winobias/winobias/m6_two_pass__base__individuating_self_debias_two_pass_individuating/winobias_metrics_overall_m6_two_pass__base__individuating_self_debias_two_pass_individuating.csv
individuation_all_versions,individuating,Individuation,matched all-version,winobias,WinoBias,"DIY Two Pass (No IT), 1-shot",Two Pass (No IT),1,0.184343,0.092172,m6_two_pass_one__base__individuating_self_debias_two_pass_individuating,results/new_results/m6_self_debiasing/m6sd_20260319_shot125_twopass_sep/eval/m6_two_pass_one__base__individuating/winobias/winobias/m6_two_pass_one__base__individuating_self_debias_two_pass_individuating/winobias_metrics_overall_m6_two_pass_one__base__individuating_self_debias_two_pass_individuating.csv
individuation_all_versions,individuating,Individuation,matched all-version,winobias,WinoBias,"DIY Two Pass (No IT), 2-shot",Two Pass (No IT),2,0.191919,0.084596,m6_two_pass_two__base__individuating_self_debias_two_pass_individuating,results/new_results/m6_self_debiasing/m6sd_20260319_shot125_twopass_sep/eval/m6_two_pass_two__base__individuating/winobias/winobias/m6_two_pass_two__base__individuating_self_debias_two_pass_individuating/winobias_metrics_overall_m6_two_pass_two__base__individuating_self_debias_two_pass_individuating.csv
individuation_all_versions,individuating,Individuation,matched all-version,winobias,WinoBias,"DIY Two Pass (IT), 0-shot",Two Pass (IT),0,0.236111,0.04040400000000002,m6_two_pass__finetuned_ms-500-individuating-opinion-action-event-allversions__individuating_self_debias_two_pass_individuating,results/new_results_curated/m6_self_debiasing/incorrect/m6sd_20260323_091321_twopass_zero_fix/eval/m6_two_pass__finetuned_ms-500-individuating-opinion-action-event-allversions__individuating/winobias/winobias/m6_two_pass__finetuned_ms-500-individuating-opinion-action-event-allversions__individuating_self_debias_two_pass_individuating/winobias_metrics_overall_m6_two_pass__finetuned_ms-500-individuating-opinion-action-event-allversions__individuating_self_debias_two_pass_individuating.csv
individuation_all_versions,individuating,Individuation,matched all-version,winobias,WinoBias,"DIY Two Pass (IT), 1-shot",Two Pass (IT),1,0.227273,0.04924200000000001,m6_two_pass_one__finetuned_ms-500-individuating-opinion-action-event-allversions__individuating_self_debias_two_pass_individuating,results/new_results/m6_self_debiasing/m6sd_20260319_shot125_twopass_sep/eval/m6_two_pass_one__finetuned_ms-500-individuating-opinion-action-event-allversions__individuating/winobias/winobias/m6_two_pass_one__finetuned_ms-500-individuating-opinion-action-event-allversions__individuating_self_debias_two_pass_individuating/winobias_metrics_overall_m6_two_pass_one__finetuned_ms-500-individuating-opinion-action-event-allversions__individuating_self_debias_two_pass_individuating.csv
individuation_all_versions,individuating,Individuation,matched all-version,winobias,WinoBias,"DIY Two Pass (IT), 2-shot",Two Pass (IT),2,0.244949,0.03156600000000001,m6_two_pass_two__finetuned_ms-500-individuating-opinion-action-event-allversions__individuating_self_debias_two_pass_individuating,results/new_results/m6_self_debiasing/m6sd_20260319_shot125_twopass_sep/eval/m6_two_pass_two__finetuned_ms-500-individuating-opinion-action-event-allversions__individuating/winobias/winobias/m6_two_pass_two__finetuned_ms-500-individuating-opinion-action-event-allversions__individuating_self_debias_two_pass_individuating/winobias_metrics_overall_m6_two_pass_two__finetuned_ms-500-individuating-opinion-action-event-allversions__individuating_self_debias_two_pass_individuating.csv
individuation_all_versions,individuating,Individuation,matched all-version,winogender,WinoGender,ICL,ICL,,0.179167,0.012500000000000011,m4_baseicl_zero_llama8b,results/new_results/m4_base_icl_zero/m4_base_icl_zero_allmodels_20260514_005736/llama8b/evalshared/winogender/m4_baseicl_zero_llama8b_ind_winogender/winogender_metrics_overall_m4_baseicl_zero_llama8b_ind_winogender.csv
individuation_all_versions,individuating,Individuation,matched all-version,winogender,WinoGender,DIY IT,DIY IT,,0.220833,-0.029165999999999997,m3_finetune_ind_winogender,results/new_results/m3_finetune_llama_ms500/evalshared/winogender/m3_finetune_ind_winogender/winogender_metrics_overall_m3_finetune_ind_winogender.csv
individuation_all_versions,individuating,Individuation,matched all-version,winogender,WinoGender,"DIY Two Pass (No IT), 0-shot",Two Pass (No IT),0,0.166667,0.024999999999999994,m6_two_pass__base__individuating_self_debias_two_pass_individuating,results/new_results_curated/m6_self_debiasing/incorrect/m6sd_20260323_091321_twopass_zero_fix/eval/m6_two_pass__base__individuating/winogender/winogender/m6_two_pass__base__individuating_self_debias_two_pass_individuating/winogender_metrics_overall_m6_two_pass__base__individuating_self_debias_two_pass_individuating.csv
individuation_all_versions,individuating,Individuation,matched all-version,winogender,WinoGender,"DIY Two Pass (No IT), 1-shot",Two Pass (No IT),1,0.158333,0.033334,m6_two_pass_one__base__individuating_self_debias_two_pass_individuating,results/new_results/m6_self_debiasing/m6sd_20260319_shot125_twopass_sep/eval/m6_two_pass_one__base__individuating/winogender/winogender/m6_two_pass_one__base__individuating_self_debias_two_pass_individuating/winogender_metrics_overall_m6_two_pass_one__base__individuating_self_debias_two_pass_individuating.csv
individuation_all_versions,individuating,Individuation,matched all-version,winogender,WinoGender,"DIY Two Pass (No IT), 2-shot",Two Pass (No IT),2,0.170833,0.02083399999999999,m6_two_pass_two__base__individuating_self_debias_two_pass_individuating,results/new_results/m6_self_debiasing/m6sd_20260319_shot125_twopass_sep/eval/m6_two_pass_two__base__individuating/winogender/winogender/m6_two_pass_two__base__individuating_self_debias_two_pass_individuating/winogender_metrics_overall_m6_two_pass_two__base__individuating_self_debias_two_pass_individuating.csv
individuation_all_versions,individuating,Individuation,matched all-version,winogender,WinoGender,"DIY Two Pass (IT), 0-shot",Two Pass (IT),0,0.225,-0.033333,m6_two_pass__finetuned_ms-500-individuating-opinion-action-event-allversions__individuating_self_debias_two_pass_individuating,results/new_results_curated/m6_self_debiasing/incorrect/m6sd_20260323_091321_twopass_zero_fix/eval/m6_two_pass__finetuned_ms-500-individuating-opinion-action-event-allversions__individuating/winogender/winogender/m6_two_pass__finetuned_ms-500-individuating-opinion-action-event-allversions__individuating_self_debias_two_pass_individuating/winogender_metrics_overall_m6_two_pass__finetuned_ms-500-individuating-opinion-action-event-allversions__individuating_self_debias_two_pass_individuating.csv
individuation_all_versions,individuating,Individuation,matched all-version,winogender,WinoGender,"DIY Two Pass (IT), 1-shot",Two Pass (IT),1,0.220833,-0.029165999999999997,m6_two_pass_one__finetuned_ms-500-individuating-opinion-action-event-allversions__individuating_self_debias_two_pass_individuating,results/new_results/m6_self_debiasing/m6sd_20260319_shot125_twopass_sep/eval/m6_two_pass_one__finetuned_ms-500-individuating-opinion-action-event-allversions__individuating/winogender/winogender/m6_two_pass_one__finetuned_ms-500-individuating-opinion-action-event-allversions__individuating_self_debias_two_pass_individuating/winogender_metrics_overall_m6_two_pass_one__finetuned_ms-500-individuating-opinion-action-event-allversions__individuating_self_debias_two_pass_individuating.csv
individuation_all_versions,individuating,Individuation,matched all-version,winogender,WinoGender,"DIY Two Pass (IT), 2-shot",Two Pass (IT),2,0.233333,-0.04166600000000001,m6_two_pass_two__finetuned_ms-500-individuating-opinion-action-event-allversions__individuating_self_debias_two_pass_individuating,results/new_results/m6_self_debiasing/m6sd_20260319_shot125_twopass_sep/eval/m6_two_pass_two__finetuned_ms-500-individuating-opinion-action-event-allversions__individuating/winogender/winogender/m6_two_pass_two__finetuned_ms-500-individuating-opinion-action-event-allversions__individuating_self_debias_two_pass_individuating/winogender_metrics_overall_m6_two_pass_two__finetuned_ms-500-individuating-opinion-action-event-allversions__individuating_self_debias_two_pass_individuating.csv
perspective_taking_all_versions,perspective_taking,Perspective-taking,matched all-version,crowspairs,CrowS-Pairs,ICL,ICL,,11.21,3.9799999999999986,m4_baseicl_zero_llama8b,results/new_results/m4_base_icl_zero/m4_base_icl_zero_allmodels_20260514_005736/llama8b/evalshared/crows_pairs_metrics_overall_m4_baseicl_zero_llama8b_pt_crowspairs.csv
perspective_taking_all_versions,perspective_taking,Perspective-taking,matched all-version,crowspairs,CrowS-Pairs,DIY IT,DIY IT,,14.39,0.7999999999999989,m3_finetune_pt,results/new_results/m3_finetune_llama_ms500/evalshared/crows_pairs_metrics_overall_m3_finetune_pt.csv
perspective_taking_all_versions,perspective_taking,Perspective-taking,matched all-version,crowspairs,CrowS-Pairs,"DIY Two Pass (No IT), 0-shot",Two Pass (No IT),0,1.59,13.6,m6_two_pass__base__perspective_taking_self_debias_two_pass_perspective_taking,results/new_results/m6_self_debiasing/m6sd_20260317_main3/eval/m6_two_pass__base__perspective_taking/crowspairs/crows_pairs_metrics_overall_m6_two_pass__base__perspective_taking_self_debias_two_pass_perspective_taking.csv
perspective_taking_all_versions,perspective_taking,Perspective-taking,matched all-version,crowspairs,CrowS-Pairs,"DIY Two Pass (No IT), 1-shot",Two Pass (No IT),1,3.71,11.48,m6_two_pass_one__base__perspective_taking_self_debias_two_pass_perspective_taking,results/new_results/m6_self_debiasing/m6sd_20260319_shot125_twopass_sep/eval/m6_two_pass_one__base__perspective_taking/crowspairs/crows_pairs_metrics_overall_m6_two_pass_one__base__perspective_taking_self_debias_two_pass_perspective_taking.csv
perspective_taking_all_versions,perspective_taking,Perspective-taking,matched all-version,crowspairs,CrowS-Pairs,"DIY Two Pass (No IT), 2-shot",Two Pass (No IT),2,19.76,-4.570000000000002,m6_two_pass_two__base__perspective_taking_self_debias_two_pass_perspective_taking,results/new_results/m6_self_debiasing/m6sd_20260319_shot125_twopass_sep/eval/m6_two_pass_two__base__perspective_taking/crowspairs/crows_pairs_metrics_overall_m6_two_pass_two__base__perspective_taking_self_debias_two_pass_perspective_taking.csv
perspective_taking_all_versions,perspective_taking,Perspective-taking,matched all-version,crowspairs,CrowS-Pairs,"DIY Two Pass (IT), 0-shot",Two Pass (IT),0,0.93,14.26,m6_two_pass__finetuned_ms-500-perspective-taking-opinion-action-event-allversions__perspective_taking_self_debias_two_pass_perspective_taking,results/new_results/m6_self_debiasing/m6sd_20260317_main3/eval/m6_two_pass__finetuned_ms-500-perspective-taking-opinion-action-event-allversions__perspective_taking/crowspairs/crows_pairs_metrics_overall_m6_two_pass__finetuned_ms-500-perspective-taking-opinion-action-event-allversions__perspective_taking_self_debias_two_pass_perspective_taking.csv
perspective_taking_all_versions,perspective_taking,Perspective-taking,matched all-version,crowspairs,CrowS-Pairs,"DIY Two Pass (IT), 1-shot",Two Pass (IT),1,1.26,13.93,m6_two_pass_one__finetuned_ms-500-perspective-taking-opinion-action-event-allversions__perspective_taking_self_debias_two_pass_perspective_taking,results/new_results/m6_self_debiasing/m6sd_20260319_shot125_twopass_sep/eval/m6_two_pass_one__finetuned_ms-500-perspective-taking-opinion-action-event-allversions__perspective_taking/crowspairs/crows_pairs_metrics_overall_m6_two_pass_one__finetuned_ms-500-perspective-taking-opinion-action-event-allversions__perspective_taking_self_debias_two_pass_perspective_taking.csv
perspective_taking_all_versions,perspective_taking,Perspective-taking,matched all-version,crowspairs,CrowS-Pairs,"DIY Two Pass (IT), 2-shot",Two Pass (IT),2,18.17,-2.980000000000002,m6_two_pass_two__finetuned_ms-500-perspective-taking-opinion-action-event-allversions__perspective_taking_self_debias_two_pass_perspective_taking,results/new_results/m6_self_debiasing/m6sd_20260319_shot125_twopass_sep/eval/m6_two_pass_two__finetuned_ms-500-perspective-taking-opinion-action-event-allversions__perspective_taking/crowspairs/crows_pairs_metrics_overall_m6_two_pass_two__finetuned_ms-500-perspective-taking-opinion-action-event-allversions__perspective_taking_self_debias_two_pass_perspective_taking.csv
perspective_taking_all_versions,perspective_taking,Perspective-taking,matched all-version,stereoset,StereoSet,ICL,ICL,,7.01719,1.2733400000000001,m4_baseicl_zero_llama8b,results/new_results/m4_base_icl_zero/m4_base_icl_zero_allmodels_20260514_005736/llama8b/evalshared/stereoset_metrics_m4_baseicl_zero_llama8b_pt_stereoset.csv
perspective_taking_all_versions,perspective_taking,Perspective-taking,matched all-version,stereoset,StereoSet,DIY IT,DIY IT,,7.09132,1.1992100000000008,m3_finetune_pt,results/new_results/m3_finetune_llama_ms500/evalshared/stereoset_metrics_m3_finetune_pt.csv
perspective_taking_all_versions,perspective_taking,Perspective-taking,matched all-version,stereoset,StereoSet,"DIY Two Pass (No IT), 0-shot",Two Pass (No IT),0,6.1153,2.17523,m6_two_pass__base__perspective_taking_self_debias_two_pass_perspective_taking,results/new_results/m6_self_debiasing/m6sd_20260317_main3/eval/m6_two_pass__base__perspective_taking/stereoset/stereoset_metrics_m6_two_pass__base__perspective_taking_self_debias_two_pass_perspective_taking.csv
perspective_taking_all_versions,perspective_taking,Perspective-taking,matched all-version,stereoset,StereoSet,"DIY Two Pass (No IT), 1-shot",Two Pass (No IT),1,4.28695,4.00358,m6_two_pass_one__base__perspective_taking_self_debias_two_pass_perspective_taking,results/new_results/m6_self_debiasing/m6sd_20260319_shot125_twopass_sep/eval/m6_two_pass_one__base__perspective_taking/stereoset/stereoset_metrics_m6_two_pass_one__base__perspective_taking_self_debias_two_pass_perspective_taking.csv
perspective_taking_all_versions,perspective_taking,Perspective-taking,matched all-version,stereoset,StereoSet,"DIY Two Pass (No IT), 2-shot",Two Pass (No IT),2,17.7736,-9.483069999999998,m6_two_pass_two__base__perspective_taking_self_debias_two_pass_perspective_taking,results/new_results/m6_self_debiasing/m6sd_20260319_shot125_twopass_sep/eval/m6_two_pass_two__base__perspective_taking/stereoset/stereoset_metrics_m6_two_pass_two__base__perspective_taking_self_debias_two_pass_perspective_taking.csv
perspective_taking_all_versions,perspective_taking,Perspective-taking,matched all-version,stereoset,StereoSet,"DIY Two Pass (IT), 0-shot",Two Pass (IT),0,4.51667,3.77386,m6_two_pass__finetuned_ms-500-perspective-taking-opinion-action-event-allversions__perspective_taking_self_debias_two_pass_perspective_taking,results/new_results/m6_self_debiasing/m6sd_20260317_main3/eval/m6_two_pass__finetuned_ms-500-perspective-taking-opinion-action-event-allversions__perspective_taking/stereoset/stereoset_metrics_m6_two_pass__finetuned_ms-500-perspective-taking-opinion-action-event-allversions__perspective_taking_self_debias_two_pass_perspective_taking.csv
perspective_taking_all_versions,perspective_taking,Perspective-taking,matched all-version,stereoset,StereoSet,"DIY Two Pass (IT), 1-shot",Two Pass (IT),1,3.49901,4.79152,m6_two_pass_one__finetuned_ms-500-perspective-taking-opinion-action-event-allversions__perspective_taking_self_debias_two_pass_perspective_taking,results/new_results/m6_self_debiasing/m6sd_20260319_shot125_twopass_sep/eval/m6_two_pass_one__finetuned_ms-500-perspective-taking-opinion-action-event-allversions__perspective_taking/stereoset/stereoset_metrics_m6_two_pass_one__finetuned_ms-500-perspective-taking-opinion-action-event-allversions__perspective_taking_self_debias_two_pass_perspective_taking.csv
perspective_taking_all_versions,perspective_taking,Perspective-taking,matched all-version,stereoset,StereoSet,"DIY Two Pass (IT), 2-shot",Two Pass (IT),2,16.9097,-8.61917,m6_two_pass_two__finetuned_ms-500-perspective-taking-opinion-action-event-allversions__perspective_taking_self_debias_two_pass_perspective_taking,results/new_results/m6_self_debiasing/m6sd_20260319_shot125_twopass_sep/eval/m6_two_pass_two__finetuned_ms-500-perspective-taking-opinion-action-event-allversions__perspective_taking/stereoset/stereoset_metrics_m6_two_pass_two__finetuned_ms-500-perspective-taking-opinion-action-event-allversions__perspective_taking_self_debias_two_pass_perspective_taking.csv
perspective_taking_all_versions,perspective_taking,Perspective-taking,matched all-version,bbq,BBQ Ambig.,ICL,ICL,,5.017,2.3729999999999993,m4_baseicl_zero_llama8b,results/new_results/m4_base_icl_zero/m4_base_icl_zero_allmodels_20260514_005736/llama8b/bbq/bbq_metrics_m4_baseicl_zero_llama8b_pt_bbq.csv
perspective_taking_all_versions,perspective_taking,Perspective-taking,matched all-version,bbq,BBQ Ambig.,DIY IT,DIY IT,,4.684,2.7059999999999995,m3_finetune_pt:m3_finetune_pt_instr_off_ALL,results/new_results/m3_finetune_llama_ms500/bbq/bbq_metrics_m3_finetune_pt.csv
perspective_taking_all_versions,perspective_taking,Perspective-taking,matched all-version,bbq,BBQ Ambig.,"DIY Two Pass (No IT), 0-shot",Two Pass (No IT),0,2.795,4.595,m6_two_pass__base__perspective_taking,results/new_results/m6_self_debiasing/m6sd_20260317_main3/eval/m6_two_pass__base__perspective_taking/bbq/bbq_metrics.csv
perspective_taking_all_versions,perspective_taking,Perspective-taking,matched all-version,bbq,BBQ Ambig.,"DIY Two Pass (No IT), 1-shot",Two Pass (No IT),1,2.101,5.289,m6_two_pass_one__base__perspective_taking,results/new_results/m6_self_debiasing/m6sd_20260319_shot125_twopass_sep/eval/m6_two_pass_one__base__perspective_taking/bbq/bbq_metrics.csv
perspective_taking_all_versions,perspective_taking,Perspective-taking,matched all-version,bbq,BBQ Ambig.,"DIY Two Pass (No IT), 2-shot",Two Pass (No IT),2,1.039,6.351,m6_two_pass_two__base__perspective_taking,results/new_results/m6_self_debiasing/m6sd_20260319_shot125_twopass_sep/eval/m6_two_pass_two__base__perspective_taking/bbq/bbq_metrics.csv
perspective_taking_all_versions,perspective_taking,Perspective-taking,matched all-version,bbq,BBQ Ambig.,"DIY Two Pass (IT), 0-shot",Two Pass (IT),0,4.923,2.4669999999999996,m6_two_pass__finetuned_ms-500-perspective-taking-opinion-action-event-allversions__perspective_taking,results/new_results/m6_self_debiasing/m6sd_20260323_091321_twopass_zero_fix/eval/m6_two_pass__finetuned_ms-500-perspective-taking-opinion-action-event-allversions__perspective_taking/bbq/bbq_metrics.csv
perspective_taking_all_versions,perspective_taking,Perspective-taking,matched all-version,bbq,BBQ Ambig.,"DIY Two Pass (IT), 1-shot",Two Pass (IT),1,4.068,3.322,m6_two_pass_one__finetuned_ms-500-perspective-taking-opinion-action-event-allversions__perspective_taking,results/new_results/m6_self_debiasing/m6sd_20260319_shot125_twopass_sep/eval/m6_two_pass_one__finetuned_ms-500-perspective-taking-opinion-action-event-allversions__perspective_taking/bbq/bbq_metrics.csv
perspective_taking_all_versions,perspective_taking,Perspective-taking,matched all-version,bbq,BBQ Ambig.,"DIY Two Pass (IT), 2-shot",Two Pass (IT),2,3.042,4.348,m6_two_pass_two__finetuned_ms-500-perspective-taking-opinion-action-event-allversions__perspective_taking,results/new_results/m6_self_debiasing/m6sd_20260319_shot125_twopass_sep/eval/m6_two_pass_two__finetuned_ms-500-perspective-taking-opinion-action-event-allversions__perspective_taking/bbq/bbq_metrics.csv
perspective_taking_all_versions,perspective_taking,Perspective-taking,matched all-version,bbq,BBQ Disambig.,ICL,ICL,,0.856,2.1910000000000003,m4_baseicl_zero_llama8b,results/new_results/m4_base_icl_zero/m4_base_icl_zero_allmodels_20260514_005736/llama8b/bbq/bbq_metrics_m4_baseicl_zero_llama8b_pt_bbq.csv
perspective_taking_all_versions,perspective_taking,Perspective-taking,matched all-version,bbq,BBQ Disambig.,DIY IT,DIY IT,,0.736,2.311,m3_finetune_pt:m3_finetune_pt_instr_off_ALL,results/new_results/m3_finetune_llama_ms500/bbq/bbq_metrics_m3_finetune_pt.csv
perspective_taking_all_versions,perspective_taking,Perspective-taking,matched all-version,bbq,BBQ Disambig.,"DIY Two Pass (No IT), 0-shot",Two Pass (No IT),0,0.087,2.96,m6_two_pass__base__perspective_taking,results/new_results/m6_self_debiasing/m6sd_20260317_main3/eval/m6_two_pass__base__perspective_taking/bbq/bbq_metrics.csv
perspective_taking_all_versions,perspective_taking,Perspective-taking,matched all-version,bbq,BBQ Disambig.,"DIY Two Pass (No IT), 1-shot",Two Pass (No IT),1,0.247,2.8000000000000003,m6_two_pass_one__base__perspective_taking,results/new_results/m6_self_debiasing/m6sd_20260319_shot125_twopass_sep/eval/m6_two_pass_one__base__perspective_taking/bbq/bbq_metrics.csv
perspective_taking_all_versions,perspective_taking,Perspective-taking,matched all-version,bbq,BBQ Disambig.,"DIY Two Pass (No IT), 2-shot",Two Pass (No IT),2,0.189,2.858,m6_two_pass_two__base__perspective_taking,results/new_results/m6_self_debiasing/m6sd_20260319_shot125_twopass_sep/eval/m6_two_pass_two__base__perspective_taking/bbq/bbq_metrics.csv
perspective_taking_all_versions,perspective_taking,Perspective-taking,matched all-version,bbq,BBQ Disambig.,"DIY Two Pass (IT), 0-shot",Two Pass (IT),0,0.38,2.6670000000000003,m6_two_pass__finetuned_ms-500-perspective-taking-opinion-action-event-allversions__perspective_taking,results/new_results/m6_self_debiasing/m6sd_20260323_091321_twopass_zero_fix/eval/m6_two_pass__finetuned_ms-500-perspective-taking-opinion-action-event-allversions__perspective_taking/bbq/bbq_metrics.csv
perspective_taking_all_versions,perspective_taking,Perspective-taking,matched all-version,bbq,BBQ Disambig.,"DIY Two Pass (IT), 1-shot",Two Pass (IT),1,0.496,2.551,m6_two_pass_one__finetuned_ms-500-perspective-taking-opinion-action-event-allversions__perspective_taking,results/new_results/m6_self_debiasing/m6sd_20260319_shot125_twopass_sep/eval/m6_two_pass_one__finetuned_ms-500-perspective-taking-opinion-action-event-allversions__perspective_taking/bbq/bbq_metrics.csv
perspective_taking_all_versions,perspective_taking,Perspective-taking,matched all-version,bbq,BBQ Disambig.,"DIY Two Pass (IT), 2-shot",Two Pass (IT),2,0.228,2.819,m6_two_pass_two__finetuned_ms-500-perspective-taking-opinion-action-event-allversions__perspective_taking,results/new_results/m6_self_debiasing/m6sd_20260319_shot125_twopass_sep/eval/m6_two_pass_two__finetuned_ms-500-perspective-taking-opinion-action-event-allversions__perspective_taking/bbq/bbq_metrics.csv
perspective_taking_all_versions,perspective_taking,Perspective-taking,matched all-version,winobias,WinoBias,ICL,ICL,,0.277778,-0.0012630000000000141,m4_baseicl_zero_llama8b,results/new_results/m4_base_icl_zero/m4_base_icl_zero_allmodels_20260514_005736/llama8b/evalshared/winobias/m4_baseicl_zero_llama8b_pt_winobias/winobias_metrics_overall_m4_baseicl_zero_llama8b_pt_winobias.csv
perspective_taking_all_versions,perspective_taking,Perspective-taking,matched all-version,winobias,WinoBias,DIY IT,DIY IT,,0.265152,0.011363000000000012,m3_finetune_pt_winobias,results/new_results/m3_finetune_llama_ms500/evalshared/winobias/m3_finetune_pt_winobias/winobias_metrics_overall_m3_finetune_pt_winobias.csv
perspective_taking_all_versions,perspective_taking,Perspective-taking,matched all-version,winobias,WinoBias,"DIY Two Pass (No IT), 0-shot",Two Pass (No IT),0,0.210859,0.06565600000000002,m6_two_pass__base__perspective_taking_self_debias_two_pass_perspective_taking,results/new_results_curated/m6_self_debiasing/incorrect/m6sd_20260323_091321_twopass_zero_fix/eval/m6_two_pass__base__perspective_taking/winobias/winobias/m6_two_pass__base__perspective_taking_self_debias_two_pass_perspective_taking/winobias_metrics_overall_m6_two_pass__base__perspective_taking_self_debias_two_pass_perspective_taking.csv
perspective_taking_all_versions,perspective_taking,Perspective-taking,matched all-version,winobias,WinoBias,"DIY Two Pass (No IT), 1-shot",Two Pass (No IT),1,0.171717,0.104798,m6_two_pass_one__base__perspective_taking_self_debias_two_pass_perspective_taking,results/new_results/m6_self_debiasing/m6sd_20260319_shot125_twopass_sep/eval/m6_two_pass_one__base__perspective_taking/winobias/winobias/m6_two_pass_one__base__perspective_taking_self_debias_two_pass_perspective_taking/winobias_metrics_overall_m6_two_pass_one__base__perspective_taking_self_debias_two_pass_perspective_taking.csv
perspective_taking_all_versions,perspective_taking,Perspective-taking,matched all-version,winobias,WinoBias,"DIY Two Pass (No IT), 2-shot",Two Pass (No IT),2,0.203283,0.07323200000000002,m6_two_pass_two__base__perspective_taking_self_debias_two_pass_perspective_taking,results/new_results/m6_self_debiasing/m6sd_20260319_shot125_twopass_sep/eval/m6_two_pass_two__base__perspective_taking/winobias/winobias/m6_two_pass_two__base__perspective_taking_self_debias_two_pass_perspective_taking/winobias_metrics_overall_m6_two_pass_two__base__perspective_taking_self_debias_two_pass_perspective_taking.csv
perspective_taking_all_versions,perspective_taking,Perspective-taking,matched all-version,winobias,WinoBias,"DIY Two Pass (IT), 0-shot",Two Pass (IT),0,0.156566,0.119949,m6_two_pass__finetuned_ms-500-perspective-taking-opinion-action-event-allversions__perspective_taking_self_debias_two_pass_perspective_taking,results/new_results_curated/m6_self_debiasing/incorrect/m6sd_20260323_091321_twopass_zero_fix/eval/m6_two_pass__finetuned_ms-500-perspective-taking-opinion-action-event-allversions__perspective_taking/winobias/winobias/m6_two_pass__finetuned_ms-500-perspective-taking-opinion-action-event-allversions__perspective_taking_self_debias_two_pass_perspective_taking/winobias_metrics_overall_m6_two_pass__finetuned_ms-500-perspective-taking-opinion-action-event-allversions__perspective_taking_self_debias_two_pass_perspective_taking.csv
perspective_taking_all_versions,perspective_taking,Perspective-taking,matched all-version,winobias,WinoBias,"DIY Two Pass (IT), 1-shot",Two Pass (IT),1,0.142677,0.133838,m6_two_pass_one__finetuned_ms-500-perspective-taking-opinion-action-event-allversions__perspective_taking_self_debias_two_pass_perspective_taking,results/new_results/m6_self_debiasing/m6sd_20260319_shot125_twopass_sep/eval/m6_two_pass_one__finetuned_ms-500-perspective-taking-opinion-action-event-allversions__perspective_taking/winobias/winobias/m6_two_pass_one__finetuned_ms-500-perspective-taking-opinion-action-event-allversions__perspective_taking_self_debias_two_pass_perspective_taking/winobias_metrics_overall_m6_two_pass_one__finetuned_ms-500-perspective-taking-opinion-action-event-allversions__perspective_taking_self_debias_two_pass_perspective_taking.csv
perspective_taking_all_versions,perspective_taking,Perspective-taking,matched all-version,winobias,WinoBias,"DIY Two Pass (IT), 2-shot",Two Pass (IT),2,0.161616,0.114899,m6_two_pass_two__finetuned_ms-500-perspective-taking-opinion-action-event-allversions__perspective_taking_self_debias_two_pass_perspective_taking,results/new_results/m6_self_debiasing/m6sd_20260319_shot125_twopass_sep/eval/m6_two_pass_two__finetuned_ms-500-perspective-taking-opinion-action-event-allversions__perspective_taking/winobias/winobias/m6_two_pass_two__finetuned_ms-500-perspective-taking-opinion-action-event-allversions__perspective_taking_self_debias_two_pass_perspective_taking/winobias_metrics_overall_m6_two_pass_two__finetuned_ms-500-perspective-taking-opinion-action-event-allversions__perspective_taking_self_debias_two_pass_perspective_taking.csv
perspective_taking_all_versions,perspective_taking,Perspective-taking,matched all-version,winogender,WinoGender,ICL,ICL,,0.179167,0.012500000000000011,m4_baseicl_zero_llama8b,results/new_results/m4_base_icl_zero/m4_base_icl_zero_allmodels_20260514_005736/llama8b/evalshared/winogender/m4_baseicl_zero_llama8b_pt_winogender/winogender_metrics_overall_m4_baseicl_zero_llama8b_pt_winogender.csv
perspective_taking_all_versions,perspective_taking,Perspective-taking,matched all-version,winogender,WinoGender,DIY IT,DIY IT,,0.191667,0.0,m3_finetune_pt_winogender,results/new_results/m3_finetune_llama_ms500/evalshared/winogender/m3_finetune_pt_winogender/winogender_metrics_overall_m3_finetune_pt_winogender.csv
perspective_taking_all_versions,perspective_taking,Perspective-taking,matched all-version,winogender,WinoGender,"DIY Two Pass (No IT), 0-shot",Two Pass (No IT),0,0.158333,0.033334,m6_two_pass__base__perspective_taking_self_debias_two_pass_perspective_taking,results/new_results_curated/m6_self_debiasing/incorrect/m6sd_20260323_091321_twopass_zero_fix/eval/m6_two_pass__base__perspective_taking/winogender/winogender/m6_two_pass__base__perspective_taking_self_debias_two_pass_perspective_taking/winogender_metrics_overall_m6_two_pass__base__perspective_taking_self_debias_two_pass_perspective_taking.csv
perspective_taking_all_versions,perspective_taking,Perspective-taking,matched all-version,winogender,WinoGender,"DIY Two Pass (No IT), 1-shot",Two Pass (No IT),1,0.1625,0.029167,m6_two_pass_one__base__perspective_taking_self_debias_two_pass_perspective_taking,results/new_results/m6_self_debiasing/m6sd_20260319_shot125_twopass_sep/eval/m6_two_pass_one__base__perspective_taking/winogender/winogender/m6_two_pass_one__base__perspective_taking_self_debias_two_pass_perspective_taking/winogender_metrics_overall_m6_two_pass_one__base__perspective_taking_self_debias_two_pass_perspective_taking.csv
perspective_taking_all_versions,perspective_taking,Perspective-taking,matched all-version,winogender,WinoGender,"DIY Two Pass (No IT), 2-shot",Two Pass (No IT),2,0.179167,0.012500000000000011,m6_two_pass_two__base__perspective_taking_self_debias_two_pass_perspective_taking,results/new_results/m6_self_debiasing/m6sd_20260319_shot125_twopass_sep/eval/m6_two_pass_two__base__perspective_taking/winogender/winogender/m6_two_pass_two__base__perspective_taking_self_debias_two_pass_perspective_taking/winogender_metrics_overall_m6_two_pass_two__base__perspective_taking_self_debias_two_pass_perspective_taking.csv
perspective_taking_all_versions,perspective_taking,Perspective-taking,matched all-version,winogender,WinoGender,"DIY Two Pass (IT), 0-shot",Two Pass (IT),0,0.166667,0.024999999999999994,m6_two_pass__finetuned_ms-500-perspective-taking-opinion-action-event-allversions__perspective_taking_self_debias_two_pass_perspective_taking,results/new_results_curated/m6_self_debiasing/incorrect/m6sd_20260323_091321_twopass_zero_fix/eval/m6_two_pass__finetuned_ms-500-perspective-taking-opinion-action-event-allversions__perspective_taking/winogender/winogender/m6_two_pass__finetuned_ms-500-perspective-taking-opinion-action-event-allversions__perspective_taking_self_debias_two_pass_perspective_taking/winogender_metrics_overall_m6_two_pass__finetuned_ms-500-perspective-taking-opinion-action-event-allversions__perspective_taking_self_debias_two_pass_perspective_taking.csv
perspective_taking_all_versions,perspective_taking,Perspective-taking,matched all-version,winogender,WinoGender,"DIY Two Pass (IT), 1-shot",Two Pass (IT),1,0.166667,0.024999999999999994,m6_two_pass_one__finetuned_ms-500-perspective-taking-opinion-action-event-allversions__perspective_taking_self_debias_two_pass_perspective_taking,results/new_results/m6_self_debiasing/m6sd_20260319_shot125_twopass_sep/eval/m6_two_pass_one__finetuned_ms-500-perspective-taking-opinion-action-event-allversions__perspective_taking/winogender/winogender/m6_two_pass_one__finetuned_ms-500-perspective-taking-opinion-action-event-allversions__perspective_taking_self_debias_two_pass_perspective_taking/winogender_metrics_overall_m6_two_pass_one__finetuned_ms-500-perspective-taking-opinion-action-event-allversions__perspective_taking_self_debias_two_pass_perspective_taking.csv
perspective_taking_all_versions,perspective_taking,Perspective-taking,matched all-version,winogender,WinoGender,"DIY Two Pass (IT), 2-shot",Two Pass (IT),2,0.175,0.016667000000000015,m6_two_pass_two__finetuned_ms-500-perspective-taking-opinion-action-event-allversions__perspective_taking_self_debias_two_pass_perspective_taking,results/new_results/m6_self_debiasing/m6sd_20260319_shot125_twopass_sep/eval/m6_two_pass_two__finetuned_ms-500-perspective-taking-opinion-action-event-allversions__perspective_taking/winogender/winogender/m6_two_pass_two__finetuned_ms-500-perspective-taking-opinion-action-event-allversions__perspective_taking_self_debias_two_pass_perspective_taking/winogender_metrics_overall_m6_two_pass_two__finetuned_ms-500-perspective-taking-opinion-action-event-allversions__perspective_taking_self_debias_two_pass_perspective_taking.csv
counter_stereotypic_imaging_all_versions,counter_imaging,Counter-stereotypic imaging,matched all-version,crowspairs,CrowS-Pairs,ICL,ICL,,9.62,5.57,m4_baseicl_zero_llama8b,results/new_results/m4_base_icl_zero/m4_base_icl_zero_allmodels_20260514_005736/llama8b/evalshared/crows_pairs_metrics_overall_m4_baseicl_zero_llama8b_ci_crowspairs.csv
counter_stereotypic_imaging_all_versions,counter_imaging,Counter-stereotypic imaging,matched all-version,crowspairs,CrowS-Pairs,DIY IT,DIY IT,,14.26,0.9299999999999997,m3_finetune_ci,results/new_results/m3_finetune_llama_ms500/evalshared/crows_pairs_metrics_overall_m3_finetune_ci.csv
counter_stereotypic_imaging_all_versions,counter_imaging,Counter-stereotypic imaging,matched all-version,crowspairs,CrowS-Pairs,"DIY Two Pass (No IT), 0-shot",Two Pass (No IT),0,3.18,12.01,m6_two_pass__base__counter_imaging_self_debias_two_pass_counter_imaging,results/new_results/m6_self_debiasing/m6sd_20260317_main3/eval/m6_two_pass__base__counter_imaging/crowspairs/crows_pairs_metrics_overall_m6_two_pass__base__counter_imaging_self_debias_two_pass_counter_imaging.csv
counter_stereotypic_imaging_all_versions,counter_imaging,Counter-stereotypic imaging,matched all-version,crowspairs,CrowS-Pairs,"DIY Two Pass (No IT), 1-shot",Two Pass (No IT),1,3.51,11.68,m6_two_pass_one__base__counter_imaging_self_debias_two_pass_counter_imaging,results/new_results/m6_self_debiasing/m6sd_20260319_shot125_twopass_sep/eval/m6_two_pass_one__base__counter_imaging/crowspairs/crows_pairs_metrics_overall_m6_two_pass_one__base__counter_imaging_self_debias_two_pass_counter_imaging.csv
counter_stereotypic_imaging_all_versions,counter_imaging,Counter-stereotypic imaging,matched all-version,crowspairs,CrowS-Pairs,"DIY Two Pass (No IT), 2-shot",Two Pass (No IT),2,3.91,11.28,m6_two_pass_two__base__counter_imaging_self_debias_two_pass_counter_imaging,results/new_results/m6_self_debiasing/m6sd_20260319_shot125_twopass_sep/eval/m6_two_pass_two__base__counter_imaging/crowspairs/crows_pairs_metrics_overall_m6_two_pass_two__base__counter_imaging_self_debias_two_pass_counter_imaging.csv
counter_stereotypic_imaging_all_versions,counter_imaging,Counter-stereotypic imaging,matched all-version,crowspairs,CrowS-Pairs,"DIY Two Pass (IT), 0-shot",Two Pass (IT),0,0.86,14.33,m6_two_pass__finetuned_ms-500-counter-imaging-opinion-action-event-allversions__counter_imaging_self_debias_two_pass_counter_imaging,results/new_results/m6_self_debiasing/m6sd_20260317_main3/eval/m6_two_pass__finetuned_ms-500-counter-imaging-opinion-action-event-allversions__counter_imaging/crowspairs/crows_pairs_metrics_overall_m6_two_pass__finetuned_ms-500-counter-imaging-opinion-action-event-allversions__counter_imaging_self_debias_two_pass_counter_imaging.csv
counter_stereotypic_imaging_all_versions,counter_imaging,Counter-stereotypic imaging,matched all-version,crowspairs,CrowS-Pairs,"DIY Two Pass (IT), 1-shot",Two Pass (IT),1,1.06,14.129999999999999,m6_two_pass_one__finetuned_ms-500-counter-imaging-opinion-action-event-allversions__counter_imaging_self_debias_two_pass_counter_imaging,results/new_results/m6_self_debiasing/m6sd_20260319_shot125_twopass_sep/eval/m6_two_pass_one__finetuned_ms-500-counter-imaging-opinion-action-event-allversions__counter_imaging/crowspairs/crows_pairs_metrics_overall_m6_two_pass_one__finetuned_ms-500-counter-imaging-opinion-action-event-allversions__counter_imaging_self_debias_two_pass_counter_imaging.csv
counter_stereotypic_imaging_all_versions,counter_imaging,Counter-stereotypic imaging,matched all-version,crowspairs,CrowS-Pairs,"DIY Two Pass (IT), 2-shot",Two Pass (IT),2,0.99,14.2,m6_two_pass_two__finetuned_ms-500-counter-imaging-opinion-action-event-allversions__counter_imaging_self_debias_two_pass_counter_imaging,results/new_results/m6_self_debiasing/m6sd_20260319_shot125_twopass_sep/eval/m6_two_pass_two__finetuned_ms-500-counter-imaging-opinion-action-event-allversions__counter_imaging/crowspairs/crows_pairs_metrics_overall_m6_two_pass_two__finetuned_ms-500-counter-imaging-opinion-action-event-allversions__counter_imaging_self_debias_two_pass_counter_imaging.csv
counter_stereotypic_imaging_all_versions,counter_imaging,Counter-stereotypic imaging,matched all-version,stereoset,StereoSet,ICL,ICL,,5.53845,2.7520800000000003,m4_baseicl_zero_llama8b,results/new_results/m4_base_icl_zero/m4_base_icl_zero_allmodels_20260514_005736/llama8b/evalshared/stereoset_metrics_m4_baseicl_zero_llama8b_ci_stereoset.csv
counter_stereotypic_imaging_all_versions,counter_imaging,Counter-stereotypic imaging,matched all-version,stereoset,StereoSet,DIY IT,DIY IT,,7.23898,1.0515500000000007,m3_finetune_ci,results/new_results/m3_finetune_llama_ms500/evalshared/stereoset_metrics_m3_finetune_ci.csv
counter_stereotypic_imaging_all_versions,counter_imaging,Counter-stereotypic imaging,matched all-version,stereoset,StereoSet,"DIY Two Pass (No IT), 0-shot",Two Pass (No IT),0,7.32017,0.9703600000000003,m6_two_pass__base__counter_imaging_self_debias_two_pass_counter_imaging,results/new_results/m6_self_debiasing/m6sd_20260317_main3/eval/m6_two_pass__base__counter_imaging/stereoset/stereoset_metrics_m6_two_pass__base__counter_imaging_self_debias_two_pass_counter_imaging.csv
counter_stereotypic_imaging_all_versions,counter_imaging,Counter-stereotypic imaging,matched all-version,stereoset,StereoSet,"DIY Two Pass (No IT), 1-shot",Two Pass (No IT),1,6.249,2.0415300000000007,m6_two_pass_one__base__counter_imaging_self_debias_two_pass_counter_imaging,results/new_results/m6_self_debiasing/m6sd_20260319_shot125_twopass_sep/eval/m6_two_pass_one__base__counter_imaging/stereoset/stereoset_metrics_m6_two_pass_one__base__counter_imaging_self_debias_two_pass_counter_imaging.csv
counter_stereotypic_imaging_all_versions,counter_imaging,Counter-stereotypic imaging,matched all-version,stereoset,StereoSet,"DIY Two Pass (No IT), 2-shot",Two Pass (No IT),2,6.69464,1.5958900000000007,m6_two_pass_two__base__counter_imaging_self_debias_two_pass_counter_imaging,results/new_results/m6_self_debiasing/m6sd_20260319_shot125_twopass_sep/eval/m6_two_pass_two__base__counter_imaging/stereoset/stereoset_metrics_m6_two_pass_two__base__counter_imaging_self_debias_two_pass_counter_imaging.csv
counter_stereotypic_imaging_all_versions,counter_imaging,Counter-stereotypic imaging,matched all-version,stereoset,StereoSet,"DIY Two Pass (IT), 0-shot",Two Pass (IT),0,7.21934,1.0711900000000005,m6_two_pass__finetuned_ms-500-counter-imaging-opinion-action-event-allversions__counter_imaging_self_debias_two_pass_counter_imaging,results/new_results/m6_self_debiasing/m6sd_20260317_main3/eval/m6_two_pass__finetuned_ms-500-counter-imaging-opinion-action-event-allversions__counter_imaging/stereoset/stereoset_metrics_m6_two_pass__finetuned_ms-500-counter-imaging-opinion-action-event-allversions__counter_imaging_self_debias_two_pass_counter_imaging.csv
counter_stereotypic_imaging_all_versions,counter_imaging,Counter-stereotypic imaging,matched all-version,stereoset,StereoSet,"DIY Two Pass (IT), 1-shot",Two Pass (IT),1,6.11917,2.17136,m6_two_pass_one__finetuned_ms-500-counter-imaging-opinion-action-event-allversions__counter_imaging_self_debias_two_pass_counter_imaging,results/new_results/m6_self_debiasing/m6sd_20260319_shot125_twopass_sep/eval/m6_two_pass_one__finetuned_ms-500-counter-imaging-opinion-action-event-allversions__counter_imaging/stereoset/stereoset_metrics_m6_two_pass_one__finetuned_ms-500-counter-imaging-opinion-action-event-allversions__counter_imaging_self_debias_two_pass_counter_imaging.csv
counter_stereotypic_imaging_all_versions,counter_imaging,Counter-stereotypic imaging,matched all-version,stereoset,StereoSet,"DIY Two Pass (IT), 2-shot",Two Pass (IT),2,5.53508,2.7554500000000006,m6_two_pass_two__finetuned_ms-500-counter-imaging-opinion-action-event-allversions__counter_imaging_self_debias_two_pass_counter_imaging,results/new_results/m6_self_debiasing/m6sd_20260319_shot125_twopass_sep/eval/m6_two_pass_two__finetuned_ms-500-counter-imaging-opinion-action-event-allversions__counter_imaging/stereoset/stereoset_metrics_m6_two_pass_two__finetuned_ms-500-counter-imaging-opinion-action-event-allversions__counter_imaging_self_debias_two_pass_counter_imaging.csv
counter_stereotypic_imaging_all_versions,counter_imaging,Counter-stereotypic imaging,matched all-version,bbq,BBQ Ambig.,ICL,ICL,,4.34,3.05,m4_baseicl_zero_llama8b,results/new_results/m4_base_icl_zero/m4_base_icl_zero_allmodels_20260514_005736/llama8b/bbq/bbq_metrics_m4_baseicl_zero_llama8b_ci_bbq.csv
counter_stereotypic_imaging_all_versions,counter_imaging,Counter-stereotypic imaging,matched all-version,bbq,BBQ Ambig.,DIY IT,DIY IT,,4.151,3.239,m3_finetune_ci:m3_finetune_ci_instr_off_ALL,results/new_results/m3_finetune_llama_ms500/bbq/bbq_metrics_m3_finetune_ci.csv
counter_stereotypic_imaging_all_versions,counter_imaging,Counter-stereotypic imaging,matched all-version,bbq,BBQ Ambig.,"DIY Two Pass (No IT), 0-shot",Two Pass (No IT),0,2.771,4.619,m6_two_pass__base__counter_imaging,results/new_results/m6_self_debiasing/m6sd_20260317_main3/eval/m6_two_pass__base__counter_imaging/bbq/bbq_metrics.csv
counter_stereotypic_imaging_all_versions,counter_imaging,Counter-stereotypic imaging,matched all-version,bbq,BBQ Ambig.,"DIY Two Pass (No IT), 1-shot",Two Pass (No IT),1,1.575,5.8149999999999995,m6_two_pass_one__base__counter_imaging,results/new_results/m6_self_debiasing/m6sd_20260319_shot125_twopass_sep/eval/m6_two_pass_one__base__counter_imaging/bbq/bbq_metrics.csv
counter_stereotypic_imaging_all_versions,counter_imaging,Counter-stereotypic imaging,matched all-version,bbq,BBQ Ambig.,"DIY Two Pass (No IT), 2-shot",Two Pass (No IT),2,0.929,6.460999999999999,m6_two_pass_two__base__counter_imaging,results/new_results/m6_self_debiasing/m6sd_20260319_shot125_twopass_sep/eval/m6_two_pass_two__base__counter_imaging/bbq/bbq_metrics.csv
counter_stereotypic_imaging_all_versions,counter_imaging,Counter-stereotypic imaging,matched all-version,bbq,BBQ Ambig.,"DIY Two Pass (IT), 0-shot",Two Pass (IT),0,2.063,5.327,m6_two_pass__finetuned_ms-500-counter-imaging-opinion-action-event-allversions__counter_imaging,results/new_results/m6_self_debiasing/m6sd_20260317_main3/eval/m6_two_pass__finetuned_ms-500-counter-imaging-opinion-action-event-allversions__counter_imaging/bbq/bbq_metrics.csv
counter_stereotypic_imaging_all_versions,counter_imaging,Counter-stereotypic imaging,matched all-version,bbq,BBQ Ambig.,"DIY Two Pass (IT), 1-shot",Two Pass (IT),1,2.094,5.295999999999999,m6_two_pass_one__finetuned_ms-500-counter-imaging-opinion-action-event-allversions__counter_imaging,results/new_results/m6_self_debiasing/m6sd_20260319_shot125_twopass_sep/eval/m6_two_pass_one__finetuned_ms-500-counter-imaging-opinion-action-event-allversions__counter_imaging/bbq/bbq_metrics.csv
counter_stereotypic_imaging_all_versions,counter_imaging,Counter-stereotypic imaging,matched all-version,bbq,BBQ Ambig.,"DIY Two Pass (IT), 2-shot",Two Pass (IT),2,1.73,5.66,m6_two_pass_two__finetuned_ms-500-counter-imaging-opinion-action-event-allversions__counter_imaging,results/new_results/m6_self_debiasing/m6sd_20260319_shot125_twopass_sep/eval/m6_two_pass_two__finetuned_ms-500-counter-imaging-opinion-action-event-allversions__counter_imaging/bbq/bbq_metrics.csv
counter_stereotypic_imaging_all_versions,counter_imaging,Counter-stereotypic imaging,matched all-version,bbq,BBQ Disambig.,ICL,ICL,,0.723,2.3240000000000003,m4_baseicl_zero_llama8b,results/new_results/m4_base_icl_zero/m4_base_icl_zero_allmodels_20260514_005736/llama8b/bbq/bbq_metrics_m4_baseicl_zero_llama8b_ci_bbq.csv
counter_stereotypic_imaging_all_versions,counter_imaging,Counter-stereotypic imaging,matched all-version,bbq,BBQ Disambig.,DIY IT,DIY IT,,0.66,2.387,m3_finetune_ci:m3_finetune_ci_instr_off_ALL,results/new_results/m3_finetune_llama_ms500/bbq/bbq_metrics_m3_finetune_ci.csv
counter_stereotypic_imaging_all_versions,counter_imaging,Counter-stereotypic imaging,matched all-version,bbq,BBQ Disambig.,"DIY Two Pass (No IT), 0-shot",Two Pass (No IT),0,0.087,2.96,m6_two_pass__base__counter_imaging,results/new_results/m6_self_debiasing/m6sd_20260317_main3/eval/m6_two_pass__base__counter_imaging/bbq/bbq_metrics.csv
counter_stereotypic_imaging_all_versions,counter_imaging,Counter-stereotypic imaging,matched all-version,bbq,BBQ Disambig.,"DIY Two Pass (No IT), 1-shot",Two Pass (No IT),1,0.472,2.575,m6_two_pass_one__base__counter_imaging,results/new_results/m6_self_debiasing/m6sd_20260319_shot125_twopass_sep/eval/m6_two_pass_one__base__counter_imaging/bbq/bbq_metrics.csv
counter_stereotypic_imaging_all_versions,counter_imaging,Counter-stereotypic imaging,matched all-version,bbq,BBQ Disambig.,"DIY Two Pass (No IT), 2-shot",Two Pass (No IT),2,0.533,2.5140000000000002,m6_two_pass_two__base__counter_imaging,results/new_results/m6_self_debiasing/m6sd_20260319_shot125_twopass_sep/eval/m6_two_pass_two__base__counter_imaging/bbq/bbq_metrics.csv
counter_stereotypic_imaging_all_versions,counter_imaging,Counter-stereotypic imaging,matched all-version,bbq,BBQ Disambig.,"DIY Two Pass (IT), 0-shot",Two Pass (IT),0,0.799,2.248,m6_two_pass__finetuned_ms-500-counter-imaging-opinion-action-event-allversions__counter_imaging,results/new_results/m6_self_debiasing/m6sd_20260317_main3/eval/m6_two_pass__finetuned_ms-500-counter-imaging-opinion-action-event-allversions__counter_imaging/bbq/bbq_metrics.csv
counter_stereotypic_imaging_all_versions,counter_imaging,Counter-stereotypic imaging,matched all-version,bbq,BBQ Disambig.,"DIY Two Pass (IT), 1-shot",Two Pass (IT),1,0.974,2.0730000000000004,m6_two_pass_one__finetuned_ms-500-counter-imaging-opinion-action-event-allversions__counter_imaging,results/new_results/m6_self_debiasing/m6sd_20260319_shot125_twopass_sep/eval/m6_two_pass_one__finetuned_ms-500-counter-imaging-opinion-action-event-allversions__counter_imaging/bbq/bbq_metrics.csv
counter_stereotypic_imaging_all_versions,counter_imaging,Counter-stereotypic imaging,matched all-version,bbq,BBQ Disambig.,"DIY Two Pass (IT), 2-shot",Two Pass (IT),2,1.112,1.935,m6_two_pass_two__finetuned_ms-500-counter-imaging-opinion-action-event-allversions__counter_imaging,results/new_results/m6_self_debiasing/m6sd_20260319_shot125_twopass_sep/eval/m6_two_pass_two__finetuned_ms-500-counter-imaging-opinion-action-event-allversions__counter_imaging/bbq/bbq_metrics.csv
counter_stereotypic_imaging_all_versions,counter_imaging,Counter-stereotypic imaging,matched all-version,winobias,WinoBias,ICL,ICL,,0.277778,-0.0012630000000000141,m4_baseicl_zero_llama8b,results/new_results/m4_base_icl_zero/m4_base_icl_zero_allmodels_20260514_005736/llama8b/evalshared/winobias/m4_baseicl_zero_llama8b_ci_winobias/winobias_metrics_overall_m4_baseicl_zero_llama8b_ci_winobias.csv
counter_stereotypic_imaging_all_versions,counter_imaging,Counter-stereotypic imaging,matched all-version,winobias,WinoBias,DIY IT,DIY IT,,0.272727,0.0037880000000000136,m3_finetune_ci_winobias,results/new_results/m3_finetune_llama_ms500/evalshared/winobias/m3_finetune_ci_winobias/winobias_metrics_overall_m3_finetune_ci_winobias.csv
counter_stereotypic_imaging_all_versions,counter_imaging,Counter-stereotypic imaging,matched all-version,winobias,WinoBias,"DIY Two Pass (No IT), 0-shot",Two Pass (No IT),0,0.159091,0.117424,m6_two_pass__base__counter_imaging_self_debias_two_pass_counter_imaging,results/new_results_curated/m6_self_debiasing/incorrect/m6sd_20260323_091321_twopass_zero_fix/eval/m6_two_pass__base__counter_imaging/winobias/winobias/m6_two_pass__base__counter_imaging_self_debias_two_pass_counter_imaging/winobias_metrics_overall_m6_two_pass__base__counter_imaging_self_debias_two_pass_counter_imaging.csv
counter_stereotypic_imaging_all_versions,counter_imaging,Counter-stereotypic imaging,matched all-version,winobias,WinoBias,"DIY Two Pass (No IT), 1-shot",Two Pass (No IT),1,0.170455,0.10606000000000002,m6_two_pass_one__base__counter_imaging_self_debias_two_pass_counter_imaging,results/new_results/m6_self_debiasing/m6sd_20260319_shot125_twopass_sep/eval/m6_two_pass_one__base__counter_imaging/winobias/winobias/m6_two_pass_one__base__counter_imaging_self_debias_two_pass_counter_imaging/winobias_metrics_overall_m6_two_pass_one__base__counter_imaging_self_debias_two_pass_counter_imaging.csv
counter_stereotypic_imaging_all_versions,counter_imaging,Counter-stereotypic imaging,matched all-version,winobias,WinoBias,"DIY Two Pass (No IT), 2-shot",Two Pass (No IT),2,0.147727,0.128788,m6_two_pass_two__base__counter_imaging_self_debias_two_pass_counter_imaging,results/new_results/m6_self_debiasing/m6sd_20260319_shot125_twopass_sep/eval/m6_two_pass_two__base__counter_imaging/winobias/winobias/m6_two_pass_two__base__counter_imaging_self_debias_two_pass_counter_imaging/winobias_metrics_overall_m6_two_pass_two__base__counter_imaging_self_debias_two_pass_counter_imaging.csv
counter_stereotypic_imaging_all_versions,counter_imaging,Counter-stereotypic imaging,matched all-version,winobias,WinoBias,"DIY Two Pass (IT), 0-shot",Two Pass (IT),0,0.131313,0.145202,m6_two_pass__finetuned_ms-500-counter-imaging-opinion-action-event-allversions__counter_imaging_self_debias_two_pass_counter_imaging,results/new_results_curated/m6_self_debiasing/incorrect/m6sd_20260323_091321_twopass_zero_fix/eval/m6_two_pass__finetuned_ms-500-counter-imaging-opinion-action-event-allversions__counter_imaging/winobias/winobias/m6_two_pass__finetuned_ms-500-counter-imaging-opinion-action-event-allversions__counter_imaging_self_debias_two_pass_counter_imaging/winobias_metrics_overall_m6_two_pass__finetuned_ms-500-counter-imaging-opinion-action-event-allversions__counter_imaging_self_debias_two_pass_counter_imaging.csv
counter_stereotypic_imaging_all_versions,counter_imaging,Counter-stereotypic imaging,matched all-version,winobias,WinoBias,"DIY Two Pass (IT), 1-shot",Two Pass (IT),1,0.104798,0.171717,m6_two_pass_one__finetuned_ms-500-counter-imaging-opinion-action-event-allversions__counter_imaging_self_debias_two_pass_counter_imaging,results/new_results/m6_self_debiasing/m6sd_20260319_shot125_twopass_sep/eval/m6_two_pass_one__finetuned_ms-500-counter-imaging-opinion-action-event-allversions__counter_imaging/winobias/winobias/m6_two_pass_one__finetuned_ms-500-counter-imaging-opinion-action-event-allversions__counter_imaging_self_debias_two_pass_counter_imaging/winobias_metrics_overall_m6_two_pass_one__finetuned_ms-500-counter-imaging-opinion-action-event-allversions__counter_imaging_self_debias_two_pass_counter_imaging.csv
counter_stereotypic_imaging_all_versions,counter_imaging,Counter-stereotypic imaging,matched all-version,winobias,WinoBias,"DIY Two Pass (IT), 2-shot",Two Pass (IT),2,0.103535,0.17298000000000002,m6_two_pass_two__finetuned_ms-500-counter-imaging-opinion-action-event-allversions__counter_imaging_self_debias_two_pass_counter_imaging,results/new_results/m6_self_debiasing/m6sd_20260319_shot125_twopass_sep/eval/m6_two_pass_two__finetuned_ms-500-counter-imaging-opinion-action-event-allversions__counter_imaging/winobias/winobias/m6_two_pass_two__finetuned_ms-500-counter-imaging-opinion-action-event-allversions__counter_imaging_self_debias_two_pass_counter_imaging/winobias_metrics_overall_m6_two_pass_two__finetuned_ms-500-counter-imaging-opinion-action-event-allversions__counter_imaging_self_debias_two_pass_counter_imaging.csv
counter_stereotypic_imaging_all_versions,counter_imaging,Counter-stereotypic imaging,matched all-version,winogender,WinoGender,ICL,ICL,,0.179167,0.012500000000000011,m4_baseicl_zero_llama8b,results/new_results/m4_base_icl_zero/m4_base_icl_zero_allmodels_20260514_005736/llama8b/evalshared/winogender/m4_baseicl_zero_llama8b_ci_winogender/winogender_metrics_overall_m4_baseicl_zero_llama8b_ci_winogender.csv
counter_stereotypic_imaging_all_versions,counter_imaging,Counter-stereotypic imaging,matched all-version,winogender,WinoGender,DIY IT,DIY IT,,0.195833,-0.004166000000000003,m3_finetune_ci_winogender,results/new_results/m3_finetune_llama_ms500/evalshared/winogender/m3_finetune_ci_winogender/winogender_metrics_overall_m3_finetune_ci_winogender.csv
counter_stereotypic_imaging_all_versions,counter_imaging,Counter-stereotypic imaging,matched all-version,winogender,WinoGender,"DIY Two Pass (No IT), 0-shot",Two Pass (No IT),0,0.166667,0.024999999999999994,m6_two_pass__base__counter_imaging_self_debias_two_pass_counter_imaging,results/new_results_curated/m6_self_debiasing/incorrect/m6sd_20260323_091321_twopass_zero_fix/eval/m6_two_pass__base__counter_imaging/winogender/winogender/m6_two_pass__base__counter_imaging_self_debias_two_pass_counter_imaging/winogender_metrics_overall_m6_two_pass__base__counter_imaging_self_debias_two_pass_counter_imaging.csv
counter_stereotypic_imaging_all_versions,counter_imaging,Counter-stereotypic imaging,matched all-version,winogender,WinoGender,"DIY Two Pass (No IT), 1-shot",Two Pass (No IT),1,0.170833,0.02083399999999999,m6_two_pass_one__base__counter_imaging_self_debias_two_pass_counter_imaging,results/new_results/m6_self_debiasing/m6sd_20260319_shot125_twopass_sep/eval/m6_two_pass_one__base__counter_imaging/winogender/winogender/m6_two_pass_one__base__counter_imaging_self_debias_two_pass_counter_imaging/winogender_metrics_overall_m6_two_pass_one__base__counter_imaging_self_debias_two_pass_counter_imaging.csv
counter_stereotypic_imaging_all_versions,counter_imaging,Counter-stereotypic imaging,matched all-version,winogender,WinoGender,"DIY Two Pass (No IT), 2-shot",Two Pass (No IT),2,0.1625,0.029167,m6_two_pass_two__base__counter_imaging_self_debias_two_pass_counter_imaging,results/new_results/m6_self_debiasing/m6sd_20260319_shot125_twopass_sep/eval/m6_two_pass_two__base__counter_imaging/winogender/winogender/m6_two_pass_two__base__counter_imaging_self_debias_two_pass_counter_imaging/winogender_metrics_overall_m6_two_pass_two__base__counter_imaging_self_debias_two_pass_counter_imaging.csv
counter_stereotypic_imaging_all_versions,counter_imaging,Counter-stereotypic imaging,matched all-version,winogender,WinoGender,"DIY Two Pass (IT), 0-shot",Two Pass (IT),0,0.141667,0.05000000000000002,m6_two_pass__finetuned_ms-500-counter-imaging-opinion-action-event-allversions__counter_imaging_self_debias_two_pass_counter_imaging,results/new_results_curated/m6_self_debiasing/incorrect/m6sd_20260323_091321_twopass_zero_fix/eval/m6_two_pass__finetuned_ms-500-counter-imaging-opinion-action-event-allversions__counter_imaging/winogender/winogender/m6_two_pass__finetuned_ms-500-counter-imaging-opinion-action-event-allversions__counter_imaging_self_debias_two_pass_counter_imaging/winogender_metrics_overall_m6_two_pass__finetuned_ms-500-counter-imaging-opinion-action-event-allversions__counter_imaging_self_debias_two_pass_counter_imaging.csv
counter_stereotypic_imaging_all_versions,counter_imaging,Counter-stereotypic imaging,matched all-version,winogender,WinoGender,"DIY Two Pass (IT), 1-shot",Two Pass (IT),1,0.145833,0.045834000000000014,m6_two_pass_one__finetuned_ms-500-counter-imaging-opinion-action-event-allversions__counter_imaging_self_debias_two_pass_counter_imaging,results/new_results/m6_self_debiasing/m6sd_20260319_shot125_twopass_sep/eval/m6_two_pass_one__finetuned_ms-500-counter-imaging-opinion-action-event-allversions__counter_imaging/winogender/winogender/m6_two_pass_one__finetuned_ms-500-counter-imaging-opinion-action-event-allversions__counter_imaging_self_debias_two_pass_counter_imaging/winogender_metrics_overall_m6_two_pass_one__finetuned_ms-500-counter-imaging-opinion-action-event-allversions__counter_imaging_self_debias_two_pass_counter_imaging.csv
counter_stereotypic_imaging_all_versions,counter_imaging,Counter-stereotypic imaging,matched all-version,winogender,WinoGender,"DIY Two Pass (IT), 2-shot",Two Pass (IT),2,0.158333,0.033334,m6_two_pass_two__finetuned_ms-500-counter-imaging-opinion-action-event-allversions__counter_imaging_self_debias_two_pass_counter_imaging,results/new_results/m6_self_debiasing/m6sd_20260319_shot125_twopass_sep/eval/m6_two_pass_two__finetuned_ms-500-counter-imaging-opinion-action-event-allversions__counter_imaging/winogender/winogender/m6_two_pass_two__finetuned_ms-500-counter-imaging-opinion-action-event-allversions__counter_imaging_self_debias_two_pass_counter_imaging/winogender_metrics_overall_m6_two_pass_two__finetuned_ms-500-counter-imaging-opinion-action-event-allversions__counter_imaging_self_debias_two_pass_counter_imaging.csv
positive_contact_all_versions,positive_contact,Positive contact,matched all-version,crowspairs,CrowS-Pairs,ICL,ICL,,9.81,5.379999999999999,m4_baseicl_zero_llama8b,results/new_results/m4_base_icl_zero/m4_base_icl_zero_allmodels_20260514_005736/llama8b/evalshared/crows_pairs_metrics_overall_m4_baseicl_zero_llama8b_pc_crowspairs.csv
positive_contact_all_versions,positive_contact,Positive contact,matched all-version,crowspairs,CrowS-Pairs,DIY IT,DIY IT,,14.32,0.8699999999999992,m3_finetune_pc,results/new_results/m3_finetune_llama_ms500/evalshared/crows_pairs_metrics_overall_m3_finetune_pc.csv
positive_contact_all_versions,positive_contact,Positive contact,matched all-version,crowspairs,CrowS-Pairs,"DIY Two Pass (No IT), 0-shot",Two Pass (No IT),0,0.73,14.459999999999999,m6_two_pass__base__positive_contact_self_debias_two_pass_positive_contact,results/new_results/m6_self_debiasing/m6sd_20260317_main3/eval/m6_two_pass__base__positive_contact/crowspairs/crows_pairs_metrics_overall_m6_two_pass__base__positive_contact_self_debias_two_pass_positive_contact.csv
positive_contact_all_versions,positive_contact,Positive contact,matched all-version,crowspairs,CrowS-Pairs,"DIY Two Pass (No IT), 1-shot",Two Pass (No IT),1,2.72,12.469999999999999,m6_two_pass_one__base__positive_contact_self_debias_two_pass_positive_contact,results/new_results/m6_self_debiasing/m6sd_20260319_shot125_twopass_sep/eval/m6_two_pass_one__base__positive_contact/crowspairs/crows_pairs_metrics_overall_m6_two_pass_one__base__positive_contact_self_debias_two_pass_positive_contact.csv
positive_contact_all_versions,positive_contact,Positive contact,matched all-version,crowspairs,CrowS-Pairs,"DIY Two Pass (No IT), 2-shot",Two Pass (No IT),2,2.65,12.54,m6_two_pass_two__base__positive_contact_self_debias_two_pass_positive_contact,results/new_results/m6_self_debiasing/m6sd_20260319_shot125_twopass_sep/eval/m6_two_pass_two__base__positive_contact/crowspairs/crows_pairs_metrics_overall_m6_two_pass_two__base__positive_contact_self_debias_two_pass_positive_contact.csv
positive_contact_all_versions,positive_contact,Positive contact,matched all-version,crowspairs,CrowS-Pairs,"DIY Two Pass (IT), 0-shot",Two Pass (IT),0,1.92,13.27,m6_two_pass__finetuned_ms-500-positive-contact-opinion-action-event-allversions__positive_contact_self_debias_two_pass_positive_contact,results/new_results/m6_self_debiasing/m6sd_20260323_091321_twopass_zero_fix/eval/m6_two_pass__finetuned_ms-500-positive-contact-opinion-action-event-allversions__positive_contact/crowspairs/crows_pairs_metrics_overall_m6_two_pass__finetuned_ms-500-positive-contact-opinion-action-event-allversions__positive_contact_self_debias_two_pass_positive_contact.csv
positive_contact_all_versions,positive_contact,Positive contact,matched all-version,crowspairs,CrowS-Pairs,"DIY Two Pass (IT), 1-shot",Two Pass (IT),1,0.27,14.92,m6_two_pass_one__finetuned_ms-500-positive-contact-opinion-action-event-allversions__positive_contact_self_debias_two_pass_positive_contact,results/new_results/m6_self_debiasing/m6sd_20260319_shot125_twopass_sep/eval/m6_two_pass_one__finetuned_ms-500-positive-contact-opinion-action-event-allversions__positive_contact/crowspairs/crows_pairs_metrics_overall_m6_two_pass_one__finetuned_ms-500-positive-contact-opinion-action-event-allversions__positive_contact_self_debias_two_pass_positive_contact.csv
positive_contact_all_versions,positive_contact,Positive contact,matched all-version,crowspairs,CrowS-Pairs,"DIY Two Pass (IT), 2-shot",Two Pass (IT),2,1.19,14.0,m6_two_pass_two__finetuned_ms-500-positive-contact-opinion-action-event-allversions__positive_contact_self_debias_two_pass_positive_contact,results/new_results/m6_self_debiasing/m6sd_20260319_shot125_twopass_sep/eval/m6_two_pass_two__finetuned_ms-500-positive-contact-opinion-action-event-allversions__positive_contact/crowspairs/crows_pairs_metrics_overall_m6_two_pass_two__finetuned_ms-500-positive-contact-opinion-action-event-allversions__positive_contact_self_debias_two_pass_positive_contact.csv
positive_contact_all_versions,positive_contact,Positive contact,matched all-version,stereoset,StereoSet,ICL,ICL,,5.76672,2.52381,m4_baseicl_zero_llama8b,results/new_results/m4_base_icl_zero/m4_base_icl_zero_allmodels_20260514_005736/llama8b/evalshared/stereoset_metrics_m4_baseicl_zero_llama8b_pc_stereoset.csv
positive_contact_all_versions,positive_contact,Positive contact,matched all-version,stereoset,StereoSet,DIY IT,DIY IT,,6.90747,1.3830600000000004,m3_finetune_pc,results/new_results/m3_finetune_llama_ms500/evalshared/stereoset_metrics_m3_finetune_pc.csv
positive_contact_all_versions,positive_contact,Positive contact,matched all-version,stereoset,StereoSet,"DIY Two Pass (No IT), 0-shot",Two Pass (No IT),0,6.42396,1.8665700000000003,m6_two_pass__base__positive_contact_self_debias_two_pass_positive_contact,results/new_results/m6_self_debiasing/m6sd_20260317_main3/eval/m6_two_pass__base__positive_contact/stereoset/stereoset_metrics_m6_two_pass__base__positive_contact_self_debias_two_pass_positive_contact.csv
positive_contact_all_versions,positive_contact,Positive contact,matched all-version,stereoset,StereoSet,"DIY Two Pass (No IT), 1-shot",Two Pass (No IT),1,6.31218,1.9783500000000007,m6_two_pass_one__base__positive_contact_self_debias_two_pass_positive_contact,results/new_results/m6_self_debiasing/m6sd_20260319_shot125_twopass_sep/eval/m6_two_pass_one__base__positive_contact/stereoset/stereoset_metrics_m6_two_pass_one__base__positive_contact_self_debias_two_pass_positive_contact.csv
positive_contact_all_versions,positive_contact,Positive contact,matched all-version,stereoset,StereoSet,"DIY Two Pass (No IT), 2-shot",Two Pass (No IT),2,6.26917,2.0213600000000005,m6_two_pass_two__base__positive_contact_self_debias_two_pass_positive_contact,results/new_results/m6_self_debiasing/m6sd_20260319_shot125_twopass_sep/eval/m6_two_pass_two__base__positive_contact/stereoset/stereoset_metrics_m6_two_pass_two__base__positive_contact_self_debias_two_pass_positive_contact.csv
positive_contact_all_versions,positive_contact,Positive contact,matched all-version,stereoset,StereoSet,"DIY Two Pass (IT), 0-shot",Two Pass (IT),0,5.05618,3.23435,m6_two_pass__finetuned_ms-500-positive-contact-opinion-action-event-allversions__positive_contact_self_debias_two_pass_positive_contact,results/new_results/m6_self_debiasing/m6sd_20260324_twopass_zero_missing_stereoset/eval/m6_two_pass__finetuned_ms-500-positive-contact-opinion-action-event-allversions__positive_contact/stereoset/stereoset_metrics_m6_two_pass__finetuned_ms-500-positive-contact-opinion-action-event-allversions__positive_contact_self_debias_two_pass_positive_contact.csv
positive_contact_all_versions,positive_contact,Positive contact,matched all-version,stereoset,StereoSet,"DIY Two Pass (IT), 1-shot",Two Pass (IT),1,4.34296,3.9475700000000007,m6_two_pass_one__finetuned_ms-500-positive-contact-opinion-action-event-allversions__positive_contact_self_debias_two_pass_positive_contact,results/new_results/m6_self_debiasing/m6sd_20260319_shot125_twopass_sep/eval/m6_two_pass_one__finetuned_ms-500-positive-contact-opinion-action-event-allversions__positive_contact/stereoset/stereoset_metrics_m6_two_pass_one__finetuned_ms-500-positive-contact-opinion-action-event-allversions__positive_contact_self_debias_two_pass_positive_contact.csv
positive_contact_all_versions,positive_contact,Positive contact,matched all-version,stereoset,StereoSet,"DIY Two Pass (IT), 2-shot",Two Pass (IT),2,3.98186,4.30867,m6_two_pass_two__finetuned_ms-500-positive-contact-opinion-action-event-allversions__positive_contact_self_debias_two_pass_positive_contact,results/new_results/m6_self_debiasing/m6sd_20260319_shot125_twopass_sep/eval/m6_two_pass_two__finetuned_ms-500-positive-contact-opinion-action-event-allversions__positive_contact/stereoset/stereoset_metrics_m6_two_pass_two__finetuned_ms-500-positive-contact-opinion-action-event-allversions__positive_contact_self_debias_two_pass_positive_contact.csv
positive_contact_all_versions,positive_contact,Positive contact,matched all-version,bbq,BBQ Ambig.,ICL,ICL,,3.738,3.6519999999999997,m4_baseicl_zero_llama8b,results/new_results/m4_base_icl_zero/m4_base_icl_zero_allmodels_20260514_005736/llama8b/bbq/bbq_metrics_m4_baseicl_zero_llama8b_pc_bbq.csv
positive_contact_all_versions,positive_contact,Positive contact,matched all-version,bbq,BBQ Ambig.,DIY IT,DIY IT,,4.53,2.8599999999999994,m3_finetune_pc:m3_finetune_pc_instr_off_ALL,results/new_results/m3_finetune_llama_ms500/bbq/bbq_metrics_m3_finetune_pc.csv
positive_contact_all_versions,positive_contact,Positive contact,matched all-version,bbq,BBQ Ambig.,"DIY Two Pass (No IT), 0-shot",Two Pass (No IT),0,3.898,3.4919999999999995,m6_two_pass__base__positive_contact,results/new_results/m6_self_debiasing/m6sd_20260317_main3/eval/m6_two_pass__base__positive_contact/bbq/bbq_metrics.csv
positive_contact_all_versions,positive_contact,Positive contact,matched all-version,bbq,BBQ Ambig.,"DIY Two Pass (No IT), 1-shot",Two Pass (No IT),1,2.805,4.584999999999999,m6_two_pass_one__base__positive_contact,results/new_results/m6_self_debiasing/m6sd_20260319_shot125_twopass_sep/eval/m6_two_pass_one__base__positive_contact/bbq/bbq_metrics.csv
positive_contact_all_versions,positive_contact,Positive contact,matched all-version,bbq,BBQ Ambig.,"DIY Two Pass (No IT), 2-shot",Two Pass (No IT),2,2.863,4.526999999999999,m6_two_pass_two__base__positive_contact,results/new_results/m6_self_debiasing/m6sd_20260319_shot125_twopass_sep/eval/m6_two_pass_two__base__positive_contact/bbq/bbq_metrics.csv
positive_contact_all_versions,positive_contact,Positive contact,matched all-version,bbq,BBQ Ambig.,"DIY Two Pass (IT), 0-shot",Two Pass (IT),0,3.015,4.375,m6_two_pass__finetuned_ms-500-positive-contact-opinion-action-event-allversions__positive_contact,results/new_results/m6_self_debiasing/m6sd_20260317_main3/eval/m6_two_pass__finetuned_ms-500-positive-contact-opinion-action-event-allversions__positive_contact/bbq/bbq_metrics.csv
positive_contact_all_versions,positive_contact,Positive contact,matched all-version,bbq,BBQ Ambig.,"DIY Two Pass (IT), 1-shot",Two Pass (IT),1,3.212,4.177999999999999,m6_two_pass_one__finetuned_ms-500-positive-contact-opinion-action-event-allversions__positive_contact,results/new_results/m6_self_debiasing/m6sd_20260319_shot125_twopass_sep/eval/m6_two_pass_one__finetuned_ms-500-positive-contact-opinion-action-event-allversions__positive_contact/bbq/bbq_metrics.csv
positive_contact_all_versions,positive_contact,Positive contact,matched all-version,bbq,BBQ Ambig.,"DIY Two Pass (IT), 2-shot",Two Pass (IT),2,2.504,4.885999999999999,m6_two_pass_two__finetuned_ms-500-positive-contact-opinion-action-event-allversions__positive_contact,results/new_results/m6_self_debiasing/m6sd_20260319_shot125_twopass_sep/eval/m6_two_pass_two__finetuned_ms-500-positive-contact-opinion-action-event-allversions__positive_contact/bbq/bbq_metrics.csv
positive_contact_all_versions,positive_contact,Positive contact,matched all-version,bbq,BBQ Disambig.,ICL,ICL,,1.26,1.7870000000000001,m4_baseicl_zero_llama8b,results/new_results/m4_base_icl_zero/m4_base_icl_zero_allmodels_20260514_005736/llama8b/bbq/bbq_metrics_m4_baseicl_zero_llama8b_pc_bbq.csv
positive_contact_all_versions,positive_contact,Positive contact,matched all-version,bbq,BBQ Disambig.,DIY IT,DIY IT,,0.658,2.3890000000000002,m3_finetune_pc:m3_finetune_pc_instr_off_ALL,results/new_results/m3_finetune_llama_ms500/bbq/bbq_metrics_m3_finetune_pc.csv
positive_contact_all_versions,positive_contact,Positive contact,matched all-version,bbq,BBQ Disambig.,"DIY Two Pass (No IT), 0-shot",Two Pass (No IT),0,0.024,3.023,m6_two_pass__base__positive_contact,results/new_results/m6_self_debiasing/m6sd_20260317_main3/eval/m6_two_pass__base__positive_contact/bbq/bbq_metrics.csv
positive_contact_all_versions,positive_contact,Positive contact,matched all-version,bbq,BBQ Disambig.,"DIY Two Pass (No IT), 1-shot",Two Pass (No IT),1,0.446,2.601,m6_two_pass_one__base__positive_contact,results/new_results/m6_self_debiasing/m6sd_20260319_shot125_twopass_sep/eval/m6_two_pass_one__base__positive_contact/bbq/bbq_metrics.csv
positive_contact_all_versions,positive_contact,Positive contact,matched all-version,bbq,BBQ Disambig.,"DIY Two Pass (No IT), 2-shot",Two Pass (No IT),2,0.273,2.774,m6_two_pass_two__base__positive_contact,results/new_results/m6_self_debiasing/m6sd_20260319_shot125_twopass_sep/eval/m6_two_pass_two__base__positive_contact/bbq/bbq_metrics.csv
positive_contact_all_versions,positive_contact,Positive contact,matched all-version,bbq,BBQ Disambig.,"DIY Two Pass (IT), 0-shot",Two Pass (IT),0,1.192,1.8550000000000002,m6_two_pass__finetuned_ms-500-positive-contact-opinion-action-event-allversions__positive_contact,results/new_results/m6_self_debiasing/m6sd_20260317_main3/eval/m6_two_pass__finetuned_ms-500-positive-contact-opinion-action-event-allversions__positive_contact/bbq/bbq_metrics.csv
positive_contact_all_versions,positive_contact,Positive contact,matched all-version,bbq,BBQ Disambig.,"DIY Two Pass (IT), 1-shot",Two Pass (IT),1,0.147,2.9000000000000004,m6_two_pass_one__finetuned_ms-500-positive-contact-opinion-action-event-allversions__positive_contact,results/new_results/m6_self_debiasing/m6sd_20260319_shot125_twopass_sep/eval/m6_two_pass_one__finetuned_ms-500-positive-contact-opinion-action-event-allversions__positive_contact/bbq/bbq_metrics.csv
positive_contact_all_versions,positive_contact,Positive contact,matched all-version,bbq,BBQ Disambig.,"DIY Two Pass (IT), 2-shot",Two Pass (IT),2,0.655,2.3920000000000003,m6_two_pass_two__finetuned_ms-500-positive-contact-opinion-action-event-allversions__positive_contact,results/new_results/m6_self_debiasing/m6sd_20260319_shot125_twopass_sep/eval/m6_two_pass_two__finetuned_ms-500-positive-contact-opinion-action-event-allversions__positive_contact/bbq/bbq_metrics.csv
positive_contact_all_versions,positive_contact,Positive contact,matched all-version,winobias,WinoBias,ICL,ICL,,0.277778,-0.0012630000000000141,m4_baseicl_zero_llama8b,results/new_results/m4_base_icl_zero/m4_base_icl_zero_allmodels_20260514_005736/llama8b/evalshared/winobias/m4_baseicl_zero_llama8b_pc_winobias/winobias_metrics_overall_m4_baseicl_zero_llama8b_pc_winobias.csv
positive_contact_all_versions,positive_contact,Positive contact,matched all-version,winobias,WinoBias,DIY IT,DIY IT,,0.263889,0.012626000000000026,m3_finetune_pc_winobias,results/new_results/m3_finetune_llama_ms500/evalshared/winobias/m3_finetune_pc_winobias/winobias_metrics_overall_m3_finetune_pc_winobias.csv
positive_contact_all_versions,positive_contact,Positive contact,matched all-version,winobias,WinoBias,"DIY Two Pass (No IT), 0-shot",Two Pass (No IT),0,0.155303,0.12121200000000001,m6_two_pass__base__positive_contact_self_debias_two_pass_positive_contact,results/new_results_curated/m6_self_debiasing/incorrect/m6sd_20260323_091321_twopass_zero_fix/eval/m6_two_pass__base__positive_contact/winobias/winobias/m6_two_pass__base__positive_contact_self_debias_two_pass_positive_contact/winobias_metrics_overall_m6_two_pass__base__positive_contact_self_debias_two_pass_positive_contact.csv
positive_contact_all_versions,positive_contact,Positive contact,matched all-version,winobias,WinoBias,"DIY Two Pass (No IT), 1-shot",Two Pass (No IT),1,0.186869,0.089646,m6_two_pass_one__base__positive_contact_self_debias_two_pass_positive_contact,results/new_results/m6_self_debiasing/m6sd_20260319_shot125_twopass_sep/eval/m6_two_pass_one__base__positive_contact/winobias/winobias/m6_two_pass_one__base__positive_contact_self_debias_two_pass_positive_contact/winobias_metrics_overall_m6_two_pass_one__base__positive_contact_self_debias_two_pass_positive_contact.csv
positive_contact_all_versions,positive_contact,Positive contact,matched all-version,winobias,WinoBias,"DIY Two Pass (No IT), 2-shot",Two Pass (No IT),2,0.180556,0.09595900000000002,m6_two_pass_two__base__positive_contact_self_debias_two_pass_positive_contact,results/new_results/m6_self_debiasing/m6sd_20260319_shot125_twopass_sep/eval/m6_two_pass_two__base__positive_contact/winobias/winobias/m6_two_pass_two__base__positive_contact_self_debias_two_pass_positive_contact/winobias_metrics_overall_m6_two_pass_two__base__positive_contact_self_debias_two_pass_positive_contact.csv
positive_contact_all_versions,positive_contact,Positive contact,matched all-version,winobias,WinoBias,"DIY Two Pass (IT), 0-shot",Two Pass (IT),0,0.0858586,0.1906564,m6_two_pass__finetuned_ms-500-positive-contact-opinion-action-event-allversions__positive_contact_self_debias_two_pass_positive_contact,results/new_results/m6_self_debiasing/m6sd_20260323_091321_twopass_zero_fix/eval/m6_two_pass__finetuned_ms-500-positive-contact-opinion-action-event-allversions__positive_contact/winobias/winobias/m6_two_pass__finetuned_ms-500-positive-contact-opinion-action-event-allversions__positive_contact_self_debias_two_pass_positive_contact/winobias_metrics_overall_m6_two_pass__finetuned_ms-500-positive-contact-opinion-action-event-allversions__positive_contact_self_debias_two_pass_positive_contact.csv
positive_contact_all_versions,positive_contact,Positive contact,matched all-version,winobias,WinoBias,"DIY Two Pass (IT), 1-shot",Two Pass (IT),1,0.131313,0.145202,m6_two_pass_one__finetuned_ms-500-positive-contact-opinion-action-event-allversions__positive_contact_self_debias_two_pass_positive_contact,results/new_results/m6_self_debiasing/m6sd_20260319_shot125_twopass_sep/eval/m6_two_pass_one__finetuned_ms-500-positive-contact-opinion-action-event-allversions__positive_contact/winobias/winobias/m6_two_pass_one__finetuned_ms-500-positive-contact-opinion-action-event-allversions__positive_contact_self_debias_two_pass_positive_contact/winobias_metrics_overall_m6_two_pass_one__finetuned_ms-500-positive-contact-opinion-action-event-allversions__positive_contact_self_debias_two_pass_positive_contact.csv
positive_contact_all_versions,positive_contact,Positive contact,matched all-version,winobias,WinoBias,"DIY Two Pass (IT), 2-shot",Two Pass (IT),2,0.109848,0.166667,m6_two_pass_two__finetuned_ms-500-positive-contact-opinion-action-event-allversions__positive_contact_self_debias_two_pass_positive_contact,results/new_results/m6_self_debiasing/m6sd_20260319_shot125_twopass_sep/eval/m6_two_pass_two__finetuned_ms-500-positive-contact-opinion-action-event-allversions__positive_contact/winobias/winobias/m6_two_pass_two__finetuned_ms-500-positive-contact-opinion-action-event-allversions__positive_contact_self_debias_two_pass_positive_contact/winobias_metrics_overall_m6_two_pass_two__finetuned_ms-500-positive-contact-opinion-action-event-allversions__positive_contact_self_debias_two_pass_positive_contact.csv
positive_contact_all_versions,positive_contact,Positive contact,matched all-version,winogender,WinoGender,ICL,ICL,,0.179167,0.012500000000000011,m4_baseicl_zero_llama8b,results/new_results/m4_base_icl_zero/m4_base_icl_zero_allmodels_20260514_005736/llama8b/evalshared/winogender/m4_baseicl_zero_llama8b_pc_winogender/winogender_metrics_overall_m4_baseicl_zero_llama8b_pc_winogender.csv
positive_contact_all_versions,positive_contact,Positive contact,matched all-version,winogender,WinoGender,DIY IT,DIY IT,,0.216667,-0.024999999999999994,m3_finetune_pc_winogender,results/new_results/m3_finetune_llama_ms500/evalshared/winogender/m3_finetune_pc_winogender/winogender_metrics_overall_m3_finetune_pc_winogender.csv
positive_contact_all_versions,positive_contact,Positive contact,matched all-version,winogender,WinoGender,"DIY Two Pass (No IT), 0-shot",Two Pass (No IT),0,0.166667,0.024999999999999994,m6_two_pass__base__positive_contact_self_debias_two_pass_positive_contact,results/new_results_curated/m6_self_debiasing/incorrect/m6sd_20260323_091321_twopass_zero_fix/eval/m6_two_pass__base__positive_contact/winogender/winogender/m6_two_pass__base__positive_contact_self_debias_two_pass_positive_contact/winogender_metrics_overall_m6_two_pass__base__positive_contact_self_debias_two_pass_positive_contact.csv
positive_contact_all_versions,positive_contact,Positive contact,matched all-version,winogender,WinoGender,"DIY Two Pass (No IT), 1-shot",Two Pass (No IT),1,0.166667,0.024999999999999994,m6_two_pass_one__base__positive_contact_self_debias_two_pass_positive_contact,results/new_results/m6_self_debiasing/m6sd_20260319_shot125_twopass_sep/eval/m6_two_pass_one__base__positive_contact/winogender/winogender/m6_two_pass_one__base__positive_contact_self_debias_two_pass_positive_contact/winogender_metrics_overall_m6_two_pass_one__base__positive_contact_self_debias_two_pass_positive_contact.csv
positive_contact_all_versions,positive_contact,Positive contact,matched all-version,winogender,WinoGender,"DIY Two Pass (No IT), 2-shot",Two Pass (No IT),2,0.175,0.016667000000000015,m6_two_pass_two__base__positive_contact_self_debias_two_pass_positive_contact,results/new_results/m6_self_debiasing/m6sd_20260319_shot125_twopass_sep/eval/m6_two_pass_two__base__positive_contact/winogender/winogender/m6_two_pass_two__base__positive_contact_self_debias_two_pass_positive_contact/winogender_metrics_overall_m6_two_pass_two__base__positive_contact_self_debias_two_pass_positive_contact.csv
positive_contact_all_versions,positive_contact,Positive contact,matched all-version,winogender,WinoGender,"DIY Two Pass (IT), 0-shot",Two Pass (IT),0,0.129167,0.0625,m6_two_pass__finetuned_ms-500-positive-contact-opinion-action-event-allversions__positive_contact_self_debias_two_pass_positive_contact,results/new_results/m6_self_debiasing/m6sd_20260323_091321_twopass_zero_fix/eval/m6_two_pass__finetuned_ms-500-positive-contact-opinion-action-event-allversions__positive_contact/winogender/winogender/m6_two_pass__finetuned_ms-500-positive-contact-opinion-action-event-allversions__positive_contact_self_debias_two_pass_positive_contact/winogender_metrics_overall_m6_two_pass__finetuned_ms-500-positive-contact-opinion-action-event-allversions__positive_contact_self_debias_two_pass_positive_contact.csv
positive_contact_all_versions,positive_contact,Positive contact,matched all-version,winogender,WinoGender,"DIY Two Pass (IT), 1-shot",Two Pass (IT),1,0.2,-0.008333000000000007,m6_two_pass_one__finetuned_ms-500-positive-contact-opinion-action-event-allversions__positive_contact_self_debias_two_pass_positive_contact,results/new_results/m6_self_debiasing/m6sd_20260319_shot125_twopass_sep/eval/m6_two_pass_one__finetuned_ms-500-positive-contact-opinion-action-event-allversions__positive_contact/winogender/winogender/m6_two_pass_one__finetuned_ms-500-positive-contact-opinion-action-event-allversions__positive_contact_self_debias_two_pass_positive_contact/winogender_metrics_overall_m6_two_pass_one__finetuned_ms-500-positive-contact-opinion-action-event-allversions__positive_contact_self_debias_two_pass_positive_contact.csv
positive_contact_all_versions,positive_contact,Positive contact,matched all-version,winogender,WinoGender,"DIY Two Pass (IT), 2-shot",Two Pass (IT),2,0.166667,0.024999999999999994,m6_two_pass_two__finetuned_ms-500-positive-contact-opinion-action-event-allversions__positive_contact_self_debias_two_pass_positive_contact,results/new_results/m6_self_debiasing/m6sd_20260319_shot125_twopass_sep/eval/m6_two_pass_two__finetuned_ms-500-positive-contact-opinion-action-event-allversions__positive_contact/winogender/winogender/m6_two_pass_two__finetuned_ms-500-positive-contact-opinion-action-event-allversions__positive_contact_self_debias_two_pass_positive_contact/winogender_metrics_overall_m6_two_pass_two__finetuned_ms-500-positive-contact-opinion-action-event-allversions__positive_contact_self_debias_two_pass_positive_contact.csv
