model_key,model,dataset_key,panel_label,method,metric,ideal_value,native_value_from_figure,bias_error_from_figure,reference_bias_error_from_figure,figure_bias_error_reduction,bootstrap_bias_error_reduction,ci_low,ci_high,reference_metric_recomputed,method_metric_recomputed,reference_bias_error_recomputed,method_bias_error_recomputed,point_delta_vs_figure,n_reference_units,n_method_units,n_aligned_units,n_bootstrap,seed,reference_row_files,method_row_files,reference_metric_source_file,method_metric_source_file
llama8b,Llama 8B,crowspairs,CrowS-Pairs,ICL,stereotype_preference_pct,50.0,49.67,0.33,15.19,14.86,-2.3391812865497172,-5.068226120857702,0.4873294346978554,70.17543859649122,72.51461988304094,20.17543859649122,22.514619883040936,-17.199181286549717,1499,1031,1026,5000,20260507,outputs/10_additional_benchmarks/baselines/baseline_evalshared_all_20260306_1249/crows_pairs_scored_llama_8b.csv,outputs/new_outputs/m4_base_icl_zero/m4_base_icl_zero_allmodels_20260514_005736/llama8b/evalshared/crows_pairs_scored_m4_baseicl_zero_llama8b_allstrat_crowspairs.csv,results/10_additional_benchmarks/baselines/baseline_evalshared_all_20260306_1249/crows_pairs_metrics_overall_llama_8b.csv,results/new_results/m4_base_icl_zero/m4_base_icl_zero_allmodels_20260514_005736/llama8b/evalshared/crows_pairs_metrics_overall_m4_baseicl_zero_llama8b_allstrat_crowspairs.csv
llama8b,Llama 8B,crowspairs,CrowS-Pairs,DIY IT,stereotype_preference_pct,50.0,64.19,14.19,15.19,1.0,0.7392473118279526,-0.672043010752688,2.083333333333343,65.59139784946237,64.85215053763442,15.591397849462368,14.852150537634415,-0.26075268817204744,1499,1496,1488,5000,20260507,outputs/10_additional_benchmarks/baselines/baseline_evalshared_all_20260306_1249/crows_pairs_scored_llama_8b.csv,outputs/new_outputs/m3_finetune_llama_ms500/evalshared/crows_pairs_scored_m3_finetune_allstrat.csv,results/10_additional_benchmarks/baselines/baseline_evalshared_all_20260306_1249/crows_pairs_metrics_overall_llama_8b.csv,results/new_results/m3_finetune_llama_ms500/evalshared/crows_pairs_metrics_overall_m3_finetune_allstrat.csv
llama8b,Llama 8B,crowspairs,CrowS-Pairs,DIY Two Pass (No IT),stereotype_preference_pct,50.0,45.82,4.18,15.19,11.01,11.752854264607123,7.924781732706528,15.312290127602424,65.54734721289456,46.20550705171256,15.547347212894564,3.7944929482874414,0.7428542646071232,1499,1498,1489,5000,20260507,outputs/10_additional_benchmarks/baselines/baseline_evalshared_all_20260306_1249/crows_pairs_scored_llama_8b.csv,outputs/new_outputs/m6_self_debiasing/m6sd_20260324_twopass_zero_allstrategies_truncfix/eval/m6_two_pass__base__all_strategies/crowspairs/crows_pairs_scored_m6_two_pass__base__all_strategies_self_debias_two_pass_all_strategies.csv,results/10_additional_benchmarks/baselines/baseline_evalshared_all_20260306_1249/crows_pairs_metrics_overall_llama_8b.csv,results/new_results/m6_self_debiasing/m6sd_20260324_twopass_zero_allstrategies_truncfix/eval/m6_two_pass__base__all_strategies/crowspairs/crows_pairs_metrics_overall_m6_two_pass__base__all_strategies_self_debias_two_pass_all_strategies.csv
llama8b,Llama 8B,crowspairs,CrowS-Pairs,DIY Two Pass (IT),stereotype_preference_pct,50.0,49.14,0.86,15.19,14.33,14.976494291470786,11.215580926796505,17.259905977165886,65.54734721289456,49.42914707857622,15.547347212894564,0.5708529214237785,0.6464942914707859,1499,1498,1489,5000,20260507,outputs/10_additional_benchmarks/baselines/baseline_evalshared_all_20260306_1249/crows_pairs_scored_llama_8b.csv,outputs/new_outputs/m6_self_debiasing/m6sd_20260324_twopass_zero_allstrategies_truncfix/eval/m6_two_pass__finetuned_ms-500-allstrategies-opinion-action-event-allversions__all_strategies/crowspairs/crows_pairs_scored_m6_two_pass__finetuned_ms-500-allstrategies-opinion-action-event-allversions__all_strategies_self_debias_two_pass_all_strategies.csv,results/10_additional_benchmarks/baselines/baseline_evalshared_all_20260306_1249/crows_pairs_metrics_overall_llama_8b.csv,results/new_results/m6_self_debiasing/m6sd_20260324_twopass_zero_allstrategies_truncfix/eval/m6_two_pass__finetuned_ms-500-allstrategies-opinion-action-event-allversions__all_strategies/crowspairs/crows_pairs_metrics_overall_m6_two_pass__finetuned_ms-500-allstrategies-opinion-action-event-allversions__all_strategies_self_debias_two_pass_all_strategies.csv
llama8b,Llama 8B,stereoset,StereoSet,ICL,SS Score,50.0,50.2043,0.204296,8.29053,8.086234000000001,7.968786947268853,5.769685504847487,9.127453298652163,58.217072593993855,50.248285646725,8.217072593993855,0.24828564672500164,-0.11744705273114775,4229,4229,4229,5000,20260507,outputs/10_additional_benchmarks/baselines/baseline_evalshared_all_20260306_1249/stereoset_sentence_scores_llama_8b.csv,outputs/new_outputs/m4_base_icl_zero/m4_base_icl_zero_allmodels_20260514_005736/llama8b/evalshared/stereoset_sentence_scores_m4_baseicl_zero_llama8b_allstrat_stereoset.csv,results/10_additional_benchmarks/baselines/baseline_evalshared_all_20260306_1249/stereoset_metrics_llama_8b.csv,results/new_results/m4_base_icl_zero/m4_base_icl_zero_allmodels_20260514_005736/llama8b/evalshared/stereoset_metrics_m4_baseicl_zero_llama8b_allstrat_stereoset.csv
llama8b,Llama 8B,stereoset,StereoSet,DIY IT,SS Score,50.0,56.9223,6.92228,8.29053,1.3682500000000006,1.371482620004734,0.4019862851737912,2.317332702766599,58.217072593993855,56.84558997398912,8.217072593993855,6.845589973989121,0.0032326200047334552,4229,4229,4229,5000,20260507,outputs/10_additional_benchmarks/baselines/baseline_evalshared_all_20260306_1249/stereoset_sentence_scores_llama_8b.csv,outputs/new_outputs/m3_finetune_llama_ms500/evalshared/stereoset_sentence_scores_m3_finetune_allstrat.csv,results/10_additional_benchmarks/baselines/baseline_evalshared_all_20260306_1249/stereoset_metrics_llama_8b.csv,results/new_results/m3_finetune_llama_ms500/evalshared/stereoset_metrics_m3_finetune_allstrat.csv
llama8b,Llama 8B,stereoset,StereoSet,DIY Two Pass (No IT),SS Score,50.0,45.1129,4.88712,8.29053,3.40341,3.23953653345945,0.874911326554745,5.6520454008039716,58.217072593993855,45.022463939465595,8.217072593993855,4.977536060534405,-0.1638734665405499,4229,4229,4229,5000,20260507,outputs/10_additional_benchmarks/baselines/baseline_evalshared_all_20260306_1249/stereoset_sentence_scores_llama_8b.csv,outputs/new_outputs/m6_self_debiasing/m6sd_20260324_twopass_zero_allstrategies_truncfix/eval/m6_two_pass__base__all_strategies/stereoset/stereoset_sentence_scores_m6_two_pass__base__all_strategies_self_debias_two_pass_all_strategies.csv,results/10_additional_benchmarks/baselines/baseline_evalshared_all_20260306_1249/stereoset_metrics_llama_8b.csv,results/new_results/m6_self_debiasing/m6sd_20260324_twopass_zero_allstrategies_truncfix/eval/m6_two_pass__base__all_strategies/stereoset/stereoset_metrics_m6_two_pass__base__all_strategies_self_debias_two_pass_all_strategies.csv
llama8b,Llama 8B,stereoset,StereoSet,DIY Two Pass (IT),SS Score,50.0,43.8702,6.12982,8.29053,2.160710000000001,1.9626389217309068,-0.4256325372428478,4.374556632773704,58.217072593993855,43.74556632773705,8.217072593993855,6.254433672262948,-0.19807107826909398,4229,4229,4229,5000,20260507,outputs/10_additional_benchmarks/baselines/baseline_evalshared_all_20260306_1249/stereoset_sentence_scores_llama_8b.csv,outputs/new_outputs/m6_self_debiasing/m6sd_20260324_twopass_zero_allstrategies_truncfix/eval/m6_two_pass__finetuned_ms-500-allstrategies-opinion-action-event-allversions__all_strategies/stereoset/stereoset_sentence_scores_m6_two_pass__finetuned_ms-500-allstrategies-opinion-action-event-allversions__all_strategies_self_debias_two_pass_all_strategies.csv,results/10_additional_benchmarks/baselines/baseline_evalshared_all_20260306_1249/stereoset_metrics_llama_8b.csv,results/new_results/m6_self_debiasing/m6sd_20260324_twopass_zero_allstrategies_truncfix/eval/m6_two_pass__finetuned_ms-500-allstrategies-opinion-action-event-allversions__all_strategies/stereoset/stereoset_metrics_m6_two_pass__finetuned_ms-500-allstrategies-opinion-action-event-allversions__all_strategies_self_debias_two_pass_all_strategies.csv
llama8b,Llama 8B,bbq,BBQ Ambig.,ICL,Bias_score_ambig,0.0,4.056,4.056,7.39,3.3339999999999996,0.8547008547008641,-0.05756474040056551,1.7733448143895911,7.424416379640264,6.5697155249394,7.424416379640264,6.5697155249394,-2.4792991452991355,15678,29238,15678,5000,20260507,outputs/2_base_models/bbq/llama_8b/bbq_preds_llama_8b_Age.csv;outputs/2_base_models/bbq/llama_8b/bbq_preds_llama_8b_Disability_status.csv;outputs/2_base_models/bbq/llama_8b/bbq_preds_llama_8b_Gender_identity.csv;outputs/2_base_models/bbq/llama_8b/bbq_preds_llama_8b_Nationality.csv;outputs/2_base_models/bbq/llama_8b/bbq_preds_llama_8b_Physical_appearance.csv;outputs/2_base_models/bbq/llama_8b/bbq_preds_llama_8b_Race_ethnicity.csv;outputs/2_base_models/bbq/llama_8b/bbq_preds_llama_8b_Religion.csv;outputs/2_base_models/bbq/llama_8b/bbq_preds_llama_8b_SES.csv;outputs/2_base_models/bbq/llama_8b/bbq_preds_llama_8b_Sexual_orientation.csv,outputs/new_outputs/m4_base_icl_zero/m4_base_icl_zero_allmodels_20260514_005736/llama8b/bbq/m4_baseicl_zero_llama8b_allstrat_bbq/bbq_preds_m4_baseicl_zero_llama8b_allstrat_bbq_instr_all_strategies_ALL.csv;outputs/new_outputs/m4_base_icl_zero/m4_base_icl_zero_allmodels_20260514_005736/llama8b/bbq/m4_baseicl_zero_llama8b_ci_bbq/bbq_preds_m4_baseicl_zero_llama8b_ci_bbq_instr_counter_imaging_ALL.csv;outputs/new_outputs/m4_base_icl_zero/m4_base_icl_zero_allmodels_20260514_005736/llama8b/bbq/m4_baseicl_zero_llama8b_ind_bbq/bbq_preds_m4_baseicl_zero_llama8b_ind_bbq_instr_individuating_ALL.csv;outputs/new_outputs/m4_base_icl_zero/m4_base_icl_zero_allmodels_20260514_005736/llama8b/bbq/m4_baseicl_zero_llama8b_pc_bbq/bbq_preds_m4_baseicl_zero_llama8b_pc_bbq_instr_positive_contact_ALL.csv;outputs/new_outputs/m4_base_icl_zero/m4_base_icl_zero_allmodels_20260514_005736/llama8b/bbq/m4_baseicl_zero_llama8b_pt_bbq/bbq_preds_m4_baseicl_zero_llama8b_pt_bbq_instr_perspective_taking_ALL.csv;outputs/new_outputs/m4_base_icl_zero/m4_base_icl_zero_allmodels_20260514_005736/llama8b/bbq/m4_baseicl_zero_llama8b_sr_bbq/bbq_preds_m4_baseicl_zero_llama8b_sr_bbq_instr_stereotype_replacement_ALL.csv,results/10_additional_benchmarks/baselines/baseline_evalshared_all_20260306_1249/bbq/bbq_metrics_baseline_evalshared_all_20260306_1249.csv,results/new_results/m4_base_icl_zero/m4_base_icl_zero_allmodels_20260514_005736/llama8b/bbq/bbq_metrics_m4_baseicl_zero_llama8b_allstrat_bbq.csv
llama8b,Llama 8B,bbq,BBQ Ambig.,DIY IT,Bias_score_ambig,0.0,4.448,4.448,7.39,2.9419999999999993,-0.30616150019134203,-1.090859803546379,0.4592422502870326,7.424416379640264,7.730577879831606,7.424416379640264,7.730577879831606,-3.2481615001913413,15678,29238,15678,5000,20260507,outputs/2_base_models/bbq/llama_8b/bbq_preds_llama_8b_Age.csv;outputs/2_base_models/bbq/llama_8b/bbq_preds_llama_8b_Disability_status.csv;outputs/2_base_models/bbq/llama_8b/bbq_preds_llama_8b_Gender_identity.csv;outputs/2_base_models/bbq/llama_8b/bbq_preds_llama_8b_Nationality.csv;outputs/2_base_models/bbq/llama_8b/bbq_preds_llama_8b_Physical_appearance.csv;outputs/2_base_models/bbq/llama_8b/bbq_preds_llama_8b_Race_ethnicity.csv;outputs/2_base_models/bbq/llama_8b/bbq_preds_llama_8b_Religion.csv;outputs/2_base_models/bbq/llama_8b/bbq_preds_llama_8b_SES.csv;outputs/2_base_models/bbq/llama_8b/bbq_preds_llama_8b_Sexual_orientation.csv,outputs/new_outputs/m3_finetune_llama_ms500/bbq/m3_finetune_allstrat/bbq_preds_m3_finetune_allstrat_instr_off_ALL.csv;outputs/new_outputs/m3_finetune_llama_ms500/bbq/m3_finetune_allstrat_action_bbq/bbq_preds_m3_finetune_allstrat_action_bbq_instr_off_ALL.csv;outputs/new_outputs/m3_finetune_llama_ms500/bbq/m3_finetune_allstrat_event_bbq/bbq_preds_m3_finetune_allstrat_event_bbq_instr_off_ALL.csv;outputs/new_outputs/m3_finetune_llama_ms500/bbq/m3_finetune_allstrat_opinion_bbq/bbq_preds_m3_finetune_allstrat_opinion_bbq_instr_off_ALL.csv;outputs/new_outputs/m3_finetune_llama_ms500/bbq/m3_finetune_ci/bbq_preds_m3_finetune_ci_instr_off_ALL.csv;outputs/new_outputs/m3_finetune_llama_ms500/bbq/m3_finetune_ind/bbq_preds_m3_finetune_ind_instr_off_ALL.csv;outputs/new_outputs/m3_finetune_llama_ms500/bbq/m3_finetune_pc/bbq_preds_m3_finetune_pc_instr_off_ALL.csv;outputs/new_outputs/m3_finetune_llama_ms500/bbq/m3_finetune_pt/bbq_preds_m3_finetune_pt_instr_off_ALL.csv;outputs/new_outputs/m3_finetune_llama_ms500/bbq/m3_finetune_sr_indft_bbq/bbq_preds_m3_finetune_sr_indft_bbq_instr_off_ALL.csv,results/10_additional_benchmarks/baselines/baseline_evalshared_all_20260306_1249/bbq/bbq_metrics_baseline_evalshared_all_20260306_1249.csv,results/new_results/m3_finetune_llama_ms500/bbq/bbq_metrics_m3_finetune_allstrat.csv
llama8b,Llama 8B,bbq,BBQ Ambig.,DIY Two Pass (No IT),Bias_score_ambig,0.0,2.281,2.281,7.39,5.109,4.209720627631069,2.6149700216864384,5.797933409873714,7.424416379640264,3.214695752009195,7.424416379640264,3.214695752009195,-0.8992793723689312,15678,29238,15678,5000,20260507,outputs/2_base_models/bbq/llama_8b/bbq_preds_llama_8b_Age.csv;outputs/2_base_models/bbq/llama_8b/bbq_preds_llama_8b_Disability_status.csv;outputs/2_base_models/bbq/llama_8b/bbq_preds_llama_8b_Gender_identity.csv;outputs/2_base_models/bbq/llama_8b/bbq_preds_llama_8b_Nationality.csv;outputs/2_base_models/bbq/llama_8b/bbq_preds_llama_8b_Physical_appearance.csv;outputs/2_base_models/bbq/llama_8b/bbq_preds_llama_8b_Race_ethnicity.csv;outputs/2_base_models/bbq/llama_8b/bbq_preds_llama_8b_Religion.csv;outputs/2_base_models/bbq/llama_8b/bbq_preds_llama_8b_SES.csv;outputs/2_base_models/bbq/llama_8b/bbq_preds_llama_8b_Sexual_orientation.csv,archive/m6_llama8b_dedup_apply_20260504_000252/outputs/new_outputs/m6_self_debiasing/m6sd_20260325_bbq_allstrategies_maxlenfix_zero/eval/m6_two_pass__base__all_strategies/bbq/bbq_preds_m6_two_pass__base__all_strategies_self_debias_two_pass_all_strategies_fp_base_llama_8b_Race_x_SES.csv;archive/m6_llama8b_dedup_apply_20260504_000252/outputs/new_outputs/m6_self_debiasing/m6sd_20260325_bbq_allstrategies_maxlenfix_zero/eval/m6_two_pass__base__all_strategies/bbq/bbq_preds_m6_two_pass__base__all_strategies_self_debias_two_pass_all_strategies_fp_base_llama_8b_Race_x_gender.csv;archive/m6_llama8b_dedup_apply_20260504_000252/outputs/new_outputs/m6_self_debiasing/m6sd_20260325_bbq_allstrategies_maxlenfix_zero/eval/m6_two_pass__base__all_strategies/bbq/bbq_preds_m6_two_pass__base__all_strategies_self_debias_two_pass_all_strategies_llama_8b_Age.csv;archive/m6_llama8b_dedup_apply_20260504_000252/outputs/new_outputs/m6_self_debiasing/m6sd_20260325_bbq_allstrategies_maxlenfix_zero/eval/m6_two_pass__base__all_strategies/bbq/bbq_preds_m6_two_pass__base__all_strategies_self_debias_two_pass_all_strategies_llama_8b_Disability_status.csv;archive/m6_llama8b_dedup_apply_20260504_000252/outputs/new_outputs/m6_self_debiasing/m6sd_20260325_bbq_allstrategies_maxlenfix_zero/eval/m6_two_pass__base__all_strategies/bbq/bbq_preds_m6_two_pass__base__all_strategies_self_debias_two_pass_all_strategies_llama_8b_Gender_identity.csv;archive/m6_llama8b_dedup_apply_20260504_000252/outputs/new_outputs/m6_self_debiasing/m6sd_20260325_bbq_allstrategies_maxlenfix_zero/eval/m6_two_pass__base__all_strategies/bbq/bbq_preds_m6_two_pass__base__all_strategies_self_debias_two_pass_all_strategies_llama_8b_Nationality.csv;archive/m6_llama8b_dedup_apply_20260504_000252/outputs/new_outputs/m6_self_debiasing/m6sd_20260325_bbq_allstrategies_maxlenfix_zero/eval/m6_two_pass__base__all_strategies/bbq/bbq_preds_m6_two_pass__base__all_strategies_self_debias_two_pass_all_strategies_llama_8b_Physical_appearance.csv;archive/m6_llama8b_dedup_apply_20260504_000252/outputs/new_outputs/m6_self_debiasing/m6sd_20260325_bbq_allstrategies_maxlenfix_zero/eval/m6_two_pass__base__all_strategies/bbq/bbq_preds_m6_two_pass__base__all_strategies_self_debias_two_pass_all_strategies_llama_8b_Race_ethnicity.csv;archive/m6_llama8b_dedup_apply_20260504_000252/outputs/new_outputs/m6_self_debiasing/m6sd_20260325_bbq_allstrategies_maxlenfix_zero/eval/m6_two_pass__base__all_strategies/bbq/bbq_preds_m6_two_pass__base__all_strategies_self_debias_two_pass_all_strategies_llama_8b_Religion.csv;archive/m6_llama8b_dedup_apply_20260504_000252/outputs/new_outputs/m6_self_debiasing/m6sd_20260325_bbq_allstrategies_maxlenfix_zero/eval/m6_two_pass__base__all_strategies/bbq/bbq_preds_m6_two_pass__base__all_strategies_self_debias_two_pass_all_strategies_llama_8b_SES.csv;archive/m6_llama8b_dedup_apply_20260504_000252/outputs/new_outputs/m6_self_debiasing/m6sd_20260325_bbq_allstrategies_maxlenfix_zero/eval/m6_two_pass__base__all_strategies/bbq/bbq_preds_m6_two_pass__base__all_strategies_self_debias_two_pass_all_strategies_llama_8b_Sexual_orientation.csv,results/10_additional_benchmarks/baselines/baseline_evalshared_all_20260306_1249/bbq/bbq_metrics_baseline_evalshared_all_20260306_1249.csv,recomputed_from_predictions:archive/m6_llama8b_dedup_apply_20260504_000252/outputs/new_outputs/m6_self_debiasing/m6sd_20260325_bbq_allstrategies_maxlenfix_zero/eval/m6_two_pass__base__all_strategies/bbq
llama8b,Llama 8B,bbq,BBQ Ambig.,DIY Two Pass (IT),Bias_score_ambig,0.0,1.604,1.604,7.39,5.786,5.748815939898741,3.8706516413522905,7.5536910011432346,8.067940552016989,2.3191246121182485,8.067940552016989,2.3191246121182485,-0.037184060101258964,15678,25806,12246,5000,20260507,outputs/2_base_models/bbq/llama_8b/bbq_preds_llama_8b_Age.csv;outputs/2_base_models/bbq/llama_8b/bbq_preds_llama_8b_Disability_status.csv;outputs/2_base_models/bbq/llama_8b/bbq_preds_llama_8b_Gender_identity.csv;outputs/2_base_models/bbq/llama_8b/bbq_preds_llama_8b_Nationality.csv;outputs/2_base_models/bbq/llama_8b/bbq_preds_llama_8b_Physical_appearance.csv;outputs/2_base_models/bbq/llama_8b/bbq_preds_llama_8b_Race_ethnicity.csv;outputs/2_base_models/bbq/llama_8b/bbq_preds_llama_8b_Religion.csv;outputs/2_base_models/bbq/llama_8b/bbq_preds_llama_8b_SES.csv;outputs/2_base_models/bbq/llama_8b/bbq_preds_llama_8b_Sexual_orientation.csv,archive/m6_llama8b_dedup_apply_20260504_000252/outputs/new_outputs/m6_self_debiasing/m6sd_20260325_bbq_allstrategies_maxlenfix_zero/eval/m6_two_pass__finetuned_ms-500-allstrategies-opinion-action-event-allversions__all_strategies/bbq/bbq_preds_m6_two_pass__finetuned_ms-500-allstrategies-opinion-action-event-allversions__all_strategies_self_debias_two_pass_all_strategies_fp_finetuned_ms-500-allstrategies-opinion-action-event-allversio_17e8932485fd.csv;archive/m6_llama8b_dedup_apply_20260504_000252/outputs/new_outputs/m6_self_debiasing/m6sd_20260325_bbq_allstrategies_maxlenfix_zero/eval/m6_two_pass__finetuned_ms-500-allstrategies-opinion-action-event-allversions__all_strategies/bbq/bbq_preds_m6_two_pass__finetuned_ms-500-allstrategies-opinion-action-event-allversions__all_strategies_self_debias_two_pass_all_strategies_fp_finetuned_ms-500-allstrategies-opinion-action-event-allversio_19e5bd48102d.csv;archive/m6_llama8b_dedup_apply_20260504_000252/outputs/new_outputs/m6_self_debiasing/m6sd_20260325_bbq_allstrategies_maxlenfix_zero/eval/m6_two_pass__finetuned_ms-500-allstrategies-opinion-action-event-allversions__all_strategies/bbq/bbq_preds_m6_two_pass__finetuned_ms-500-allstrategies-opinion-action-event-allversions__all_strategies_self_debias_two_pass_all_strategies_fp_finetuned_ms-500-allstrategies-opinion-action-event-allversio_3f677a2d28ed.csv;archive/m6_llama8b_dedup_apply_20260504_000252/outputs/new_outputs/m6_self_debiasing/m6sd_20260325_bbq_allstrategies_maxlenfix_zero/eval/m6_two_pass__finetuned_ms-500-allstrategies-opinion-action-event-allversions__all_strategies/bbq/bbq_preds_m6_two_pass__finetuned_ms-500-allstrategies-opinion-action-event-allversions__all_strategies_self_debias_two_pass_all_strategies_fp_finetuned_ms-500-allstrategies-opinion-action-event-allversio_782712e2a97c.csv;archive/m6_llama8b_dedup_apply_20260504_000252/outputs/new_outputs/m6_self_debiasing/m6sd_20260325_bbq_allstrategies_maxlenfix_zero/eval/m6_two_pass__finetuned_ms-500-allstrategies-opinion-action-event-allversions__all_strategies/bbq/bbq_preds_m6_two_pass__finetuned_ms-500-allstrategies-opinion-action-event-allversions__all_strategies_self_debias_two_pass_all_strategies_fp_finetuned_ms-500-allstrategies-opinion-action-event-allversio_94f0eec9b33c.csv;archive/m6_llama8b_dedup_apply_20260504_000252/outputs/new_outputs/m6_self_debiasing/m6sd_20260325_bbq_allstrategies_maxlenfix_zero/eval/m6_two_pass__finetuned_ms-500-allstrategies-opinion-action-event-allversions__all_strategies/bbq/bbq_preds_m6_two_pass__finetuned_ms-500-allstrategies-opinion-action-event-allversions__all_strategies_self_debias_two_pass_all_strategies_fp_finetuned_ms-500-allstrategies-opinion-action-event-allversio_ad9edf1c18fa.csv;archive/m6_llama8b_dedup_apply_20260504_000252/outputs/new_outputs/m6_self_debiasing/m6sd_20260325_bbq_allstrategies_maxlenfix_zero/eval/m6_two_pass__finetuned_ms-500-allstrategies-opinion-action-event-allversions__all_strategies/bbq/bbq_preds_m6_two_pass__finetuned_ms-500-allstrategies-opinion-action-event-allversions__all_strategies_self_debias_two_pass_all_strategies_fp_finetuned_ms-500-allstrategies-opinion-action-event-allversio_c590d2893828.csv;archive/m6_llama8b_dedup_apply_20260504_000252/outputs/new_outputs/m6_self_debiasing/m6sd_20260325_bbq_allstrategies_maxlenfix_zero/eval/m6_two_pass__finetuned_ms-500-allstrategies-opinion-action-event-allversions__all_strategies/bbq/bbq_preds_m6_two_pass__finetuned_ms-500-allstrategies-opinion-action-event-allversions__all_strategies_self_debias_two_pass_all_strategies_fp_finetuned_ms-500-allstrategies-opinion-action-event-allversions_Age.csv;archive/m6_llama8b_dedup_apply_20260504_000252/outputs/new_outputs/m6_self_debiasing/m6sd_20260325_bbq_allstrategies_maxlenfix_zero/eval/m6_two_pass__finetuned_ms-500-allstrategies-opinion-action-event-allversions__all_strategies/bbq/bbq_preds_m6_two_pass__finetuned_ms-500-allstrategies-opinion-action-event-allversions__all_strategies_self_debias_two_pass_all_strategies_fp_finetuned_ms-500-allstrategies-opinion-action-event-allversions_Race_x_SES.csv;archive/m6_llama8b_dedup_apply_20260504_000252/outputs/new_outputs/m6_self_debiasing/m6sd_20260325_bbq_allstrategies_maxlenfix_zero/eval/m6_two_pass__finetuned_ms-500-allstrategies-opinion-action-event-allversions__all_strategies/bbq/bbq_preds_m6_two_pass__finetuned_ms-500-allstrategies-opinion-action-event-allversions__all_strategies_self_debias_two_pass_all_strategies_fp_finetuned_ms-500-allstrategies-opinion-action-event-allversions_Religion.csv,results/10_additional_benchmarks/baselines/baseline_evalshared_all_20260306_1249/bbq/bbq_metrics_baseline_evalshared_all_20260306_1249.csv,recomputed_from_predictions:archive/m6_llama8b_dedup_apply_20260504_000252/outputs/new_outputs/m6_self_debiasing/m6sd_20260325_bbq_allstrategies_maxlenfix_zero/eval/m6_two_pass__finetuned_ms-500-allstrategies-opinion-action-event-allversions__all_strategies/bbq
llama8b,Llama 8B,bbq,BBQ Disambig.,ICL,Bias_score_disambig,0.0,1.468,1.468,3.047,1.5790000000000002,0.9073431413608724,-0.584774056610945,2.317868976992174,3.075055634230228,2.167712492869356,3.075055634230228,2.167712492869356,-0.6716568586391278,15678,29238,15678,5000,20260507,outputs/2_base_models/bbq/llama_8b/bbq_preds_llama_8b_Age.csv;outputs/2_base_models/bbq/llama_8b/bbq_preds_llama_8b_Disability_status.csv;outputs/2_base_models/bbq/llama_8b/bbq_preds_llama_8b_Gender_identity.csv;outputs/2_base_models/bbq/llama_8b/bbq_preds_llama_8b_Nationality.csv;outputs/2_base_models/bbq/llama_8b/bbq_preds_llama_8b_Physical_appearance.csv;outputs/2_base_models/bbq/llama_8b/bbq_preds_llama_8b_Race_ethnicity.csv;outputs/2_base_models/bbq/llama_8b/bbq_preds_llama_8b_Religion.csv;outputs/2_base_models/bbq/llama_8b/bbq_preds_llama_8b_SES.csv;outputs/2_base_models/bbq/llama_8b/bbq_preds_llama_8b_Sexual_orientation.csv,outputs/new_outputs/m4_base_icl_zero/m4_base_icl_zero_allmodels_20260514_005736/llama8b/bbq/m4_baseicl_zero_llama8b_allstrat_bbq/bbq_preds_m4_baseicl_zero_llama8b_allstrat_bbq_instr_all_strategies_ALL.csv;outputs/new_outputs/m4_base_icl_zero/m4_base_icl_zero_allmodels_20260514_005736/llama8b/bbq/m4_baseicl_zero_llama8b_ci_bbq/bbq_preds_m4_baseicl_zero_llama8b_ci_bbq_instr_counter_imaging_ALL.csv;outputs/new_outputs/m4_base_icl_zero/m4_base_icl_zero_allmodels_20260514_005736/llama8b/bbq/m4_baseicl_zero_llama8b_ind_bbq/bbq_preds_m4_baseicl_zero_llama8b_ind_bbq_instr_individuating_ALL.csv;outputs/new_outputs/m4_base_icl_zero/m4_base_icl_zero_allmodels_20260514_005736/llama8b/bbq/m4_baseicl_zero_llama8b_pc_bbq/bbq_preds_m4_baseicl_zero_llama8b_pc_bbq_instr_positive_contact_ALL.csv;outputs/new_outputs/m4_base_icl_zero/m4_base_icl_zero_allmodels_20260514_005736/llama8b/bbq/m4_baseicl_zero_llama8b_pt_bbq/bbq_preds_m4_baseicl_zero_llama8b_pt_bbq_instr_perspective_taking_ALL.csv;outputs/new_outputs/m4_base_icl_zero/m4_base_icl_zero_allmodels_20260514_005736/llama8b/bbq/m4_baseicl_zero_llama8b_sr_bbq/bbq_preds_m4_baseicl_zero_llama8b_sr_bbq_instr_stereotype_replacement_ALL.csv,results/10_additional_benchmarks/baselines/baseline_evalshared_all_20260306_1249/bbq/bbq_metrics_baseline_evalshared_all_20260306_1249.csv,results/new_results/m4_base_icl_zero/m4_base_icl_zero_allmodels_20260514_005736/llama8b/bbq/bbq_metrics_m4_baseicl_zero_llama8b_allstrat_bbq.csv
llama8b,Llama 8B,bbq,BBQ Disambig.,DIY IT,Bias_score_disambig,0.0,0.797,0.797,3.047,2.25,1.7637030677259302,0.2546084167136273,3.0531272902484643,3.075055634230228,1.311352566504298,3.075055634230228,1.311352566504298,-0.4862969322740698,15678,29238,15678,5000,20260507,outputs/2_base_models/bbq/llama_8b/bbq_preds_llama_8b_Age.csv;outputs/2_base_models/bbq/llama_8b/bbq_preds_llama_8b_Disability_status.csv;outputs/2_base_models/bbq/llama_8b/bbq_preds_llama_8b_Gender_identity.csv;outputs/2_base_models/bbq/llama_8b/bbq_preds_llama_8b_Nationality.csv;outputs/2_base_models/bbq/llama_8b/bbq_preds_llama_8b_Physical_appearance.csv;outputs/2_base_models/bbq/llama_8b/bbq_preds_llama_8b_Race_ethnicity.csv;outputs/2_base_models/bbq/llama_8b/bbq_preds_llama_8b_Religion.csv;outputs/2_base_models/bbq/llama_8b/bbq_preds_llama_8b_SES.csv;outputs/2_base_models/bbq/llama_8b/bbq_preds_llama_8b_Sexual_orientation.csv,outputs/new_outputs/m3_finetune_llama_ms500/bbq/m3_finetune_allstrat/bbq_preds_m3_finetune_allstrat_instr_off_ALL.csv;outputs/new_outputs/m3_finetune_llama_ms500/bbq/m3_finetune_allstrat_action_bbq/bbq_preds_m3_finetune_allstrat_action_bbq_instr_off_ALL.csv;outputs/new_outputs/m3_finetune_llama_ms500/bbq/m3_finetune_allstrat_event_bbq/bbq_preds_m3_finetune_allstrat_event_bbq_instr_off_ALL.csv;outputs/new_outputs/m3_finetune_llama_ms500/bbq/m3_finetune_allstrat_opinion_bbq/bbq_preds_m3_finetune_allstrat_opinion_bbq_instr_off_ALL.csv;outputs/new_outputs/m3_finetune_llama_ms500/bbq/m3_finetune_ci/bbq_preds_m3_finetune_ci_instr_off_ALL.csv;outputs/new_outputs/m3_finetune_llama_ms500/bbq/m3_finetune_ind/bbq_preds_m3_finetune_ind_instr_off_ALL.csv;outputs/new_outputs/m3_finetune_llama_ms500/bbq/m3_finetune_pc/bbq_preds_m3_finetune_pc_instr_off_ALL.csv;outputs/new_outputs/m3_finetune_llama_ms500/bbq/m3_finetune_pt/bbq_preds_m3_finetune_pt_instr_off_ALL.csv;outputs/new_outputs/m3_finetune_llama_ms500/bbq/m3_finetune_sr_indft_bbq/bbq_preds_m3_finetune_sr_indft_bbq_instr_off_ALL.csv,results/10_additional_benchmarks/baselines/baseline_evalshared_all_20260306_1249/bbq/bbq_metrics_baseline_evalshared_all_20260306_1249.csv,results/new_results/m3_finetune_llama_ms500/bbq/bbq_metrics_m3_finetune_allstrat.csv
llama8b,Llama 8B,bbq,BBQ Disambig.,DIY Two Pass (No IT),Bias_score_disambig,0.0,0.662,0.662,3.047,2.3850000000000002,1.4444098467318423,-0.635110034009877,3.5151258422990104,3.075055634230228,1.630645787498386,3.075055634230228,1.630645787498386,-0.940590153268158,15678,29238,15678,5000,20260507,outputs/2_base_models/bbq/llama_8b/bbq_preds_llama_8b_Age.csv;outputs/2_base_models/bbq/llama_8b/bbq_preds_llama_8b_Disability_status.csv;outputs/2_base_models/bbq/llama_8b/bbq_preds_llama_8b_Gender_identity.csv;outputs/2_base_models/bbq/llama_8b/bbq_preds_llama_8b_Nationality.csv;outputs/2_base_models/bbq/llama_8b/bbq_preds_llama_8b_Physical_appearance.csv;outputs/2_base_models/bbq/llama_8b/bbq_preds_llama_8b_Race_ethnicity.csv;outputs/2_base_models/bbq/llama_8b/bbq_preds_llama_8b_Religion.csv;outputs/2_base_models/bbq/llama_8b/bbq_preds_llama_8b_SES.csv;outputs/2_base_models/bbq/llama_8b/bbq_preds_llama_8b_Sexual_orientation.csv,archive/m6_llama8b_dedup_apply_20260504_000252/outputs/new_outputs/m6_self_debiasing/m6sd_20260325_bbq_allstrategies_maxlenfix_zero/eval/m6_two_pass__base__all_strategies/bbq/bbq_preds_m6_two_pass__base__all_strategies_self_debias_two_pass_all_strategies_fp_base_llama_8b_Race_x_SES.csv;archive/m6_llama8b_dedup_apply_20260504_000252/outputs/new_outputs/m6_self_debiasing/m6sd_20260325_bbq_allstrategies_maxlenfix_zero/eval/m6_two_pass__base__all_strategies/bbq/bbq_preds_m6_two_pass__base__all_strategies_self_debias_two_pass_all_strategies_fp_base_llama_8b_Race_x_gender.csv;archive/m6_llama8b_dedup_apply_20260504_000252/outputs/new_outputs/m6_self_debiasing/m6sd_20260325_bbq_allstrategies_maxlenfix_zero/eval/m6_two_pass__base__all_strategies/bbq/bbq_preds_m6_two_pass__base__all_strategies_self_debias_two_pass_all_strategies_llama_8b_Age.csv;archive/m6_llama8b_dedup_apply_20260504_000252/outputs/new_outputs/m6_self_debiasing/m6sd_20260325_bbq_allstrategies_maxlenfix_zero/eval/m6_two_pass__base__all_strategies/bbq/bbq_preds_m6_two_pass__base__all_strategies_self_debias_two_pass_all_strategies_llama_8b_Disability_status.csv;archive/m6_llama8b_dedup_apply_20260504_000252/outputs/new_outputs/m6_self_debiasing/m6sd_20260325_bbq_allstrategies_maxlenfix_zero/eval/m6_two_pass__base__all_strategies/bbq/bbq_preds_m6_two_pass__base__all_strategies_self_debias_two_pass_all_strategies_llama_8b_Gender_identity.csv;archive/m6_llama8b_dedup_apply_20260504_000252/outputs/new_outputs/m6_self_debiasing/m6sd_20260325_bbq_allstrategies_maxlenfix_zero/eval/m6_two_pass__base__all_strategies/bbq/bbq_preds_m6_two_pass__base__all_strategies_self_debias_two_pass_all_strategies_llama_8b_Nationality.csv;archive/m6_llama8b_dedup_apply_20260504_000252/outputs/new_outputs/m6_self_debiasing/m6sd_20260325_bbq_allstrategies_maxlenfix_zero/eval/m6_two_pass__base__all_strategies/bbq/bbq_preds_m6_two_pass__base__all_strategies_self_debias_two_pass_all_strategies_llama_8b_Physical_appearance.csv;archive/m6_llama8b_dedup_apply_20260504_000252/outputs/new_outputs/m6_self_debiasing/m6sd_20260325_bbq_allstrategies_maxlenfix_zero/eval/m6_two_pass__base__all_strategies/bbq/bbq_preds_m6_two_pass__base__all_strategies_self_debias_two_pass_all_strategies_llama_8b_Race_ethnicity.csv;archive/m6_llama8b_dedup_apply_20260504_000252/outputs/new_outputs/m6_self_debiasing/m6sd_20260325_bbq_allstrategies_maxlenfix_zero/eval/m6_two_pass__base__all_strategies/bbq/bbq_preds_m6_two_pass__base__all_strategies_self_debias_two_pass_all_strategies_llama_8b_Religion.csv;archive/m6_llama8b_dedup_apply_20260504_000252/outputs/new_outputs/m6_self_debiasing/m6sd_20260325_bbq_allstrategies_maxlenfix_zero/eval/m6_two_pass__base__all_strategies/bbq/bbq_preds_m6_two_pass__base__all_strategies_self_debias_two_pass_all_strategies_llama_8b_SES.csv;archive/m6_llama8b_dedup_apply_20260504_000252/outputs/new_outputs/m6_self_debiasing/m6sd_20260325_bbq_allstrategies_maxlenfix_zero/eval/m6_two_pass__base__all_strategies/bbq/bbq_preds_m6_two_pass__base__all_strategies_self_debias_two_pass_all_strategies_llama_8b_Sexual_orientation.csv,results/10_additional_benchmarks/baselines/baseline_evalshared_all_20260306_1249/bbq/bbq_metrics_baseline_evalshared_all_20260306_1249.csv,recomputed_from_predictions:archive/m6_llama8b_dedup_apply_20260504_000252/outputs/new_outputs/m6_self_debiasing/m6sd_20260325_bbq_allstrategies_maxlenfix_zero/eval/m6_two_pass__base__all_strategies/bbq
llama8b,Llama 8B,bbq,BBQ Disambig.,DIY Two Pass (IT),Bias_score_disambig,0.0,0.895,0.895,3.047,2.152,3.215804157482949,0.03163612791429324,5.027283107173156,3.427758375371881,-0.2119542178889322,3.427758375371881,0.2119542178889322,1.0638041574829487,15678,25806,12246,5000,20260507,outputs/2_base_models/bbq/llama_8b/bbq_preds_llama_8b_Age.csv;outputs/2_base_models/bbq/llama_8b/bbq_preds_llama_8b_Disability_status.csv;outputs/2_base_models/bbq/llama_8b/bbq_preds_llama_8b_Gender_identity.csv;outputs/2_base_models/bbq/llama_8b/bbq_preds_llama_8b_Nationality.csv;outputs/2_base_models/bbq/llama_8b/bbq_preds_llama_8b_Physical_appearance.csv;outputs/2_base_models/bbq/llama_8b/bbq_preds_llama_8b_Race_ethnicity.csv;outputs/2_base_models/bbq/llama_8b/bbq_preds_llama_8b_Religion.csv;outputs/2_base_models/bbq/llama_8b/bbq_preds_llama_8b_SES.csv;outputs/2_base_models/bbq/llama_8b/bbq_preds_llama_8b_Sexual_orientation.csv,archive/m6_llama8b_dedup_apply_20260504_000252/outputs/new_outputs/m6_self_debiasing/m6sd_20260325_bbq_allstrategies_maxlenfix_zero/eval/m6_two_pass__finetuned_ms-500-allstrategies-opinion-action-event-allversions__all_strategies/bbq/bbq_preds_m6_two_pass__finetuned_ms-500-allstrategies-opinion-action-event-allversions__all_strategies_self_debias_two_pass_all_strategies_fp_finetuned_ms-500-allstrategies-opinion-action-event-allversio_17e8932485fd.csv;archive/m6_llama8b_dedup_apply_20260504_000252/outputs/new_outputs/m6_self_debiasing/m6sd_20260325_bbq_allstrategies_maxlenfix_zero/eval/m6_two_pass__finetuned_ms-500-allstrategies-opinion-action-event-allversions__all_strategies/bbq/bbq_preds_m6_two_pass__finetuned_ms-500-allstrategies-opinion-action-event-allversions__all_strategies_self_debias_two_pass_all_strategies_fp_finetuned_ms-500-allstrategies-opinion-action-event-allversio_19e5bd48102d.csv;archive/m6_llama8b_dedup_apply_20260504_000252/outputs/new_outputs/m6_self_debiasing/m6sd_20260325_bbq_allstrategies_maxlenfix_zero/eval/m6_two_pass__finetuned_ms-500-allstrategies-opinion-action-event-allversions__all_strategies/bbq/bbq_preds_m6_two_pass__finetuned_ms-500-allstrategies-opinion-action-event-allversions__all_strategies_self_debias_two_pass_all_strategies_fp_finetuned_ms-500-allstrategies-opinion-action-event-allversio_3f677a2d28ed.csv;archive/m6_llama8b_dedup_apply_20260504_000252/outputs/new_outputs/m6_self_debiasing/m6sd_20260325_bbq_allstrategies_maxlenfix_zero/eval/m6_two_pass__finetuned_ms-500-allstrategies-opinion-action-event-allversions__all_strategies/bbq/bbq_preds_m6_two_pass__finetuned_ms-500-allstrategies-opinion-action-event-allversions__all_strategies_self_debias_two_pass_all_strategies_fp_finetuned_ms-500-allstrategies-opinion-action-event-allversio_782712e2a97c.csv;archive/m6_llama8b_dedup_apply_20260504_000252/outputs/new_outputs/m6_self_debiasing/m6sd_20260325_bbq_allstrategies_maxlenfix_zero/eval/m6_two_pass__finetuned_ms-500-allstrategies-opinion-action-event-allversions__all_strategies/bbq/bbq_preds_m6_two_pass__finetuned_ms-500-allstrategies-opinion-action-event-allversions__all_strategies_self_debias_two_pass_all_strategies_fp_finetuned_ms-500-allstrategies-opinion-action-event-allversio_94f0eec9b33c.csv;archive/m6_llama8b_dedup_apply_20260504_000252/outputs/new_outputs/m6_self_debiasing/m6sd_20260325_bbq_allstrategies_maxlenfix_zero/eval/m6_two_pass__finetuned_ms-500-allstrategies-opinion-action-event-allversions__all_strategies/bbq/bbq_preds_m6_two_pass__finetuned_ms-500-allstrategies-opinion-action-event-allversions__all_strategies_self_debias_two_pass_all_strategies_fp_finetuned_ms-500-allstrategies-opinion-action-event-allversio_ad9edf1c18fa.csv;archive/m6_llama8b_dedup_apply_20260504_000252/outputs/new_outputs/m6_self_debiasing/m6sd_20260325_bbq_allstrategies_maxlenfix_zero/eval/m6_two_pass__finetuned_ms-500-allstrategies-opinion-action-event-allversions__all_strategies/bbq/bbq_preds_m6_two_pass__finetuned_ms-500-allstrategies-opinion-action-event-allversions__all_strategies_self_debias_two_pass_all_strategies_fp_finetuned_ms-500-allstrategies-opinion-action-event-allversio_c590d2893828.csv;archive/m6_llama8b_dedup_apply_20260504_000252/outputs/new_outputs/m6_self_debiasing/m6sd_20260325_bbq_allstrategies_maxlenfix_zero/eval/m6_two_pass__finetuned_ms-500-allstrategies-opinion-action-event-allversions__all_strategies/bbq/bbq_preds_m6_two_pass__finetuned_ms-500-allstrategies-opinion-action-event-allversions__all_strategies_self_debias_two_pass_all_strategies_fp_finetuned_ms-500-allstrategies-opinion-action-event-allversions_Age.csv;archive/m6_llama8b_dedup_apply_20260504_000252/outputs/new_outputs/m6_self_debiasing/m6sd_20260325_bbq_allstrategies_maxlenfix_zero/eval/m6_two_pass__finetuned_ms-500-allstrategies-opinion-action-event-allversions__all_strategies/bbq/bbq_preds_m6_two_pass__finetuned_ms-500-allstrategies-opinion-action-event-allversions__all_strategies_self_debias_two_pass_all_strategies_fp_finetuned_ms-500-allstrategies-opinion-action-event-allversions_Race_x_SES.csv;archive/m6_llama8b_dedup_apply_20260504_000252/outputs/new_outputs/m6_self_debiasing/m6sd_20260325_bbq_allstrategies_maxlenfix_zero/eval/m6_two_pass__finetuned_ms-500-allstrategies-opinion-action-event-allversions__all_strategies/bbq/bbq_preds_m6_two_pass__finetuned_ms-500-allstrategies-opinion-action-event-allversions__all_strategies_self_debias_two_pass_all_strategies_fp_finetuned_ms-500-allstrategies-opinion-action-event-allversions_Religion.csv,results/10_additional_benchmarks/baselines/baseline_evalshared_all_20260306_1249/bbq/bbq_metrics_baseline_evalshared_all_20260306_1249.csv,recomputed_from_predictions:archive/m6_llama8b_dedup_apply_20260504_000252/outputs/new_outputs/m6_self_debiasing/m6sd_20260325_bbq_allstrategies_maxlenfix_zero/eval/m6_two_pass__finetuned_ms-500-allstrategies-opinion-action-event-allversions__all_strategies/bbq
llama8b,Llama 8B,winobias,WinoBias,ICL,abs_pro_anti_gap,0.0,0.277778,0.277778,0.276515,-0.0012630000000000141,-0.0012626262626262985,-0.008841670288894071,0.006327632941846894,0.2765151515151515,0.2777777777777778,0.2765151515151515,0.2777777777777778,3.737373737155991e-07,1584,1584,1584,5000,20260507,outputs/10_additional_benchmarks/baselines/baseline_evalshared_all_20260306_1249/winobias/llama_8b/winobias_predictions_llama_8b.csv,outputs/new_outputs/m4_base_icl_zero/m4_base_icl_zero_allmodels_20260514_005736/llama8b/evalshared/winobias/m4_baseicl_zero_llama8b_allstrat_winobias/winobias_predictions_m4_baseicl_zero_llama8b_allstrat_winobias.csv,results/10_additional_benchmarks/baselines/baseline_evalshared_all_20260306_1249/winobias/llama_8b/winobias_metrics_overall_llama_8b.csv,results/new_results/m4_base_icl_zero/m4_base_icl_zero_allmodels_20260514_005736/llama8b/evalshared/winobias/m4_baseicl_zero_llama8b_allstrat_winobias/winobias_metrics_overall_m4_baseicl_zero_llama8b_allstrat_winobias.csv
llama8b,Llama 8B,winobias,WinoBias,DIY IT,abs_pro_anti_gap,0.0,0.261364,0.261364,0.276515,0.015151000000000026,0.015151515151515138,-0.005135793374392306,0.03523814728493811,0.2765151515151515,0.26136363636363635,0.2765151515151515,0.26136363636363635,5.151515151124997e-07,1584,1584,1584,5000,20260507,outputs/10_additional_benchmarks/baselines/baseline_evalshared_all_20260306_1249/winobias/llama_8b/winobias_predictions_llama_8b.csv,outputs/new_outputs/m3_finetune_llama_ms500/evalshared/winobias/m3_finetune_allstrat_winobias/winobias_predictions_m3_finetune_allstrat_winobias.csv,results/10_additional_benchmarks/baselines/baseline_evalshared_all_20260306_1249/winobias/llama_8b/winobias_metrics_overall_llama_8b.csv,results/new_results/m3_finetune_llama_ms500/evalshared/winobias/m3_finetune_allstrat_winobias/winobias_metrics_overall_m3_finetune_allstrat_winobias.csv
llama8b,Llama 8B,winobias,WinoBias,DIY Two Pass (No IT),abs_pro_anti_gap,0.0,0.119949,0.119949,0.276515,0.156566,0.15656565656565652,0.10110721895713606,0.21267076712298308,0.2765151515151515,0.11994949494949497,0.2765151515151515,0.11994949494949497,-3.4343434349159985e-07,1584,1584,1584,5000,20260507,outputs/10_additional_benchmarks/baselines/baseline_evalshared_all_20260306_1249/winobias/llama_8b/winobias_predictions_llama_8b.csv,outputs/new_outputs/m6_self_debiasing/m6sd_20260324_twopass_zero_allstrategies_truncfix/eval/m6_two_pass__base__all_strategies/winobias/winobias/m6_two_pass__base__all_strategies_self_debias_two_pass_all_strategies/winobias_predictions_m6_two_pass__base__all_strategies_self_debias_two_pass_all_strategies.csv,results/10_additional_benchmarks/baselines/baseline_evalshared_all_20260306_1249/winobias/llama_8b/winobias_metrics_overall_llama_8b.csv,results/new_results/m6_self_debiasing/m6sd_20260324_twopass_zero_allstrategies_truncfix/eval/m6_two_pass__base__all_strategies/winobias/winobias/m6_two_pass__base__all_strategies_self_debias_two_pass_all_strategies/winobias_metrics_overall_m6_two_pass__base__all_strategies_self_debias_two_pass_all_strategies.csv
llama8b,Llama 8B,winobias,WinoBias,DIY Two Pass (IT),abs_pro_anti_gap,0.0,0.0896465,0.0896465,0.276515,0.1868685,0.18686868686868685,0.1278566495974286,0.2461063501928048,0.2765151515151515,0.08964646464646464,0.2765151515151515,0.08964646464646464,1.8686868685779956e-07,1584,1584,1584,5000,20260507,outputs/10_additional_benchmarks/baselines/baseline_evalshared_all_20260306_1249/winobias/llama_8b/winobias_predictions_llama_8b.csv,outputs/new_outputs/m6_self_debiasing/m6sd_20260324_twopass_zero_allstrategies_truncfix/eval/m6_two_pass__finetuned_ms-500-allstrategies-opinion-action-event-allversions__all_strategies/winobias/winobias/m6_two_pass__finetuned_ms-500-allstrategies-opinion-action-event-allversions__all_strategies_self_debias_two_pass_all_strategies/winobias_predictions_m6_two_pass__finetuned_ms-500-allstrategies-opinion-action-event-allversions__all_strategies_self_debias_two_pass_all_strategies.csv,results/10_additional_benchmarks/baselines/baseline_evalshared_all_20260306_1249/winobias/llama_8b/winobias_metrics_overall_llama_8b.csv,results/new_results/m6_self_debiasing/m6sd_20260324_twopass_zero_allstrategies_truncfix/eval/m6_two_pass__finetuned_ms-500-allstrategies-opinion-action-event-allversions__all_strategies/winobias/winobias/m6_two_pass__finetuned_ms-500-allstrategies-opinion-action-event-allversions__all_strategies_self_debias_two_pass_all_strategies/winobias_metrics_overall_m6_two_pass__finetuned_ms-500-allstrategies-opinion-action-event-allversions__all_strategies_self_debias_two_pass_all_strategies.csv
llama8b,Llama 8B,winogender,WinoGender,ICL,male_female_pair_disagreement_rate,0.0,0.179167,0.179167,0.191667,0.012500000000000011,0.012500000000000011,-0.008333333333333331,0.033333333333333354,0.19166666666666668,0.17916666666666667,0.19166666666666668,0.17916666666666667,0.0,240,240,240,5000,20260507,outputs/10_additional_benchmarks/baselines/baseline_evalshared_all_20260306_1249/winogender/llama_8b/winogender_preds_llama_8b.csv,outputs/new_outputs/m4_base_icl_zero/m4_base_icl_zero_allmodels_20260514_005736/llama8b/evalshared/winogender/m4_baseicl_zero_llama8b_allstrat_winogender/winogender_preds_m4_baseicl_zero_llama8b_allstrat_winogender.csv,results/10_additional_benchmarks/baselines/baseline_evalshared_all_20260306_1249/winogender/llama_8b/winogender_metrics_overall_llama_8b.csv,results/new_results/m4_base_icl_zero/m4_base_icl_zero_allmodels_20260514_005736/llama8b/evalshared/winogender/m4_baseicl_zero_llama8b_allstrat_winogender/winogender_metrics_overall_m4_baseicl_zero_llama8b_allstrat_winogender.csv
llama8b,Llama 8B,winogender,WinoGender,DIY IT,male_female_pair_disagreement_rate,0.0,0.225,0.225,0.191667,-0.033333,-0.033333333333333326,-0.09166666666666665,0.024999999999999994,0.19166666666666668,0.225,0.19166666666666668,0.225,-3.3333333332441484e-07,240,240,240,5000,20260507,outputs/10_additional_benchmarks/baselines/baseline_evalshared_all_20260306_1249/winogender/llama_8b/winogender_preds_llama_8b.csv,outputs/new_outputs/m3_finetune_llama_ms500/evalshared/winogender/m3_finetune_allstrat_winogender/winogender_preds_m3_finetune_allstrat_winogender.csv,results/10_additional_benchmarks/baselines/baseline_evalshared_all_20260306_1249/winogender/llama_8b/winogender_metrics_overall_llama_8b.csv,results/new_results/m3_finetune_llama_ms500/evalshared/winogender/m3_finetune_allstrat_winogender/winogender_metrics_overall_m3_finetune_allstrat_winogender.csv
llama8b,Llama 8B,winogender,WinoGender,DIY Two Pass (No IT),male_female_pair_disagreement_rate,0.0,0.158333,0.158333,0.191667,0.033334,0.033333333333333354,-0.012499999999999983,0.07916666666666666,0.19166666666666668,0.15833333333333333,0.19166666666666668,0.15833333333333333,-6.666666666488297e-07,240,240,240,5000,20260507,outputs/10_additional_benchmarks/baselines/baseline_evalshared_all_20260306_1249/winogender/llama_8b/winogender_preds_llama_8b.csv,outputs/new_outputs/m6_self_debiasing/m6sd_20260324_twopass_zero_allstrategies_truncfix/eval/m6_two_pass__base__all_strategies/winogender/winogender/m6_two_pass__base__all_strategies_self_debias_two_pass_all_strategies/winogender_preds_m6_two_pass__base__all_strategies_self_debias_two_pass_all_strategies.csv,results/10_additional_benchmarks/baselines/baseline_evalshared_all_20260306_1249/winogender/llama_8b/winogender_metrics_overall_llama_8b.csv,results/new_results/m6_self_debiasing/m6sd_20260324_twopass_zero_allstrategies_truncfix/eval/m6_two_pass__base__all_strategies/winogender/winogender/m6_two_pass__base__all_strategies_self_debias_two_pass_all_strategies/winogender_metrics_overall_m6_two_pass__base__all_strategies_self_debias_two_pass_all_strategies.csv
llama8b,Llama 8B,winogender,WinoGender,DIY Two Pass (IT),male_female_pair_disagreement_rate,0.0,0.141667,0.141667,0.191667,0.05000000000000002,0.05000000000000002,-0.004166666666666653,0.10416666666666666,0.19166666666666668,0.14166666666666666,0.19166666666666668,0.14166666666666666,0.0,240,240,240,5000,20260507,outputs/10_additional_benchmarks/baselines/baseline_evalshared_all_20260306_1249/winogender/llama_8b/winogender_preds_llama_8b.csv,outputs/new_outputs/m6_self_debiasing/m6sd_20260324_twopass_zero_allstrategies_truncfix/eval/m6_two_pass__finetuned_ms-500-allstrategies-opinion-action-event-allversions__all_strategies/winogender/winogender/m6_two_pass__finetuned_ms-500-allstrategies-opinion-action-event-allversions__all_strategies_self_debias_two_pass_all_strategies/winogender_preds_m6_two_pass__finetuned_ms-500-allstrategies-opinion-action-event-allversions__all_strategies_self_debias_two_pass_all_strategies.csv,results/10_additional_benchmarks/baselines/baseline_evalshared_all_20260306_1249/winogender/llama_8b/winogender_metrics_overall_llama_8b.csv,results/new_results/m6_self_debiasing/m6sd_20260324_twopass_zero_allstrategies_truncfix/eval/m6_two_pass__finetuned_ms-500-allstrategies-opinion-action-event-allversions__all_strategies/winogender/winogender/m6_two_pass__finetuned_ms-500-allstrategies-opinion-action-event-allversions__all_strategies_self_debias_two_pass_all_strategies/winogender_metrics_overall_m6_two_pass__finetuned_ms-500-allstrategies-opinion-action-event-allversions__all_strategies_self_debias_two_pass_all_strategies.csv
qwen,Qwen 27B,crowspairs,CrowS-Pairs,ICL,stereotype_preference_pct,50.0,37.07,12.93,13.53,0.5999999999999996,-3.6842105263157805,-6.8421052631579045,-0.526315789473685,68.02631578947368,71.71052631578947,18.026315789473685,21.710526315789465,-4.28421052631578,1441,780,760,5000,20260507,outputs/new_outputs/m3_qwen35_27b_base_all5/evalshared/crows_pairs_scored_m3_qwen35_27b_base_crowspairs.csv,outputs/new_outputs/m4_base_icl_zero/m4_base_icl_zero_allmodels_20260514_005736/qwen35_27b/evalshared/crows_pairs_scored_m4_baseicl_zero_qwen35_27b_allstrat_crowspairs.csv,results/new_results/m3_qwen35_27b_base_all5/evalshared/crows_pairs_metrics_overall_m3_qwen35_27b_base_crowspairs.csv,results/new_results/m4_base_icl_zero/m4_base_icl_zero_allmodels_20260514_005736/qwen35_27b/evalshared/crows_pairs_metrics_overall_m4_baseicl_zero_qwen35_27b_allstrat_crowspairs.csv
qwen,Qwen 27B,crowspairs,CrowS-Pairs,DIY IT,stereotype_preference_pct,50.0,63.26,13.26,13.53,0.2699999999999996,0.07158196134574268,-0.7874015748031414,0.9305654974946265,66.85755189692198,66.78596993557623,16.857551896921976,16.785969935576233,-0.1984180386542569,1441,1437,1397,5000,20260507,outputs/new_outputs/m3_qwen35_27b_base_all5/evalshared/crows_pairs_scored_m3_qwen35_27b_base_crowspairs.csv,outputs/new_outputs/m3_finetune_qwen35_27b_ms500/evalshared/crows_pairs_scored_m3_qwen35_27b_ms500_all_allversions_crowspairs.csv,results/new_results/m3_qwen35_27b_base_all5/evalshared/crows_pairs_metrics_overall_m3_qwen35_27b_base_crowspairs.csv,results/new_results/m3_finetune_qwen35_27b_ms500/evalshared/crows_pairs_metrics_overall_m3_qwen35_27b_ms500_all_allversions_crowspairs.csv
qwen,Qwen 27B,crowspairs,CrowS-Pairs,DIY Two Pass (No IT),stereotype_preference_pct,50.0,47.68,2.32,13.53,11.209999999999999,14.965034965034967,11.328671328671334,17.9020979020979,66.57342657342657,48.39160839160839,16.573426573426573,1.6083916083916066,3.7550349650349677,1441,1496,1430,5000,20260507,outputs/new_outputs/m3_qwen35_27b_base_all5/evalshared/crows_pairs_scored_m3_qwen35_27b_base_crowspairs.csv,outputs/new_outputs/m6_qwen35_27b_reasoning_plus_original5/m6_qwen35_27b_reasoning_plus_original5_ordered_20260504_220932/m6/eval/m6_qwen35_27b_two_pass_zero__base_all_strategies__all_strategies/crowspairs/crows_pairs_scored_m6_qwen35_27b_two_pass_zero__base_all_strategies__all_strategies_self_debias_two_pass_all_strategies.csv,results/new_results/m3_qwen35_27b_base_all5/evalshared/crows_pairs_metrics_overall_m3_qwen35_27b_base_crowspairs.csv,results/new_results/m6_qwen35_27b_reasoning_plus_original5/m6_qwen35_27b_reasoning_plus_original5_ordered_20260504_220932/m6/eval/m6_qwen35_27b_two_pass_zero__base_all_strategies__all_strategies/crowspairs/crows_pairs_metrics_overall_m6_qwen35_27b_two_pass_zero__base_all_strategies__all_strategies_self_debias_two_pass_all_strategies.csv
qwen,Qwen 27B,crowspairs,CrowS-Pairs,DIY Two Pass (IT),stereotype_preference_pct,50.0,45.29,4.71,13.53,8.82,12.473721093202535,8.759635599159083,16.04940434477924,66.57323055360898,45.900490539593555,16.57323055360898,4.099509460406445,3.6537210932025346,1441,1491,1427,5000,20260507,outputs/new_outputs/m3_qwen35_27b_base_all5/evalshared/crows_pairs_scored_m3_qwen35_27b_base_crowspairs.csv,outputs/new_outputs/m6_qwen35_27b_reasoning_plus_original5/m6_qwen35_27b_reasoning_plus_original5_ordered_20260504_220932/m6/eval/m6_qwen35_27b_two_pass_zero__all_allversions__all_strategies/crowspairs/crows_pairs_scored_m6_qwen35_27b_two_pass_zero__all_allversions__all_strategies_self_debias_two_pass_all_strategies.csv,results/new_results/m3_qwen35_27b_base_all5/evalshared/crows_pairs_metrics_overall_m3_qwen35_27b_base_crowspairs.csv,results/new_results/m6_qwen35_27b_reasoning_plus_original5/m6_qwen35_27b_reasoning_plus_original5_ordered_20260504_220932/m6/eval/m6_qwen35_27b_two_pass_zero__all_allversions__all_strategies/crowspairs/crows_pairs_metrics_overall_m6_qwen35_27b_two_pass_zero__all_allversions__all_strategies_self_debias_two_pass_all_strategies.csv
qwen,Qwen 27B,stereoset,StereoSet,ICL,SS Score,50.0,45.117056,4.882944,7.5744385,2.6914945,2.6483802317332703,0.09458500827619076,5.226412863561124,57.531331283991484,45.117048947741786,7.531331283991484,4.882951052258214,-0.043114268266729816,4229,4229,4229,5000,20260507,outputs/new_outputs/m3_qwen35_27b_base_all5/evalshared/stereoset_sentence_scores_m3_qwen35_27b_base_stereoset.csv,outputs/new_outputs/m4_base_icl_zero/m4_base_icl_zero_allmodels_20260514_005736/qwen35_27b/evalshared/stereoset_sentence_scores_m4_baseicl_zero_qwen35_27b_allstrat_stereoset.csv,results/new_results/m3_qwen35_27b_base_all5/evalshared/stereoset_metrics_m3_qwen35_27b_base_stereoset.csv,results/new_results/m4_base_icl_zero/m4_base_icl_zero_allmodels_20260514_005736/qwen35_27b/evalshared/stereoset_metrics_m4_baseicl_zero_qwen35_27b_allstrat_stereoset.csv
qwen,Qwen 27B,stereoset,StereoSet,DIY IT,SS Score,50.0,57.619588,7.6195878,7.5744385,-0.04514929999999939,-0.04729250413809183,-0.591156301726173,0.4729250413809467,57.531331283991484,57.578623788129576,7.531331283991484,7.578623788129576,-0.002143204138092436,4229,4229,4229,5000,20260507,outputs/new_outputs/m3_qwen35_27b_base_all5/evalshared/stereoset_sentence_scores_m3_qwen35_27b_base_stereoset.csv,outputs/new_outputs/m3_finetune_qwen35_27b_ms500/evalshared/stereoset_sentence_scores_m3_qwen35_27b_ms500_all_allversions_stereoset.csv,results/new_results/m3_qwen35_27b_base_all5/evalshared/stereoset_metrics_m3_qwen35_27b_base_stereoset.csv,results/new_results/m3_finetune_qwen35_27b_ms500/evalshared/stereoset_metrics_m3_qwen35_27b_ms500_all_allversions_stereoset.csv
qwen,Qwen 27B,stereoset,StereoSet,DIY Two Pass (No IT),SS Score,50.0,47.700621,2.2993789,7.5744385,5.2750596000000005,5.20217545519035,2.861196500354687,7.590446914164104,57.531331283991484,47.670844171198866,7.531331283991484,2.3291558288011345,-0.07288414480965066,4229,4229,4229,5000,20260507,outputs/new_outputs/m3_qwen35_27b_base_all5/evalshared/stereoset_sentence_scores_m3_qwen35_27b_base_stereoset.csv,outputs/new_outputs/m6_qwen35_27b_reasoning_plus_original5/m6_qwen35_27b_reasoning_plus_original5_ordered_20260504_220932/m6/eval/m6_qwen35_27b_two_pass_zero__base_all_strategies__all_strategies/stereoset/stereoset_sentence_scores_m6_qwen35_27b_two_pass_zero__base_all_strategies__all_strategies_self_debias_two_pass_all_strategies.csv,results/new_results/m3_qwen35_27b_base_all5/evalshared/stereoset_metrics_m3_qwen35_27b_base_stereoset.csv,results/new_results/m6_qwen35_27b_reasoning_plus_original5/m6_qwen35_27b_reasoning_plus_original5_ordered_20260504_220932/m6/eval/m6_qwen35_27b_two_pass_zero__base_all_strategies__all_strategies/stereoset/stereoset_metrics_m6_qwen35_27b_two_pass_zero__base_all_strategies__all_strategies_self_debias_two_pass_all_strategies.csv
qwen,Qwen 27B,stereoset,StereoSet,DIY Two Pass (IT),SS Score,50.0,46.575846,3.4241544,7.5744385,4.1502841,4.114447860014181,1.7734689051785322,6.5027193189879355,57.531331283991484,46.5831165760227,7.531331283991484,3.4168834239773034,-0.03583623998581942,4229,4229,4229,5000,20260507,outputs/new_outputs/m3_qwen35_27b_base_all5/evalshared/stereoset_sentence_scores_m3_qwen35_27b_base_stereoset.csv,outputs/new_outputs/m6_qwen35_27b_reasoning_plus_original5/m6_qwen35_27b_reasoning_plus_original5_ordered_20260504_220932/m6/eval/m6_qwen35_27b_two_pass_zero__all_allversions__all_strategies/stereoset/stereoset_sentence_scores_m6_qwen35_27b_two_pass_zero__all_allversions__all_strategies_self_debias_two_pass_all_strategies.csv,results/new_results/m3_qwen35_27b_base_all5/evalshared/stereoset_metrics_m3_qwen35_27b_base_stereoset.csv,results/new_results/m6_qwen35_27b_reasoning_plus_original5/m6_qwen35_27b_reasoning_plus_original5_ordered_20260504_220932/m6/eval/m6_qwen35_27b_two_pass_zero__all_allversions__all_strategies/stereoset/stereoset_metrics_m6_qwen35_27b_two_pass_zero__all_allversions__all_strategies_self_debias_two_pass_all_strategies.csv
qwen,Qwen 27B,bbq,BBQ Ambig.,ICL,Bias_score_ambig,0.0,12.114,12.114,5.708,-6.406000000000001,-6.546275395033871,-7.2475032491962645,-5.8382926328750315,5.70832478281688,12.254600177850751,5.70832478281688,12.254600177850751,-0.14027539503387043,29238,29238,29238,5000,20260507,outputs/new_outputs/m3_qwen35_27b_base_all5/bbq/m3_qwen35_27b_base_bbq/bbq_preds_m3_qwen35_27b_base_bbq_instr_off_ALL.csv,outputs/new_outputs/m4_base_icl_zero/m4_base_icl_zero_allmodels_20260514_005736/qwen35_27b/bbq/m4_baseicl_zero_qwen35_27b_allstrat_bbq/bbq_preds_m4_baseicl_zero_qwen35_27b_allstrat_bbq_instr_all_strategies_ALL.csv;outputs/new_outputs/m4_base_icl_zero/m4_base_icl_zero_allmodels_20260514_005736/qwen35_27b/bbq/m4_baseicl_zero_qwen35_27b_ci_bbq/bbq_preds_m4_baseicl_zero_qwen35_27b_ci_bbq_instr_counter_imaging_ALL.csv;outputs/new_outputs/m4_base_icl_zero/m4_base_icl_zero_allmodels_20260514_005736/qwen35_27b/bbq/m4_baseicl_zero_qwen35_27b_ind_bbq/bbq_preds_m4_baseicl_zero_qwen35_27b_ind_bbq_instr_individuating_ALL.csv;outputs/new_outputs/m4_base_icl_zero/m4_base_icl_zero_allmodels_20260514_005736/qwen35_27b/bbq/m4_baseicl_zero_qwen35_27b_pc_bbq/bbq_preds_m4_baseicl_zero_qwen35_27b_pc_bbq_instr_positive_contact_ALL.csv;outputs/new_outputs/m4_base_icl_zero/m4_base_icl_zero_allmodels_20260514_005736/qwen35_27b/bbq/m4_baseicl_zero_qwen35_27b_pt_bbq/bbq_preds_m4_baseicl_zero_qwen35_27b_pt_bbq_instr_perspective_taking_ALL.csv;outputs/new_outputs/m4_base_icl_zero/m4_base_icl_zero_allmodels_20260514_005736/qwen35_27b/bbq/m4_baseicl_zero_qwen35_27b_sr_bbq/bbq_preds_m4_baseicl_zero_qwen35_27b_sr_bbq_instr_stereotype_replacement_ALL.csv,results/new_results/m3_qwen35_27b_base_all5/bbq/bbq_metrics_m3_qwen35_27b_base_bbq.csv,results/new_results/m4_base_icl_zero/m4_base_icl_zero_allmodels_20260514_005736/qwen35_27b/bbq/bbq_metrics_m4_baseicl_zero_qwen35_27b_allstrat_bbq.csv
qwen,Qwen 27B,bbq,BBQ Ambig.,DIY IT,Bias_score_ambig,0.0,5.825,5.825,5.708,-0.11699999999999999,-0.09576578425337523,-0.5711744989397385,0.4035843764963367,5.70832478281688,5.804090567070255,5.70832478281688,5.804090567070255,0.021234215746624763,29238,29238,29238,5000,20260507,outputs/new_outputs/m3_qwen35_27b_base_all5/bbq/m3_qwen35_27b_base_bbq/bbq_preds_m3_qwen35_27b_base_bbq_instr_off_ALL.csv,outputs/new_outputs/m3_finetune_qwen35_27b_ms500/bbq/m3_qwen35_27b_ms500_all_action_bbq/bbq_preds_m3_qwen35_27b_ms500_all_action_bbq_instr_off_ALL.csv;outputs/new_outputs/m3_finetune_qwen35_27b_ms500/bbq/m3_qwen35_27b_ms500_all_allversions_bbq/bbq_preds_m3_qwen35_27b_ms500_all_allversions_bbq_instr_off_ALL.csv;outputs/new_outputs/m3_finetune_qwen35_27b_ms500/bbq/m3_qwen35_27b_ms500_all_event_bbq/bbq_preds_m3_qwen35_27b_ms500_all_event_bbq_instr_off_ALL.csv;outputs/new_outputs/m3_finetune_qwen35_27b_ms500/bbq/m3_qwen35_27b_ms500_all_opinion_bbq/bbq_preds_m3_qwen35_27b_ms500_all_opinion_bbq_instr_off_ALL.csv;outputs/new_outputs/m3_finetune_qwen35_27b_ms500/bbq/m3_qwen35_27b_ms500_ci_bbq/bbq_preds_m3_qwen35_27b_ms500_ci_bbq_instr_off_ALL.csv;outputs/new_outputs/m3_finetune_qwen35_27b_ms500/bbq/m3_qwen35_27b_ms500_ind_bbq/bbq_preds_m3_qwen35_27b_ms500_ind_bbq_instr_off_ALL.csv;outputs/new_outputs/m3_finetune_qwen35_27b_ms500/bbq/m3_qwen35_27b_ms500_pc_bbq/bbq_preds_m3_qwen35_27b_ms500_pc_bbq_instr_off_ALL.csv;outputs/new_outputs/m3_finetune_qwen35_27b_ms500/bbq/m3_qwen35_27b_ms500_pt_bbq/bbq_preds_m3_qwen35_27b_ms500_pt_bbq_instr_off_ALL.csv;outputs/new_outputs/m3_finetune_qwen35_27b_ms500/bbq/m3_qwen35_27b_ms500_sr_bbq/bbq_preds_m3_qwen35_27b_ms500_sr_bbq_instr_off_ALL.csv,results/new_results/m3_qwen35_27b_base_all5/bbq/bbq_metrics_m3_qwen35_27b_base_bbq.csv,results/new_results/m3_finetune_qwen35_27b_ms500/bbq/bbq_metrics_m3_qwen35_27b_ms500_all_allversions_bbq.csv
qwen,Qwen 27B,bbq,BBQ Ambig.,DIY Two Pass (No IT),Bias_score_ambig,0.0,1.772,1.772,5.708,3.936,3.9366577741295563,2.965233600109446,4.8978213284082415,5.70832478281688,1.7716670086873234,5.70832478281688,1.7716670086873234,0.0006577741295563655,29238,29238,29238,5000,20260507,outputs/new_outputs/m3_qwen35_27b_base_all5/bbq/m3_qwen35_27b_base_bbq/bbq_preds_m3_qwen35_27b_base_bbq_instr_off_ALL.csv,outputs/new_outputs/m6_qwen35_27b_reasoning_plus_original5/m6_qwen35_27b_reasoning_plus_original5_ordered_20260504_220932/m6/eval/m6_qwen35_27b_two_pass_zero__base_all_strategies__all_strategies/bbq/bbq_preds_m6_qwen35_27b_two_pass_zero__base_all_strategies__all_strategies_self_debias_two_pass_all_strategies_qwen35_bbq_firstpass_base_qwen35_27b_instr_off_ALL.csv,results/new_results/m3_qwen35_27b_base_all5/bbq/bbq_metrics_m3_qwen35_27b_base_bbq.csv,results/new_results/m6_qwen35_27b_reasoning_plus_original5/m6_qwen35_27b_reasoning_plus_original5_ordered_20260504_220932/m6/eval/m6_qwen35_27b_two_pass_zero__base_all_strategies__all_strategies/bbq/bbq_metrics.csv
qwen,Qwen 27B,bbq,BBQ Ambig.,DIY Two Pass (IT),Bias_score_ambig,0.0,2.086,2.086,5.708,3.6220000000000003,3.6219987687256316,2.7361652643819765,4.5351939257131075,5.70832478281688,2.0863260140912483,5.70832478281688,2.0863260140912483,-1.2312743686848648e-06,29238,29238,29238,5000,20260507,outputs/new_outputs/m3_qwen35_27b_base_all5/bbq/m3_qwen35_27b_base_bbq/bbq_preds_m3_qwen35_27b_base_bbq_instr_off_ALL.csv,outputs/new_outputs/m6_qwen35_27b_reasoning_plus_original5/m6_qwen35_27b_reasoning_plus_original5_ordered_20260504_220932/m6/eval/m6_qwen35_27b_two_pass_zero__all_allversions__all_strategies/bbq/bbq_preds_m6_qwen35_27b_two_pass_zero__all_allversions__all_strategies_self_debias_two_pass_all_strategies_qwen35_bbq_firstpass_base_qwen35_27b_instr_off_ALL.csv,results/new_results/m3_qwen35_27b_base_all5/bbq/bbq_metrics_m3_qwen35_27b_base_bbq.csv,results/new_results/m6_qwen35_27b_reasoning_plus_original5/m6_qwen35_27b_reasoning_plus_original5_ordered_20260504_220932/m6/eval/m6_qwen35_27b_two_pass_zero__all_allversions__all_strategies/bbq/bbq_metrics.csv
qwen,Qwen 27B,bbq,BBQ Disambig.,ICL,Bias_score_disambig,0.0,1.383,1.383,0.884,-0.499,-0.2838869920202658,-0.7480655679158726,0.281000230190606,0.8835864652469549,1.1674734572672207,0.8835864652469549,1.1674734572672207,0.2151130079797342,29238,29238,29238,5000,20260507,outputs/new_outputs/m3_qwen35_27b_base_all5/bbq/m3_qwen35_27b_base_bbq/bbq_preds_m3_qwen35_27b_base_bbq_instr_off_ALL.csv,outputs/new_outputs/m4_base_icl_zero/m4_base_icl_zero_allmodels_20260514_005736/qwen35_27b/bbq/m4_baseicl_zero_qwen35_27b_allstrat_bbq/bbq_preds_m4_baseicl_zero_qwen35_27b_allstrat_bbq_instr_all_strategies_ALL.csv;outputs/new_outputs/m4_base_icl_zero/m4_base_icl_zero_allmodels_20260514_005736/qwen35_27b/bbq/m4_baseicl_zero_qwen35_27b_ci_bbq/bbq_preds_m4_baseicl_zero_qwen35_27b_ci_bbq_instr_counter_imaging_ALL.csv;outputs/new_outputs/m4_base_icl_zero/m4_base_icl_zero_allmodels_20260514_005736/qwen35_27b/bbq/m4_baseicl_zero_qwen35_27b_ind_bbq/bbq_preds_m4_baseicl_zero_qwen35_27b_ind_bbq_instr_individuating_ALL.csv;outputs/new_outputs/m4_base_icl_zero/m4_base_icl_zero_allmodels_20260514_005736/qwen35_27b/bbq/m4_baseicl_zero_qwen35_27b_pc_bbq/bbq_preds_m4_baseicl_zero_qwen35_27b_pc_bbq_instr_positive_contact_ALL.csv;outputs/new_outputs/m4_base_icl_zero/m4_base_icl_zero_allmodels_20260514_005736/qwen35_27b/bbq/m4_baseicl_zero_qwen35_27b_pt_bbq/bbq_preds_m4_baseicl_zero_qwen35_27b_pt_bbq_instr_perspective_taking_ALL.csv;outputs/new_outputs/m4_base_icl_zero/m4_base_icl_zero_allmodels_20260514_005736/qwen35_27b/bbq/m4_baseicl_zero_qwen35_27b_sr_bbq/bbq_preds_m4_baseicl_zero_qwen35_27b_sr_bbq_instr_stereotype_replacement_ALL.csv,results/new_results/m3_qwen35_27b_base_all5/bbq/bbq_metrics_m3_qwen35_27b_base_bbq.csv,results/new_results/m4_base_icl_zero/m4_base_icl_zero_allmodels_20260514_005736/qwen35_27b/bbq/bbq_metrics_m4_baseicl_zero_qwen35_27b_allstrat_bbq.csv
qwen,Qwen 27B,bbq,BBQ Disambig.,DIY IT,Bias_score_disambig,0.0,0.615,0.615,0.884,0.269,0.0874857341340407,-0.2876900461974302,0.43690552249767417,0.8835864652469549,0.7961007311129142,0.8835864652469549,0.7961007311129142,-0.1815142658659593,29238,29238,29238,5000,20260507,outputs/new_outputs/m3_qwen35_27b_base_all5/bbq/m3_qwen35_27b_base_bbq/bbq_preds_m3_qwen35_27b_base_bbq_instr_off_ALL.csv,outputs/new_outputs/m3_finetune_qwen35_27b_ms500/bbq/m3_qwen35_27b_ms500_all_action_bbq/bbq_preds_m3_qwen35_27b_ms500_all_action_bbq_instr_off_ALL.csv;outputs/new_outputs/m3_finetune_qwen35_27b_ms500/bbq/m3_qwen35_27b_ms500_all_allversions_bbq/bbq_preds_m3_qwen35_27b_ms500_all_allversions_bbq_instr_off_ALL.csv;outputs/new_outputs/m3_finetune_qwen35_27b_ms500/bbq/m3_qwen35_27b_ms500_all_event_bbq/bbq_preds_m3_qwen35_27b_ms500_all_event_bbq_instr_off_ALL.csv;outputs/new_outputs/m3_finetune_qwen35_27b_ms500/bbq/m3_qwen35_27b_ms500_all_opinion_bbq/bbq_preds_m3_qwen35_27b_ms500_all_opinion_bbq_instr_off_ALL.csv;outputs/new_outputs/m3_finetune_qwen35_27b_ms500/bbq/m3_qwen35_27b_ms500_ci_bbq/bbq_preds_m3_qwen35_27b_ms500_ci_bbq_instr_off_ALL.csv;outputs/new_outputs/m3_finetune_qwen35_27b_ms500/bbq/m3_qwen35_27b_ms500_ind_bbq/bbq_preds_m3_qwen35_27b_ms500_ind_bbq_instr_off_ALL.csv;outputs/new_outputs/m3_finetune_qwen35_27b_ms500/bbq/m3_qwen35_27b_ms500_pc_bbq/bbq_preds_m3_qwen35_27b_ms500_pc_bbq_instr_off_ALL.csv;outputs/new_outputs/m3_finetune_qwen35_27b_ms500/bbq/m3_qwen35_27b_ms500_pt_bbq/bbq_preds_m3_qwen35_27b_ms500_pt_bbq_instr_off_ALL.csv;outputs/new_outputs/m3_finetune_qwen35_27b_ms500/bbq/m3_qwen35_27b_ms500_sr_bbq/bbq_preds_m3_qwen35_27b_ms500_sr_bbq_instr_off_ALL.csv,results/new_results/m3_qwen35_27b_base_all5/bbq/bbq_metrics_m3_qwen35_27b_base_bbq.csv,results/new_results/m3_finetune_qwen35_27b_ms500/bbq/bbq_metrics_m3_qwen35_27b_ms500_all_allversions_bbq.csv
qwen,Qwen 27B,bbq,BBQ Disambig.,DIY Two Pass (No IT),Bias_score_disambig,0.0,0.619,0.619,0.884,0.265,0.2648954851101948,-1.4582847600793203,1.3968492544588447,0.8835864652469549,0.6186909801367602,0.8835864652469549,0.6186909801367602,-0.0001045148898052295,29238,29238,29238,5000,20260507,outputs/new_outputs/m3_qwen35_27b_base_all5/bbq/m3_qwen35_27b_base_bbq/bbq_preds_m3_qwen35_27b_base_bbq_instr_off_ALL.csv,outputs/new_outputs/m6_qwen35_27b_reasoning_plus_original5/m6_qwen35_27b_reasoning_plus_original5_ordered_20260504_220932/m6/eval/m6_qwen35_27b_two_pass_zero__base_all_strategies__all_strategies/bbq/bbq_preds_m6_qwen35_27b_two_pass_zero__base_all_strategies__all_strategies_self_debias_two_pass_all_strategies_qwen35_bbq_firstpass_base_qwen35_27b_instr_off_ALL.csv,results/new_results/m3_qwen35_27b_base_all5/bbq/bbq_metrics_m3_qwen35_27b_base_bbq.csv,results/new_results/m6_qwen35_27b_reasoning_plus_original5/m6_qwen35_27b_reasoning_plus_original5_ordered_20260504_220932/m6/eval/m6_qwen35_27b_two_pass_zero__base_all_strategies__all_strategies/bbq/bbq_metrics.csv
qwen,Qwen 27B,bbq,BBQ Disambig.,DIY Two Pass (IT),Bias_score_disambig,0.0,0.381,0.381,0.884,0.503,0.5023756362749321,-1.0613521429746462,1.5006592316273655,0.8835864652469549,0.38121082897202285,0.8835864652469549,0.38121082897202285,-0.0006243637250679113,29238,29238,29238,5000,20260507,outputs/new_outputs/m3_qwen35_27b_base_all5/bbq/m3_qwen35_27b_base_bbq/bbq_preds_m3_qwen35_27b_base_bbq_instr_off_ALL.csv,outputs/new_outputs/m6_qwen35_27b_reasoning_plus_original5/m6_qwen35_27b_reasoning_plus_original5_ordered_20260504_220932/m6/eval/m6_qwen35_27b_two_pass_zero__all_allversions__all_strategies/bbq/bbq_preds_m6_qwen35_27b_two_pass_zero__all_allversions__all_strategies_self_debias_two_pass_all_strategies_qwen35_bbq_firstpass_base_qwen35_27b_instr_off_ALL.csv,results/new_results/m3_qwen35_27b_base_all5/bbq/bbq_metrics_m3_qwen35_27b_base_bbq.csv,results/new_results/m6_qwen35_27b_reasoning_plus_original5/m6_qwen35_27b_reasoning_plus_original5_ordered_20260504_220932/m6/eval/m6_qwen35_27b_two_pass_zero__all_allversions__all_strategies/bbq/bbq_metrics.csv
qwen,Qwen 27B,winobias,WinoBias,ICL,abs_pro_anti_gap,0.0,0.078282828,0.078282828,0.077020202,-0.0012626260000000028,-0.0012626262626262985,-0.01262700140823706,0.01000508057705107,0.07702020202020199,0.07828282828282829,0.07702020202020199,0.07828282828282829,-2.626262957106107e-10,1584,1584,1584,5000,20260507,outputs/new_outputs/m3_qwen35_27b_base_all5/evalshared/winobias/m3_qwen35_27b_base_winobias/winobias_predictions_m3_qwen35_27b_base_winobias.csv,outputs/new_outputs/m4_base_icl_zero/m4_base_icl_zero_allmodels_20260514_005736/qwen35_27b/evalshared/winobias/m4_baseicl_zero_qwen35_27b_allstrat_winobias/winobias_predictions_m4_baseicl_zero_qwen35_27b_allstrat_winobias.csv,results/new_results/m3_qwen35_27b_base_all5/evalshared/winobias/m3_qwen35_27b_base_winobias/winobias_metrics_overall_m3_qwen35_27b_base_winobias.csv,results/new_results/m4_base_icl_zero/m4_base_icl_zero_allmodels_20260514_005736/qwen35_27b/evalshared/winobias/m4_baseicl_zero_qwen35_27b_allstrat_winobias/winobias_metrics_overall_m4_baseicl_zero_qwen35_27b_allstrat_winobias.csv
qwen,Qwen 27B,winobias,WinoBias,DIY IT,abs_pro_anti_gap,0.0,0.065656566,0.065656566,0.077020202,0.011363635999999996,0.011363636363636354,-0.023317949977696987,0.04557450176129857,0.07702020202020199,0.06565656565656564,0.07702020202020199,0.06565656565656564,3.6363635713687614e-10,1584,1584,1584,5000,20260507,outputs/new_outputs/m3_qwen35_27b_base_all5/evalshared/winobias/m3_qwen35_27b_base_winobias/winobias_predictions_m3_qwen35_27b_base_winobias.csv,outputs/new_outputs/m3_finetune_qwen35_27b_ms500/evalshared/winobias/m3_qwen35_27b_ms500_all_allversions_winobias/winobias_predictions_m3_qwen35_27b_ms500_all_allversions_winobias.csv,results/new_results/m3_qwen35_27b_base_all5/evalshared/winobias/m3_qwen35_27b_base_winobias/winobias_metrics_overall_m3_qwen35_27b_base_winobias.csv,results/new_results/m3_finetune_qwen35_27b_ms500/evalshared/winobias/m3_qwen35_27b_ms500_all_allversions_winobias/winobias_metrics_overall_m3_qwen35_27b_ms500_all_allversions_winobias.csv
qwen,Qwen 27B,winobias,WinoBias,DIY Two Pass (No IT),abs_pro_anti_gap,0.0,0.012626263,0.012626263,0.077020202,0.064393939,0.06439393939393934,0.0045248236516321014,0.09786698775130036,0.07702020202020199,0.012626262626262652,0.07702020202020199,0.012626262626262652,3.939393394825075e-10,1584,1584,1584,5000,20260507,outputs/new_outputs/m3_qwen35_27b_base_all5/evalshared/winobias/m3_qwen35_27b_base_winobias/winobias_predictions_m3_qwen35_27b_base_winobias.csv,outputs/new_outputs/m6_qwen35_27b_reasoning_plus_original5/m6_qwen35_27b_reasoning_plus_original5_ordered_20260504_220932/m6/eval/m6_qwen35_27b_two_pass_zero__base_all_strategies__all_strategies/winobias/winobias/m6_qwen35_27b_two_pass_zero__base_all_strategies__all_strategies_self_debias_two_pass_all_strategies/winobias_predictions_m6_qwen35_27b_two_pass_zero__base_all_strategies__all_strategies_self_debias_two_pass_all_strategies.csv,results/new_results/m3_qwen35_27b_base_all5/evalshared/winobias/m3_qwen35_27b_base_winobias/winobias_metrics_overall_m3_qwen35_27b_base_winobias.csv,results/new_results/m6_qwen35_27b_reasoning_plus_original5/m6_qwen35_27b_reasoning_plus_original5_ordered_20260504_220932/m6/eval/m6_qwen35_27b_two_pass_zero__base_all_strategies__all_strategies/winobias/winobias/m6_qwen35_27b_two_pass_zero__base_all_strategies__all_strategies_self_debias_two_pass_all_strategies/winobias_metrics_overall_m6_qwen35_27b_two_pass_zero__base_all_strategies__all_strategies_self_debias_two_pass_all_strategies.csv
qwen,Qwen 27B,winobias,WinoBias,DIY Two Pass (IT),abs_pro_anti_gap,0.0,0.029040404,0.029040404,0.077020202,0.047979798,0.0479797979797979,-0.008562328365909613,0.09408929429845514,0.07702020202020199,0.02904040404040409,0.07702020202020199,0.02904040404040409,-2.0202096939758718e-11,1584,1584,1584,5000,20260507,outputs/new_outputs/m3_qwen35_27b_base_all5/evalshared/winobias/m3_qwen35_27b_base_winobias/winobias_predictions_m3_qwen35_27b_base_winobias.csv,outputs/new_outputs/m6_qwen35_27b_reasoning_plus_original5/m6_qwen35_27b_reasoning_plus_original5_ordered_20260504_220932/m6/eval/m6_qwen35_27b_two_pass_zero__all_allversions__all_strategies/winobias/winobias/m6_qwen35_27b_two_pass_zero__all_allversions__all_strategies_self_debias_two_pass_all_strategies/winobias_predictions_m6_qwen35_27b_two_pass_zero__all_allversions__all_strategies_self_debias_two_pass_all_strategies.csv,results/new_results/m3_qwen35_27b_base_all5/evalshared/winobias/m3_qwen35_27b_base_winobias/winobias_metrics_overall_m3_qwen35_27b_base_winobias.csv,results/new_results/m6_qwen35_27b_reasoning_plus_original5/m6_qwen35_27b_reasoning_plus_original5_ordered_20260504_220932/m6/eval/m6_qwen35_27b_two_pass_zero__all_allversions__all_strategies/winobias/winobias/m6_qwen35_27b_two_pass_zero__all_allversions__all_strategies_self_debias_two_pass_all_strategies/winobias_metrics_overall_m6_qwen35_27b_two_pass_zero__all_allversions__all_strategies_self_debias_two_pass_all_strategies.csv
qwen,Qwen 27B,winogender,WinoGender,ICL,male_female_pair_disagreement_rate,0.0,0.066666667,0.066666667,0.066666667,0.0,0.0,0.0,0.0,0.06666666666666667,0.06666666666666667,0.06666666666666667,0.06666666666666667,0.0,240,240,240,5000,20260507,outputs/new_outputs/m3_qwen35_27b_base_all5/evalshared/winogender/m3_qwen35_27b_base_winogender/winogender_preds_m3_qwen35_27b_base_winogender.csv,outputs/new_outputs/m4_base_icl_zero/m4_base_icl_zero_allmodels_20260514_005736/qwen35_27b/evalshared/winogender/m4_baseicl_zero_qwen35_27b_allstrat_winogender/winogender_preds_m4_baseicl_zero_qwen35_27b_allstrat_winogender.csv,results/new_results/m3_qwen35_27b_base_all5/evalshared/winogender/m3_qwen35_27b_base_winogender/winogender_metrics_overall_m3_qwen35_27b_base_winogender.csv,results/new_results/m4_base_icl_zero/m4_base_icl_zero_allmodels_20260514_005736/qwen35_27b/evalshared/winogender/m4_baseicl_zero_qwen35_27b_allstrat_winogender/winogender_metrics_overall_m4_baseicl_zero_qwen35_27b_allstrat_winogender.csv
qwen,Qwen 27B,winogender,WinoGender,DIY IT,male_female_pair_disagreement_rate,0.0,0.045833333,0.045833333,0.066666667,0.020833334000000002,0.020833333333333336,-0.012500000000000004,0.05833333333333333,0.06666666666666667,0.04583333333333333,0.06666666666666667,0.04583333333333333,-6.666666663157628e-10,240,240,240,5000,20260507,outputs/new_outputs/m3_qwen35_27b_base_all5/evalshared/winogender/m3_qwen35_27b_base_winogender/winogender_preds_m3_qwen35_27b_base_winogender.csv,outputs/new_outputs/m3_finetune_qwen35_27b_ms500/evalshared/winogender/m3_qwen35_27b_ms500_all_allversions_winogender/winogender_preds_m3_qwen35_27b_ms500_all_allversions_winogender.csv,results/new_results/m3_qwen35_27b_base_all5/evalshared/winogender/m3_qwen35_27b_base_winogender/winogender_metrics_overall_m3_qwen35_27b_base_winogender.csv,results/new_results/m3_finetune_qwen35_27b_ms500/evalshared/winogender/m3_qwen35_27b_ms500_all_allversions_winogender/winogender_metrics_overall_m3_qwen35_27b_ms500_all_allversions_winogender.csv
qwen,Qwen 27B,winogender,WinoGender,DIY Two Pass (No IT),male_female_pair_disagreement_rate,0.0,0.0125,0.0125,0.066666667,0.054166667,0.05416666666666667,0.020833333333333332,0.09166666666666667,0.06666666666666667,0.0125,0.06666666666666667,0.0125,-3.333333331578814e-10,240,240,240,5000,20260507,outputs/new_outputs/m3_qwen35_27b_base_all5/evalshared/winogender/m3_qwen35_27b_base_winogender/winogender_preds_m3_qwen35_27b_base_winogender.csv,outputs/new_outputs/m6_qwen35_27b_reasoning_plus_original5/m6_qwen35_27b_reasoning_plus_original5_ordered_20260504_220932/m6/eval/m6_qwen35_27b_two_pass_zero__base_all_strategies__all_strategies/winogender/winogender/m6_qwen35_27b_two_pass_zero__base_all_strategies__all_strategies_self_debias_two_pass_all_strategies/winogender_preds_m6_qwen35_27b_two_pass_zero__base_all_strategies__all_strategies_self_debias_two_pass_all_strategies.csv,results/new_results/m3_qwen35_27b_base_all5/evalshared/winogender/m3_qwen35_27b_base_winogender/winogender_metrics_overall_m3_qwen35_27b_base_winogender.csv,results/new_results/m6_qwen35_27b_reasoning_plus_original5/m6_qwen35_27b_reasoning_plus_original5_ordered_20260504_220932/m6/eval/m6_qwen35_27b_two_pass_zero__base_all_strategies__all_strategies/winogender/winogender/m6_qwen35_27b_two_pass_zero__base_all_strategies__all_strategies_self_debias_two_pass_all_strategies/winogender_metrics_overall_m6_qwen35_27b_two_pass_zero__base_all_strategies__all_strategies_self_debias_two_pass_all_strategies.csv
qwen,Qwen 27B,winogender,WinoGender,DIY Two Pass (IT),male_female_pair_disagreement_rate,0.0,0.0083333333,0.0083333333,0.066666667,0.0583333337,0.058333333333333334,0.025,0.09583333333333334,0.06666666666666667,0.008333333333333333,0.06666666666666667,0.008333333333333333,-3.666666623103332e-10,240,240,240,5000,20260507,outputs/new_outputs/m3_qwen35_27b_base_all5/evalshared/winogender/m3_qwen35_27b_base_winogender/winogender_preds_m3_qwen35_27b_base_winogender.csv,outputs/new_outputs/m6_qwen35_27b_reasoning_plus_original5/m6_qwen35_27b_reasoning_plus_original5_ordered_20260504_220932/m6/eval/m6_qwen35_27b_two_pass_zero__all_allversions__all_strategies/winogender/winogender/m6_qwen35_27b_two_pass_zero__all_allversions__all_strategies_self_debias_two_pass_all_strategies/winogender_preds_m6_qwen35_27b_two_pass_zero__all_allversions__all_strategies_self_debias_two_pass_all_strategies.csv,results/new_results/m3_qwen35_27b_base_all5/evalshared/winogender/m3_qwen35_27b_base_winogender/winogender_metrics_overall_m3_qwen35_27b_base_winogender.csv,results/new_results/m6_qwen35_27b_reasoning_plus_original5/m6_qwen35_27b_reasoning_plus_original5_ordered_20260504_220932/m6/eval/m6_qwen35_27b_two_pass_zero__all_allversions__all_strategies/winogender/winogender/m6_qwen35_27b_two_pass_zero__all_allversions__all_strategies_self_debias_two_pass_all_strategies/winogender_metrics_overall_m6_qwen35_27b_two_pass_zero__all_allversions__all_strategies_self_debias_two_pass_all_strategies.csv
llama70b,Llama 70B,crowspairs,CrowS-Pairs,ICL,stereotype_preference_pct,50.0,56.37,6.37,16.11,9.739999999999998,-8.165137614678898,-10.550458715596335,-5.688073394495419,69.54128440366972,77.70642201834862,19.54128440366972,27.70642201834862,-17.905137614678896,1493,1094,1090,5000,20260507,outputs/new_outputs/m6_llama70b_original5/m6_llama70b_original5_20260415_195536/plain_direct/evalshared/crows_pairs_scored_llama70b_plain_base_crowspairs.csv,outputs/new_outputs/m4_base_icl_zero/m4_base_icl_zero_allmodels_20260514_005736/llama70b/evalshared/crows_pairs_scored_m4_baseicl_zero_llama70b_allstrat_crowspairs.csv,results/new_results/m6_llama70b_original5/m6_llama70b_original5_20260415_195536/plain_direct/evalshared/crows_pairs_metrics_overall_llama70b_plain_base_crowspairs.csv,results/new_results/m4_base_icl_zero/m4_base_icl_zero_allmodels_20260514_005736/llama70b/evalshared/crows_pairs_metrics_overall_m4_baseicl_zero_llama70b_allstrat_crowspairs.csv
llama70b,Llama 70B,crowspairs,CrowS-Pairs,DIY IT,stereotype_preference_pct,50.0,67.04,17.04,16.11,-0.9299999999999997,-0.6060606060605949,-1.7525252525252588,0.6060606060606091,66.80134680134681,67.4074074074074,16.80134680134681,17.407407407407405,0.32393939393940485,1493,1500,1485,5000,20260507,outputs/new_outputs/m6_llama70b_original5/m6_llama70b_original5_20260415_195536/plain_direct/evalshared/crows_pairs_scored_llama70b_plain_base_crowspairs.csv,outputs/new_outputs/m3_finetune_llama70b_ms500/evalshared/crows_pairs_scored_m3_llama70b_ms500_all_allversions_crowspairs.csv,results/new_results/m6_llama70b_original5/m6_llama70b_original5_20260415_195536/plain_direct/evalshared/crows_pairs_metrics_overall_llama70b_plain_base_crowspairs.csv,results/new_results/m3_finetune_llama70b_ms500/evalshared/crows_pairs_metrics_overall_m3_llama70b_ms500_all_allversions_crowspairs.csv
llama70b,Llama 70B,crowspairs,CrowS-Pairs,DIY Two Pass (No IT),stereotype_preference_pct,50.0,48.21,1.79,16.11,14.32,15.38978494623656,11.962365591397862,18.07795698924732,66.73387096774194,48.655913978494624,16.733870967741936,1.344086021505376,1.0697849462365596,1493,1502,1488,5000,20260507,outputs/new_outputs/m6_llama70b_original5/m6_llama70b_original5_20260415_195536/plain_direct/evalshared/crows_pairs_scored_llama70b_plain_base_crowspairs.csv,outputs/new_outputs/m6_llama70b_original5/m6_llama70b_original5_20260415_195536/m6/eval/m6_l70b_two_pass_zero__base_all_strategies__all_strategies/crowspairs/crows_pairs_scored_m6_l70b_two_pass_zero__base_all_strategies__all_strategies_self_debias_two_pass_all_strategies.csv,results/new_results/m6_llama70b_original5/m6_llama70b_original5_20260415_195536/plain_direct/evalshared/crows_pairs_metrics_overall_llama70b_plain_base_crowspairs.csv,results/new_results/m6_llama70b_original5/m6_llama70b_original5_20260415_195536/m6/eval/m6_l70b_two_pass_zero__base_all_strategies__all_strategies/crowspairs/crows_pairs_metrics_overall_m6_l70b_two_pass_zero__base_all_strategies__all_strategies_self_debias_two_pass_all_strategies.csv
llama70b,Llama 70B,crowspairs,CrowS-Pairs,DIY Two Pass (IT),stereotype_preference_pct,50.0,47.28,2.72,16.11,13.389999999999999,14.362778152393794,10.856372218476054,17.532029669588674,66.68914362778152,47.673634524612275,16.68914362778152,2.3263654753877248,0.9727781523937953,1493,1498,1483,5000,20260507,outputs/new_outputs/m6_llama70b_original5/m6_llama70b_original5_20260415_195536/plain_direct/evalshared/crows_pairs_scored_llama70b_plain_base_crowspairs.csv,outputs/new_outputs/m6_llama70b_original5/m6_llama70b_original5_20260415_195536/m6/eval/m6_l70b_two_pass_zero__all_allversions__all_strategies/crowspairs/crows_pairs_scored_m6_l70b_two_pass_zero__all_allversions__all_strategies_self_debias_two_pass_all_strategies.csv,results/new_results/m6_llama70b_original5/m6_llama70b_original5_20260415_195536/plain_direct/evalshared/crows_pairs_metrics_overall_llama70b_plain_base_crowspairs.csv,results/new_results/m6_llama70b_original5/m6_llama70b_original5_20260415_195536/m6/eval/m6_l70b_two_pass_zero__all_allversions__all_strategies/crowspairs/crows_pairs_metrics_overall_m6_l70b_two_pass_zero__all_allversions__all_strategies_self_debias_two_pass_all_strategies.csv
llama70b,Llama 70B,stereoset,StereoSet,ICL,SS Score,50.0,53.758909,3.7589086,9.9997996,6.2408909999999995,6.148025537952229,4.611019153464177,7.637739418302203,59.94324899503428,53.79522345708205,9.943248995034281,3.795223457082052,-0.09286546204777046,4229,4229,4229,5000,20260507,outputs/new_outputs/m6_llama70b_original5/m6_llama70b_original5_20260415_195536/plain_direct/evalshared/stereoset_sentence_scores_llama70b_plain_base_stereoset.csv,outputs/new_outputs/m4_base_icl_zero/m4_base_icl_zero_allmodels_20260514_005736/llama70b/evalshared/stereoset_sentence_scores_m4_baseicl_zero_llama70b_allstrat_stereoset.csv,results/new_results/m6_llama70b_original5/m6_llama70b_original5_20260415_195536/plain_direct/evalshared/stereoset_metrics_llama70b_plain_base_stereoset.csv,results/new_results/m4_base_icl_zero/m4_base_icl_zero_allmodels_20260514_005736/llama70b/evalshared/stereoset_metrics_m4_baseicl_zero_llama70b_allstrat_stereoset.csv
llama70b,Llama 70B,stereoset,StereoSet,DIY IT,SS Score,50.0,60.657,10.657,9.9997996,-0.6572004000000007,-0.6857413100023777,-1.2296051075904515,-0.14187751241429664,59.94324899503428,60.62899030503666,9.943248995034281,10.628990305036659,-0.028540910002377018,4229,4229,4229,5000,20260507,outputs/new_outputs/m6_llama70b_original5/m6_llama70b_original5_20260415_195536/plain_direct/evalshared/stereoset_sentence_scores_llama70b_plain_base_stereoset.csv,outputs/new_outputs/m3_finetune_llama70b_ms500/evalshared/stereoset_sentence_scores_m3_llama70b_ms500_all_allversions_stereoset.csv,results/new_results/m6_llama70b_original5/m6_llama70b_original5_20260415_195536/plain_direct/evalshared/stereoset_metrics_llama70b_plain_base_stereoset.csv,results/new_results/m3_finetune_llama70b_ms500/evalshared/stereoset_metrics_m3_llama70b_ms500_all_allversions_stereoset.csv
llama70b,Llama 70B,stereoset,StereoSet,DIY Two Pass (No IT),SS Score,50.0,46.813309,3.1866908,9.9997996,6.813108799999999,6.573658075195077,4.255734216126738,8.985575786237888,59.94324899503428,46.630409080160796,9.943248995034281,3.3695909198392044,-0.23945072480492247,4229,4229,4229,5000,20260507,outputs/new_outputs/m6_llama70b_original5/m6_llama70b_original5_20260415_195536/plain_direct/evalshared/stereoset_sentence_scores_llama70b_plain_base_stereoset.csv,outputs/new_outputs/m6_llama70b_original5/m6_llama70b_original5_20260415_195536/m6/eval/m6_l70b_two_pass_zero__base_all_strategies__all_strategies/stereoset/stereoset_sentence_scores_m6_l70b_two_pass_zero__base_all_strategies__all_strategies_self_debias_two_pass_all_strategies.csv,results/new_results/m6_llama70b_original5/m6_llama70b_original5_20260415_195536/plain_direct/evalshared/stereoset_metrics_llama70b_plain_base_stereoset.csv,results/new_results/m6_llama70b_original5/m6_llama70b_original5_20260415_195536/m6/eval/m6_l70b_two_pass_zero__base_all_strategies__all_strategies/stereoset/stereoset_metrics_m6_l70b_two_pass_zero__base_all_strategies__all_strategies_self_debias_two_pass_all_strategies.csv
llama70b,Llama 70B,stereoset,StereoSet,DIY Two Pass (IT),SS Score,50.0,45.715262,4.2847381,9.9997996,5.715061499999999,5.533222984157007,3.1922440293213583,7.87420193899267,59.94324899503428,45.589973989122726,9.943248995034281,4.410026010877274,-0.18183851584299227,4229,4229,4229,5000,20260507,outputs/new_outputs/m6_llama70b_original5/m6_llama70b_original5_20260415_195536/plain_direct/evalshared/stereoset_sentence_scores_llama70b_plain_base_stereoset.csv,outputs/new_outputs/m6_llama70b_original5/m6_llama70b_original5_20260415_195536/m6/eval/m6_l70b_two_pass_zero__all_allversions__all_strategies/stereoset/stereoset_sentence_scores_m6_l70b_two_pass_zero__all_allversions__all_strategies_self_debias_two_pass_all_strategies.csv,results/new_results/m6_llama70b_original5/m6_llama70b_original5_20260415_195536/plain_direct/evalshared/stereoset_metrics_llama70b_plain_base_stereoset.csv,results/new_results/m6_llama70b_original5/m6_llama70b_original5_20260415_195536/m6/eval/m6_l70b_two_pass_zero__all_allversions__all_strategies/stereoset/stereoset_metrics_m6_l70b_two_pass_zero__all_allversions__all_strategies_self_debias_two_pass_all_strategies.csv
llama70b,Llama 70B,bbq,BBQ Ambig.,ICL,Bias_score_ambig,0.0,5.206,5.206,7.046,1.8399999999999999,1.3920240782543356,0.7695464806074304,2.0282680073876453,7.045625555783576,5.65360147752924,7.045625555783576,5.65360147752924,-0.44797592174566425,29238,29238,29238,5000,20260507,outputs/new_outputs/m6_llama70b_original5/m6_llama70b_original5_20260415_195536/plain_direct/bbq/llama70b_plain_base_bbq/bbq_preds_llama70b_plain_base_bbq_instr_off_ALL.csv,outputs/new_outputs/m4_base_icl_zero/m4_base_icl_zero_allmodels_20260514_005736/llama70b/bbq/m4_baseicl_zero_llama70b_allstrat_bbq/bbq_preds_m4_baseicl_zero_llama70b_allstrat_bbq_instr_all_strategies_ALL.csv;outputs/new_outputs/m4_base_icl_zero/m4_base_icl_zero_allmodels_20260514_005736/llama70b/bbq/m4_baseicl_zero_llama70b_ci_bbq/bbq_preds_m4_baseicl_zero_llama70b_ci_bbq_instr_counter_imaging_ALL.csv;outputs/new_outputs/m4_base_icl_zero/m4_base_icl_zero_allmodels_20260514_005736/llama70b/bbq/m4_baseicl_zero_llama70b_ind_bbq/bbq_preds_m4_baseicl_zero_llama70b_ind_bbq_instr_individuating_ALL.csv;outputs/new_outputs/m4_base_icl_zero/m4_base_icl_zero_allmodels_20260514_005736/llama70b/bbq/m4_baseicl_zero_llama70b_pc_bbq/bbq_preds_m4_baseicl_zero_llama70b_pc_bbq_instr_positive_contact_ALL.csv;outputs/new_outputs/m4_base_icl_zero/m4_base_icl_zero_allmodels_20260514_005736/llama70b/bbq/m4_baseicl_zero_llama70b_pt_bbq/bbq_preds_m4_baseicl_zero_llama70b_pt_bbq_instr_perspective_taking_ALL.csv;outputs/new_outputs/m4_base_icl_zero/m4_base_icl_zero_allmodels_20260514_005736/llama70b/bbq/m4_baseicl_zero_llama70b_sr_bbq/bbq_preds_m4_baseicl_zero_llama70b_sr_bbq_instr_stereotype_replacement_ALL.csv,results/new_results/m6_llama70b_original5/m6_llama70b_original5_20260415_195536/plain_direct/bbq/bbq_metrics_llama70b_plain_base_bbq.csv,results/new_results/m4_base_icl_zero/m4_base_icl_zero_allmodels_20260514_005736/llama70b/bbq/bbq_metrics_m4_baseicl_zero_llama70b_allstrat_bbq.csv
llama70b,Llama 70B,bbq,BBQ Ambig.,DIY IT,Bias_score_ambig,0.0,6.615,6.615,7.046,0.43100000000000005,-0.058143511868104625,-0.5027703673301743,0.3864833435939543,7.045625555783576,7.1037690676516805,7.045625555783576,7.1037690676516805,-0.4891435118681047,29238,29238,29238,5000,20260507,outputs/new_outputs/m6_llama70b_original5/m6_llama70b_original5_20260415_195536/plain_direct/bbq/llama70b_plain_base_bbq/bbq_preds_llama70b_plain_base_bbq_instr_off_ALL.csv,outputs/new_outputs/m3_finetune_llama70b_ms500/bbq/m3_llama70b_ms500_all_action_bbq/bbq_preds_m3_llama70b_ms500_all_action_bbq_instr_off_ALL.csv;outputs/new_outputs/m3_finetune_llama70b_ms500/bbq/m3_llama70b_ms500_all_allversions_bbq/bbq_preds_m3_llama70b_ms500_all_allversions_bbq_instr_off_ALL.csv;outputs/new_outputs/m3_finetune_llama70b_ms500/bbq/m3_llama70b_ms500_all_event_bbq/bbq_preds_m3_llama70b_ms500_all_event_bbq_instr_off_ALL.csv;outputs/new_outputs/m3_finetune_llama70b_ms500/bbq/m3_llama70b_ms500_all_opinion_bbq/bbq_preds_m3_llama70b_ms500_all_opinion_bbq_instr_off_ALL.csv;outputs/new_outputs/m3_finetune_llama70b_ms500/bbq/m3_llama70b_ms500_ci_bbq/bbq_preds_m3_llama70b_ms500_ci_bbq_instr_off_ALL.csv;outputs/new_outputs/m3_finetune_llama70b_ms500/bbq/m3_llama70b_ms500_ind_bbq/bbq_preds_m3_llama70b_ms500_ind_bbq_instr_off_ALL.csv;outputs/new_outputs/m3_finetune_llama70b_ms500/bbq/m3_llama70b_ms500_pc_bbq/bbq_preds_m3_llama70b_ms500_pc_bbq_instr_off_ALL.csv;outputs/new_outputs/m3_finetune_llama70b_ms500/bbq/m3_llama70b_ms500_pt_bbq/bbq_preds_m3_llama70b_ms500_pt_bbq_instr_off_ALL.csv;outputs/new_outputs/m3_finetune_llama70b_ms500/bbq/m3_llama70b_ms500_sr_bbq/bbq_preds_m3_llama70b_ms500_sr_bbq_instr_off_ALL.csv,results/new_results/m6_llama70b_original5/m6_llama70b_original5_20260415_195536/plain_direct/bbq/bbq_metrics_llama70b_plain_base_bbq.csv,results/new_results/m3_finetune_llama70b_ms500/bbq/bbq_metrics_m3_llama70b_ms500_all_allversions_bbq.csv
llama70b,Llama 70B,bbq,BBQ Ambig.,DIY Two Pass (No IT),Bias_score_ambig,0.0,4.935,4.935,7.046,2.1110000000000007,2.1102674601546,0.8514604282098538,3.3484677474519446,7.045625555783576,4.935358095628976,7.045625555783576,4.935358095628976,-0.0007325398454005594,29238,29238,29238,5000,20260507,outputs/new_outputs/m6_llama70b_original5/m6_llama70b_original5_20260415_195536/plain_direct/bbq/llama70b_plain_base_bbq/bbq_preds_llama70b_plain_base_bbq_instr_off_ALL.csv,outputs/new_outputs/m6_llama70b_original5/m6_llama70b_original5_20260415_195536/m6/eval/m6_l70b_two_pass_zero__base_all_strategies__all_strategies/bbq/bbq_preds_m6_l70b_two_pass_zero__base_all_strategies__all_strategies_self_debias_two_pass_all_strategies_bbq_firstpass_base_llama70b_instr_off_ALL.csv,results/new_results/m6_llama70b_original5/m6_llama70b_original5_20260415_195536/plain_direct/bbq/bbq_metrics_llama70b_plain_base_bbq.csv,results/new_results/m6_llama70b_original5/m6_llama70b_original5_20260415_195536/m6/eval/m6_l70b_two_pass_zero__base_all_strategies__all_strategies/bbq/bbq_metrics.csv
llama70b,Llama 70B,bbq,BBQ Ambig.,DIY Two Pass (IT),Bias_score_ambig,0.0,7.152,7.152,7.046,-0.10599999999999987,-0.10602640399478869,-1.2245194609754493,1.01238114782133,7.045625555783576,7.1516519597783645,7.045625555783576,7.1516519597783645,-2.6403994788815055e-05,29238,29238,29238,5000,20260507,outputs/new_outputs/m6_llama70b_original5/m6_llama70b_original5_20260415_195536/plain_direct/bbq/llama70b_plain_base_bbq/bbq_preds_llama70b_plain_base_bbq_instr_off_ALL.csv,outputs/new_outputs/m6_llama70b_original5/m6_llama70b_original5_20260415_195536/m6/eval/m6_l70b_two_pass_zero__all_allversions__all_strategies/bbq/bbq_preds_m6_l70b_two_pass_zero__all_allversions__all_strategies_self_debias_two_pass_all_strategies_bbq_firstpass_base_llama70b_instr_off_ALL.csv,results/new_results/m6_llama70b_original5/m6_llama70b_original5_20260415_195536/plain_direct/bbq/bbq_metrics_llama70b_plain_base_bbq.csv,results/new_results/m6_llama70b_original5/m6_llama70b_original5_20260415_195536/m6/eval/m6_l70b_two_pass_zero__all_allversions__all_strategies/bbq/bbq_metrics.csv
llama70b,Llama 70B,bbq,BBQ Disambig.,ICL,Bias_score_disambig,0.0,0.716,0.716,0.388,-0.32799999999999996,-0.37317121320994406,-0.7968467887078279,0.49860294464391436,0.38753298153033633,0.7607041947402804,0.38753298153033633,0.7607041947402804,-0.045171213209944105,29238,29238,29238,5000,20260507,outputs/new_outputs/m6_llama70b_original5/m6_llama70b_original5_20260415_195536/plain_direct/bbq/llama70b_plain_base_bbq/bbq_preds_llama70b_plain_base_bbq_instr_off_ALL.csv,outputs/new_outputs/m4_base_icl_zero/m4_base_icl_zero_allmodels_20260514_005736/llama70b/bbq/m4_baseicl_zero_llama70b_allstrat_bbq/bbq_preds_m4_baseicl_zero_llama70b_allstrat_bbq_instr_all_strategies_ALL.csv;outputs/new_outputs/m4_base_icl_zero/m4_base_icl_zero_allmodels_20260514_005736/llama70b/bbq/m4_baseicl_zero_llama70b_ci_bbq/bbq_preds_m4_baseicl_zero_llama70b_ci_bbq_instr_counter_imaging_ALL.csv;outputs/new_outputs/m4_base_icl_zero/m4_base_icl_zero_allmodels_20260514_005736/llama70b/bbq/m4_baseicl_zero_llama70b_ind_bbq/bbq_preds_m4_baseicl_zero_llama70b_ind_bbq_instr_individuating_ALL.csv;outputs/new_outputs/m4_base_icl_zero/m4_base_icl_zero_allmodels_20260514_005736/llama70b/bbq/m4_baseicl_zero_llama70b_pc_bbq/bbq_preds_m4_baseicl_zero_llama70b_pc_bbq_instr_positive_contact_ALL.csv;outputs/new_outputs/m4_base_icl_zero/m4_base_icl_zero_allmodels_20260514_005736/llama70b/bbq/m4_baseicl_zero_llama70b_pt_bbq/bbq_preds_m4_baseicl_zero_llama70b_pt_bbq_instr_perspective_taking_ALL.csv;outputs/new_outputs/m4_base_icl_zero/m4_base_icl_zero_allmodels_20260514_005736/llama70b/bbq/m4_baseicl_zero_llama70b_sr_bbq/bbq_preds_m4_baseicl_zero_llama70b_sr_bbq_instr_stereotype_replacement_ALL.csv,results/new_results/m6_llama70b_original5/m6_llama70b_original5_20260415_195536/plain_direct/bbq/bbq_metrics_llama70b_plain_base_bbq.csv,results/new_results/m4_base_icl_zero/m4_base_icl_zero_allmodels_20260514_005736/llama70b/bbq/bbq_metrics_m4_baseicl_zero_llama70b_allstrat_bbq.csv
llama70b,Llama 70B,bbq,BBQ Disambig.,DIY IT,Bias_score_disambig,0.0,0.554,0.554,0.388,-0.16600000000000004,-0.2698513637393596,-0.5381537631260497,0.40340821744933275,0.38753298153033633,0.6573843452696959,0.38753298153033633,0.6573843452696959,-0.10385136373935955,29238,29238,29238,5000,20260507,outputs/new_outputs/m6_llama70b_original5/m6_llama70b_original5_20260415_195536/plain_direct/bbq/llama70b_plain_base_bbq/bbq_preds_llama70b_plain_base_bbq_instr_off_ALL.csv,outputs/new_outputs/m3_finetune_llama70b_ms500/bbq/m3_llama70b_ms500_all_action_bbq/bbq_preds_m3_llama70b_ms500_all_action_bbq_instr_off_ALL.csv;outputs/new_outputs/m3_finetune_llama70b_ms500/bbq/m3_llama70b_ms500_all_allversions_bbq/bbq_preds_m3_llama70b_ms500_all_allversions_bbq_instr_off_ALL.csv;outputs/new_outputs/m3_finetune_llama70b_ms500/bbq/m3_llama70b_ms500_all_event_bbq/bbq_preds_m3_llama70b_ms500_all_event_bbq_instr_off_ALL.csv;outputs/new_outputs/m3_finetune_llama70b_ms500/bbq/m3_llama70b_ms500_all_opinion_bbq/bbq_preds_m3_llama70b_ms500_all_opinion_bbq_instr_off_ALL.csv;outputs/new_outputs/m3_finetune_llama70b_ms500/bbq/m3_llama70b_ms500_ci_bbq/bbq_preds_m3_llama70b_ms500_ci_bbq_instr_off_ALL.csv;outputs/new_outputs/m3_finetune_llama70b_ms500/bbq/m3_llama70b_ms500_ind_bbq/bbq_preds_m3_llama70b_ms500_ind_bbq_instr_off_ALL.csv;outputs/new_outputs/m3_finetune_llama70b_ms500/bbq/m3_llama70b_ms500_pc_bbq/bbq_preds_m3_llama70b_ms500_pc_bbq_instr_off_ALL.csv;outputs/new_outputs/m3_finetune_llama70b_ms500/bbq/m3_llama70b_ms500_pt_bbq/bbq_preds_m3_llama70b_ms500_pt_bbq_instr_off_ALL.csv;outputs/new_outputs/m3_finetune_llama70b_ms500/bbq/m3_llama70b_ms500_sr_bbq/bbq_preds_m3_llama70b_ms500_sr_bbq_instr_off_ALL.csv,results/new_results/m6_llama70b_original5/m6_llama70b_original5_20260415_195536/plain_direct/bbq/bbq_metrics_llama70b_plain_base_bbq.csv,results/new_results/m3_finetune_llama70b_ms500/bbq/bbq_metrics_m3_llama70b_ms500_all_allversions_bbq.csv
llama70b,Llama 70B,bbq,BBQ Disambig.,DIY Two Pass (No IT),Bias_score_disambig,0.0,2.439,2.439,0.388,-2.051,-2.0518304210688676,-3.1040737156710336,-0.5022325798607561,0.38753298153033633,2.439363402599204,0.38753298153033633,2.439363402599204,-0.0008304210688674374,29238,29238,29238,5000,20260507,outputs/new_outputs/m6_llama70b_original5/m6_llama70b_original5_20260415_195536/plain_direct/bbq/llama70b_plain_base_bbq/bbq_preds_llama70b_plain_base_bbq_instr_off_ALL.csv,outputs/new_outputs/m6_llama70b_original5/m6_llama70b_original5_20260415_195536/m6/eval/m6_l70b_two_pass_zero__base_all_strategies__all_strategies/bbq/bbq_preds_m6_l70b_two_pass_zero__base_all_strategies__all_strategies_self_debias_two_pass_all_strategies_bbq_firstpass_base_llama70b_instr_off_ALL.csv,results/new_results/m6_llama70b_original5/m6_llama70b_original5_20260415_195536/plain_direct/bbq/bbq_metrics_llama70b_plain_base_bbq.csv,results/new_results/m6_llama70b_original5/m6_llama70b_original5_20260415_195536/m6/eval/m6_l70b_two_pass_zero__base_all_strategies__all_strategies/bbq/bbq_metrics.csv
llama70b,Llama 70B,bbq,BBQ Disambig.,DIY Two Pass (IT),Bias_score_disambig,0.0,2.126,2.126,0.388,-1.738,-1.7387937976587997,-2.710876388005175,-0.16890434633372348,0.38753298153033633,2.126326779189136,0.38753298153033633,2.126326779189136,-0.000793797658799722,29238,29238,29238,5000,20260507,outputs/new_outputs/m6_llama70b_original5/m6_llama70b_original5_20260415_195536/plain_direct/bbq/llama70b_plain_base_bbq/bbq_preds_llama70b_plain_base_bbq_instr_off_ALL.csv,outputs/new_outputs/m6_llama70b_original5/m6_llama70b_original5_20260415_195536/m6/eval/m6_l70b_two_pass_zero__all_allversions__all_strategies/bbq/bbq_preds_m6_l70b_two_pass_zero__all_allversions__all_strategies_self_debias_two_pass_all_strategies_bbq_firstpass_base_llama70b_instr_off_ALL.csv,results/new_results/m6_llama70b_original5/m6_llama70b_original5_20260415_195536/plain_direct/bbq/bbq_metrics_llama70b_plain_base_bbq.csv,results/new_results/m6_llama70b_original5/m6_llama70b_original5_20260415_195536/m6/eval/m6_l70b_two_pass_zero__all_allversions__all_strategies/bbq/bbq_metrics.csv
llama70b,Llama 70B,winobias,WinoBias,ICL,abs_pro_anti_gap,0.0,0.14393939,0.14393939,0.14393939,0.0,0.0,-0.0037453183520599342,0.003759398496240518,0.14393939393939392,0.14393939393939392,0.14393939393939392,0.14393939393939392,0.0,1584,1584,1584,5000,20260507,outputs/new_outputs/m6_llama70b_original5/m6_llama70b_original5_20260415_195536/plain_direct/evalshared/winobias/llama70b_plain_base_winobias/winobias_predictions_llama70b_plain_base_winobias.csv,outputs/new_outputs/m4_base_icl_zero/m4_base_icl_zero_allmodels_20260514_005736/llama70b/evalshared/winobias/m4_baseicl_zero_llama70b_allstrat_winobias/winobias_predictions_m4_baseicl_zero_llama70b_allstrat_winobias.csv,results/new_results/m6_llama70b_original5/m6_llama70b_original5_20260415_195536/plain_direct/evalshared/winobias/llama70b_plain_base_winobias/winobias_metrics_overall_llama70b_plain_base_winobias.csv,results/new_results/m4_base_icl_zero/m4_base_icl_zero_allmodels_20260514_005736/llama70b/evalshared/winobias/m4_baseicl_zero_llama70b_allstrat_winobias/winobias_metrics_overall_m4_baseicl_zero_llama70b_allstrat_winobias.csv
llama70b,Llama 70B,winobias,WinoBias,DIY IT,abs_pro_anti_gap,0.0,0.15151515,0.15151515,0.14393939,-0.007575759999999987,-0.00757575757575768,-0.025253642218316465,0.010192234112962592,0.14393939393939392,0.1515151515151516,0.14393939393939392,0.1515151515151516,2.4242423068976393e-09,1584,1584,1584,5000,20260507,outputs/new_outputs/m6_llama70b_original5/m6_llama70b_original5_20260415_195536/plain_direct/evalshared/winobias/llama70b_plain_base_winobias/winobias_predictions_llama70b_plain_base_winobias.csv,outputs/new_outputs/m3_finetune_llama70b_ms500/evalshared/winobias/m3_llama70b_ms500_all_allversions_winobias/winobias_predictions_m3_llama70b_ms500_all_allversions_winobias.csv,results/new_results/m6_llama70b_original5/m6_llama70b_original5_20260415_195536/plain_direct/evalshared/winobias/llama70b_plain_base_winobias/winobias_metrics_overall_llama70b_plain_base_winobias.csv,results/new_results/m3_finetune_llama70b_ms500/evalshared/winobias/m3_llama70b_ms500_all_allversions_winobias/winobias_metrics_overall_m3_llama70b_ms500_all_allversions_winobias.csv
llama70b,Llama 70B,winobias,WinoBias,DIY Two Pass (No IT),abs_pro_anti_gap,0.0,0.058080808,0.058080808,0.14393939,0.085858582,0.08585858585858586,0.03567228567170738,0.13491283345161198,0.14393939393939392,0.058080808080808066,0.14393939393939392,0.058080808080808066,3.858585853611096e-09,1584,1584,1584,5000,20260507,outputs/new_outputs/m6_llama70b_original5/m6_llama70b_original5_20260415_195536/plain_direct/evalshared/winobias/llama70b_plain_base_winobias/winobias_predictions_llama70b_plain_base_winobias.csv,outputs/new_outputs/m6_llama70b_original5/m6_llama70b_original5_20260415_195536/m6/eval/m6_l70b_two_pass_zero__base_all_strategies__all_strategies/winobias/winobias/m6_l70b_two_pass_zero__base_all_strategies__all_strategies_self_debias_two_pass_all_strategies/winobias_predictions_m6_l70b_two_pass_zero__base_all_strategies__all_strategies_self_debias_two_pass_all_strategies.csv,results/new_results/m6_llama70b_original5/m6_llama70b_original5_20260415_195536/plain_direct/evalshared/winobias/llama70b_plain_base_winobias/winobias_metrics_overall_llama70b_plain_base_winobias.csv,results/new_results/m6_llama70b_original5/m6_llama70b_original5_20260415_195536/m6/eval/m6_l70b_two_pass_zero__base_all_strategies__all_strategies/winobias/winobias/m6_l70b_two_pass_zero__base_all_strategies__all_strategies_self_debias_two_pass_all_strategies/winobias_metrics_overall_m6_l70b_two_pass_zero__base_all_strategies__all_strategies_self_debias_two_pass_all_strategies.csv
llama70b,Llama 70B,winobias,WinoBias,DIY Two Pass (IT),abs_pro_anti_gap,0.0,0.083333333,0.083333333,0.14393939,0.060606057000000005,0.06060606060606055,0.009401372267512653,0.11038954580632514,0.14393939393939392,0.08333333333333337,0.14393939393939392,0.08333333333333337,3.6060605473897667e-09,1584,1584,1584,5000,20260507,outputs/new_outputs/m6_llama70b_original5/m6_llama70b_original5_20260415_195536/plain_direct/evalshared/winobias/llama70b_plain_base_winobias/winobias_predictions_llama70b_plain_base_winobias.csv,outputs/new_outputs/m6_llama70b_original5/m6_llama70b_original5_20260415_195536/m6/eval/m6_l70b_two_pass_zero__all_allversions__all_strategies/winobias/winobias/m6_l70b_two_pass_zero__all_allversions__all_strategies_self_debias_two_pass_all_strategies/winobias_predictions_m6_l70b_two_pass_zero__all_allversions__all_strategies_self_debias_two_pass_all_strategies.csv,results/new_results/m6_llama70b_original5/m6_llama70b_original5_20260415_195536/plain_direct/evalshared/winobias/llama70b_plain_base_winobias/winobias_metrics_overall_llama70b_plain_base_winobias.csv,results/new_results/m6_llama70b_original5/m6_llama70b_original5_20260415_195536/m6/eval/m6_l70b_two_pass_zero__all_allversions__all_strategies/winobias/winobias/m6_l70b_two_pass_zero__all_allversions__all_strategies_self_debias_two_pass_all_strategies/winobias_metrics_overall_m6_l70b_two_pass_zero__all_allversions__all_strategies_self_debias_two_pass_all_strategies.csv
llama70b,Llama 70B,winogender,WinoGender,ICL,male_female_pair_disagreement_rate,0.0,0.0625,0.0625,0.070833333,0.008333332999999998,0.008333333333333331,0.0,0.020833333333333336,0.07083333333333333,0.0625,0.07083333333333333,0.0625,3.333333331578814e-10,240,240,240,5000,20260507,outputs/new_outputs/m6_llama70b_original5/m6_llama70b_original5_20260415_195536/plain_direct/evalshared/winogender/llama70b_plain_base_winogender/winogender_preds_llama70b_plain_base_winogender.csv,outputs/new_outputs/m4_base_icl_zero/m4_base_icl_zero_allmodels_20260514_005736/llama70b/evalshared/winogender/m4_baseicl_zero_llama70b_allstrat_winogender/winogender_preds_m4_baseicl_zero_llama70b_allstrat_winogender.csv,results/new_results/m6_llama70b_original5/m6_llama70b_original5_20260415_195536/plain_direct/evalshared/winogender/llama70b_plain_base_winogender/winogender_metrics_overall_llama70b_plain_base_winogender.csv,results/new_results/m4_base_icl_zero/m4_base_icl_zero_allmodels_20260514_005736/llama70b/evalshared/winogender/m4_baseicl_zero_llama70b_allstrat_winogender/winogender_metrics_overall_m4_baseicl_zero_llama70b_allstrat_winogender.csv
llama70b,Llama 70B,winogender,WinoGender,DIY IT,male_female_pair_disagreement_rate,0.0,0.083333333,0.083333333,0.070833333,-0.012499999999999997,-0.012499999999999997,-0.04166666666666667,0.016666666666666663,0.07083333333333333,0.08333333333333333,0.07083333333333333,0.08333333333333333,0.0,240,240,240,5000,20260507,outputs/new_outputs/m6_llama70b_original5/m6_llama70b_original5_20260415_195536/plain_direct/evalshared/winogender/llama70b_plain_base_winogender/winogender_preds_llama70b_plain_base_winogender.csv,outputs/new_outputs/m3_finetune_llama70b_ms500/evalshared/winogender/m3_llama70b_ms500_all_allversions_winogender/winogender_preds_m3_llama70b_ms500_all_allversions_winogender.csv,results/new_results/m6_llama70b_original5/m6_llama70b_original5_20260415_195536/plain_direct/evalshared/winogender/llama70b_plain_base_winogender/winogender_metrics_overall_llama70b_plain_base_winogender.csv,results/new_results/m3_finetune_llama70b_ms500/evalshared/winogender/m3_llama70b_ms500_all_allversions_winogender/winogender_metrics_overall_m3_llama70b_ms500_all_allversions_winogender.csv
llama70b,Llama 70B,winogender,WinoGender,DIY Two Pass (No IT),male_female_pair_disagreement_rate,0.0,0.054166667,0.054166667,0.070833333,0.016666665999999997,0.016666666666666663,-0.012500000000000004,0.04583333333333334,0.07083333333333333,0.05416666666666667,0.07083333333333333,0.05416666666666667,6.666666663157628e-10,240,240,240,5000,20260507,outputs/new_outputs/m6_llama70b_original5/m6_llama70b_original5_20260415_195536/plain_direct/evalshared/winogender/llama70b_plain_base_winogender/winogender_preds_llama70b_plain_base_winogender.csv,outputs/new_outputs/m6_llama70b_original5/m6_llama70b_original5_20260415_195536/m6/eval/m6_l70b_two_pass_zero__base_all_strategies__all_strategies/winogender/winogender/m6_l70b_two_pass_zero__base_all_strategies__all_strategies_self_debias_two_pass_all_strategies/winogender_preds_m6_l70b_two_pass_zero__base_all_strategies__all_strategies_self_debias_two_pass_all_strategies.csv,results/new_results/m6_llama70b_original5/m6_llama70b_original5_20260415_195536/plain_direct/evalshared/winogender/llama70b_plain_base_winogender/winogender_metrics_overall_llama70b_plain_base_winogender.csv,results/new_results/m6_llama70b_original5/m6_llama70b_original5_20260415_195536/m6/eval/m6_l70b_two_pass_zero__base_all_strategies__all_strategies/winogender/winogender/m6_l70b_two_pass_zero__base_all_strategies__all_strategies_self_debias_two_pass_all_strategies/winogender_metrics_overall_m6_l70b_two_pass_zero__base_all_strategies__all_strategies_self_debias_two_pass_all_strategies.csv
llama70b,Llama 70B,winogender,WinoGender,DIY Two Pass (IT),male_female_pair_disagreement_rate,0.0,0.0625,0.0625,0.070833333,0.008333332999999998,0.008333333333333331,-0.02916666666666666,0.04583333333333334,0.07083333333333333,0.0625,0.07083333333333333,0.0625,3.333333331578814e-10,240,240,240,5000,20260507,outputs/new_outputs/m6_llama70b_original5/m6_llama70b_original5_20260415_195536/plain_direct/evalshared/winogender/llama70b_plain_base_winogender/winogender_preds_llama70b_plain_base_winogender.csv,outputs/new_outputs/m6_llama70b_original5/m6_llama70b_original5_20260415_195536/m6/eval/m6_l70b_two_pass_zero__all_allversions__all_strategies/winogender/winogender/m6_l70b_two_pass_zero__all_allversions__all_strategies_self_debias_two_pass_all_strategies/winogender_preds_m6_l70b_two_pass_zero__all_allversions__all_strategies_self_debias_two_pass_all_strategies.csv,results/new_results/m6_llama70b_original5/m6_llama70b_original5_20260415_195536/plain_direct/evalshared/winogender/llama70b_plain_base_winogender/winogender_metrics_overall_llama70b_plain_base_winogender.csv,results/new_results/m6_llama70b_original5/m6_llama70b_original5_20260415_195536/m6/eval/m6_l70b_two_pass_zero__all_allversions__all_strategies/winogender/winogender/m6_l70b_two_pass_zero__all_allversions__all_strategies_self_debias_two_pass_all_strategies/winogender_metrics_overall_m6_l70b_two_pass_zero__all_allversions__all_strategies_self_debias_two_pass_all_strategies.csv
